{"level":"info","message":"IOC容器构建完成","service":"nas-bot","timestamp":"2026-05-24 06:52:25"}
{"level":"info","message":"定时调度器启动","service":"nas-bot","summaryTime":"15:35","timestamp":"2026-05-24 06:52:25","weatherCheck":"15:00 ~ 21:00 毎時"}
{"level":"info","message":"Bot启动","service":"nas-bot","timestamp":"2026-05-24 06:52:25"}
{"level":"info","message":"NAS Bot 已启动 🚀","service":"nas-bot","timestamp":"2026-05-24 06:52:25"}
{"error":"","level":"error","message":"Telegram请求失败","method":"getUpdates","service":"nas-bot","timestamp":"2026-05-24 06:52:25"}
{"error":"","level":"error","message":"Telegram请求失败","method":"getUpdates","service":"nas-bot","timestamp":"2026-05-24 06:52:27"}
{"args":"","command":"帮助","level":"info","message":"收到指令","service":"nas-bot","timestamp":"2026-05-24 07:29:07","userId":"6423823321"}
{"command":"帮助","elapsed":443,"level":"info","message":"指令处理完成","service":"nas-bot","timestamp":"2026-05-24 07:29:07"}
{"args":"状态","command":"股票","level":"info","message":"收到指令","service":"nas-bot","timestamp":"2026-05-24 07:29:12","userId":"6423823321"}
{"command":"股票","elapsed":513,"level":"info","message":"指令处理完成","service":"nas-bot","timestamp":"2026-05-24 07:29:13"}
{"args":"链接","command":"股票","level":"info","message":"收到指令","service":"nas-bot","timestamp":"2026-05-24 07:29:15","userId":"6423823321"}
{"command":"股票","elapsed":483,"level":"info","message":"指令处理完成","service":"nas-bot","timestamp":"2026-05-24 07:29:16"}
{"args":"","command":"/start","level":"info","message":"收到指令","service":"nas-bot","timestamp":"2026-05-24 07:29:32","userId":"6423823321"}
{"command":"/start","elapsed":474,"level":"info","message":"指令处理完成","service":"nas-bot","timestamp":"2026-05-24 07:29:32"}
{"args":"一週間","command":"天气","level":"info","message":"收到指令","service":"nas-bot","timestamp":"2026-05-24 07:29:36","userId":"6423823321"}
{"command":"天气","elapsed":1017,"level":"info","message":"指令处理完成","service":"nas-bot","timestamp":"2026-05-24 07:29:37"}
{"error":"","level":"error","message":"Telegram请求失败","method":"getUpdates","service":"nas-bot","timestamp":"2026-05-24 07:29:38"}
{"args":"明日","command":"天气","level":"info","message":"收到指令","service":"nas-bot","timestamp":"2026-05-24 07:34:53","userId":"6423823321"}
{"command":"天气","elapsed":735,"level":"info","message":"指令处理完成","service":"nas-bot","timestamp":"2026-05-24 07:34:53"}
{"args":"简报","command":"股票","level":"info","message":"收到指令","service":"nas-bot","timestamp":"2026-05-24 07:34:57","userId":"6423823321"}
{"count":5,"level":"info","message":"收盘简报生成成功","service":"nas-bot","timestamp":"2026-05-24 07:34:57"}
{"args":"开启","command":"股票","level":"info","message":"收到指令","service":"nas-bot","timestamp":"2026-05-24 07:35:04","userId":"6423823321"}
{"level":"info","message":"启动容器","name":"stock-monitor","service":"nas-bot","timestamp":"2026-05-24 07:35:05"}
{"command":"股票","elapsed":1696,"level":"info","message":"指令处理完成","service":"nas-bot","timestamp":"2026-05-24 07:35:06"}
{"args":"状态","command":"股票","level":"info","message":"收到指令","service":"nas-bot","timestamp":"2026-05-24 07:35:08","userId":"6423823321"}
{"args":"检测","command":"股票","level":"info","message":"收到指令","service":"nas-bot","timestamp":"2026-05-24 07:35:09","userId":"6423823321"}
{"command":"股票","elapsed":1487,"level":"info","message":"指令处理完成","service":"nas-bot","timestamp":"2026-05-24 07:35:09"}
{"command":"股票","elapsed":673,"level":"info","message":"指令处理完成","service":"nas-bot","timestamp":"2026-05-24 07:35:09"}
{"elapsed":61274,"level":"info","message":"Ollama响应完成","model":"qwen2.5:1.5b","service":"nas-bot","timestamp":"2026-05-24 07:35:59"}
{"level":"warn","message":"Telegram请求失败，重试中","method":"sendMessage","remaining":2,"service":"nas-bot","timestamp":"2026-05-24 07:35:59"}
{"command":"股票","elapsed":64308,"level":"info","message":"指令处理完成","service":"nas-bot","timestamp":"2026-05-24 07:36:01"}
{"args":"开启","command":"ai","level":"info","message":"收到指令","service":"nas-bot","timestamp":"2026-05-24 07:37:46","userId":"6423823321"}
{"level":"info","message":"AI对话模式已开启","service":"nas-bot","timestamp":"2026-05-24 07:37:46","userId":"6423823321"}
{"command":"ai","elapsed":478,"level":"info","message":"指令处理完成","service":"nas-bot","timestamp":"2026-05-24 07:37:47"}
{"args":"","command":"你能干啥","level":"info","message":"收到指令","service":"nas-bot","timestamp":"2026-05-24 07:37:59","userId":"6423823321"}
{"elapsed":23501,"level":"info","message":"Ollama响应完成","model":"qwen2.5:1.5b","service":"nas-bot","timestamp":"2026-05-24 07:38:23"}
{"level":"warn","message":"Telegram请求失败，重试中","method":"sendMessage","remaining":2,"service":"nas-bot","timestamp":"2026-05-24 07:38:23"}
{"level":"warn","message":"Telegram请求失败，重试中","method":"sendMessage","remaining":1,"service":"nas-bot","timestamp":"2026-05-24 07:38:24"}
{"error":"","level":"error","message":"Telegram请求失败","method":"sendMessage","service":"nas-bot","timestamp":"2026-05-24 07:38:26"}
{"chatId":"6423823321","level":"warn","message":"消息发送失败","service":"nas-bot","timestamp":"2026-05-24 07:38:26"}
{"command":"你能干啥","elapsed":26738,"level":"info","message":"指令处理完成","service":"nas-bot","timestamp":"2026-05-24 07:38:26"}
{"args":"状态","command":"股票","level":"info","message":"收到指令","service":"nas-bot","timestamp":"2026-05-24 07:39:05","userId":"6423823321"}
{"command":"股票","elapsed":496,"level":"info","message":"指令处理完成","service":"nas-bot","timestamp":"2026-05-24 07:39:06"}
{"args":"关闭","command":"ai","level":"info","message":"收到指令","service":"nas-bot","timestamp":"2026-05-24 07:39:08","userId":"6423823321"}
{"level":"info","message":"AI对话模式已关闭","service":"nas-bot","timestamp":"2026-05-24 07:39:08","userId":"6423823321"}
{"command":"ai","elapsed":444,"level":"info","message":"指令处理完成","service":"nas-bot","timestamp":"2026-05-24 07:39:09"}
{"args":"链接","command":"股票","level":"info","message":"收到指令","service":"nas-bot","timestamp":"2026-05-24 07:39:43","userId":"6423823321"}
{"command":"股票","elapsed":528,"level":"info","message":"指令处理完成","service":"nas-bot","timestamp":"2026-05-24 07:39:43"}
{"args":"今日","command":"天气","level":"info","message":"收到指令","service":"nas-bot","timestamp":"2026-05-24 07:47:22","userId":"6423823321"}
{"command":"天气","elapsed":941,"level":"info","message":"指令处理完成","service":"nas-bot","timestamp":"2026-05-24 07:47:23"}
{"args":"简报","command":"股票","level":"info","message":"收到指令","service":"nas-bot","timestamp":"2026-05-24 07:47:27","userId":"6423823321"}
{"count":5,"level":"info","message":"收盘简报生成成功","service":"nas-bot","timestamp":"2026-05-24 07:47:27"}
{"elapsed":65381,"level":"info","message":"Ollama响应完成","model":"qwen2.5:1.5b","service":"nas-bot","timestamp":"2026-05-24 07:48:33"}
{"level":"warn","message":"Telegram请求失败，重试中","method":"sendMessage","remaining":2,"service":"nas-bot","timestamp":"2026-05-24 07:48:33"}
{"level":"warn","message":"Telegram请求失败，重试中","method":"sendMessage","remaining":1,"service":"nas-bot","timestamp":"2026-05-24 07:48:35"}
{"error":"","level":"error","message":"Telegram请求失败","method":"sendMessage","service":"nas-bot","timestamp":"2026-05-24 07:48:36"}
{"chatId":"6423823321","level":"warn","message":"消息发送失败","service":"nas-bot","timestamp":"2026-05-24 07:48:36"}
{"command":"股票","elapsed":68902,"level":"info","message":"指令处理完成","service":"nas-bot","timestamp":"2026-05-24 07:48:36"}
{"args":"","command":"/start","level":"info","message":"收到指令","service":"nas-bot","timestamp":"2026-05-24 07:48:43","userId":"6423823321"}
{"command":"/start","elapsed":458,"level":"info","message":"指令处理完成","service":"nas-bot","timestamp":"2026-05-24 07:48:44"}
{"args":"容器","command":"系统","level":"info","message":"收到指令","service":"nas-bot","timestamp":"2026-05-24 07:48:50","userId":"6423823321"}
{"level":"info","message":"获取容器列表","service":"nas-bot","timestamp":"2026-05-24 07:48:50"}
{"command":"系统","elapsed":837,"level":"info","message":"指令处理完成","service":"nas-bot","timestamp":"2026-05-24 07:48:51"}
{"args":"","command":"/start","level":"info","message":"收到指令","service":"nas-bot","timestamp":"2026-05-24 07:49:23","userId":"6423823321"}
{"command":"/start","elapsed":465,"level":"info","message":"指令处理完成","service":"nas-bot","timestamp":"2026-05-24 07:49:23"}
{"args":"检测","command":"股票","level":"info","message":"收到指令","service":"nas-bot","timestamp":"2026-05-24 07:49:36","userId":"6423823321"}
{"command":"股票","elapsed":744,"level":"info","message":"指令处理完成","service":"nas-bot","timestamp":"2026-05-24 07:49:37"}
{"args":"状态","command":"系统","level":"info","message":"收到指令","service":"nas-bot","timestamp":"2026-05-24 07:49:49","userId":"6423823321"}
{"level":"info","message":"获取系统状态","service":"nas-bot","timestamp":"2026-05-24 07:49:49"}
{"command":"系统","elapsed":566,"level":"info","message":"指令处理完成","service":"nas-bot","timestamp":"2026-05-24 07:49:50"}
{"args":"开启","command":"股票","level":"info","message":"收到指令","service":"nas-bot","timestamp":"2026-05-24 07:49:59","userId":"6423823321"}
{"level":"info","message":"启动容器","name":"stock-monitor","service":"nas-bot","timestamp":"2026-05-24 07:49:59"}
{"command":"股票","elapsed":964,"level":"info","message":"指令处理完成","service":"nas-bot","timestamp":"2026-05-24 07:49:59"}
{"args":"今日","command":"天气","level":"info","message":"收到指令","service":"nas-bot","timestamp":"2026-05-24 07:50:14","userId":"6423823321"}
{"command":"天气","elapsed":686,"level":"info","message":"指令处理完成","service":"nas-bot","timestamp":"2026-05-24 07:50:15"}
{"args":"明日","command":"天气","level":"info","message":"收到指令","service":"nas-bot","timestamp":"2026-05-24 07:50:16","userId":"6423823321"}
{"command":"天气","elapsed":670,"level":"info","message":"指令处理完成","service":"nas-bot","timestamp":"2026-05-24 07:50:17"}
{"args":"一週間","command":"天气","level":"info","message":"收到指令","service":"nas-bot","timestamp":"2026-05-24 07:50:20","userId":"6423823321"}
{"command":"天气","elapsed":650,"level":"info","message":"指令处理完成","service":"nas-bot","timestamp":"2026-05-24 07:50:21"}
{"args":"关闭","command":"股票","level":"info","message":"收到指令","service":"nas-bot","timestamp":"2026-05-24 07:50:30","userId":"6423823321"}
{"level":"info","message":"停止容器","name":"stock-monitor","service":"nas-bot","timestamp":"2026-05-24 07:50:31"}
{"error":"","level":"error","message":"Telegram请求失败","method":"getUpdates","service":"nas-bot","timestamp":"2026-05-24 07:50:42"}
{"command":"股票","elapsed":11832,"level":"info","message":"指令处理完成","service":"nas-bot","timestamp":"2026-05-24 07:50:42"}
{"args":"检测","command":"股票","level":"info","message":"收到指令","service":"nas-bot","timestamp":"2026-05-24 07:50:43","userId":"6423823321"}
{"args":"容器","command":"系统","level":"info","message":"收到指令","service":"nas-bot","timestamp":"2026-05-24 07:50:43","userId":"6423823321"}
{"level":"info","message":"获取容器列表","service":"nas-bot","timestamp":"2026-05-24 07:50:43"}
{"error":"connect ECONNREFUSED 192.168.0.3:3000","level":"error","message":"获取股票数据失败","service":"nas-bot","timestamp":"2026-05-24 07:50:43"}
{"level":"warn","message":"Telegram请求失败，重试中","method":"sendMessage","remaining":2,"service":"nas-bot","timestamp":"2026-05-24 07:50:43"}
{"command":"系统","elapsed":516,"level":"info","message":"指令处理完成","service":"nas-bot","timestamp":"2026-05-24 07:50:44"}
{"level":"warn","message":"Telegram请求失败，重试中","method":"sendMessage","remaining":1,"service":"nas-bot","timestamp":"2026-05-24 07:50:45"}
{"error":"","level":"error","message":"Telegram请求失败","method":"sendMessage","service":"nas-bot","timestamp":"2026-05-24 07:50:46"}
{"chatId":"6423823321","level":"warn","message":"消息发送失败","service":"nas-bot","timestamp":"2026-05-24 07:50:46"}
{"command":"股票","elapsed":2793,"level":"info","message":"指令处理完成","service":"nas-bot","timestamp":"2026-05-24 07:50:46"}
{"error":"","level":"error","message":"Telegram请求失败","method":"getUpdates","service":"nas-bot","timestamp":"2026-05-24 07:53:21"}
{"error":"","level":"error","message":"Telegram请求失败","method":"getUpdates","service":"nas-bot","timestamp":"2026-05-24 07:53:22"}
{"error":"","level":"error","message":"Telegram请求失败","method":"getUpdates","service":"nas-bot","timestamp":"2026-05-24 07:53:23"}
{"error":"","level":"error","message":"Telegram请求失败","method":"getUpdates","service":"nas-bot","timestamp":"2026-05-24 07:53:25"}
{"args":"","command":"帮助","level":"info","message":"收到指令","service":"nas-bot","timestamp":"2026-05-24 08:06:46","userId":"6423823321"}
{"command":"帮助","elapsed":457,"level":"info","message":"指令处理完成","service":"nas-bot","timestamp":"2026-05-24 08:06:47"}
{"args":"/ping","command":"exec","level":"info","message":"收到指令","service":"nas-bot","timestamp":"2026-05-24 08:12:06","userId":"6423823321"}
{"cmd":"/ping","level":"info","message":"执行命令","service":"nas-bot","timestamp":"2026-05-24 08:12:06"}
{"args":[],"bin":"/ping","error":"spawnSync /ping ENOENT","level":"error","message":"命令执行失败","service":"nas-bot","timestamp":"2026-05-24 08:12:07"}
{"command":"exec","elapsed":844,"level":"info","message":"指令处理完成","service":"nas-bot","timestamp":"2026-05-24 08:12:07"}
{"args":"-c 1 8.8.8.8","command":"ping","level":"info","message":"收到指令","service":"nas-bot","timestamp":"2026-05-24 08:14:05","userId":"6423823321"}
{"command":"ping","elapsed":468,"level":"info","message":"指令处理完成","service":"nas-bot","timestamp":"2026-05-24 08:14:05"}
{"args":"df -h","command":"EXEC","level":"info","message":"收到指令","service":"nas-bot","timestamp":"2026-05-24 08:15:18","userId":"6423823321"}
{"command":"EXEC","elapsed":462,"level":"info","message":"指令处理完成","service":"nas-bot","timestamp":"2026-05-24 08:15:18"}
{"args":"df -h","command":"exec","level":"info","message":"收到指令","service":"nas-bot","timestamp":"2026-05-24 08:15:33","userId":"6423823321"}
{"cmd":"df -h","level":"info","message":"执行命令","service":"nas-bot","timestamp":"2026-05-24 08:15:33"}
{"command":"exec","elapsed":466,"level":"info","message":"指令处理完成","service":"nas-bot","timestamp":"2026-05-24 08:15:33"}
{"args":"ping -c 4 google.com","command":"exec","level":"info","message":"收到指令","service":"nas-bot","timestamp":"2026-05-24 08:16:28","userId":"6423823321"}
{"cmd":"ping -c 4 google.com","level":"info","message":"执行命令","service":"nas-bot","timestamp":"2026-05-24 08:16:28"}
{"command":"exec","elapsed":3506,"level":"info","message":"指令处理完成","service":"nas-bot","timestamp":"2026-05-24 08:16:32"}
{"error":"connect ECONNREFUSED 192.168.0.3:3000","level":"error","message":"获取股票数据失败","service":"nas-bot","timestamp":"2026-05-24 09:00:27"}
{"error":"connect ECONNREFUSED 192.168.0.3:3000","level":"error","message":"获取股票数据失败","service":"nas-bot","timestamp":"2026-05-24 09:05:27"}
{"error":"connect ECONNREFUSED 192.168.0.3:3000","level":"error","message":"获取股票数据失败","service":"nas-bot","timestamp":"2026-05-24 09:10:28"}
{"error":"connect ECONNREFUSED 192.168.0.3:3000","level":"error","message":"获取股票数据失败","service":"nas-bot","timestamp":"2026-05-24 09:15:28"}
{"error":"connect ECONNREFUSED 192.168.0.3:3000","level":"error","message":"获取股票数据失败","service":"nas-bot","timestamp":"2026-05-24 09:20:28"}
{"error":"connect ECONNREFUSED 192.168.0.3:3000","level":"error","message":"获取股票数据失败","service":"nas-bot","timestamp":"2026-05-24 09:25:28"}
{"error":"connect ECONNREFUSED 192.168.0.3:3000","level":"error","message":"获取股票数据失败","service":"nas-bot","timestamp":"2026-05-24 09:30:28"}
{"error":"connect ECONNREFUSED 192.168.0.3:3000","level":"error","message":"获取股票数据失败","service":"nas-bot","timestamp":"2026-05-24 09:35:28"}
{"error":"connect ECONNREFUSED 192.168.0.3:3000","level":"error","message":"获取股票数据失败","service":"nas-bot","timestamp":"2026-05-24 09:40:28"}
{"error":"connect ECONNREFUSED 192.168.0.3:3000","level":"error","message":"获取股票数据失败","service":"nas-bot","timestamp":"2026-05-24 09:45:28"}
{"error":"connect ECONNREFUSED 192.168.0.3:3000","level":"error","message":"获取股票数据失败","service":"nas-bot","timestamp":"2026-05-24 09:50:28"}
{"error":"","level":"error","message":"Telegram请求失败","method":"getUpdates","service":"nas-bot","timestamp":"2026-05-24 09:55:00"}
{"error":"","level":"error","message":"Telegram请求失败","method":"getUpdates","service":"nas-bot","timestamp":"2026-05-24 09:55:01"}
{"error":"","level":"error","message":"Telegram请求失败","method":"getUpdates","service":"nas-bot","timestamp":"2026-05-24 09:55:03"}
{"error":"","level":"error","message":"Telegram请求失败","method":"getUpdates","service":"nas-bot","timestamp":"2026-05-24 09:55:04"}
{"error":"","level":"error","message":"Telegram请求失败","method":"getUpdates","service":"nas-bot","timestamp":"2026-05-24 09:55:05"}
{"error":"","level":"error","message":"Telegram请求失败","method":"getUpdates","service":"nas-bot","timestamp":"2026-05-24 09:55:06"}
{"error":"","level":"error","message":"Telegram请求失败","method":"getUpdates","service":"nas-bot","timestamp":"2026-05-24 09:55:08"}
{"error":"","level":"error","message":"Telegram请求失败","method":"getUpdates","service":"nas-bot","timestamp":"2026-05-24 09:55:09"}
{"error":"connect ECONNREFUSED 192.168.0.3:3000","level":"error","message":"获取股票数据失败","service":"nas-bot","timestamp":"2026-05-24 09:55:28"}
{"error":"connect ECONNREFUSED 192.168.0.3:3000","level":"error","message":"获取股票数据失败","service":"nas-bot","timestamp":"2026-05-24 10:00:28"}
{"error":"connect ECONNREFUSED 192.168.0.3:3000","level":"error","message":"获取股票数据失败","service":"nas-bot","timestamp":"2026-05-24 10:05:28"}
{"error":"connect ECONNREFUSED 192.168.0.3:3000","level":"error","message":"获取股票数据失败","service":"nas-bot","timestamp":"2026-05-24 10:10:28"}
{"error":"connect ECONNREFUSED 192.168.0.3:3000","level":"error","message":"获取股票数据失败","service":"nas-bot","timestamp":"2026-05-24 10:15:28"}
{"error":"connect ECONNREFUSED 192.168.0.3:3000","level":"error","message":"获取股票数据失败","service":"nas-bot","timestamp":"2026-05-24 10:20:28"}
{"error":"connect ECONNREFUSED 192.168.0.3:3000","level":"error","message":"获取股票数据失败","service":"nas-bot","timestamp":"2026-05-24 10:25:28"}
{"error":"connect ECONNREFUSED 192.168.0.3:3000","level":"error","message":"获取股票数据失败","service":"nas-bot","timestamp":"2026-05-24 10:30:28"}
{"error":"connect ECONNREFUSED 192.168.0.3:3000","level":"error","message":"获取股票数据失败","service":"nas-bot","timestamp":"2026-05-24 10:35:28"}
{"error":"connect ECONNREFUSED 192.168.0.3:3000","level":"error","message":"获取股票数据失败","service":"nas-bot","timestamp":"2026-05-24 10:40:28"}
{"error":"connect ECONNREFUSED 192.168.0.3:3000","level":"error","message":"获取股票数据失败","service":"nas-bot","timestamp":"2026-05-24 10:45:28"}
{"error":"connect ECONNREFUSED 192.168.0.3:3000","level":"error","message":"获取股票数据失败","service":"nas-bot","timestamp":"2026-05-24 10:50:28"}
{"error":"connect ECONNREFUSED 192.168.0.3:3000","level":"error","message":"获取股票数据失败","service":"nas-bot","timestamp":"2026-05-24 10:55:28"}
{"error":"","level":"error","message":"Telegram请求失败","method":"getUpdates","service":"nas-bot","timestamp":"2026-05-24 10:56:09"}
{"error":"connect ECONNREFUSED 192.168.0.3:3000","level":"error","message":"获取股票数据失败","service":"nas-bot","timestamp":"2026-05-24 11:00:28"}
{"error":"connect ECONNREFUSED 192.168.0.3:3000","level":"error","message":"获取股票数据失败","service":"nas-bot","timestamp":"2026-05-24 11:05:28"}
{"error":"connect ECONNREFUSED 192.168.0.3:3000","level":"error","message":"获取股票数据失败","service":"nas-bot","timestamp":"2026-05-24 11:10:29"}
{"error":"connect ECONNREFUSED 192.168.0.3:3000","level":"error","message":"获取股票数据失败","service":"nas-bot","timestamp":"2026-05-24 11:15:29"}
{"error":"connect ECONNREFUSED 192.168.0.3:3000","level":"error","message":"获取股票数据失败","service":"nas-bot","timestamp":"2026-05-24 11:20:29"}
{"error":"connect ECONNREFUSED 192.168.0.3:3000","level":"error","message":"获取股票数据失败","service":"nas-bot","timestamp":"2026-05-24 11:25:29"}
{"error":"connect ECONNREFUSED 192.168.0.3:3000","level":"error","message":"获取股票数据失败","service":"nas-bot","timestamp":"2026-05-24 11:30:29"}
{"error":"","level":"error","message":"Telegram请求失败","method":"getUpdates","service":"nas-bot","timestamp":"2026-05-24 11:57:09"}
{"error":"","level":"error","message":"Telegram请求失败","method":"getUpdates","service":"nas-bot","timestamp":"2026-05-24 11:57:11"}
{"args":"状态","command":"股票","level":"info","message":"收到指令","service":"nas-bot","timestamp":"2026-05-24 12:01:20","userId":"6423823321"}
{"command":"股票","elapsed":464,"level":"info","message":"指令处理完成","service":"nas-bot","timestamp":"2026-05-24 12:01:21"}
{"args":"开启","command":"股票","level":"info","message":"收到指令","service":"nas-bot","timestamp":"2026-05-24 12:01:24","userId":"6423823321"}
{"level":"info","message":"启动容器","name":"stock-monitor","service":"nas-bot","timestamp":"2026-05-24 12:01:25"}
{"error":"","level":"error","message":"Telegram请求失败","method":"getUpdates","service":"nas-bot","timestamp":"2026-05-24 12:01:27"}
{"command":"股票","elapsed":3000,"level":"info","message":"指令处理完成","service":"nas-bot","timestamp":"2026-05-24 12:01:27"}
{"args":"简报","command":"股票","level":"info","message":"收到指令","service":"nas-bot","timestamp":"2026-05-24 12:01:28","userId":"6423823321"}
{"count":5,"level":"info","message":"收盘简报生成成功","service":"nas-bot","timestamp":"2026-05-24 12:01:29"}
{"args":"今日","command":"天气","level":"info","message":"收到指令","service":"nas-bot","timestamp":"2026-05-24 12:01:42","userId":"6423823321"}
{"command":"天气","elapsed":741,"level":"info","message":"指令处理完成","service":"nas-bot","timestamp":"2026-05-24 12:01:43"}
{"args":"明日","command":"天气","level":"info","message":"收到指令","service":"nas-bot","timestamp":"2026-05-24 12:01:47","userId":"6423823321"}
{"command":"天气","elapsed":685,"level":"info","message":"指令处理完成","service":"nas-bot","timestamp":"2026-05-24 12:01:48"}
{"args":"一週間","command":"天气","level":"info","message":"收到指令","service":"nas-bot","timestamp":"2026-05-24 12:01:52","userId":"6423823321"}
{"command":"天气","elapsed":648,"level":"info","message":"指令处理完成","service":"nas-bot","timestamp":"2026-05-24 12:01:52"}
{"args":"检测","command":"股票","level":"info","message":"收到指令","service":"nas-bot","timestamp":"2026-05-24 12:01:56","userId":"6423823321"}
{"command":"股票","elapsed":483,"level":"info","message":"指令处理完成","service":"nas-bot","timestamp":"2026-05-24 12:01:56"}
{"args":"简报","command":"股票","level":"info","message":"收到指令","service":"nas-bot","timestamp":"2026-05-24 12:02:01","userId":"6423823321"}
{"count":5,"level":"info","message":"收盘简报生成成功","service":"nas-bot","timestamp":"2026-05-24 12:02:02"}
{"elapsed":45634,"level":"info","message":"Ollama响应完成","model":"qwen2.5:1.5b","service":"nas-bot","timestamp":"2026-05-24 12:02:15"}
{"level":"warn","message":"Telegram请求失败，重试中","method":"sendMessage","remaining":2,"service":"nas-bot","timestamp":"2026-05-24 12:02:15"}
{"level":"warn","message":"Telegram请求失败，重试中","method":"sendMessage","remaining":1,"service":"nas-bot","timestamp":"2026-05-24 12:02:16"}
{"error":"","level":"error","message":"Telegram请求失败","method":"sendMessage","service":"nas-bot","timestamp":"2026-05-24 12:02:18"}
{"chatId":"6423823321","level":"warn","message":"消息发送失败","service":"nas-bot","timestamp":"2026-05-24 12:02:18"}
{"command":"股票","elapsed":49202,"level":"info","message":"指令处理完成","service":"nas-bot","timestamp":"2026-05-24 12:02:18"}
{"elapsed":30016,"level":"info","message":"Ollama响应完成","model":"qwen2.5:1.5b","service":"nas-bot","timestamp":"2026-05-24 12:02:32"}
{"command":"股票","elapsed":31799,"level":"info","message":"指令处理完成","service":"nas-bot","timestamp":"2026-05-24 12:02:33"}
{"args":"容器","command":"系统","level":"info","message":"收到指令","service":"nas-bot","timestamp":"2026-05-24 12:03:12","userId":"6423823321"}
{"level":"info","message":"获取容器列表","service":"nas-bot","timestamp":"2026-05-24 12:03:12"}
{"command":"系统","elapsed":509,"level":"info","message":"指令处理完成","service":"nas-bot","timestamp":"2026-05-24 12:03:12"}
{"level":"info","message":"收到信号 SIGTERM，正在关闭...","service":"nas-bot","timestamp":"2026-05-24 12:18:43"}
{"level":"info","message":"IOC容器构建完成","service":"nas-bot","timestamp":"2026-05-24 12:18:45"}
{"level":"info","message":"定时调度器启动","service":"nas-bot","summaryTime":"15:35","timestamp":"2026-05-24 12:18:45","weatherCheck":"15:00 ~ 21:00 毎時"}
{"level":"info","message":"Bot启动","service":"nas-bot","timestamp":"2026-05-24 12:18:45"}
{"level":"info","message":"NAS Bot 已启动 🚀","service":"nas-bot","timestamp":"2026-05-24 12:18:45"}
{"error":"","level":"error","message":"Telegram请求失败","method":"getUpdates","service":"nas-bot","timestamp":"2026-05-24 12:18:45"}
{"error":"","level":"error","message":"Telegram请求失败","method":"getUpdates","service":"nas-bot","timestamp":"2026-05-24 12:18:46"}
{"error":"","level":"error","message":"Telegram请求失败","method":"getUpdates","service":"nas-bot","timestamp":"2026-05-24 12:18:48"}
{"error":"","level":"error","message":"Telegram请求失败","method":"getUpdates","service":"nas-bot","timestamp":"2026-05-24 12:18:49"}
{"error":"","level":"error","message":"Telegram请求失败","method":"getUpdates","service":"nas-bot","timestamp":"2026-05-24 12:18:50"}
{"error":"","level":"error","message":"Telegram请求失败","method":"getUpdates","service":"nas-bot","timestamp":"2026-05-24 12:18:51"}
{"error":"","level":"error","message":"Telegram请求失败","method":"getUpdates","service":"nas-bot","timestamp":"2026-05-24 12:18:53"}
{"error":"","level":"error","message":"Telegram请求失败","method":"getUpdates","service":"nas-bot","timestamp":"2026-05-24 12:18:54"}
{"error":"","level":"error","message":"Telegram请求失败","method":"getUpdates","service":"nas-bot","timestamp":"2026-05-24 12:18:55"}
{"error":"","level":"error","message":"Telegram请求失败","method":"getUpdates","service":"nas-bot","timestamp":"2026-05-24 12:18:56"}
{"error":"","level":"error","message":"Telegram请求失败","method":"getUpdates","service":"nas-bot","timestamp":"2026-05-24 12:18:58"}
{"error":"","level":"error","message":"Telegram请求失败","method":"getUpdates","service":"nas-bot","timestamp":"2026-05-24 12:18:59"}
{"error":"","level":"error","message":"Telegram请求失败","method":"getUpdates","service":"nas-bot","timestamp":"2026-05-24 12:19:00"}
{"error":"","level":"error","message":"Telegram请求失败","method":"getUpdates","service":"nas-bot","timestamp":"2026-05-24 12:19:01"}
{"error":"","level":"error","message":"Telegram请求失败","method":"getUpdates","service":"nas-bot","timestamp":"2026-05-24 12:19:03"}
{"error":"","level":"error","message":"Telegram请求失败","method":"getUpdates","service":"nas-bot","timestamp":"2026-05-24 12:19:04"}
{"error":"","level":"error","message":"Telegram请求失败","method":"getUpdates","service":"nas-bot","timestamp":"2026-05-24 12:19:05"}
{"error":"","level":"error","message":"Telegram请求失败","method":"getUpdates","service":"nas-bot","timestamp":"2026-05-24 12:19:07"}
{"error":"","level":"error","message":"Telegram请求失败","method":"getUpdates","service":"nas-bot","timestamp":"2026-05-24 12:19:08"}
{"error":"","level":"error","message":"Telegram请求失败","method":"getUpdates","service":"nas-bot","timestamp":"2026-05-24 12:19:09"}
{"error":"","level":"error","message":"Telegram请求失败","method":"getUpdates","service":"nas-bot","timestamp":"2026-05-24 12:19:10"}
{"error":"","level":"error","message":"Telegram请求失败","method":"getUpdates","service":"nas-bot","timestamp":"2026-05-24 12:19:12"}
{"error":"","level":"error","message":"Telegram请求失败","method":"getUpdates","service":"nas-bot","timestamp":"2026-05-24 12:19:13"}
{"error":"","level":"error","message":"Telegram请求失败","method":"getUpdates","service":"nas-bot","timestamp":"2026-05-24 12:19:14"}
{"error":"","level":"error","message":"Telegram请求失败","method":"getUpdates","service":"nas-bot","timestamp":"2026-05-24 12:19:15"}
{"error":"","level":"error","message":"Telegram请求失败","method":"getUpdates","service":"nas-bot","timestamp":"2026-05-24 12:19:17"}
{"error":"","level":"error","message":"Telegram请求失败","method":"getUpdates","service":"nas-bot","timestamp":"2026-05-24 12:19:18"}
{"error":"","level":"error","message":"Telegram请求失败","method":"getUpdates","service":"nas-bot","timestamp":"2026-05-24 12:19:19"}
{"error":"","level":"error","message":"Telegram请求失败","method":"getUpdates","service":"nas-bot","timestamp":"2026-05-24 12:19:20"}
{"error":"","level":"error","message":"Telegram请求失败","method":"getUpdates","service":"nas-bot","timestamp":"2026-05-24 12:19:22"}
{"error":"","level":"error","message":"Telegram请求失败","method":"getUpdates","service":"nas-bot","timestamp":"2026-05-24 12:19:23"}
{"error":"","level":"error","message":"Telegram请求失败","method":"getUpdates","service":"nas-bot","timestamp":"2026-05-24 12:19:24"}
{"error":"","level":"error","message":"Telegram请求失败","method":"getUpdates","service":"nas-bot","timestamp":"2026-05-24 12:19:25"}
{"error":"","level":"error","message":"Telegram请求失败","method":"getUpdates","service":"nas-bot","timestamp":"2026-05-24 12:19:27"}
{"error":"","level":"error","message":"Telegram请求失败","method":"getUpdates","service":"nas-bot","timestamp":"2026-05-24 12:19:28"}
{"error":"","level":"error","message":"Telegram请求失败","method":"getUpdates","service":"nas-bot","timestamp":"2026-05-24 12:19:29"}
{"error":"","level":"error","message":"Telegram请求失败","method":"getUpdates","service":"nas-bot","timestamp":"2026-05-24 12:19:30"}
{"error":"","level":"error","message":"Telegram请求失败","method":"getUpdates","service":"nas-bot","timestamp":"2026-05-24 12:19:32"}
{"error":"","level":"error","message":"Telegram请求失败","method":"getUpdates","service":"nas-bot","timestamp":"2026-05-24 12:19:33"}
{"error":"","level":"error","message":"Telegram请求失败","method":"getUpdates","service":"nas-bot","timestamp":"2026-05-24 12:19:34"}
{"error":"","level":"error","message":"Telegram请求失败","method":"getUpdates","service":"nas-bot","timestamp":"2026-05-24 12:19:35"}
{"error":"","level":"error","message":"Telegram请求失败","method":"getUpdates","service":"nas-bot","timestamp":"2026-05-24 12:19:37"}
{"error":"","level":"error","message":"Telegram请求失败","method":"getUpdates","service":"nas-bot","timestamp":"2026-05-24 12:19:38"}
{"error":"","level":"error","message":"Telegram请求失败","method":"getUpdates","service":"nas-bot","timestamp":"2026-05-24 12:19:39"}
{"error":"","level":"error","message":"Telegram请求失败","method":"getUpdates","service":"nas-bot","timestamp":"2026-05-24 12:19:40"}
{"error":"","level":"error","message":"Telegram请求失败","method":"getUpdates","service":"nas-bot","timestamp":"2026-05-24 12:19:42"}
{"error":"","level":"error","message":"Telegram请求失败","method":"getUpdates","service":"nas-bot","timestamp":"2026-05-24 12:19:43"}
{"error":"","level":"error","message":"Telegram请求失败","method":"getUpdates","service":"nas-bot","timestamp":"2026-05-24 12:19:44"}
{"error":"","level":"error","message":"Telegram请求失败","method":"getUpdates","service":"nas-bot","timestamp":"2026-05-24 12:19:45"}
{"error":"","level":"error","message":"Telegram请求失败","method":"getUpdates","service":"nas-bot","timestamp":"2026-05-24 12:19:47"}
{"error":"","level":"error","message":"Telegram请求失败","method":"getUpdates","service":"nas-bot","timestamp":"2026-05-24 12:19:48"}
{"error":"","level":"error","message":"Telegram请求失败","method":"getUpdates","service":"nas-bot","timestamp":"2026-05-24 12:19:49"}
{"error":"","level":"error","message":"Telegram请求失败","method":"getUpdates","service":"nas-bot","timestamp":"2026-05-24 12:19:50"}
{"error":"","level":"error","message":"Telegram请求失败","method":"getUpdates","service":"nas-bot","timestamp":"2026-05-24 12:19:52"}
{"error":"","level":"error","message":"Telegram请求失败","method":"getUpdates","service":"nas-bot","timestamp":"2026-05-24 12:19:53"}
{"error":"","level":"error","message":"Telegram请求失败","method":"getUpdates","service":"nas-bot","timestamp":"2026-05-24 12:19:54"}
{"error":"","level":"error","message":"Telegram请求失败","method":"getUpdates","service":"nas-bot","timestamp":"2026-05-24 12:19:56"}
{"error":"","level":"error","message":"Telegram请求失败","method":"getUpdates","service":"nas-bot","timestamp":"2026-05-24 12:19:57"}
{"error":"","level":"error","message":"Telegram请求失败","method":"getUpdates","service":"nas-bot","timestamp":"2026-05-24 12:19:58"}
{"error":"","level":"error","message":"Telegram请求失败","method":"getUpdates","service":"nas-bot","timestamp":"2026-05-24 12:19:59"}
{"error":"","level":"error","message":"Telegram请求失败","method":"getUpdates","service":"nas-bot","timestamp":"2026-05-24 12:20:01"}
{"error":"","level":"error","message":"Telegram请求失败","method":"getUpdates","service":"nas-bot","timestamp":"2026-05-24 12:20:02"}
{"error":"","level":"error","message":"Telegram请求失败","method":"getUpdates","service":"nas-bot","timestamp":"2026-05-24 12:20:03"}
{"error":"","level":"error","message":"Telegram请求失败","method":"getUpdates","service":"nas-bot","timestamp":"2026-05-24 12:20:04"}
{"error":"","level":"error","message":"Telegram请求失败","method":"getUpdates","service":"nas-bot","timestamp":"2026-05-24 12:20:06"}
{"error":"","level":"error","message":"Telegram请求失败","method":"getUpdates","service":"nas-bot","timestamp":"2026-05-24 12:20:07"}
{"error":"","level":"error","message":"Telegram请求失败","method":"getUpdates","service":"nas-bot","timestamp":"2026-05-24 12:20:08"}
{"error":"","level":"error","message":"Telegram请求失败","method":"getUpdates","service":"nas-bot","timestamp":"2026-05-24 12:20:09"}
{"error":"","level":"error","message":"Telegram请求失败","method":"getUpdates","service":"nas-bot","timestamp":"2026-05-24 12:20:11"}
{"error":"","level":"error","message":"Telegram请求失败","method":"getUpdates","service":"nas-bot","timestamp":"2026-05-24 12:20:12"}
{"error":"","level":"error","message":"Telegram请求失败","method":"getUpdates","service":"nas-bot","timestamp":"2026-05-24 12:20:13"}
{"error":"","level":"error","message":"Telegram请求失败","method":"getUpdates","service":"nas-bot","timestamp":"2026-05-24 12:20:14"}
{"error":"","level":"error","message":"Telegram请求失败","method":"getUpdates","service":"nas-bot","timestamp":"2026-05-24 12:20:16"}
{"error":"","level":"error","message":"Telegram请求失败","method":"getUpdates","service":"nas-bot","timestamp":"2026-05-24 12:20:17"}
{"error":"","level":"error","message":"Telegram请求失败","method":"getUpdates","service":"nas-bot","timestamp":"2026-05-24 12:20:18"}
{"error":"","level":"error","message":"Telegram请求失败","method":"getUpdates","service":"nas-bot","timestamp":"2026-05-24 12:20:19"}
{"error":"","level":"error","message":"Telegram请求失败","method":"getUpdates","service":"nas-bot","timestamp":"2026-05-24 12:20:21"}
{"error":"","level":"error","message":"Telegram请求失败","method":"getUpdates","service":"nas-bot","timestamp":"2026-05-24 12:20:22"}
{"error":"","level":"error","message":"Telegram请求失败","method":"getUpdates","service":"nas-bot","timestamp":"2026-05-24 12:20:23"}
{"error":"","level":"error","message":"Telegram请求失败","method":"getUpdates","service":"nas-bot","timestamp":"2026-05-24 12:20:24"}
{"error":"","level":"error","message":"Telegram请求失败","method":"getUpdates","service":"nas-bot","timestamp":"2026-05-24 12:20:26"}
{"error":"","level":"error","message":"Telegram请求失败","method":"getUpdates","service":"nas-bot","timestamp":"2026-05-24 12:20:27"}
{"error":"","level":"error","message":"Telegram请求失败","method":"getUpdates","service":"nas-bot","timestamp":"2026-05-24 12:20:28"}
{"error":"","level":"error","message":"Telegram请求失败","method":"getUpdates","service":"nas-bot","timestamp":"2026-05-24 12:20:29"}
{"error":"","level":"error","message":"Telegram请求失败","method":"getUpdates","service":"nas-bot","timestamp":"2026-05-24 12:20:31"}
{"error":"","level":"error","message":"Telegram请求失败","method":"getUpdates","service":"nas-bot","timestamp":"2026-05-24 12:20:32"}
{"error":"","level":"error","message":"Telegram请求失败","method":"getUpdates","service":"nas-bot","timestamp":"2026-05-24 12:20:33"}
{"error":"","level":"error","message":"Telegram请求失败","method":"getUpdates","service":"nas-bot","timestamp":"2026-05-24 12:20:34"}
{"error":"","level":"error","message":"Telegram请求失败","method":"getUpdates","service":"nas-bot","timestamp":"2026-05-24 12:20:36"}
{"error":"","level":"error","message":"Telegram请求失败","method":"getUpdates","service":"nas-bot","timestamp":"2026-05-24 12:20:37"}
{"error":"","level":"error","message":"Telegram请求失败","method":"getUpdates","service":"nas-bot","timestamp":"2026-05-24 12:20:38"}
{"error":"","level":"error","message":"Telegram请求失败","method":"getUpdates","service":"nas-bot","timestamp":"2026-05-24 12:20:39"}
{"error":"","level":"error","message":"Telegram请求失败","method":"getUpdates","service":"nas-bot","timestamp":"2026-05-24 12:20:41"}
{"error":"","level":"error","message":"Telegram请求失败","method":"getUpdates","service":"nas-bot","timestamp":"2026-05-24 12:20:42"}
{"error":"","level":"error","message":"Telegram请求失败","method":"getUpdates","service":"nas-bot","timestamp":"2026-05-24 12:20:43"}
{"error":"","level":"error","message":"Telegram请求失败","method":"getUpdates","service":"nas-bot","timestamp":"2026-05-24 12:20:44"}
{"error":"","level":"error","message":"Telegram请求失败","method":"getUpdates","service":"nas-bot","timestamp":"2026-05-24 12:20:46"}
{"error":"","level":"error","message":"Telegram请求失败","method":"getUpdates","service":"nas-bot","timestamp":"2026-05-24 12:20:47"}
{"error":"","level":"error","message":"Telegram请求失败","method":"getUpdates","service":"nas-bot","timestamp":"2026-05-24 12:20:48"}
{"error":"","level":"error","message":"Telegram请求失败","method":"getUpdates","service":"nas-bot","timestamp":"2026-05-24 12:20:49"}
{"error":"","level":"error","message":"Telegram请求失败","method":"getUpdates","service":"nas-bot","timestamp":"2026-05-24 12:20:51"}
{"error":"","level":"error","message":"Telegram请求失败","method":"getUpdates","service":"nas-bot","timestamp":"2026-05-24 12:20:52"}
{"error":"","level":"error","message":"Telegram请求失败","method":"getUpdates","service":"nas-bot","timestamp":"2026-05-24 12:20:53"}
{"error":"","level":"error","message":"Telegram请求失败","method":"getUpdates","service":"nas-bot","timestamp":"2026-05-24 12:20:54"}
{"error":"","level":"error","message":"Telegram请求失败","method":"getUpdates","service":"nas-bot","timestamp":"2026-05-24 12:20:56"}
{"error":"","level":"error","message":"Telegram请求失败","method":"getUpdates","service":"nas-bot","timestamp":"2026-05-24 12:20:57"}
{"error":"","level":"error","message":"Telegram请求失败","method":"getUpdates","service":"nas-bot","timestamp":"2026-05-24 12:20:58"}
{"error":"","level":"error","message":"Telegram请求失败","method":"getUpdates","service":"nas-bot","timestamp":"2026-05-24 12:21:00"}
{"error":"","level":"error","message":"Telegram请求失败","method":"getUpdates","service":"nas-bot","timestamp":"2026-05-24 12:21:01"}
{"error":"","level":"error","message":"Telegram请求失败","method":"getUpdates","service":"nas-bot","timestamp":"2026-05-24 12:21:02"}
{"error":"","level":"error","message":"Telegram请求失败","method":"getUpdates","service":"nas-bot","timestamp":"2026-05-24 12:21:03"}
{"error":"","level":"error","message":"Telegram请求失败","method":"getUpdates","service":"nas-bot","timestamp":"2026-05-24 12:21:05"}
{"error":"","level":"error","message":"Telegram请求失败","method":"getUpdates","service":"nas-bot","timestamp":"2026-05-24 12:21:06"}
{"error":"","level":"error","message":"Telegram请求失败","method":"getUpdates","service":"nas-bot","timestamp":"2026-05-24 12:21:07"}
{"error":"","level":"error","message":"Telegram请求失败","method":"getUpdates","service":"nas-bot","timestamp":"2026-05-24 12:21:08"}
{"error":"","level":"error","message":"Telegram请求失败","method":"getUpdates","service":"nas-bot","timestamp":"2026-05-24 12:21:10"}
{"error":"","level":"error","message":"Telegram请求失败","method":"getUpdates","service":"nas-bot","timestamp":"2026-05-24 12:21:11"}
{"error":"","level":"error","message":"Telegram请求失败","method":"getUpdates","service":"nas-bot","timestamp":"2026-05-24 12:21:12"}
{"error":"","level":"error","message":"Telegram请求失败","method":"getUpdates","service":"nas-bot","timestamp":"2026-05-24 12:21:13"}
{"error":"","level":"error","message":"Telegram请求失败","method":"getUpdates","service":"nas-bot","timestamp":"2026-05-24 12:21:15"}
{"error":"","level":"error","message":"Telegram请求失败","method":"getUpdates","service":"nas-bot","timestamp":"2026-05-24 12:21:16"}
{"error":"","level":"error","message":"Telegram请求失败","method":"getUpdates","service":"nas-bot","timestamp":"2026-05-24 12:21:17"}
{"error":"","level":"error","message":"Telegram请求失败","method":"getUpdates","service":"nas-bot","timestamp":"2026-05-24 12:21:18"}
{"error":"","level":"error","message":"Telegram请求失败","method":"getUpdates","service":"nas-bot","timestamp":"2026-05-24 12:21:20"}
{"error":"","level":"error","message":"Telegram请求失败","method":"getUpdates","service":"nas-bot","timestamp":"2026-05-24 12:21:21"}
{"error":"","level":"error","message":"Telegram请求失败","method":"getUpdates","service":"nas-bot","timestamp":"2026-05-24 12:21:22"}
{"error":"","level":"error","message":"Telegram请求失败","method":"getUpdates","service":"nas-bot","timestamp":"2026-05-24 12:21:23"}
{"error":"","level":"error","message":"Telegram请求失败","method":"getUpdates","service":"nas-bot","timestamp":"2026-05-24 12:21:25"}
{"error":"","level":"error","message":"Telegram请求失败","method":"getUpdates","service":"nas-bot","timestamp":"2026-05-24 12:21:26"}
{"error":"","level":"error","message":"Telegram请求失败","method":"getUpdates","service":"nas-bot","timestamp":"2026-05-24 12:21:27"}
{"error":"","level":"error","message":"Telegram请求失败","method":"getUpdates","service":"nas-bot","timestamp":"2026-05-24 12:21:28"}
{"error":"","level":"error","message":"Telegram请求失败","method":"getUpdates","service":"nas-bot","timestamp":"2026-05-24 12:21:30"}
{"error":"","level":"error","message":"Telegram请求失败","method":"getUpdates","service":"nas-bot","timestamp":"2026-05-24 12:21:31"}
{"error":"","level":"error","message":"Telegram请求失败","method":"getUpdates","service":"nas-bot","timestamp":"2026-05-24 12:21:32"}
{"error":"","level":"error","message":"Telegram请求失败","method":"getUpdates","service":"nas-bot","timestamp":"2026-05-24 12:21:33"}
{"error":"","level":"error","message":"Telegram请求失败","method":"getUpdates","service":"nas-bot","timestamp":"2026-05-24 12:21:35"}
{"error":"","level":"error","message":"Telegram请求失败","method":"getUpdates","service":"nas-bot","timestamp":"2026-05-24 12:21:36"}
{"error":"","level":"error","message":"Telegram请求失败","method":"getUpdates","service":"nas-bot","timestamp":"2026-05-24 12:21:37"}
{"error":"","level":"error","message":"Telegram请求失败","method":"getUpdates","service":"nas-bot","timestamp":"2026-05-24 12:21:38"}
{"error":"","level":"error","message":"Telegram请求失败","method":"getUpdates","service":"nas-bot","timestamp":"2026-05-24 12:21:40"}
{"error":"","level":"error","message":"Telegram请求失败","method":"getUpdates","service":"nas-bot","timestamp":"2026-05-24 12:21:41"}
{"error":"","level":"error","message":"Telegram请求失败","method":"getUpdates","service":"nas-bot","timestamp":"2026-05-24 12:21:42"}
{"error":"","level":"error","message":"Telegram请求失败","method":"getUpdates","service":"nas-bot","timestamp":"2026-05-24 12:21:43"}
{"error":"","level":"error","message":"Telegram请求失败","method":"getUpdates","service":"nas-bot","timestamp":"2026-05-24 12:21:45"}
{"error":"","level":"error","message":"Telegram请求失败","method":"getUpdates","service":"nas-bot","timestamp":"2026-05-24 12:21:46"}
{"error":"","level":"error","message":"Telegram请求失败","method":"getUpdates","service":"nas-bot","timestamp":"2026-05-24 12:21:47"}
{"error":"","level":"error","message":"Telegram请求失败","method":"getUpdates","service":"nas-bot","timestamp":"2026-05-24 12:21:48"}
{"error":"","level":"error","message":"Telegram请求失败","method":"getUpdates","service":"nas-bot","timestamp":"2026-05-24 12:21:50"}
{"error":"","level":"error","message":"Telegram请求失败","method":"getUpdates","service":"nas-bot","timestamp":"2026-05-24 12:21:51"}
{"error":"","level":"error","message":"Telegram请求失败","method":"getUpdates","service":"nas-bot","timestamp":"2026-05-24 12:21:52"}
{"level":"info","message":"收到信号 SIGTERM，正在关闭...","service":"nas-bot","timestamp":"2026-05-24 12:21:52"}
{"level":"info","message":"IOC容器构建完成","service":"nas-bot","timestamp":"2026-05-24 12:21:54"}
{"level":"info","message":"定时调度器启动","service":"nas-bot","summaryTime":"15:35","timestamp":"2026-05-24 12:21:54","weatherCheck":"15:00 ~ 21:00 毎時"}
{"level":"info","message":"Bot启动","service":"nas-bot","timestamp":"2026-05-24 12:21:54"}
{"level":"info","message":"NAS Bot 已启动 🚀","service":"nas-bot","timestamp":"2026-05-24 12:21:54"}
{"error":"","level":"error","message":"Telegram请求失败","method":"getUpdates","service":"nas-bot","timestamp":"2026-05-24 12:21:54"}
{"error":"","level":"error","message":"Telegram请求失败","method":"getUpdates","service":"nas-bot","timestamp":"2026-05-24 12:21:55"}
{"error":"","level":"error","message":"Telegram请求失败","method":"getUpdates","service":"nas-bot","timestamp":"2026-05-24 12:21:56"}
{"error":"","level":"error","message":"Telegram请求失败","method":"getUpdates","service":"nas-bot","timestamp":"2026-05-24 12:21:58"}
{"error":"","level":"error","message":"Telegram请求失败","method":"getUpdates","service":"nas-bot","timestamp":"2026-05-24 12:21:59"}
{"error":"","level":"error","message":"Telegram请求失败","method":"getUpdates","service":"nas-bot","timestamp":"2026-05-24 12:22:00"}
{"error":"","level":"error","message":"Telegram请求失败","method":"getUpdates","service":"nas-bot","timestamp":"2026-05-24 12:22:01"}
{"error":"","level":"error","message":"Telegram请求失败","method":"getUpdates","service":"nas-bot","timestamp":"2026-05-24 12:22:03"}
{"error":"","level":"error","message":"Telegram请求失败","method":"getUpdates","service":"nas-bot","timestamp":"2026-05-24 12:22:04"}
{"error":"","level":"error","message":"Telegram请求失败","method":"getUpdates","service":"nas-bot","timestamp":"2026-05-24 12:22:05"}
{"error":"","level":"error","message":"Telegram请求失败","method":"getUpdates","service":"nas-bot","timestamp":"2026-05-24 12:22:06"}
{"error":"","level":"error","message":"Telegram请求失败","method":"getUpdates","service":"nas-bot","timestamp":"2026-05-24 12:22:08"}
{"error":"","level":"error","message":"Telegram请求失败","method":"getUpdates","service":"nas-bot","timestamp":"2026-05-24 12:22:09"}
{"error":"","level":"error","message":"Telegram请求失败","method":"getUpdates","service":"nas-bot","timestamp":"2026-05-24 12:22:10"}
{"error":"","level":"error","message":"Telegram请求失败","method":"getUpdates","service":"nas-bot","timestamp":"2026-05-24 12:22:11"}
{"error":"","level":"error","message":"Telegram请求失败","method":"getUpdates","service":"nas-bot","timestamp":"2026-05-24 12:22:13"}
{"error":"","level":"error","message":"Telegram请求失败","method":"getUpdates","service":"nas-bot","timestamp":"2026-05-24 12:22:14"}
{"error":"","level":"error","message":"Telegram请求失败","method":"getUpdates","service":"nas-bot","timestamp":"2026-05-24 12:22:15"}
{"error":"","level":"error","message":"Telegram请求失败","method":"getUpdates","service":"nas-bot","timestamp":"2026-05-24 12:22:16"}
{"error":"","level":"error","message":"Telegram请求失败","method":"getUpdates","service":"nas-bot","timestamp":"2026-05-24 12:22:18"}
{"error":"","level":"error","message":"Telegram请求失败","method":"getUpdates","service":"nas-bot","timestamp":"2026-05-24 12:22:19"}
{"error":"","level":"error","message":"Telegram请求失败","method":"getUpdates","service":"nas-bot","timestamp":"2026-05-24 12:22:20"}
{"error":"","level":"error","message":"Telegram请求失败","method":"getUpdates","service":"nas-bot","timestamp":"2026-05-24 12:22:22"}
{"error":"","level":"error","message":"Telegram请求失败","method":"getUpdates","service":"nas-bot","timestamp":"2026-05-24 12:22:23"}
{"error":"","level":"error","message":"Telegram请求失败","method":"getUpdates","service":"nas-bot","timestamp":"2026-05-24 12:22:24"}
{"error":"","level":"error","message":"Telegram请求失败","method":"getUpdates","service":"nas-bot","timestamp":"2026-05-24 12:22:25"}
{"error":"","level":"error","message":"Telegram请求失败","method":"getUpdates","service":"nas-bot","timestamp":"2026-05-24 12:22:27"}
{"error":"","level":"error","message":"Telegram请求失败","method":"getUpdates","service":"nas-bot","timestamp":"2026-05-24 12:22:28"}
{"error":"","level":"error","message":"Telegram请求失败","method":"getUpdates","service":"nas-bot","timestamp":"2026-05-24 12:22:29"}
{"error":"","level":"error","message":"Telegram请求失败","method":"getUpdates","service":"nas-bot","timestamp":"2026-05-24 12:22:30"}
{"error":"","level":"error","message":"Telegram请求失败","method":"getUpdates","service":"nas-bot","timestamp":"2026-05-24 12:22:32"}
{"error":"","level":"error","message":"Telegram请求失败","method":"getUpdates","service":"nas-bot","timestamp":"2026-05-24 12:22:33"}
{"error":"","level":"error","message":"Telegram请求失败","method":"getUpdates","service":"nas-bot","timestamp":"2026-05-24 12:22:34"}
{"error":"","level":"error","message":"Telegram请求失败","method":"getUpdates","service":"nas-bot","timestamp":"2026-05-24 12:22:35"}
{"error":"","level":"error","message":"Telegram请求失败","method":"getUpdates","service":"nas-bot","timestamp":"2026-05-24 12:22:37"}
{"error":"","level":"error","message":"Telegram请求失败","method":"getUpdates","service":"nas-bot","timestamp":"2026-05-24 12:22:38"}
{"error":"","level":"error","message":"Telegram请求失败","method":"getUpdates","service":"nas-bot","timestamp":"2026-05-24 12:22:39"}
{"error":"","level":"error","message":"Telegram请求失败","method":"getUpdates","service":"nas-bot","timestamp":"2026-05-24 12:22:40"}
{"error":"","level":"error","message":"Telegram请求失败","method":"getUpdates","service":"nas-bot","timestamp":"2026-05-24 12:22:42"}
{"error":"","level":"error","message":"Telegram请求失败","method":"getUpdates","service":"nas-bot","timestamp":"2026-05-24 12:22:43"}
{"error":"","level":"error","message":"Telegram请求失败","method":"getUpdates","service":"nas-bot","timestamp":"2026-05-24 12:22:44"}
{"error":"","level":"error","message":"Telegram请求失败","method":"getUpdates","service":"nas-bot","timestamp":"2026-05-24 12:22:45"}
{"error":"","level":"error","message":"Telegram请求失败","method":"getUpdates","service":"nas-bot","timestamp":"2026-05-24 12:22:47"}
{"error":"","level":"error","message":"Telegram请求失败","method":"getUpdates","service":"nas-bot","timestamp":"2026-05-24 12:22:48"}
{"error":"","level":"error","message":"Telegram请求失败","method":"getUpdates","service":"nas-bot","timestamp":"2026-05-24 12:22:49"}
{"error":"","level":"error","message":"Telegram请求失败","method":"getUpdates","service":"nas-bot","timestamp":"2026-05-24 12:22:50"}
{"error":"","level":"error","message":"Telegram请求失败","method":"getUpdates","service":"nas-bot","timestamp":"2026-05-24 12:22:52"}
{"error":"","level":"error","message":"Telegram请求失败","method":"getUpdates","service":"nas-bot","timestamp":"2026-05-24 12:22:53"}
{"error":"","level":"error","message":"Telegram请求失败","method":"getUpdates","service":"nas-bot","timestamp":"2026-05-24 12:22:54"}
{"error":"","level":"error","message":"Telegram请求失败","method":"getUpdates","service":"nas-bot","timestamp":"2026-05-24 12:22:55"}
{"error":"","level":"error","message":"Telegram请求失败","method":"getUpdates","service":"nas-bot","timestamp":"2026-05-24 12:22:57"}
{"error":"","level":"error","message":"Telegram请求失败","method":"getUpdates","service":"nas-bot","timestamp":"2026-05-24 12:22:58"}
{"error":"","level":"error","message":"Telegram请求失败","method":"getUpdates","service":"nas-bot","timestamp":"2026-05-24 12:22:59"}
{"error":"","level":"error","message":"Telegram请求失败","method":"getUpdates","service":"nas-bot","timestamp":"2026-05-24 12:23:00"}
{"error":"","level":"error","message":"Telegram请求失败","method":"getUpdates","service":"nas-bot","timestamp":"2026-05-24 12:23:02"}
{"error":"","level":"error","message":"Telegram请求失败","method":"getUpdates","service":"nas-bot","timestamp":"2026-05-24 12:23:03"}
{"error":"","level":"error","message":"Telegram请求失败","method":"getUpdates","service":"nas-bot","timestamp":"2026-05-24 12:23:04"}
{"error":"","level":"error","message":"Telegram请求失败","method":"getUpdates","service":"nas-bot","timestamp":"2026-05-24 12:23:05"}
{"error":"","level":"error","message":"Telegram请求失败","method":"getUpdates","service":"nas-bot","timestamp":"2026-05-24 12:23:07"}
{"error":"","level":"error","message":"Telegram请求失败","method":"getUpdates","service":"nas-bot","timestamp":"2026-05-24 12:23:08"}
{"error":"","level":"error","message":"Telegram请求失败","method":"getUpdates","service":"nas-bot","timestamp":"2026-05-24 12:23:09"}
{"error":"","level":"error","message":"Telegram请求失败","method":"getUpdates","service":"nas-bot","timestamp":"2026-05-24 12:23:11"}
{"error":"","level":"error","message":"Telegram请求失败","method":"getUpdates","service":"nas-bot","timestamp":"2026-05-24 12:23:12"}
{"error":"","level":"error","message":"Telegram请求失败","method":"getUpdates","service":"nas-bot","timestamp":"2026-05-24 12:23:13"}
{"error":"","level":"error","message":"Telegram请求失败","method":"getUpdates","service":"nas-bot","timestamp":"2026-05-24 12:23:14"}
{"error":"","level":"error","message":"Telegram请求失败","method":"getUpdates","service":"nas-bot","timestamp":"2026-05-24 12:23:16"}
{"error":"","level":"error","message":"Telegram请求失败","method":"getUpdates","service":"nas-bot","timestamp":"2026-05-24 12:23:17"}
{"error":"","level":"error","message":"Telegram请求失败","method":"getUpdates","service":"nas-bot","timestamp":"2026-05-24 12:23:18"}
{"error":"","level":"error","message":"Telegram请求失败","method":"getUpdates","service":"nas-bot","timestamp":"2026-05-24 12:23:19"}
{"error":"","level":"error","message":"Telegram请求失败","method":"getUpdates","service":"nas-bot","timestamp":"2026-05-24 12:23:21"}
{"error":"","level":"error","message":"Telegram请求失败","method":"getUpdates","service":"nas-bot","timestamp":"2026-05-24 12:23:22"}
{"error":"","level":"error","message":"Telegram请求失败","method":"getUpdates","service":"nas-bot","timestamp":"2026-05-24 12:23:23"}
{"error":"","level":"error","message":"Telegram请求失败","method":"getUpdates","service":"nas-bot","timestamp":"2026-05-24 12:23:24"}
{"error":"","level":"error","message":"Telegram请求失败","method":"getUpdates","service":"nas-bot","timestamp":"2026-05-24 12:23:26"}
{"error":"","level":"error","message":"Telegram请求失败","method":"getUpdates","service":"nas-bot","timestamp":"2026-05-24 12:23:27"}
{"error":"","level":"error","message":"Telegram请求失败","method":"getUpdates","service":"nas-bot","timestamp":"2026-05-24 12:23:28"}
{"error":"","level":"error","message":"Telegram请求失败","method":"getUpdates","service":"nas-bot","timestamp":"2026-05-24 12:23:29"}
{"error":"","level":"error","message":"Telegram请求失败","method":"getUpdates","service":"nas-bot","timestamp":"2026-05-24 12:23:31"}
{"error":"","level":"error","message":"Telegram请求失败","method":"getUpdates","service":"nas-bot","timestamp":"2026-05-24 12:23:32"}
{"error":"","level":"error","message":"Telegram请求失败","method":"getUpdates","service":"nas-bot","timestamp":"2026-05-24 12:23:33"}
{"error":"","level":"error","message":"Telegram请求失败","method":"getUpdates","service":"nas-bot","timestamp":"2026-05-24 12:23:34"}
{"error":"","level":"error","message":"Telegram请求失败","method":"getUpdates","service":"nas-bot","timestamp":"2026-05-24 12:23:36"}
{"error":"","level":"error","message":"Telegram请求失败","method":"getUpdates","service":"nas-bot","timestamp":"2026-05-24 12:23:37"}
{"error":"","level":"error","message":"Telegram请求失败","method":"getUpdates","service":"nas-bot","timestamp":"2026-05-24 12:23:38"}
{"error":"","level":"error","message":"Telegram请求失败","method":"getUpdates","service":"nas-bot","timestamp":"2026-05-24 12:23:39"}
{"error":"","level":"error","message":"Telegram请求失败","method":"getUpdates","service":"nas-bot","timestamp":"2026-05-24 12:23:41"}
{"error":"","level":"error","message":"Telegram请求失败","method":"getUpdates","service":"nas-bot","timestamp":"2026-05-24 12:23:42"}
{"error":"","level":"error","message":"Telegram请求失败","method":"getUpdates","service":"nas-bot","timestamp":"2026-05-24 12:23:43"}
{"error":"","level":"error","message":"Telegram请求失败","method":"getUpdates","service":"nas-bot","timestamp":"2026-05-24 12:23:44"}
{"error":"","level":"error","message":"Telegram请求失败","method":"getUpdates","service":"nas-bot","timestamp":"2026-05-24 12:23:46"}
{"error":"","level":"error","message":"Telegram请求失败","method":"getUpdates","service":"nas-bot","timestamp":"2026-05-24 12:23:47"}
{"error":"","level":"error","message":"Telegram请求失败","method":"getUpdates","service":"nas-bot","timestamp":"2026-05-24 12:23:48"}
{"error":"","level":"error","message":"Telegram请求失败","method":"getUpdates","service":"nas-bot","timestamp":"2026-05-24 12:23:49"}
{"error":"","level":"error","message":"Telegram请求失败","method":"getUpdates","service":"nas-bot","timestamp":"2026-05-24 12:23:51"}
{"error":"","level":"error","message":"Telegram请求失败","method":"getUpdates","service":"nas-bot","timestamp":"2026-05-24 12:23:52"}
{"error":"","level":"error","message":"Telegram请求失败","method":"getUpdates","service":"nas-bot","timestamp":"2026-05-24 12:23:53"}
{"error":"","level":"error","message":"Telegram请求失败","method":"getUpdates","service":"nas-bot","timestamp":"2026-05-24 12:23:54"}
{"error":"","level":"error","message":"Telegram请求失败","method":"getUpdates","service":"nas-bot","timestamp":"2026-05-24 12:23:56"}
{"error":"","level":"error","message":"Telegram请求失败","method":"getUpdates","service":"nas-bot","timestamp":"2026-05-24 12:23:57"}
{"error":"","level":"error","message":"Telegram请求失败","method":"getUpdates","service":"nas-bot","timestamp":"2026-05-24 12:23:58"}
{"error":"","level":"error","message":"Telegram请求失败","method":"getUpdates","service":"nas-bot","timestamp":"2026-05-24 12:24:00"}
{"error":"","level":"error","message":"Telegram请求失败","method":"getUpdates","service":"nas-bot","timestamp":"2026-05-24 12:24:01"}
{"error":"","level":"error","message":"Telegram请求失败","method":"getUpdates","service":"nas-bot","timestamp":"2026-05-24 12:24:02"}
{"error":"","level":"error","message":"Telegram请求失败","method":"getUpdates","service":"nas-bot","timestamp":"2026-05-24 12:24:03"}
{"error":"","level":"error","message":"Telegram请求失败","method":"getUpdates","service":"nas-bot","timestamp":"2026-05-24 12:24:05"}
{"error":"","level":"error","message":"Telegram请求失败","method":"getUpdates","service":"nas-bot","timestamp":"2026-05-24 12:24:06"}
{"error":"","level":"error","message":"Telegram请求失败","method":"getUpdates","service":"nas-bot","timestamp":"2026-05-24 12:24:07"}
{"error":"","level":"error","message":"Telegram请求失败","method":"getUpdates","service":"nas-bot","timestamp":"2026-05-24 12:24:08"}
{"error":"","level":"error","message":"Telegram请求失败","method":"getUpdates","service":"nas-bot","timestamp":"2026-05-24 12:24:10"}
{"error":"","level":"error","message":"Telegram请求失败","method":"getUpdates","service":"nas-bot","timestamp":"2026-05-24 12:24:11"}
{"error":"","level":"error","message":"Telegram请求失败","method":"getUpdates","service":"nas-bot","timestamp":"2026-05-24 12:24:12"}
{"error":"","level":"error","message":"Telegram请求失败","method":"getUpdates","service":"nas-bot","timestamp":"2026-05-24 12:24:13"}
{"error":"","level":"error","message":"Telegram请求失败","method":"getUpdates","service":"nas-bot","timestamp":"2026-05-24 12:24:15"}
{"error":"","level":"error","message":"Telegram请求失败","method":"getUpdates","service":"nas-bot","timestamp":"2026-05-24 12:24:16"}
{"error":"","level":"error","message":"Telegram请求失败","method":"getUpdates","service":"nas-bot","timestamp":"2026-05-24 12:24:17"}
{"error":"","level":"error","message":"Telegram请求失败","method":"getUpdates","service":"nas-bot","timestamp":"2026-05-24 12:24:18"}
{"error":"","level":"error","message":"Telegram请求失败","method":"getUpdates","service":"nas-bot","timestamp":"2026-05-24 12:24:20"}
{"error":"","level":"error","message":"Telegram请求失败","method":"getUpdates","service":"nas-bot","timestamp":"2026-05-24 12:24:21"}
{"error":"","level":"error","message":"Telegram请求失败","method":"getUpdates","service":"nas-bot","timestamp":"2026-05-24 12:24:22"}
{"error":"","level":"error","message":"Telegram请求失败","method":"getUpdates","service":"nas-bot","timestamp":"2026-05-24 12:24:23"}
{"error":"","level":"error","message":"Telegram请求失败","method":"getUpdates","service":"nas-bot","timestamp":"2026-05-24 12:24:25"}
{"error":"","level":"error","message":"Telegram请求失败","method":"getUpdates","service":"nas-bot","timestamp":"2026-05-24 12:24:26"}
{"error":"","level":"error","message":"Telegram请求失败","method":"getUpdates","service":"nas-bot","timestamp":"2026-05-24 12:24:27"}
{"error":"","level":"error","message":"Telegram请求失败","method":"getUpdates","service":"nas-bot","timestamp":"2026-05-24 12:24:28"}
{"error":"","level":"error","message":"Telegram请求失败","method":"getUpdates","service":"nas-bot","timestamp":"2026-05-24 12:24:30"}
{"error":"","level":"error","message":"Telegram请求失败","method":"getUpdates","service":"nas-bot","timestamp":"2026-05-24 12:24:31"}
{"error":"","level":"error","message":"Telegram请求失败","method":"getUpdates","service":"nas-bot","timestamp":"2026-05-24 12:24:32"}
{"error":"","level":"error","message":"Telegram请求失败","method":"getUpdates","service":"nas-bot","timestamp":"2026-05-24 12:24:33"}
{"error":"","level":"error","message":"Telegram请求失败","method":"getUpdates","service":"nas-bot","timestamp":"2026-05-24 12:24:35"}
{"error":"","level":"error","message":"Telegram请求失败","method":"getUpdates","service":"nas-bot","timestamp":"2026-05-24 12:24:36"}
{"error":"","level":"error","message":"Telegram请求失败","method":"getUpdates","service":"nas-bot","timestamp":"2026-05-24 12:24:37"}
{"error":"","level":"error","message":"Telegram请求失败","method":"getUpdates","service":"nas-bot","timestamp":"2026-05-24 12:24:39"}
{"error":"","level":"error","message":"Telegram请求失败","method":"getUpdates","service":"nas-bot","timestamp":"2026-05-24 12:24:40"}
{"error":"","level":"error","message":"Telegram请求失败","method":"getUpdates","service":"nas-bot","timestamp":"2026-05-24 12:24:41"}
{"error":"","level":"error","message":"Telegram请求失败","method":"getUpdates","service":"nas-bot","timestamp":"2026-05-24 12:24:42"}
{"error":"","level":"error","message":"Telegram请求失败","method":"getUpdates","service":"nas-bot","timestamp":"2026-05-24 12:24:44"}
{"error":"","level":"error","message":"Telegram请求失败","method":"getUpdates","service":"nas-bot","timestamp":"2026-05-24 12:24:45"}
{"error":"","level":"error","message":"Telegram请求失败","method":"getUpdates","service":"nas-bot","timestamp":"2026-05-24 12:24:46"}
{"error":"","level":"error","message":"Telegram请求失败","method":"getUpdates","service":"nas-bot","timestamp":"2026-05-24 12:24:47"}
{"error":"","level":"error","message":"Telegram请求失败","method":"getUpdates","service":"nas-bot","timestamp":"2026-05-24 12:24:49"}
{"error":"","level":"error","message":"Telegram请求失败","method":"getUpdates","service":"nas-bot","timestamp":"2026-05-24 12:24:50"}
{"error":"","level":"error","message":"Telegram请求失败","method":"getUpdates","service":"nas-bot","timestamp":"2026-05-24 12:24:51"}
{"error":"","level":"error","message":"Telegram请求失败","method":"getUpdates","service":"nas-bot","timestamp":"2026-05-24 12:24:52"}
{"error":"","level":"error","message":"Telegram请求失败","method":"getUpdates","service":"nas-bot","timestamp":"2026-05-24 12:24:54"}
{"error":"","level":"error","message":"Telegram请求失败","method":"getUpdates","service":"nas-bot","timestamp":"2026-05-24 12:24:55"}
{"error":"","level":"error","message":"Telegram请求失败","method":"getUpdates","service":"nas-bot","timestamp":"2026-05-24 12:24:56"}
{"error":"","level":"error","message":"Telegram请求失败","method":"getUpdates","service":"nas-bot","timestamp":"2026-05-24 12:24:58"}
{"error":"","level":"error","message":"Telegram请求失败","method":"getUpdates","service":"nas-bot","timestamp":"2026-05-24 12:24:59"}
{"error":"","level":"error","message":"Telegram请求失败","method":"getUpdates","service":"nas-bot","timestamp":"2026-05-24 12:25:00"}
{"error":"","level":"error","message":"Telegram请求失败","method":"getUpdates","service":"nas-bot","timestamp":"2026-05-24 12:25:01"}
{"error":"","level":"error","message":"Telegram请求失败","method":"getUpdates","service":"nas-bot","timestamp":"2026-05-24 12:25:03"}
{"error":"","level":"error","message":"Telegram请求失败","method":"getUpdates","service":"nas-bot","timestamp":"2026-05-24 12:25:04"}
{"error":"","level":"error","message":"Telegram请求失败","method":"getUpdates","service":"nas-bot","timestamp":"2026-05-24 12:25:05"}
{"error":"","level":"error","message":"Telegram请求失败","method":"getUpdates","service":"nas-bot","timestamp":"2026-05-24 12:25:06"}
{"error":"","level":"error","message":"Telegram请求失败","method":"getUpdates","service":"nas-bot","timestamp":"2026-05-24 12:25:08"}
{"error":"","level":"error","message":"Telegram请求失败","method":"getUpdates","service":"nas-bot","timestamp":"2026-05-24 12:25:09"}
{"error":"","level":"error","message":"Telegram请求失败","method":"getUpdates","service":"nas-bot","timestamp":"2026-05-24 12:25:10"}
{"error":"","level":"error","message":"Telegram请求失败","method":"getUpdates","service":"nas-bot","timestamp":"2026-05-24 12:25:11"}
{"error":"","level":"error","message":"Telegram请求失败","method":"getUpdates","service":"nas-bot","timestamp":"2026-05-24 12:25:13"}
{"error":"","level":"error","message":"Telegram请求失败","method":"getUpdates","service":"nas-bot","timestamp":"2026-05-24 12:25:14"}
{"error":"","level":"error","message":"Telegram请求失败","method":"getUpdates","service":"nas-bot","timestamp":"2026-05-24 12:25:15"}
{"error":"","level":"error","message":"Telegram请求失败","method":"getUpdates","service":"nas-bot","timestamp":"2026-05-24 12:25:16"}
{"error":"","level":"error","message":"Telegram请求失败","method":"getUpdates","service":"nas-bot","timestamp":"2026-05-24 12:25:18"}
{"error":"","level":"error","message":"Telegram请求失败","method":"getUpdates","service":"nas-bot","timestamp":"2026-05-24 12:25:19"}
{"error":"","level":"error","message":"Telegram请求失败","method":"getUpdates","service":"nas-bot","timestamp":"2026-05-24 12:25:20"}
{"error":"","level":"error","message":"Telegram请求失败","method":"getUpdates","service":"nas-bot","timestamp":"2026-05-24 12:25:21"}
{"error":"","level":"error","message":"Telegram请求失败","method":"getUpdates","service":"nas-bot","timestamp":"2026-05-24 12:25:23"}
{"error":"","level":"error","message":"Telegram请求失败","method":"getUpdates","service":"nas-bot","timestamp":"2026-05-24 12:25:24"}
{"error":"","level":"error","message":"Telegram请求失败","method":"getUpdates","service":"nas-bot","timestamp":"2026-05-24 12:25:25"}
{"error":"","level":"error","message":"Telegram请求失败","method":"getUpdates","service":"nas-bot","timestamp":"2026-05-24 12:25:26"}
{"error":"","level":"error","message":"Telegram请求失败","method":"getUpdates","service":"nas-bot","timestamp":"2026-05-24 12:25:28"}
{"error":"","level":"error","message":"Telegram请求失败","method":"getUpdates","service":"nas-bot","timestamp":"2026-05-24 12:25:29"}
{"error":"","level":"error","message":"Telegram请求失败","method":"getUpdates","service":"nas-bot","timestamp":"2026-05-24 12:25:30"}
{"error":"","level":"error","message":"Telegram请求失败","method":"getUpdates","service":"nas-bot","timestamp":"2026-05-24 12:25:31"}
{"error":"","level":"error","message":"Telegram请求失败","method":"getUpdates","service":"nas-bot","timestamp":"2026-05-24 12:25:33"}
{"error":"","level":"error","message":"Telegram请求失败","method":"getUpdates","service":"nas-bot","timestamp":"2026-05-24 12:25:34"}
{"error":"","level":"error","message":"Telegram请求失败","method":"getUpdates","service":"nas-bot","timestamp":"2026-05-24 12:25:35"}
{"error":"","level":"error","message":"Telegram请求失败","method":"getUpdates","service":"nas-bot","timestamp":"2026-05-24 12:25:36"}
{"error":"","level":"error","message":"Telegram请求失败","method":"getUpdates","service":"nas-bot","timestamp":"2026-05-24 12:25:38"}
{"error":"","level":"error","message":"Telegram请求失败","method":"getUpdates","service":"nas-bot","timestamp":"2026-05-24 12:25:39"}
{"error":"","level":"error","message":"Telegram请求失败","method":"getUpdates","service":"nas-bot","timestamp":"2026-05-24 12:25:40"}
{"error":"","level":"error","message":"Telegram请求失败","method":"getUpdates","service":"nas-bot","timestamp":"2026-05-24 12:25:41"}
{"error":"","level":"error","message":"Telegram请求失败","method":"getUpdates","service":"nas-bot","timestamp":"2026-05-24 12:25:43"}
{"error":"","level":"error","message":"Telegram请求失败","method":"getUpdates","service":"nas-bot","timestamp":"2026-05-24 12:25:44"}
{"error":"","level":"error","message":"Telegram请求失败","method":"getUpdates","service":"nas-bot","timestamp":"2026-05-24 12:25:45"}
{"error":"","level":"error","message":"Telegram请求失败","method":"getUpdates","service":"nas-bot","timestamp":"2026-05-24 12:25:46"}
{"error":"","level":"error","message":"Telegram请求失败","method":"getUpdates","service":"nas-bot","timestamp":"2026-05-24 12:25:48"}
{"error":"","level":"error","message":"Telegram请求失败","method":"getUpdates","service":"nas-bot","timestamp":"2026-05-24 12:25:49"}
{"error":"","level":"error","message":"Telegram请求失败","method":"getUpdates","service":"nas-bot","timestamp":"2026-05-24 12:25:50"}
{"error":"","level":"error","message":"Telegram请求失败","method":"getUpdates","service":"nas-bot","timestamp":"2026-05-24 12:25:52"}
{"error":"","level":"error","message":"Telegram请求失败","method":"getUpdates","service":"nas-bot","timestamp":"2026-05-24 12:25:53"}
{"error":"","level":"error","message":"Telegram请求失败","method":"getUpdates","service":"nas-bot","timestamp":"2026-05-24 12:25:54"}
{"error":"","level":"error","message":"Telegram请求失败","method":"getUpdates","service":"nas-bot","timestamp":"2026-05-24 12:25:55"}
{"error":"","level":"error","message":"Telegram请求失败","method":"getUpdates","service":"nas-bot","timestamp":"2026-05-24 12:25:57"}
{"error":"","level":"error","message":"Telegram请求失败","method":"getUpdates","service":"nas-bot","timestamp":"2026-05-24 12:25:58"}
{"error":"","level":"error","message":"Telegram请求失败","method":"getUpdates","service":"nas-bot","timestamp":"2026-05-24 12:25:59"}
{"error":"","level":"error","message":"Telegram请求失败","method":"getUpdates","service":"nas-bot","timestamp":"2026-05-24 12:26:01"}
{"error":"","level":"error","message":"Telegram请求失败","method":"getUpdates","service":"nas-bot","timestamp":"2026-05-24 12:26:02"}
{"error":"","level":"error","message":"Telegram请求失败","method":"getUpdates","service":"nas-bot","timestamp":"2026-05-24 12:26:03"}
{"error":"","level":"error","message":"Telegram请求失败","method":"getUpdates","service":"nas-bot","timestamp":"2026-05-24 12:26:04"}
{"error":"","level":"error","message":"Telegram请求失败","method":"getUpdates","service":"nas-bot","timestamp":"2026-05-24 12:26:06"}
{"error":"","level":"error","message":"Telegram请求失败","method":"getUpdates","service":"nas-bot","timestamp":"2026-05-24 12:26:07"}
{"error":"","level":"error","message":"Telegram请求失败","method":"getUpdates","service":"nas-bot","timestamp":"2026-05-24 12:26:08"}
{"error":"","level":"error","message":"Telegram请求失败","method":"getUpdates","service":"nas-bot","timestamp":"2026-05-24 12:26:09"}
{"error":"","level":"error","message":"Telegram请求失败","method":"getUpdates","service":"nas-bot","timestamp":"2026-05-24 12:26:11"}
{"error":"","level":"error","message":"Telegram请求失败","method":"getUpdates","service":"nas-bot","timestamp":"2026-05-24 12:26:12"}
{"error":"","level":"error","message":"Telegram请求失败","method":"getUpdates","service":"nas-bot","timestamp":"2026-05-24 12:26:13"}
{"error":"","level":"error","message":"Telegram请求失败","method":"getUpdates","service":"nas-bot","timestamp":"2026-05-24 12:26:14"}
{"error":"","level":"error","message":"Telegram请求失败","method":"getUpdates","service":"nas-bot","timestamp":"2026-05-24 12:26:16"}
{"error":"","level":"error","message":"Telegram请求失败","method":"getUpdates","service":"nas-bot","timestamp":"2026-05-24 12:26:17"}
{"error":"","level":"error","message":"Telegram请求失败","method":"getUpdates","service":"nas-bot","timestamp":"2026-05-24 12:26:18"}
{"error":"","level":"error","message":"Telegram请求失败","method":"getUpdates","service":"nas-bot","timestamp":"2026-05-24 12:26:19"}
{"error":"","level":"error","message":"Telegram请求失败","method":"getUpdates","service":"nas-bot","timestamp":"2026-05-24 12:26:21"}
{"error":"","level":"error","message":"Telegram请求失败","method":"getUpdates","service":"nas-bot","timestamp":"2026-05-24 12:26:22"}
{"error":"","level":"error","message":"Telegram请求失败","method":"getUpdates","service":"nas-bot","timestamp":"2026-05-24 12:26:23"}
{"error":"","level":"error","message":"Telegram请求失败","method":"getUpdates","service":"nas-bot","timestamp":"2026-05-24 12:26:24"}
{"error":"","level":"error","message":"Telegram请求失败","method":"getUpdates","service":"nas-bot","timestamp":"2026-05-24 12:26:26"}
{"error":"","level":"error","message":"Telegram请求失败","method":"getUpdates","service":"nas-bot","timestamp":"2026-05-24 12:26:27"}
{"error":"","level":"error","message":"Telegram请求失败","method":"getUpdates","service":"nas-bot","timestamp":"2026-05-24 12:26:28"}
{"error":"","level":"error","message":"Telegram请求失败","method":"getUpdates","service":"nas-bot","timestamp":"2026-05-24 12:26:29"}
{"error":"","level":"error","message":"Telegram请求失败","method":"getUpdates","service":"nas-bot","timestamp":"2026-05-24 12:26:31"}
{"error":"","level":"error","message":"Telegram请求失败","method":"getUpdates","service":"nas-bot","timestamp":"2026-05-24 12:26:32"}
{"error":"","level":"error","message":"Telegram请求失败","method":"getUpdates","service":"nas-bot","timestamp":"2026-05-24 12:26:33"}
{"error":"","level":"error","message":"Telegram请求失败","method":"getUpdates","service":"nas-bot","timestamp":"2026-05-24 12:26:34"}
{"error":"","level":"error","message":"Telegram请求失败","method":"getUpdates","service":"nas-bot","timestamp":"2026-05-24 12:26:36"}
{"error":"","level":"error","message":"Telegram请求失败","method":"getUpdates","service":"nas-bot","timestamp":"2026-05-24 12:26:37"}
{"error":"","level":"error","message":"Telegram请求失败","method":"getUpdates","service":"nas-bot","timestamp":"2026-05-24 12:26:38"}
{"error":"","level":"error","message":"Telegram请求失败","method":"getUpdates","service":"nas-bot","timestamp":"2026-05-24 12:26:39"}
{"error":"","level":"error","message":"Telegram请求失败","method":"getUpdates","service":"nas-bot","timestamp":"2026-05-24 12:26:41"}
{"error":"","level":"error","message":"Telegram请求失败","method":"getUpdates","service":"nas-bot","timestamp":"2026-05-24 12:26:42"}
{"error":"","level":"error","message":"Telegram请求失败","method":"getUpdates","service":"nas-bot","timestamp":"2026-05-24 12:26:43"}
{"error":"","level":"error","message":"Telegram请求失败","method":"getUpdates","service":"nas-bot","timestamp":"2026-05-24 12:26:44"}
{"error":"","level":"error","message":"Telegram请求失败","method":"getUpdates","service":"nas-bot","timestamp":"2026-05-24 12:26:46"}
{"error":"","level":"error","message":"Telegram请求失败","method":"getUpdates","service":"nas-bot","timestamp":"2026-05-24 12:26:47"}
{"error":"","level":"error","message":"Telegram请求失败","method":"getUpdates","service":"nas-bot","timestamp":"2026-05-24 12:26:48"}
{"error":"","level":"error","message":"Telegram请求失败","method":"getUpdates","service":"nas-bot","timestamp":"2026-05-24 12:26:49"}
{"error":"","level":"error","message":"Telegram请求失败","method":"getUpdates","service":"nas-bot","timestamp":"2026-05-24 12:26:51"}
{"error":"","level":"error","message":"Telegram请求失败","method":"getUpdates","service":"nas-bot","timestamp":"2026-05-24 12:26:52"}
{"error":"","level":"error","message":"Telegram请求失败","method":"getUpdates","service":"nas-bot","timestamp":"2026-05-24 12:26:53"}
{"error":"","level":"error","message":"Telegram请求失败","method":"getUpdates","service":"nas-bot","timestamp":"2026-05-24 12:26:54"}
{"error":"","level":"error","message":"Telegram请求失败","method":"getUpdates","service":"nas-bot","timestamp":"2026-05-24 12:26:56"}
{"error":"","level":"error","message":"Telegram请求失败","method":"getUpdates","service":"nas-bot","timestamp":"2026-05-24 12:26:57"}
{"error":"","level":"error","message":"Telegram请求失败","method":"getUpdates","service":"nas-bot","timestamp":"2026-05-24 12:26:58"}
{"error":"","level":"error","message":"Telegram请求失败","method":"getUpdates","service":"nas-bot","timestamp":"2026-05-24 12:27:00"}
{"error":"","level":"error","message":"Telegram请求失败","method":"getUpdates","service":"nas-bot","timestamp":"2026-05-24 12:27:01"}
{"error":"","level":"error","message":"Telegram请求失败","method":"getUpdates","service":"nas-bot","timestamp":"2026-05-24 12:27:02"}
{"error":"","level":"error","message":"Telegram请求失败","method":"getUpdates","service":"nas-bot","timestamp":"2026-05-24 12:27:03"}
{"error":"","level":"error","message":"Telegram请求失败","method":"getUpdates","service":"nas-bot","timestamp":"2026-05-24 12:27:05"}
{"error":"","level":"error","message":"Telegram请求失败","method":"getUpdates","service":"nas-bot","timestamp":"2026-05-24 12:27:06"}
{"error":"","level":"error","message":"Telegram请求失败","method":"getUpdates","service":"nas-bot","timestamp":"2026-05-24 12:27:07"}
{"error":"","level":"error","message":"Telegram请求失败","method":"getUpdates","service":"nas-bot","timestamp":"2026-05-24 12:27:09"}
{"error":"","level":"error","message":"Telegram请求失败","method":"getUpdates","service":"nas-bot","timestamp":"2026-05-24 12:27:10"}
{"error":"","level":"error","message":"Telegram请求失败","method":"getUpdates","service":"nas-bot","timestamp":"2026-05-24 12:27:11"}
{"error":"","level":"error","message":"Telegram请求失败","method":"getUpdates","service":"nas-bot","timestamp":"2026-05-24 12:27:12"}
{"error":"","level":"error","message":"Telegram请求失败","method":"getUpdates","service":"nas-bot","timestamp":"2026-05-24 12:27:14"}
{"error":"","level":"error","message":"Telegram请求失败","method":"getUpdates","service":"nas-bot","timestamp":"2026-05-24 12:27:15"}
{"error":"","level":"error","message":"Telegram请求失败","method":"getUpdates","service":"nas-bot","timestamp":"2026-05-24 12:27:16"}
{"error":"","level":"error","message":"Telegram请求失败","method":"getUpdates","service":"nas-bot","timestamp":"2026-05-24 12:27:17"}
{"error":"","level":"error","message":"Telegram请求失败","method":"getUpdates","service":"nas-bot","timestamp":"2026-05-24 12:27:19"}
{"error":"","level":"error","message":"Telegram请求失败","method":"getUpdates","service":"nas-bot","timestamp":"2026-05-24 12:27:20"}
{"error":"","level":"error","message":"Telegram请求失败","method":"getUpdates","service":"nas-bot","timestamp":"2026-05-24 12:27:21"}
{"error":"","level":"error","message":"Telegram请求失败","method":"getUpdates","service":"nas-bot","timestamp":"2026-05-24 12:27:22"}
{"error":"","level":"error","message":"Telegram请求失败","method":"getUpdates","service":"nas-bot","timestamp":"2026-05-24 12:27:24"}
{"error":"","level":"error","message":"Telegram请求失败","method":"getUpdates","service":"nas-bot","timestamp":"2026-05-24 12:27:25"}
{"error":"","level":"error","message":"Telegram请求失败","method":"getUpdates","service":"nas-bot","timestamp":"2026-05-24 12:27:26"}
{"error":"","level":"error","message":"Telegram请求失败","method":"getUpdates","service":"nas-bot","timestamp":"2026-05-24 12:27:27"}
{"error":"","level":"error","message":"Telegram请求失败","method":"getUpdates","service":"nas-bot","timestamp":"2026-05-24 12:27:29"}
{"error":"","level":"error","message":"Telegram请求失败","method":"getUpdates","service":"nas-bot","timestamp":"2026-05-24 12:27:30"}
{"error":"","level":"error","message":"Telegram请求失败","method":"getUpdates","service":"nas-bot","timestamp":"2026-05-24 12:27:31"}
{"error":"","level":"error","message":"Telegram请求失败","method":"getUpdates","service":"nas-bot","timestamp":"2026-05-24 12:27:33"}
{"error":"","level":"error","message":"Telegram请求失败","method":"getUpdates","service":"nas-bot","timestamp":"2026-05-24 12:27:34"}
{"error":"","level":"error","message":"Telegram请求失败","method":"getUpdates","service":"nas-bot","timestamp":"2026-05-24 12:27:35"}
{"error":"","level":"error","message":"Telegram请求失败","method":"getUpdates","service":"nas-bot","timestamp":"2026-05-24 12:27:36"}
{"error":"","level":"error","message":"Telegram请求失败","method":"getUpdates","service":"nas-bot","timestamp":"2026-05-24 12:27:38"}
{"error":"","level":"error","message":"Telegram请求失败","method":"getUpdates","service":"nas-bot","timestamp":"2026-05-24 12:27:39"}
{"error":"","level":"error","message":"Telegram请求失败","method":"getUpdates","service":"nas-bot","timestamp":"2026-05-24 12:27:40"}
{"error":"","level":"error","message":"Telegram请求失败","method":"getUpdates","service":"nas-bot","timestamp":"2026-05-24 12:27:41"}
{"error":"","level":"error","message":"Telegram请求失败","method":"getUpdates","service":"nas-bot","timestamp":"2026-05-24 12:27:43"}
{"error":"","level":"error","message":"Telegram请求失败","method":"getUpdates","service":"nas-bot","timestamp":"2026-05-24 12:27:44"}
{"error":"","level":"error","message":"Telegram请求失败","method":"getUpdates","service":"nas-bot","timestamp":"2026-05-24 12:27:45"}
{"error":"","level":"error","message":"Telegram请求失败","method":"getUpdates","service":"nas-bot","timestamp":"2026-05-24 12:27:46"}
{"error":"","level":"error","message":"Telegram请求失败","method":"getUpdates","service":"nas-bot","timestamp":"2026-05-24 12:27:48"}
{"error":"","level":"error","message":"Telegram请求失败","method":"getUpdates","service":"nas-bot","timestamp":"2026-05-24 12:27:49"}
{"error":"","level":"error","message":"Telegram请求失败","method":"getUpdates","service":"nas-bot","timestamp":"2026-05-24 12:27:50"}
{"error":"","level":"error","message":"Telegram请求失败","method":"getUpdates","service":"nas-bot","timestamp":"2026-05-24 12:27:51"}
{"error":"","level":"error","message":"Telegram请求失败","method":"getUpdates","service":"nas-bot","timestamp":"2026-05-24 12:27:53"}
{"error":"","level":"error","message":"Telegram请求失败","method":"getUpdates","service":"nas-bot","timestamp":"2026-05-24 12:27:54"}
{"error":"","level":"error","message":"Telegram请求失败","method":"getUpdates","service":"nas-bot","timestamp":"2026-05-24 12:27:55"}
{"error":"","level":"error","message":"Telegram请求失败","method":"getUpdates","service":"nas-bot","timestamp":"2026-05-24 12:27:56"}
{"error":"","level":"error","message":"Telegram请求失败","method":"getUpdates","service":"nas-bot","timestamp":"2026-05-24 12:27:58"}
{"error":"","level":"error","message":"Telegram请求失败","method":"getUpdates","service":"nas-bot","timestamp":"2026-05-24 12:27:59"}
{"error":"","level":"error","message":"Telegram请求失败","method":"getUpdates","service":"nas-bot","timestamp":"2026-05-24 12:28:00"}
{"error":"","level":"error","message":"Telegram请求失败","method":"getUpdates","service":"nas-bot","timestamp":"2026-05-24 12:28:01"}
{"error":"","level":"error","message":"Telegram请求失败","method":"getUpdates","service":"nas-bot","timestamp":"2026-05-24 12:28:03"}
{"error":"","level":"error","message":"Telegram请求失败","method":"getUpdates","service":"nas-bot","timestamp":"2026-05-24 12:28:04"}
{"error":"","level":"error","message":"Telegram请求失败","method":"getUpdates","service":"nas-bot","timestamp":"2026-05-24 12:28:05"}
{"error":"","level":"error","message":"Telegram请求失败","method":"getUpdates","service":"nas-bot","timestamp":"2026-05-24 12:28:06"}
{"error":"","level":"error","message":"Telegram请求失败","method":"getUpdates","service":"nas-bot","timestamp":"2026-05-24 12:28:08"}
{"error":"","level":"error","message":"Telegram请求失败","method":"getUpdates","service":"nas-bot","timestamp":"2026-05-24 12:28:09"}
{"error":"","level":"error","message":"Telegram请求失败","method":"getUpdates","service":"nas-bot","timestamp":"2026-05-24 12:28:10"}
{"error":"","level":"error","message":"Telegram请求失败","method":"getUpdates","service":"nas-bot","timestamp":"2026-05-24 12:28:11"}
{"error":"","level":"error","message":"Telegram请求失败","method":"getUpdates","service":"nas-bot","timestamp":"2026-05-24 12:28:13"}
{"error":"","level":"error","message":"Telegram请求失败","method":"getUpdates","service":"nas-bot","timestamp":"2026-05-24 12:28:14"}
{"error":"","level":"error","message":"Telegram请求失败","method":"getUpdates","service":"nas-bot","timestamp":"2026-05-24 12:28:15"}
{"error":"","level":"error","message":"Telegram请求失败","method":"getUpdates","service":"nas-bot","timestamp":"2026-05-24 12:28:16"}
{"error":"","level":"error","message":"Telegram请求失败","method":"getUpdates","service":"nas-bot","timestamp":"2026-05-24 12:28:18"}
{"error":"","level":"error","message":"Telegram请求失败","method":"getUpdates","service":"nas-bot","timestamp":"2026-05-24 12:28:19"}
{"error":"","level":"error","message":"Telegram请求失败","method":"getUpdates","service":"nas-bot","timestamp":"2026-05-24 12:28:20"}
{"error":"","level":"error","message":"Telegram请求失败","method":"getUpdates","service":"nas-bot","timestamp":"2026-05-24 12:28:22"}
{"error":"","level":"error","message":"Telegram请求失败","method":"getUpdates","service":"nas-bot","timestamp":"2026-05-24 12:28:23"}
{"error":"","level":"error","message":"Telegram请求失败","method":"getUpdates","service":"nas-bot","timestamp":"2026-05-24 12:28:24"}
{"error":"","level":"error","message":"Telegram请求失败","method":"getUpdates","service":"nas-bot","timestamp":"2026-05-24 12:28:25"}
{"error":"","level":"error","message":"Telegram请求失败","method":"getUpdates","service":"nas-bot","timestamp":"2026-05-24 12:28:27"}
{"error":"","level":"error","message":"Telegram请求失败","method":"getUpdates","service":"nas-bot","timestamp":"2026-05-24 12:28:28"}
{"error":"","level":"error","message":"Telegram请求失败","method":"getUpdates","service":"nas-bot","timestamp":"2026-05-24 12:28:29"}
{"error":"","level":"error","message":"Telegram请求失败","method":"getUpdates","service":"nas-bot","timestamp":"2026-05-24 12:28:30"}
{"error":"","level":"error","message":"Telegram请求失败","method":"getUpdates","service":"nas-bot","timestamp":"2026-05-24 12:28:32"}
{"error":"","level":"error","message":"Telegram请求失败","method":"getUpdates","service":"nas-bot","timestamp":"2026-05-24 12:28:33"}
{"error":"","level":"error","message":"Telegram请求失败","method":"getUpdates","service":"nas-bot","timestamp":"2026-05-24 12:28:34"}
{"error":"","level":"error","message":"Telegram请求失败","method":"getUpdates","service":"nas-bot","timestamp":"2026-05-24 12:28:35"}
{"error":"","level":"error","message":"Telegram请求失败","method":"getUpdates","service":"nas-bot","timestamp":"2026-05-24 12:28:37"}
{"error":"","level":"error","message":"Telegram请求失败","method":"getUpdates","service":"nas-bot","timestamp":"2026-05-24 12:28:38"}
{"error":"","level":"error","message":"Telegram请求失败","method":"getUpdates","service":"nas-bot","timestamp":"2026-05-24 12:28:39"}
{"error":"","level":"error","message":"Telegram请求失败","method":"getUpdates","service":"nas-bot","timestamp":"2026-05-24 12:28:40"}
{"error":"","level":"error","message":"Telegram请求失败","method":"getUpdates","service":"nas-bot","timestamp":"2026-05-24 12:28:42"}
{"error":"","level":"error","message":"Telegram请求失败","method":"getUpdates","service":"nas-bot","timestamp":"2026-05-24 12:28:43"}
{"error":"","level":"error","message":"Telegram请求失败","method":"getUpdates","service":"nas-bot","timestamp":"2026-05-24 12:28:44"}
{"error":"","level":"error","message":"Telegram请求失败","method":"getUpdates","service":"nas-bot","timestamp":"2026-05-24 12:28:45"}
{"error":"","level":"error","message":"Telegram请求失败","method":"getUpdates","service":"nas-bot","timestamp":"2026-05-24 12:28:47"}
{"error":"","level":"error","message":"Telegram请求失败","method":"getUpdates","service":"nas-bot","timestamp":"2026-05-24 12:28:48"}
{"error":"","level":"error","message":"Telegram请求失败","method":"getUpdates","service":"nas-bot","timestamp":"2026-05-24 12:28:49"}
{"error":"","level":"error","message":"Telegram请求失败","method":"getUpdates","service":"nas-bot","timestamp":"2026-05-24 12:28:50"}
{"error":"","level":"error","message":"Telegram请求失败","method":"getUpdates","service":"nas-bot","timestamp":"2026-05-24 12:28:52"}
{"error":"","level":"error","message":"Telegram请求失败","method":"getUpdates","service":"nas-bot","timestamp":"2026-05-24 12:28:53"}
{"error":"","level":"error","message":"Telegram请求失败","method":"getUpdates","service":"nas-bot","timestamp":"2026-05-24 12:28:54"}
{"error":"","level":"error","message":"Telegram请求失败","method":"getUpdates","service":"nas-bot","timestamp":"2026-05-24 12:28:55"}
{"error":"","level":"error","message":"Telegram请求失败","method":"getUpdates","service":"nas-bot","timestamp":"2026-05-24 12:28:57"}
{"error":"","level":"error","message":"Telegram请求失败","method":"getUpdates","service":"nas-bot","timestamp":"2026-05-24 12:28:58"}
{"error":"","level":"error","message":"Telegram请求失败","method":"getUpdates","service":"nas-bot","timestamp":"2026-05-24 12:28:59"}
{"error":"","level":"error","message":"Telegram请求失败","method":"getUpdates","service":"nas-bot","timestamp":"2026-05-24 12:29:00"}
{"error":"","level":"error","message":"Telegram请求失败","method":"getUpdates","service":"nas-bot","timestamp":"2026-05-24 12:29:02"}
{"error":"","level":"error","message":"Telegram请求失败","method":"getUpdates","service":"nas-bot","timestamp":"2026-05-24 12:29:03"}
{"error":"","level":"error","message":"Telegram请求失败","method":"getUpdates","service":"nas-bot","timestamp":"2026-05-24 12:29:04"}
{"error":"","level":"error","message":"Telegram请求失败","method":"getUpdates","service":"nas-bot","timestamp":"2026-05-24 12:29:05"}
{"error":"","level":"error","message":"Telegram请求失败","method":"getUpdates","service":"nas-bot","timestamp":"2026-05-24 12:29:07"}
{"error":"","level":"error","message":"Telegram请求失败","method":"getUpdates","service":"nas-bot","timestamp":"2026-05-24 12:29:08"}
{"error":"","level":"error","message":"Telegram请求失败","method":"getUpdates","service":"nas-bot","timestamp":"2026-05-24 12:29:09"}
{"error":"","level":"error","message":"Telegram请求失败","method":"getUpdates","service":"nas-bot","timestamp":"2026-05-24 12:29:10"}
{"error":"","level":"error","message":"Telegram请求失败","method":"getUpdates","service":"nas-bot","timestamp":"2026-05-24 12:29:12"}
{"error":"","level":"error","message":"Telegram请求失败","method":"getUpdates","service":"nas-bot","timestamp":"2026-05-24 12:29:13"}
{"error":"","level":"error","message":"Telegram请求失败","method":"getUpdates","service":"nas-bot","timestamp":"2026-05-24 12:29:14"}
{"error":"","level":"error","message":"Telegram请求失败","method":"getUpdates","service":"nas-bot","timestamp":"2026-05-24 12:29:15"}
{"error":"","level":"error","message":"Telegram请求失败","method":"getUpdates","service":"nas-bot","timestamp":"2026-05-24 12:29:17"}
{"error":"","level":"error","message":"Telegram请求失败","method":"getUpdates","service":"nas-bot","timestamp":"2026-05-24 12:29:18"}
{"error":"","level":"error","message":"Telegram请求失败","method":"getUpdates","service":"nas-bot","timestamp":"2026-05-24 12:29:19"}
{"error":"","level":"error","message":"Telegram请求失败","method":"getUpdates","service":"nas-bot","timestamp":"2026-05-24 12:29:20"}
{"error":"","level":"error","message":"Telegram请求失败","method":"getUpdates","service":"nas-bot","timestamp":"2026-05-24 12:29:22"}
{"error":"","level":"error","message":"Telegram请求失败","method":"getUpdates","service":"nas-bot","timestamp":"2026-05-24 12:29:23"}
{"error":"","level":"error","message":"Telegram请求失败","method":"getUpdates","service":"nas-bot","timestamp":"2026-05-24 12:29:24"}
{"error":"","level":"error","message":"Telegram请求失败","method":"getUpdates","service":"nas-bot","timestamp":"2026-05-24 12:29:25"}
{"error":"","level":"error","message":"Telegram请求失败","method":"getUpdates","service":"nas-bot","timestamp":"2026-05-24 12:29:27"}
{"error":"","level":"error","message":"Telegram请求失败","method":"getUpdates","service":"nas-bot","timestamp":"2026-05-24 12:29:28"}
{"error":"","level":"error","message":"Telegram请求失败","method":"getUpdates","service":"nas-bot","timestamp":"2026-05-24 12:29:29"}
{"error":"","level":"error","message":"Telegram请求失败","method":"getUpdates","service":"nas-bot","timestamp":"2026-05-24 12:29:30"}
{"error":"","level":"error","message":"Telegram请求失败","method":"getUpdates","service":"nas-bot","timestamp":"2026-05-24 12:29:32"}
{"error":"","level":"error","message":"Telegram请求失败","method":"getUpdates","service":"nas-bot","timestamp":"2026-05-24 12:29:33"}
{"error":"","level":"error","message":"Telegram请求失败","method":"getUpdates","service":"nas-bot","timestamp":"2026-05-24 12:29:34"}
{"error":"","level":"error","message":"Telegram请求失败","method":"getUpdates","service":"nas-bot","timestamp":"2026-05-24 12:29:36"}
{"error":"","level":"error","message":"Telegram请求失败","method":"getUpdates","service":"nas-bot","timestamp":"2026-05-24 12:29:37"}
{"error":"","level":"error","message":"Telegram请求失败","method":"getUpdates","service":"nas-bot","timestamp":"2026-05-24 12:29:38"}
{"error":"","level":"error","message":"Telegram请求失败","method":"getUpdates","service":"nas-bot","timestamp":"2026-05-24 12:29:39"}
{"error":"","level":"error","message":"Telegram请求失败","method":"getUpdates","service":"nas-bot","timestamp":"2026-05-24 12:29:41"}
{"error":"","level":"error","message":"Telegram请求失败","method":"getUpdates","service":"nas-bot","timestamp":"2026-05-24 12:29:42"}
{"error":"","level":"error","message":"Telegram请求失败","method":"getUpdates","service":"nas-bot","timestamp":"2026-05-24 12:29:43"}
{"error":"","level":"error","message":"Telegram请求失败","method":"getUpdates","service":"nas-bot","timestamp":"2026-05-24 12:29:44"}
{"error":"","level":"error","message":"Telegram请求失败","method":"getUpdates","service":"nas-bot","timestamp":"2026-05-24 12:29:46"}
{"error":"","level":"error","message":"Telegram请求失败","method":"getUpdates","service":"nas-bot","timestamp":"2026-05-24 12:29:47"}
{"error":"","level":"error","message":"Telegram请求失败","method":"getUpdates","service":"nas-bot","timestamp":"2026-05-24 12:29:48"}
{"error":"","level":"error","message":"Telegram请求失败","method":"getUpdates","service":"nas-bot","timestamp":"2026-05-24 12:29:49"}
{"error":"","level":"error","message":"Telegram请求失败","method":"getUpdates","service":"nas-bot","timestamp":"2026-05-24 12:29:51"}
{"error":"","level":"error","message":"Telegram请求失败","method":"getUpdates","service":"nas-bot","timestamp":"2026-05-24 12:29:52"}
{"error":"","level":"error","message":"Telegram请求失败","method":"getUpdates","service":"nas-bot","timestamp":"2026-05-24 12:29:53"}
{"error":"","level":"error","message":"Telegram请求失败","method":"getUpdates","service":"nas-bot","timestamp":"2026-05-24 12:29:54"}
{"error":"","level":"error","message":"Telegram请求失败","method":"getUpdates","service":"nas-bot","timestamp":"2026-05-24 12:29:56"}
{"error":"","level":"error","message":"Telegram请求失败","method":"getUpdates","service":"nas-bot","timestamp":"2026-05-24 12:29:57"}
{"error":"","level":"error","message":"Telegram请求失败","method":"getUpdates","service":"nas-bot","timestamp":"2026-05-24 12:29:58"}
{"error":"","level":"error","message":"Telegram请求失败","method":"getUpdates","service":"nas-bot","timestamp":"2026-05-24 12:29:59"}
{"error":"","level":"error","message":"Telegram请求失败","method":"getUpdates","service":"nas-bot","timestamp":"2026-05-24 12:30:01"}
{"error":"","level":"error","message":"Telegram请求失败","method":"getUpdates","service":"nas-bot","timestamp":"2026-05-24 12:30:02"}
{"error":"","level":"error","message":"Telegram请求失败","method":"getUpdates","service":"nas-bot","timestamp":"2026-05-24 12:30:03"}
{"error":"","level":"error","message":"Telegram请求失败","method":"getUpdates","service":"nas-bot","timestamp":"2026-05-24 12:30:04"}
{"error":"","level":"error","message":"Telegram请求失败","method":"getUpdates","service":"nas-bot","timestamp":"2026-05-24 12:30:06"}
{"error":"","level":"error","message":"Telegram请求失败","method":"getUpdates","service":"nas-bot","timestamp":"2026-05-24 12:30:07"}
{"error":"","level":"error","message":"Telegram请求失败","method":"getUpdates","service":"nas-bot","timestamp":"2026-05-24 12:30:08"}
{"error":"","level":"error","message":"Telegram请求失败","method":"getUpdates","service":"nas-bot","timestamp":"2026-05-24 12:30:09"}
{"error":"","level":"error","message":"Telegram请求失败","method":"getUpdates","service":"nas-bot","timestamp":"2026-05-24 12:30:11"}
{"error":"","level":"error","message":"Telegram请求失败","method":"getUpdates","service":"nas-bot","timestamp":"2026-05-24 12:30:12"}
{"error":"","level":"error","message":"Telegram请求失败","method":"getUpdates","service":"nas-bot","timestamp":"2026-05-24 12:30:13"}
{"error":"","level":"error","message":"Telegram请求失败","method":"getUpdates","service":"nas-bot","timestamp":"2026-05-24 12:30:14"}
{"error":"","level":"error","message":"Telegram请求失败","method":"getUpdates","service":"nas-bot","timestamp":"2026-05-24 12:30:16"}
{"error":"","level":"error","message":"Telegram请求失败","method":"getUpdates","service":"nas-bot","timestamp":"2026-05-24 12:30:17"}
{"error":"","level":"error","message":"Telegram请求失败","method":"getUpdates","service":"nas-bot","timestamp":"2026-05-24 12:30:18"}
{"error":"","level":"error","message":"Telegram请求失败","method":"getUpdates","service":"nas-bot","timestamp":"2026-05-24 12:30:19"}
{"error":"","level":"error","message":"Telegram请求失败","method":"getUpdates","service":"nas-bot","timestamp":"2026-05-24 12:30:21"}
{"error":"","level":"error","message":"Telegram请求失败","method":"getUpdates","service":"nas-bot","timestamp":"2026-05-24 12:30:22"}
{"error":"","level":"error","message":"Telegram请求失败","method":"getUpdates","service":"nas-bot","timestamp":"2026-05-24 12:30:23"}
{"error":"","level":"error","message":"Telegram请求失败","method":"getUpdates","service":"nas-bot","timestamp":"2026-05-24 12:30:24"}
{"error":"","level":"error","message":"Telegram请求失败","method":"getUpdates","service":"nas-bot","timestamp":"2026-05-24 12:30:26"}
{"error":"","level":"error","message":"Telegram请求失败","method":"getUpdates","service":"nas-bot","timestamp":"2026-05-24 12:30:27"}
{"error":"","level":"error","message":"Telegram请求失败","method":"getUpdates","service":"nas-bot","timestamp":"2026-05-24 12:30:28"}
{"error":"","level":"error","message":"Telegram请求失败","method":"getUpdates","service":"nas-bot","timestamp":"2026-05-24 12:30:29"}
{"error":"","level":"error","message":"Telegram请求失败","method":"getUpdates","service":"nas-bot","timestamp":"2026-05-24 12:30:31"}
{"error":"","level":"error","message":"Telegram请求失败","method":"getUpdates","service":"nas-bot","timestamp":"2026-05-24 12:30:32"}
{"args":"","command":"/start","level":"info","message":"收到指令","service":"nas-bot","timestamp":"2026-05-24 12:30:34","userId":"6423823321"}
{"args":"状态","command":"股票","level":"info","message":"收到指令","service":"nas-bot","timestamp":"2026-05-24 12:30:34","userId":"6423823321"}
{"args":"状态","command":"股票","level":"info","message":"收到指令","service":"nas-bot","timestamp":"2026-05-24 12:30:34","userId":"6423823321"}
{"args":"开启","command":"股票","level":"info","message":"收到指令","service":"nas-bot","timestamp":"2026-05-24 12:30:34","userId":"6423823321"}
{"args":"今日","command":"天气","level":"info","message":"收到指令","service":"nas-bot","timestamp":"2026-05-24 12:30:34","userId":"6423823321"}
{"args":"状态","command":"股票","level":"info","message":"收到指令","service":"nas-bot","timestamp":"2026-05-24 12:30:34","userId":"6423823321"}
{"args":"状态","command":"系统","level":"info","message":"收到指令","service":"nas-bot","timestamp":"2026-05-24 12:30:34","userId":"6423823321"}
{"level":"info","message":"获取系统状态","service":"nas-bot","timestamp":"2026-05-24 12:30:34"}
{"level":"warn","message":"Telegram请求失败，重试中","method":"sendMessage","remaining":2,"service":"nas-bot","timestamp":"2026-05-24 12:30:34"}
{"level":"warn","message":"Telegram请求失败，重试中","method":"sendMessage","remaining":2,"service":"nas-bot","timestamp":"2026-05-24 12:30:34"}
{"level":"warn","message":"Telegram请求失败，重试中","method":"sendMessage","remaining":2,"service":"nas-bot","timestamp":"2026-05-24 12:30:34"}
{"level":"warn","message":"Telegram请求失败，重试中","method":"sendMessage","remaining":2,"service":"nas-bot","timestamp":"2026-05-24 12:30:34"}
{"level":"warn","message":"Telegram请求失败，重试中","method":"sendMessage","remaining":2,"service":"nas-bot","timestamp":"2026-05-24 12:30:34"}
{"command":"/start","elapsed":570,"level":"info","message":"指令处理完成","service":"nas-bot","timestamp":"2026-05-24 12:30:34"}
{"level":"warn","message":"Telegram请求失败，重试中","method":"sendMessage","remaining":2,"service":"nas-bot","timestamp":"2026-05-24 12:30:34"}
{"level":"warn","message":"Telegram请求失败，重试中","method":"sendMessage","remaining":1,"service":"nas-bot","timestamp":"2026-05-24 12:30:35"}
{"level":"warn","message":"Telegram请求失败，重试中","method":"sendMessage","remaining":1,"service":"nas-bot","timestamp":"2026-05-24 12:30:35"}
{"level":"warn","message":"Telegram请求失败，重试中","method":"sendMessage","remaining":1,"service":"nas-bot","timestamp":"2026-05-24 12:30:35"}
{"level":"warn","message":"Telegram请求失败，重试中","method":"sendMessage","remaining":1,"service":"nas-bot","timestamp":"2026-05-24 12:30:35"}
{"level":"warn","message":"Telegram请求失败，重试中","method":"sendMessage","remaining":1,"service":"nas-bot","timestamp":"2026-05-24 12:30:35"}
{"level":"warn","message":"Telegram请求失败，重试中","method":"sendMessage","remaining":1,"service":"nas-bot","timestamp":"2026-05-24 12:30:36"}
{"error":"","level":"error","message":"Telegram请求失败","method":"sendMessage","service":"nas-bot","timestamp":"2026-05-24 12:30:37"}
{"chatId":"6423823321","level":"warn","message":"消息发送失败","service":"nas-bot","timestamp":"2026-05-24 12:30:37"}
{"level":"info","message":"启动容器","name":"stock-monitor","service":"nas-bot","timestamp":"2026-05-24 12:30:37"}
{"error":"","level":"error","message":"Telegram请求失败","method":"sendMessage","service":"nas-bot","timestamp":"2026-05-24 12:30:37"}
{"chatId":"6423823321","level":"warn","message":"消息发送失败","service":"nas-bot","timestamp":"2026-05-24 12:30:37"}
{"command":"股票","elapsed":2901,"level":"info","message":"指令处理完成","service":"nas-bot","timestamp":"2026-05-24 12:30:37"}
{"error":"","level":"error","message":"Telegram请求失败","method":"sendMessage","service":"nas-bot","timestamp":"2026-05-24 12:30:37"}
{"chatId":"6423823321","level":"warn","message":"消息发送失败","service":"nas-bot","timestamp":"2026-05-24 12:30:37"}
{"command":"股票","elapsed":2871,"level":"info","message":"指令处理完成","service":"nas-bot","timestamp":"2026-05-24 12:30:37"}
{"error":"","level":"error","message":"Telegram请求失败","method":"sendMessage","service":"nas-bot","timestamp":"2026-05-24 12:30:37"}
{"chatId":"6423823321","level":"warn","message":"消息发送失败","service":"nas-bot","timestamp":"2026-05-24 12:30:37"}
{"command":"股票","elapsed":2839,"level":"info","message":"指令处理完成","service":"nas-bot","timestamp":"2026-05-24 12:30:37"}
{"error":"","level":"error","message":"Telegram请求失败","method":"sendMessage","service":"nas-bot","timestamp":"2026-05-24 12:30:37"}
{"chatId":"6423823321","level":"warn","message":"消息发送失败","service":"nas-bot","timestamp":"2026-05-24 12:30:37"}
{"command":"系统","elapsed":2815,"level":"info","message":"指令处理完成","service":"nas-bot","timestamp":"2026-05-24 12:30:37"}
{"error":"","level":"error","message":"Telegram请求失败","method":"sendMessage","service":"nas-bot","timestamp":"2026-05-24 12:30:37"}
{"chatId":"6423823321","level":"warn","message":"消息发送失败","service":"nas-bot","timestamp":"2026-05-24 12:30:37"}
{"command":"天气","elapsed":3057,"level":"info","message":"指令处理完成","service":"nas-bot","timestamp":"2026-05-24 12:30:37"}
{"level":"warn","message":"Telegram请求失败，重试中","method":"sendMessage","remaining":2,"service":"nas-bot","timestamp":"2026-05-24 12:30:37"}
{"level":"warn","message":"Telegram请求失败，重试中","method":"sendMessage","remaining":1,"service":"nas-bot","timestamp":"2026-05-24 12:30:38"}
{"error":"","level":"error","message":"Telegram请求失败","method":"sendMessage","service":"nas-bot","timestamp":"2026-05-24 12:30:39"}
{"chatId":"6423823321","level":"warn","message":"消息发送失败","service":"nas-bot","timestamp":"2026-05-24 12:30:39"}
{"command":"股票","elapsed":5609,"level":"info","message":"指令处理完成","service":"nas-bot","timestamp":"2026-05-24 12:30:39"}
{"level":"warn","message":"Telegram请求失败，重试中","method":"sendMessage","remaining":2,"service":"nas-bot","timestamp":"2026-05-24 12:30:54"}
{"level":"warn","message":"Telegram请求失败，重试中","method":"sendMessage","remaining":1,"service":"nas-bot","timestamp":"2026-05-24 12:30:56"}
{"error":"","level":"error","message":"Telegram请求失败","method":"sendMessage","service":"nas-bot","timestamp":"2026-05-24 12:30:57"}
{"chatId":"6423823321","level":"warn","message":"消息发送失败","service":"nas-bot","timestamp":"2026-05-24 12:30:57"}
{"elapsed":14951,"level":"info","message":"Ollama响应完成","model":"qwen2.5:1.5b","service":"nas-bot","timestamp":"2026-05-24 12:31:12"}
{"level":"warn","message":"Telegram请求失败，重试中","method":"sendMessage","remaining":2,"service":"nas-bot","timestamp":"2026-05-24 12:31:12"}
{"level":"warn","message":"Telegram请求失败，重试中","method":"sendMessage","remaining":1,"service":"nas-bot","timestamp":"2026-05-24 12:31:13"}
{"error":"","level":"error","message":"Telegram请求失败","method":"sendMessage","service":"nas-bot","timestamp":"2026-05-24 12:31:15"}
{"chatId":"6423823321","level":"warn","message":"消息发送失败","service":"nas-bot","timestamp":"2026-05-24 12:31:15"}
{"args":"状态","command":"股票","level":"info","message":"收到指令","service":"nas-bot","timestamp":"2026-05-24 12:36:30","userId":"6423823321"}
{"command":"股票","elapsed":558,"level":"info","message":"指令处理完成","service":"nas-bot","timestamp":"2026-05-24 12:36:30"}
{"args":"开启","command":"股票","level":"info","message":"收到指令","service":"nas-bot","timestamp":"2026-05-24 12:36:32","userId":"6423823321"}
{"level":"info","message":"启动容器","name":"stock-monitor","service":"nas-bot","timestamp":"2026-05-24 12:36:32"}
{"command":"股票","elapsed":999,"level":"info","message":"指令处理完成","service":"nas-bot","timestamp":"2026-05-24 12:36:33"}
{"args":"关闭","command":"股票","level":"info","message":"收到指令","service":"nas-bot","timestamp":"2026-05-24 12:36:33","userId":"6423823321"}
{"level":"info","message":"停止容器","name":"stock-monitor","service":"nas-bot","timestamp":"2026-05-24 12:36:34"}
{"error":"","level":"error","message":"Telegram请求失败","method":"getUpdates","service":"nas-bot","timestamp":"2026-05-24 12:36:45"}
{"command":"股票","elapsed":12378,"level":"info","message":"指令处理完成","service":"nas-bot","timestamp":"2026-05-24 12:36:46"}
{"args":"","command":"/start","level":"info","message":"收到指令","service":"nas-bot","timestamp":"2026-05-24 12:36:47","userId":"6423823321"}
{"command":"/start","elapsed":506,"level":"info","message":"指令处理完成","service":"nas-bot","timestamp":"2026-05-24 12:36:47"}
{"args":"开启","command":"股票","level":"info","message":"收到指令","service":"nas-bot","timestamp":"2026-05-24 12:37:31","userId":"6423823321"}
{"level":"info","message":"启动容器","name":"stock-monitor","service":"nas-bot","timestamp":"2026-05-24 12:37:31"}
{"error":"","level":"error","message":"Telegram请求失败","method":"getUpdates","service":"nas-bot","timestamp":"2026-05-24 12:37:33"}
{"command":"股票","elapsed":2244,"level":"info","message":"指令处理完成","service":"nas-bot","timestamp":"2026-05-24 12:37:33"}
{"level":"info","message":"收到信号 SIGTERM，正在关闭...","service":"nas-bot","timestamp":"2026-05-24 12:39:50"}
{"level":"info","message":"IOC容器构建完成","service":"nas-bot","timestamp":"2026-05-24 12:39:51"}
{"level":"info","message":"定时调度器启动","service":"nas-bot","summaryTime":"15:35","timestamp":"2026-05-24 12:39:51","weatherCheck":"15:00 ~ 21:00 毎時"}
{"level":"info","message":"Bot启动","service":"nas-bot","timestamp":"2026-05-24 12:39:51"}
{"level":"info","message":"NAS Bot 已启动 🚀","service":"nas-bot","timestamp":"2026-05-24 12:39:51"}
{"error":"","level":"error","message":"Telegram请求失败","method":"getUpdates","service":"nas-bot","timestamp":"2026-05-24 12:39:51"}
{"error":"","level":"error","message":"Telegram请求失败","method":"getUpdates","service":"nas-bot","timestamp":"2026-05-24 12:39:53"}
{"error":"","level":"error","message":"Telegram请求失败","method":"getUpdates","service":"nas-bot","timestamp":"2026-05-24 12:39:54"}
{"error":"","level":"error","message":"Telegram请求失败","method":"getUpdates","service":"nas-bot","timestamp":"2026-05-24 12:39:55"}
{"error":"","level":"error","message":"Telegram请求失败","method":"getUpdates","service":"nas-bot","timestamp":"2026-05-24 12:39:56"}
{"error":"","level":"error","message":"Telegram请求失败","method":"getUpdates","service":"nas-bot","timestamp":"2026-05-24 12:39:58"}
{"error":"","level":"error","message":"Telegram请求失败","method":"getUpdates","service":"nas-bot","timestamp":"2026-05-24 12:39:59"}
{"error":"","level":"error","message":"Telegram请求失败","method":"getUpdates","service":"nas-bot","timestamp":"2026-05-24 12:40:00"}
{"error":"","level":"error","message":"Telegram请求失败","method":"getUpdates","service":"nas-bot","timestamp":"2026-05-24 12:40:01"}
{"error":"","level":"error","message":"Telegram请求失败","method":"getUpdates","service":"nas-bot","timestamp":"2026-05-24 12:40:03"}
{"error":"","level":"error","message":"Telegram请求失败","method":"getUpdates","service":"nas-bot","timestamp":"2026-05-24 12:40:04"}
{"error":"","level":"error","message":"Telegram请求失败","method":"getUpdates","service":"nas-bot","timestamp":"2026-05-24 12:40:05"}
{"error":"","level":"error","message":"Telegram请求失败","method":"getUpdates","service":"nas-bot","timestamp":"2026-05-24 12:40:07"}
{"error":"","level":"error","message":"Telegram请求失败","method":"getUpdates","service":"nas-bot","timestamp":"2026-05-24 12:40:08"}
{"error":"","level":"error","message":"Telegram请求失败","method":"getUpdates","service":"nas-bot","timestamp":"2026-05-24 12:40:09"}
{"error":"","level":"error","message":"Telegram请求失败","method":"getUpdates","service":"nas-bot","timestamp":"2026-05-24 12:40:10"}
{"error":"","level":"error","message":"Telegram请求失败","method":"getUpdates","service":"nas-bot","timestamp":"2026-05-24 12:40:12"}
{"error":"","level":"error","message":"Telegram请求失败","method":"getUpdates","service":"nas-bot","timestamp":"2026-05-24 12:40:13"}
{"error":"","level":"error","message":"Telegram请求失败","method":"getUpdates","service":"nas-bot","timestamp":"2026-05-24 12:40:14"}
{"error":"","level":"error","message":"Telegram请求失败","method":"getUpdates","service":"nas-bot","timestamp":"2026-05-24 12:40:15"}
{"error":"","level":"error","message":"Telegram请求失败","method":"getUpdates","service":"nas-bot","timestamp":"2026-05-24 12:40:17"}
{"error":"","level":"error","message":"Telegram请求失败","method":"getUpdates","service":"nas-bot","timestamp":"2026-05-24 12:40:18"}
{"error":"","level":"error","message":"Telegram请求失败","method":"getUpdates","service":"nas-bot","timestamp":"2026-05-24 12:40:19"}
{"error":"","level":"error","message":"Telegram请求失败","method":"getUpdates","service":"nas-bot","timestamp":"2026-05-24 12:40:20"}
{"error":"","level":"error","message":"Telegram请求失败","method":"getUpdates","service":"nas-bot","timestamp":"2026-05-24 12:40:22"}
{"error":"","level":"error","message":"Telegram请求失败","method":"getUpdates","service":"nas-bot","timestamp":"2026-05-24 12:40:23"}
{"error":"","level":"error","message":"Telegram请求失败","method":"getUpdates","service":"nas-bot","timestamp":"2026-05-24 12:40:24"}
{"error":"","level":"error","message":"Telegram请求失败","method":"getUpdates","service":"nas-bot","timestamp":"2026-05-24 12:40:25"}
{"error":"","level":"error","message":"Telegram请求失败","method":"getUpdates","service":"nas-bot","timestamp":"2026-05-24 12:40:27"}
{"error":"","level":"error","message":"Telegram请求失败","method":"getUpdates","service":"nas-bot","timestamp":"2026-05-24 12:40:28"}
{"error":"","level":"error","message":"Telegram请求失败","method":"getUpdates","service":"nas-bot","timestamp":"2026-05-24 12:40:29"}
{"error":"","level":"error","message":"Telegram请求失败","method":"getUpdates","service":"nas-bot","timestamp":"2026-05-24 12:40:30"}
{"error":"","level":"error","message":"Telegram请求失败","method":"getUpdates","service":"nas-bot","timestamp":"2026-05-24 12:40:32"}
{"error":"","level":"error","message":"Telegram请求失败","method":"getUpdates","service":"nas-bot","timestamp":"2026-05-24 12:40:33"}
{"error":"","level":"error","message":"Telegram请求失败","method":"getUpdates","service":"nas-bot","timestamp":"2026-05-24 12:40:34"}
{"error":"","level":"error","message":"Telegram请求失败","method":"getUpdates","service":"nas-bot","timestamp":"2026-05-24 12:40:35"}
{"error":"","level":"error","message":"Telegram请求失败","method":"getUpdates","service":"nas-bot","timestamp":"2026-05-24 12:40:37"}
{"error":"","level":"error","message":"Telegram请求失败","method":"getUpdates","service":"nas-bot","timestamp":"2026-05-24 12:40:38"}
{"error":"","level":"error","message":"Telegram请求失败","method":"getUpdates","service":"nas-bot","timestamp":"2026-05-24 12:40:39"}
{"error":"","level":"error","message":"Telegram请求失败","method":"getUpdates","service":"nas-bot","timestamp":"2026-05-24 12:40:40"}
{"error":"","level":"error","message":"Telegram请求失败","method":"getUpdates","service":"nas-bot","timestamp":"2026-05-24 12:40:42"}
{"error":"","level":"error","message":"Telegram请求失败","method":"getUpdates","service":"nas-bot","timestamp":"2026-05-24 12:40:43"}
{"error":"","level":"error","message":"Telegram请求失败","method":"getUpdates","service":"nas-bot","timestamp":"2026-05-24 12:40:44"}
{"error":"","level":"error","message":"Telegram请求失败","method":"getUpdates","service":"nas-bot","timestamp":"2026-05-24 12:40:45"}
{"error":"","level":"error","message":"Telegram请求失败","method":"getUpdates","service":"nas-bot","timestamp":"2026-05-24 12:40:47"}
{"error":"","level":"error","message":"Telegram请求失败","method":"getUpdates","service":"nas-bot","timestamp":"2026-05-24 12:40:48"}
{"error":"","level":"error","message":"Telegram请求失败","method":"getUpdates","service":"nas-bot","timestamp":"2026-05-24 12:40:49"}
{"error":"","level":"error","message":"Telegram请求失败","method":"getUpdates","service":"nas-bot","timestamp":"2026-05-24 12:40:50"}
{"error":"","level":"error","message":"Telegram请求失败","method":"getUpdates","service":"nas-bot","timestamp":"2026-05-24 12:40:52"}
{"level":"warn","message":"Telegram请求失败，重试中","method":"sendMessage","remaining":2,"service":"nas-bot","timestamp":"2026-05-24 12:40:52"}
{"error":"","level":"error","message":"Telegram请求失败","method":"getUpdates","service":"nas-bot","timestamp":"2026-05-24 12:40:53"}
{"level":"warn","message":"Telegram请求失败，重试中","method":"sendMessage","remaining":1,"service":"nas-bot","timestamp":"2026-05-24 12:40:53"}
{"error":"","level":"error","message":"Telegram请求失败","method":"getUpdates","service":"nas-bot","timestamp":"2026-05-24 12:40:54"}
{"error":"","level":"error","message":"Telegram请求失败","method":"sendMessage","service":"nas-bot","timestamp":"2026-05-24 12:40:54"}
{"chatId":"6423823321","level":"warn","message":"消息发送失败","service":"nas-bot","timestamp":"2026-05-24 12:40:54"}
{"error":"","level":"error","message":"Telegram请求失败","method":"getUpdates","service":"nas-bot","timestamp":"2026-05-24 12:40:55"}
{"error":"","level":"error","message":"Telegram请求失败","method":"getUpdates","service":"nas-bot","timestamp":"2026-05-24 12:40:57"}
{"error":"","level":"error","message":"Telegram请求失败","method":"getUpdates","service":"nas-bot","timestamp":"2026-05-24 12:40:58"}
{"error":"","level":"error","message":"Telegram请求失败","method":"getUpdates","service":"nas-bot","timestamp":"2026-05-24 12:40:59"}
{"error":"","level":"error","message":"Telegram请求失败","method":"getUpdates","service":"nas-bot","timestamp":"2026-05-24 12:41:00"}
{"error":"","level":"error","message":"Telegram请求失败","method":"getUpdates","service":"nas-bot","timestamp":"2026-05-24 12:41:02"}
{"args":"","command":"/start","level":"info","message":"收到指令","service":"nas-bot","timestamp":"2026-05-24 12:41:04","userId":"6423823321"}
{"command":"/start","elapsed":463,"level":"info","message":"指令处理完成","service":"nas-bot","timestamp":"2026-05-24 12:41:04"}
{"elapsed":13366,"level":"info","message":"Ollama响应完成","model":"qwen2.5:1.5b","service":"nas-bot","timestamp":"2026-05-24 12:41:08"}
{"level":"warn","message":"Telegram请求失败，重试中","method":"sendMessage","remaining":2,"service":"nas-bot","timestamp":"2026-05-24 12:41:08"}
{"level":"warn","message":"Telegram请求失败，重试中","method":"sendMessage","remaining":1,"service":"nas-bot","timestamp":"2026-05-24 12:41:09"}
{"error":"","level":"error","message":"Telegram请求失败","method":"sendMessage","service":"nas-bot","timestamp":"2026-05-24 12:41:10"}
{"chatId":"6423823321","level":"warn","message":"消息发送失败","service":"nas-bot","timestamp":"2026-05-24 12:41:10"}
{"args":"","command":"帮助","level":"info","message":"收到指令","service":"nas-bot","timestamp":"2026-05-24 12:41:15","userId":"6423823321"}
{"command":"帮助","elapsed":460,"level":"info","message":"指令处理完成","service":"nas-bot","timestamp":"2026-05-24 12:41:15"}
{"args":"状态","command":"股票","level":"info","message":"收到指令","service":"nas-bot","timestamp":"2026-05-24 12:41:19","userId":"6423823321"}
{"command":"股票","elapsed":475,"level":"info","message":"指令处理完成","service":"nas-bot","timestamp":"2026-05-24 12:41:19"}
{"args":"链接","command":"股票","level":"info","message":"收到指令","service":"nas-bot","timestamp":"2026-05-24 12:41:22","userId":"6423823321"}
{"command":"股票","elapsed":477,"level":"info","message":"指令处理完成","service":"nas-bot","timestamp":"2026-05-24 12:41:22"}
{"args":"简报","command":"股票","level":"info","message":"收到指令","service":"nas-bot","timestamp":"2026-05-24 12:41:24","userId":"6423823321"}
{"count":5,"level":"info","message":"收盘简报生成成功","service":"nas-bot","timestamp":"2026-05-24 12:41:24"}
{"elapsed":30241,"level":"info","message":"Ollama响应完成","model":"qwen2.5:1.5b","service":"nas-bot","timestamp":"2026-05-24 12:41:55"}
{"level":"warn","message":"Telegram请求失败，重试中","method":"sendMessage","remaining":2,"service":"nas-bot","timestamp":"2026-05-24 12:41:55"}
{"error":"","level":"error","message":"Telegram请求失败","method":"getUpdates","service":"nas-bot","timestamp":"2026-05-24 12:41:56"}
{"command":"股票","elapsed":32674,"level":"info","message":"指令处理完成","service":"nas-bot","timestamp":"2026-05-24 12:41:57"}
{"args":"简报","command":"股票","level":"info","message":"收到指令","service":"nas-bot","timestamp":"2026-05-24 13:04:37","userId":"6423823321"}
{"count":5,"level":"info","message":"收盘简报生成成功","service":"nas-bot","timestamp":"2026-05-24 13:04:37"}
{"elapsed":58588,"level":"info","message":"Ollama响应完成","model":"qwen2.5:1.5b","service":"nas-bot","timestamp":"2026-05-24 13:05:36"}
{"level":"warn","message":"Telegram请求失败，重试中","method":"sendMessage","remaining":2,"service":"nas-bot","timestamp":"2026-05-24 13:05:36"}
{"level":"warn","message":"Telegram请求失败，重试中","method":"sendMessage","remaining":1,"service":"nas-bot","timestamp":"2026-05-24 13:05:38"}
{"error":"","level":"error","message":"Telegram请求失败","method":"sendMessage","service":"nas-bot","timestamp":"2026-05-24 13:05:39"}
{"chatId":"6423823321","level":"warn","message":"消息发送失败","service":"nas-bot","timestamp":"2026-05-24 13:05:39"}
{"command":"股票","elapsed":62259,"level":"info","message":"指令处理完成","service":"nas-bot","timestamp":"2026-05-24 13:05:39"}
{"error":"","level":"error","message":"Telegram请求失败","method":"getUpdates","service":"nas-bot","timestamp":"2026-05-24 13:41:39"}
{"error":"","level":"error","message":"Telegram请求失败","method":"getUpdates","service":"nas-bot","timestamp":"2026-05-24 13:41:40"}
{"error":"","level":"error","message":"Telegram请求失败","method":"getUpdates","service":"nas-bot","timestamp":"2026-05-24 13:41:42"}
{"error":"","level":"error","message":"Telegram请求失败","method":"getUpdates","service":"nas-bot","timestamp":"2026-05-24 13:41:43"}
{"error":"","level":"error","message":"Telegram请求失败","method":"getUpdates","service":"nas-bot","timestamp":"2026-05-24 13:41:44"}
{"error":"","level":"error","message":"Telegram请求失败","method":"getUpdates","service":"nas-bot","timestamp":"2026-05-24 13:41:45"}
{"error":"","level":"error","message":"Telegram请求失败","method":"getUpdates","service":"nas-bot","timestamp":"2026-05-24 13:41:47"}
{"error":"","level":"error","message":"Telegram请求失败","method":"getUpdates","service":"nas-bot","timestamp":"2026-05-24 13:41:48"}
{"error":"","level":"error","message":"Telegram请求失败","method":"getUpdates","service":"nas-bot","timestamp":"2026-05-24 13:41:49"}
{"error":"","level":"error","message":"Telegram请求失败","method":"getUpdates","service":"nas-bot","timestamp":"2026-05-24 13:41:50"}
{"error":"","level":"error","message":"Telegram请求失败","method":"getUpdates","service":"nas-bot","timestamp":"2026-05-24 13:41:52"}
{"error":"","level":"error","message":"Telegram请求失败","method":"getUpdates","service":"nas-bot","timestamp":"2026-05-24 13:41:53"}
{"error":"","level":"error","message":"Telegram请求失败","method":"getUpdates","service":"nas-bot","timestamp":"2026-05-24 13:41:54"}
{"error":"","level":"error","message":"Telegram请求失败","method":"getUpdates","service":"nas-bot","timestamp":"2026-05-24 13:41:55"}
{"error":"","level":"error","message":"Telegram请求失败","method":"getUpdates","service":"nas-bot","timestamp":"2026-05-24 13:41:57"}
{"error":"","level":"error","message":"Telegram请求失败","method":"getUpdates","service":"nas-bot","timestamp":"2026-05-24 13:41:58"}
{"error":"","level":"error","message":"Telegram请求失败","method":"getUpdates","service":"nas-bot","timestamp":"2026-05-24 13:41:59"}
{"error":"","level":"error","message":"Telegram请求失败","method":"getUpdates","service":"nas-bot","timestamp":"2026-05-24 13:42:00"}
{"error":"","level":"error","message":"Telegram请求失败","method":"getUpdates","service":"nas-bot","timestamp":"2026-05-24 13:42:02"}
{"error":"","level":"error","message":"Telegram请求失败","method":"getUpdates","service":"nas-bot","timestamp":"2026-05-24 13:42:03"}
{"error":"","level":"error","message":"Telegram请求失败","method":"getUpdates","service":"nas-bot","timestamp":"2026-05-24 13:42:04"}
{"error":"","level":"error","message":"Telegram请求失败","method":"getUpdates","service":"nas-bot","timestamp":"2026-05-24 13:42:05"}
{"error":"","level":"error","message":"Telegram请求失败","method":"getUpdates","service":"nas-bot","timestamp":"2026-05-24 13:42:07"}
{"error":"","level":"error","message":"Telegram请求失败","method":"getUpdates","service":"nas-bot","timestamp":"2026-05-24 13:42:08"}
{"error":"","level":"error","message":"Telegram请求失败","method":"getUpdates","service":"nas-bot","timestamp":"2026-05-24 13:42:09"}
{"error":"","level":"error","message":"Telegram请求失败","method":"getUpdates","service":"nas-bot","timestamp":"2026-05-24 13:42:10"}
{"error":"","level":"error","message":"Telegram请求失败","method":"getUpdates","service":"nas-bot","timestamp":"2026-05-24 13:42:12"}
{"error":"","level":"error","message":"Telegram请求失败","method":"getUpdates","service":"nas-bot","timestamp":"2026-05-24 13:42:13"}
{"error":"","level":"error","message":"Telegram请求失败","method":"getUpdates","service":"nas-bot","timestamp":"2026-05-24 13:42:14"}
{"error":"","level":"error","message":"Telegram请求失败","method":"getUpdates","service":"nas-bot","timestamp":"2026-05-24 13:42:16"}
{"error":"","level":"error","message":"Telegram请求失败","method":"getUpdates","service":"nas-bot","timestamp":"2026-05-24 13:42:17"}
{"error":"","level":"error","message":"Telegram请求失败","method":"getUpdates","service":"nas-bot","timestamp":"2026-05-24 13:42:18"}
{"error":"","level":"error","message":"Telegram请求失败","method":"getUpdates","service":"nas-bot","timestamp":"2026-05-24 13:42:19"}
{"error":"","level":"error","message":"Telegram请求失败","method":"getUpdates","service":"nas-bot","timestamp":"2026-05-24 13:42:21"}
{"error":"","level":"error","message":"Telegram请求失败","method":"getUpdates","service":"nas-bot","timestamp":"2026-05-24 13:42:22"}
{"error":"","level":"error","message":"Telegram请求失败","method":"getUpdates","service":"nas-bot","timestamp":"2026-05-24 13:42:23"}
{"error":"","level":"error","message":"Telegram请求失败","method":"getUpdates","service":"nas-bot","timestamp":"2026-05-24 13:42:24"}
{"error":"","level":"error","message":"Telegram请求失败","method":"getUpdates","service":"nas-bot","timestamp":"2026-05-24 13:42:26"}
{"error":"","level":"error","message":"Telegram请求失败","method":"getUpdates","service":"nas-bot","timestamp":"2026-05-24 13:42:27"}
{"error":"","level":"error","message":"Telegram请求失败","method":"getUpdates","service":"nas-bot","timestamp":"2026-05-24 13:42:28"}
{"error":"","level":"error","message":"Telegram请求失败","method":"getUpdates","service":"nas-bot","timestamp":"2026-05-24 13:42:29"}
{"error":"","level":"error","message":"Telegram请求失败","method":"getUpdates","service":"nas-bot","timestamp":"2026-05-24 13:42:31"}
{"error":"","level":"error","message":"Telegram请求失败","method":"getUpdates","service":"nas-bot","timestamp":"2026-05-24 13:42:32"}
{"error":"","level":"error","message":"Telegram请求失败","method":"getUpdates","service":"nas-bot","timestamp":"2026-05-24 13:42:33"}
{"error":"","level":"error","message":"Telegram请求失败","method":"getUpdates","service":"nas-bot","timestamp":"2026-05-24 13:42:34"}
{"error":"","level":"error","message":"Telegram请求失败","method":"getUpdates","service":"nas-bot","timestamp":"2026-05-24 13:42:36"}
{"error":"","level":"error","message":"Telegram请求失败","method":"getUpdates","service":"nas-bot","timestamp":"2026-05-24 13:42:37"}
{"error":"","level":"error","message":"Telegram请求失败","method":"getUpdates","service":"nas-bot","timestamp":"2026-05-24 13:42:38"}
{"error":"","level":"error","message":"Telegram请求失败","method":"getUpdates","service":"nas-bot","timestamp":"2026-05-24 13:42:39"}
{"error":"","level":"error","message":"Telegram请求失败","method":"getUpdates","service":"nas-bot","timestamp":"2026-05-24 13:42:41"}
{"error":"","level":"error","message":"Telegram请求失败","method":"getUpdates","service":"nas-bot","timestamp":"2026-05-24 13:42:42"}
{"error":"","level":"error","message":"Telegram请求失败","method":"getUpdates","service":"nas-bot","timestamp":"2026-05-24 13:42:43"}
{"error":"","level":"error","message":"Telegram请求失败","method":"getUpdates","service":"nas-bot","timestamp":"2026-05-24 13:42:44"}
{"error":"","level":"error","message":"Telegram请求失败","method":"getUpdates","service":"nas-bot","timestamp":"2026-05-24 13:42:46"}
{"error":"","level":"error","message":"Telegram请求失败","method":"getUpdates","service":"nas-bot","timestamp":"2026-05-24 13:42:47"}
{"error":"","level":"error","message":"Telegram请求失败","method":"getUpdates","service":"nas-bot","timestamp":"2026-05-24 13:42:48"}
{"error":"","level":"error","message":"Telegram请求失败","method":"getUpdates","service":"nas-bot","timestamp":"2026-05-24 13:42:49"}
{"error":"","level":"error","message":"Telegram请求失败","method":"getUpdates","service":"nas-bot","timestamp":"2026-05-24 13:42:51"}
{"error":"","level":"error","message":"Telegram请求失败","method":"getUpdates","service":"nas-bot","timestamp":"2026-05-24 13:42:52"}
{"error":"","level":"error","message":"Telegram请求失败","method":"getUpdates","service":"nas-bot","timestamp":"2026-05-24 13:42:53"}
{"error":"","level":"error","message":"Telegram请求失败","method":"getUpdates","service":"nas-bot","timestamp":"2026-05-24 13:42:54"}
{"error":"","level":"error","message":"Telegram请求失败","method":"getUpdates","service":"nas-bot","timestamp":"2026-05-24 13:42:56"}
{"error":"","level":"error","message":"Telegram请求失败","method":"getUpdates","service":"nas-bot","timestamp":"2026-05-24 13:42:57"}
{"error":"","level":"error","message":"Telegram请求失败","method":"getUpdates","service":"nas-bot","timestamp":"2026-05-24 13:42:58"}
{"error":"","level":"error","message":"Telegram请求失败","method":"getUpdates","service":"nas-bot","timestamp":"2026-05-24 13:42:59"}
{"error":"","level":"error","message":"Telegram请求失败","method":"getUpdates","service":"nas-bot","timestamp":"2026-05-24 13:43:01"}
{"error":"","level":"error","message":"Telegram请求失败","method":"getUpdates","service":"nas-bot","timestamp":"2026-05-24 13:43:02"}
{"error":"","level":"error","message":"Telegram请求失败","method":"getUpdates","service":"nas-bot","timestamp":"2026-05-24 13:43:03"}
{"error":"","level":"error","message":"Telegram请求失败","method":"getUpdates","service":"nas-bot","timestamp":"2026-05-24 13:43:04"}
{"error":"","level":"error","message":"Telegram请求失败","method":"getUpdates","service":"nas-bot","timestamp":"2026-05-24 13:43:06"}
{"error":"","level":"error","message":"Telegram请求失败","method":"getUpdates","service":"nas-bot","timestamp":"2026-05-24 13:43:07"}
{"error":"","level":"error","message":"Telegram请求失败","method":"getUpdates","service":"nas-bot","timestamp":"2026-05-24 13:43:08"}
{"error":"","level":"error","message":"Telegram请求失败","method":"getUpdates","service":"nas-bot","timestamp":"2026-05-24 13:43:09"}
{"error":"","level":"error","message":"Telegram请求失败","method":"getUpdates","service":"nas-bot","timestamp":"2026-05-24 13:43:11"}
{"error":"","level":"error","message":"Telegram请求失败","method":"getUpdates","service":"nas-bot","timestamp":"2026-05-24 13:43:12"}
{"error":"","level":"error","message":"Telegram请求失败","method":"getUpdates","service":"nas-bot","timestamp":"2026-05-24 13:43:13"}
{"error":"","level":"error","message":"Telegram请求失败","method":"getUpdates","service":"nas-bot","timestamp":"2026-05-24 13:43:15"}
{"error":"","level":"error","message":"Telegram请求失败","method":"getUpdates","service":"nas-bot","timestamp":"2026-05-24 13:43:16"}
{"error":"","level":"error","message":"Telegram请求失败","method":"getUpdates","service":"nas-bot","timestamp":"2026-05-24 13:43:17"}
{"error":"","level":"error","message":"Telegram请求失败","method":"getUpdates","service":"nas-bot","timestamp":"2026-05-24 13:43:18"}
{"error":"","level":"error","message":"Telegram请求失败","method":"getUpdates","service":"nas-bot","timestamp":"2026-05-24 13:43:20"}
{"error":"","level":"error","message":"Telegram请求失败","method":"getUpdates","service":"nas-bot","timestamp":"2026-05-24 13:43:21"}
{"error":"","level":"error","message":"Telegram请求失败","method":"getUpdates","service":"nas-bot","timestamp":"2026-05-24 13:43:22"}
{"error":"","level":"error","message":"Telegram请求失败","method":"getUpdates","service":"nas-bot","timestamp":"2026-05-24 13:43:23"}
{"error":"","level":"error","message":"Telegram请求失败","method":"getUpdates","service":"nas-bot","timestamp":"2026-05-24 13:43:25"}
{"error":"","level":"error","message":"Telegram请求失败","method":"getUpdates","service":"nas-bot","timestamp":"2026-05-24 13:43:26"}
{"error":"","level":"error","message":"Telegram请求失败","method":"getUpdates","service":"nas-bot","timestamp":"2026-05-24 13:43:27"}
{"error":"","level":"error","message":"Telegram请求失败","method":"getUpdates","service":"nas-bot","timestamp":"2026-05-24 13:43:28"}
{"error":"","level":"error","message":"Telegram请求失败","method":"getUpdates","service":"nas-bot","timestamp":"2026-05-24 13:43:30"}
{"error":"","level":"error","message":"Telegram请求失败","method":"getUpdates","service":"nas-bot","timestamp":"2026-05-24 13:43:31"}
{"error":"","level":"error","message":"Telegram请求失败","method":"getUpdates","service":"nas-bot","timestamp":"2026-05-24 13:43:32"}
{"error":"","level":"error","message":"Telegram请求失败","method":"getUpdates","service":"nas-bot","timestamp":"2026-05-24 13:43:33"}
{"error":"","level":"error","message":"Telegram请求失败","method":"getUpdates","service":"nas-bot","timestamp":"2026-05-24 13:43:35"}
{"error":"","level":"error","message":"Telegram请求失败","method":"getUpdates","service":"nas-bot","timestamp":"2026-05-24 13:43:36"}
{"error":"","level":"error","message":"Telegram请求失败","method":"getUpdates","service":"nas-bot","timestamp":"2026-05-24 13:43:37"}
{"error":"","level":"error","message":"Telegram请求失败","method":"getUpdates","service":"nas-bot","timestamp":"2026-05-24 13:43:38"}
{"error":"","level":"error","message":"Telegram请求失败","method":"getUpdates","service":"nas-bot","timestamp":"2026-05-24 13:43:40"}
{"error":"","level":"error","message":"Telegram请求失败","method":"getUpdates","service":"nas-bot","timestamp":"2026-05-24 13:43:41"}
{"error":"","level":"error","message":"Telegram请求失败","method":"getUpdates","service":"nas-bot","timestamp":"2026-05-24 13:43:42"}
{"error":"","level":"error","message":"Telegram请求失败","method":"getUpdates","service":"nas-bot","timestamp":"2026-05-24 13:43:43"}
{"error":"","level":"error","message":"Telegram请求失败","method":"getUpdates","service":"nas-bot","timestamp":"2026-05-24 13:43:45"}
{"error":"","level":"error","message":"Telegram请求失败","method":"getUpdates","service":"nas-bot","timestamp":"2026-05-24 13:43:46"}
{"error":"","level":"error","message":"Telegram请求失败","method":"getUpdates","service":"nas-bot","timestamp":"2026-05-24 13:43:47"}
{"error":"","level":"error","message":"Telegram请求失败","method":"getUpdates","service":"nas-bot","timestamp":"2026-05-24 13:43:48"}
{"error":"","level":"error","message":"Telegram请求失败","method":"getUpdates","service":"nas-bot","timestamp":"2026-05-24 13:43:50"}
{"error":"","level":"error","message":"Telegram请求失败","method":"getUpdates","service":"nas-bot","timestamp":"2026-05-24 13:43:51"}
{"error":"","level":"error","message":"Telegram请求失败","method":"getUpdates","service":"nas-bot","timestamp":"2026-05-24 13:43:52"}
{"error":"","level":"error","message":"Telegram请求失败","method":"getUpdates","service":"nas-bot","timestamp":"2026-05-24 13:43:54"}
{"error":"","level":"error","message":"Telegram请求失败","method":"getUpdates","service":"nas-bot","timestamp":"2026-05-24 13:43:55"}
{"error":"","level":"error","message":"Telegram请求失败","method":"getUpdates","service":"nas-bot","timestamp":"2026-05-24 13:43:56"}
{"error":"","level":"error","message":"Telegram请求失败","method":"getUpdates","service":"nas-bot","timestamp":"2026-05-24 13:43:57"}
{"error":"","level":"error","message":"Telegram请求失败","method":"getUpdates","service":"nas-bot","timestamp":"2026-05-24 13:43:59"}
{"error":"","level":"error","message":"Telegram请求失败","method":"getUpdates","service":"nas-bot","timestamp":"2026-05-24 13:44:00"}
{"error":"","level":"error","message":"Telegram请求失败","method":"getUpdates","service":"nas-bot","timestamp":"2026-05-24 13:44:01"}
{"error":"","level":"error","message":"Telegram请求失败","method":"getUpdates","service":"nas-bot","timestamp":"2026-05-24 13:44:02"}
{"error":"","level":"error","message":"Telegram请求失败","method":"getUpdates","service":"nas-bot","timestamp":"2026-05-24 13:44:04"}
{"error":"","level":"error","message":"Telegram请求失败","method":"getUpdates","service":"nas-bot","timestamp":"2026-05-24 14:45:05"}
{"error":"","level":"error","message":"Telegram请求失败","method":"getUpdates","service":"nas-bot","timestamp":"2026-05-24 14:45:06"}
{"error":"","level":"error","message":"Telegram请求失败","method":"getUpdates","service":"nas-bot","timestamp":"2026-05-24 14:45:07"}
{"error":"","level":"error","message":"Telegram请求失败","method":"getUpdates","service":"nas-bot","timestamp":"2026-05-24 14:45:09"}
{"error":"","level":"error","message":"Telegram请求失败","method":"getUpdates","service":"nas-bot","timestamp":"2026-05-24 14:45:10"}
{"error":"","level":"error","message":"Telegram请求失败","method":"getUpdates","service":"nas-bot","timestamp":"2026-05-24 14:45:11"}
{"error":"","level":"error","message":"Telegram请求失败","method":"getUpdates","service":"nas-bot","timestamp":"2026-05-24 14:45:12"}
{"error":"","level":"error","message":"Telegram请求失败","method":"getUpdates","service":"nas-bot","timestamp":"2026-05-24 14:45:14"}
{"error":"","level":"error","message":"Telegram请求失败","method":"getUpdates","service":"nas-bot","timestamp":"2026-05-24 14:45:15"}
{"error":"","level":"error","message":"Telegram请求失败","method":"getUpdates","service":"nas-bot","timestamp":"2026-05-24 14:45:16"}
{"error":"","level":"error","message":"Telegram请求失败","method":"getUpdates","service":"nas-bot","timestamp":"2026-05-24 14:45:17"}
{"error":"","level":"error","message":"Telegram请求失败","method":"getUpdates","service":"nas-bot","timestamp":"2026-05-24 14:45:19"}
{"error":"","level":"error","message":"Telegram请求失败","method":"getUpdates","service":"nas-bot","timestamp":"2026-05-24 14:45:20"}
{"error":"","level":"error","message":"Telegram请求失败","method":"getUpdates","service":"nas-bot","timestamp":"2026-05-24 14:45:21"}
{"error":"","level":"error","message":"Telegram请求失败","method":"getUpdates","service":"nas-bot","timestamp":"2026-05-24 14:45:23"}
{"error":"","level":"error","message":"Telegram请求失败","method":"getUpdates","service":"nas-bot","timestamp":"2026-05-24 14:45:24"}
{"error":"","level":"error","message":"Telegram请求失败","method":"getUpdates","service":"nas-bot","timestamp":"2026-05-24 14:45:25"}
{"error":"","level":"error","message":"Telegram请求失败","method":"getUpdates","service":"nas-bot","timestamp":"2026-05-24 14:45:26"}
{"error":"","level":"error","message":"Telegram请求失败","method":"getUpdates","service":"nas-bot","timestamp":"2026-05-24 14:45:28"}
{"error":"","level":"error","message":"Telegram请求失败","method":"getUpdates","service":"nas-bot","timestamp":"2026-05-24 14:45:29"}
{"error":"","level":"error","message":"Telegram请求失败","method":"getUpdates","service":"nas-bot","timestamp":"2026-05-24 14:45:30"}
{"error":"","level":"error","message":"Telegram请求失败","method":"getUpdates","service":"nas-bot","timestamp":"2026-05-24 14:45:31"}
{"error":"","level":"error","message":"Telegram请求失败","method":"getUpdates","service":"nas-bot","timestamp":"2026-05-24 14:45:33"}
{"error":"","level":"error","message":"Telegram请求失败","method":"getUpdates","service":"nas-bot","timestamp":"2026-05-24 14:45:34"}
{"error":"","level":"error","message":"Telegram请求失败","method":"getUpdates","service":"nas-bot","timestamp":"2026-05-24 14:45:35"}
{"error":"","level":"error","message":"Telegram请求失败","method":"getUpdates","service":"nas-bot","timestamp":"2026-05-24 14:45:36"}
{"error":"","level":"error","message":"Telegram请求失败","method":"getUpdates","service":"nas-bot","timestamp":"2026-05-24 14:45:38"}
{"error":"","level":"error","message":"Telegram请求失败","method":"getUpdates","service":"nas-bot","timestamp":"2026-05-24 14:45:39"}
{"error":"","level":"error","message":"Telegram请求失败","method":"getUpdates","service":"nas-bot","timestamp":"2026-05-24 14:45:40"}
{"error":"","level":"error","message":"Telegram请求失败","method":"getUpdates","service":"nas-bot","timestamp":"2026-05-24 14:45:41"}
{"error":"","level":"error","message":"Telegram请求失败","method":"getUpdates","service":"nas-bot","timestamp":"2026-05-24 14:45:43"}
{"error":"","level":"error","message":"Telegram请求失败","method":"getUpdates","service":"nas-bot","timestamp":"2026-05-24 14:45:44"}
{"error":"","level":"error","message":"Telegram请求失败","method":"getUpdates","service":"nas-bot","timestamp":"2026-05-24 14:45:45"}
{"error":"","level":"error","message":"Telegram请求失败","method":"getUpdates","service":"nas-bot","timestamp":"2026-05-24 14:45:46"}
{"error":"","level":"error","message":"Telegram请求失败","method":"getUpdates","service":"nas-bot","timestamp":"2026-05-24 14:45:48"}
{"error":"","level":"error","message":"Telegram请求失败","method":"getUpdates","service":"nas-bot","timestamp":"2026-05-24 14:45:49"}
{"error":"","level":"error","message":"Telegram请求失败","method":"getUpdates","service":"nas-bot","timestamp":"2026-05-24 14:45:50"}
{"error":"","level":"error","message":"Telegram请求失败","method":"getUpdates","service":"nas-bot","timestamp":"2026-05-24 14:45:51"}
{"error":"","level":"error","message":"Telegram请求失败","method":"getUpdates","service":"nas-bot","timestamp":"2026-05-24 14:45:53"}
{"error":"","level":"error","message":"Telegram请求失败","method":"getUpdates","service":"nas-bot","timestamp":"2026-05-24 14:45:54"}
{"error":"","level":"error","message":"Telegram请求失败","method":"getUpdates","service":"nas-bot","timestamp":"2026-05-24 14:45:55"}
{"error":"","level":"error","message":"Telegram请求失败","method":"getUpdates","service":"nas-bot","timestamp":"2026-05-24 14:45:56"}
{"error":"","level":"error","message":"Telegram请求失败","method":"getUpdates","service":"nas-bot","timestamp":"2026-05-24 14:45:58"}
{"error":"","level":"error","message":"Telegram请求失败","method":"getUpdates","service":"nas-bot","timestamp":"2026-05-24 14:45:59"}
{"error":"","level":"error","message":"Telegram请求失败","method":"getUpdates","service":"nas-bot","timestamp":"2026-05-24 14:46:00"}
{"error":"","level":"error","message":"Telegram请求失败","method":"getUpdates","service":"nas-bot","timestamp":"2026-05-24 14:46:01"}
{"error":"","level":"error","message":"Telegram请求失败","method":"getUpdates","service":"nas-bot","timestamp":"2026-05-24 14:46:03"}
{"error":"","level":"error","message":"Telegram请求失败","method":"getUpdates","service":"nas-bot","timestamp":"2026-05-24 14:46:04"}
{"error":"","level":"error","message":"Telegram请求失败","method":"getUpdates","service":"nas-bot","timestamp":"2026-05-24 14:46:05"}
{"error":"","level":"error","message":"Telegram请求失败","method":"getUpdates","service":"nas-bot","timestamp":"2026-05-24 14:46:06"}
{"error":"","level":"error","message":"Telegram请求失败","method":"getUpdates","service":"nas-bot","timestamp":"2026-05-24 14:46:08"}
{"error":"","level":"error","message":"Telegram请求失败","method":"getUpdates","service":"nas-bot","timestamp":"2026-05-24 14:46:09"}
{"error":"","level":"error","message":"Telegram请求失败","method":"getUpdates","service":"nas-bot","timestamp":"2026-05-24 14:46:10"}
{"error":"","level":"error","message":"Telegram请求失败","method":"getUpdates","service":"nas-bot","timestamp":"2026-05-24 14:46:11"}
{"error":"","level":"error","message":"Telegram请求失败","method":"getUpdates","service":"nas-bot","timestamp":"2026-05-24 14:46:13"}
{"error":"","level":"error","message":"Telegram请求失败","method":"getUpdates","service":"nas-bot","timestamp":"2026-05-24 14:46:14"}
{"error":"","level":"error","message":"Telegram请求失败","method":"getUpdates","service":"nas-bot","timestamp":"2026-05-24 14:46:15"}
{"error":"","level":"error","message":"Telegram请求失败","method":"getUpdates","service":"nas-bot","timestamp":"2026-05-24 14:46:16"}
{"error":"","level":"error","message":"Telegram请求失败","method":"getUpdates","service":"nas-bot","timestamp":"2026-05-24 14:46:18"}
{"error":"","level":"error","message":"Telegram请求失败","method":"getUpdates","service":"nas-bot","timestamp":"2026-05-24 14:46:19"}
{"error":"","level":"error","message":"Telegram请求失败","method":"getUpdates","service":"nas-bot","timestamp":"2026-05-24 14:46:20"}
{"error":"","level":"error","message":"Telegram请求失败","method":"getUpdates","service":"nas-bot","timestamp":"2026-05-24 14:46:22"}
{"error":"","level":"error","message":"Telegram请求失败","method":"getUpdates","service":"nas-bot","timestamp":"2026-05-24 14:46:23"}
{"error":"","level":"error","message":"Telegram请求失败","method":"getUpdates","service":"nas-bot","timestamp":"2026-05-24 14:46:24"}
{"error":"","level":"error","message":"Telegram请求失败","method":"getUpdates","service":"nas-bot","timestamp":"2026-05-24 14:46:25"}
{"error":"","level":"error","message":"Telegram请求失败","method":"getUpdates","service":"nas-bot","timestamp":"2026-05-24 14:46:27"}
{"error":"","level":"error","message":"Telegram请求失败","method":"getUpdates","service":"nas-bot","timestamp":"2026-05-24 14:46:28"}
{"error":"","level":"error","message":"Telegram请求失败","method":"getUpdates","service":"nas-bot","timestamp":"2026-05-24 14:46:29"}
{"error":"","level":"error","message":"Telegram请求失败","method":"getUpdates","service":"nas-bot","timestamp":"2026-05-24 14:46:30"}
{"error":"","level":"error","message":"Telegram请求失败","method":"getUpdates","service":"nas-bot","timestamp":"2026-05-24 14:46:32"}
{"error":"","level":"error","message":"Telegram请求失败","method":"getUpdates","service":"nas-bot","timestamp":"2026-05-24 14:46:33"}
{"error":"","level":"error","message":"Telegram请求失败","method":"getUpdates","service":"nas-bot","timestamp":"2026-05-24 14:46:34"}
{"error":"","level":"error","message":"Telegram请求失败","method":"getUpdates","service":"nas-bot","timestamp":"2026-05-24 14:46:35"}
{"error":"","level":"error","message":"Telegram请求失败","method":"getUpdates","service":"nas-bot","timestamp":"2026-05-24 14:46:37"}
{"error":"","level":"error","message":"Telegram请求失败","method":"getUpdates","service":"nas-bot","timestamp":"2026-05-24 14:46:38"}
{"error":"","level":"error","message":"Telegram请求失败","method":"getUpdates","service":"nas-bot","timestamp":"2026-05-24 14:46:39"}
{"error":"","level":"error","message":"Telegram请求失败","method":"getUpdates","service":"nas-bot","timestamp":"2026-05-24 14:46:40"}
{"error":"","level":"error","message":"Telegram请求失败","method":"getUpdates","service":"nas-bot","timestamp":"2026-05-24 14:46:42"}
{"error":"","level":"error","message":"Telegram请求失败","method":"getUpdates","service":"nas-bot","timestamp":"2026-05-24 14:46:43"}
{"error":"","level":"error","message":"Telegram请求失败","method":"getUpdates","service":"nas-bot","timestamp":"2026-05-24 14:46:44"}
{"error":"","level":"error","message":"Telegram请求失败","method":"getUpdates","service":"nas-bot","timestamp":"2026-05-24 14:46:45"}
{"error":"","level":"error","message":"Telegram请求失败","method":"getUpdates","service":"nas-bot","timestamp":"2026-05-24 14:46:47"}
{"error":"","level":"error","message":"Telegram请求失败","method":"getUpdates","service":"nas-bot","timestamp":"2026-05-24 14:46:48"}
{"error":"","level":"error","message":"Telegram请求失败","method":"getUpdates","service":"nas-bot","timestamp":"2026-05-24 14:46:49"}
{"error":"","level":"error","message":"Telegram请求失败","method":"getUpdates","service":"nas-bot","timestamp":"2026-05-24 14:46:50"}
{"error":"","level":"error","message":"Telegram请求失败","method":"getUpdates","service":"nas-bot","timestamp":"2026-05-24 14:46:52"}
{"error":"","level":"error","message":"Telegram请求失败","method":"getUpdates","service":"nas-bot","timestamp":"2026-05-24 14:46:53"}
{"error":"","level":"error","message":"Telegram请求失败","method":"getUpdates","service":"nas-bot","timestamp":"2026-05-24 14:46:54"}
{"error":"","level":"error","message":"Telegram请求失败","method":"getUpdates","service":"nas-bot","timestamp":"2026-05-24 14:46:55"}
{"error":"","level":"error","message":"Telegram请求失败","method":"getUpdates","service":"nas-bot","timestamp":"2026-05-24 14:46:57"}
{"error":"","level":"error","message":"Telegram请求失败","method":"getUpdates","service":"nas-bot","timestamp":"2026-05-24 14:46:58"}
{"error":"","level":"error","message":"Telegram请求失败","method":"getUpdates","service":"nas-bot","timestamp":"2026-05-24 14:46:59"}
{"error":"","level":"error","message":"Telegram请求失败","method":"getUpdates","service":"nas-bot","timestamp":"2026-05-24 14:47:00"}
{"error":"","level":"error","message":"Telegram请求失败","method":"getUpdates","service":"nas-bot","timestamp":"2026-05-24 14:47:02"}
{"error":"","level":"error","message":"Telegram请求失败","method":"getUpdates","service":"nas-bot","timestamp":"2026-05-24 14:47:03"}
{"error":"","level":"error","message":"Telegram请求失败","method":"getUpdates","service":"nas-bot","timestamp":"2026-05-24 14:47:04"}
{"error":"","level":"error","message":"Telegram请求失败","method":"getUpdates","service":"nas-bot","timestamp":"2026-05-24 14:47:05"}
{"error":"","level":"error","message":"Telegram请求失败","method":"getUpdates","service":"nas-bot","timestamp":"2026-05-24 14:47:07"}
{"error":"","level":"error","message":"Telegram请求失败","method":"getUpdates","service":"nas-bot","timestamp":"2026-05-24 14:47:08"}
{"error":"","level":"error","message":"Telegram请求失败","method":"getUpdates","service":"nas-bot","timestamp":"2026-05-24 14:47:09"}
{"error":"","level":"error","message":"Telegram请求失败","method":"getUpdates","service":"nas-bot","timestamp":"2026-05-24 14:47:10"}
{"error":"","level":"error","message":"Telegram请求失败","method":"getUpdates","service":"nas-bot","timestamp":"2026-05-24 14:47:12"}
{"error":"","level":"error","message":"Telegram请求失败","method":"getUpdates","service":"nas-bot","timestamp":"2026-05-24 14:47:13"}
{"error":"","level":"error","message":"Telegram请求失败","method":"getUpdates","service":"nas-bot","timestamp":"2026-05-24 14:47:14"}
{"error":"","level":"error","message":"Telegram请求失败","method":"getUpdates","service":"nas-bot","timestamp":"2026-05-24 14:47:15"}
{"error":"","level":"error","message":"Telegram请求失败","method":"getUpdates","service":"nas-bot","timestamp":"2026-05-24 14:47:17"}
{"error":"","level":"error","message":"Telegram请求失败","method":"getUpdates","service":"nas-bot","timestamp":"2026-05-24 14:47:18"}
{"error":"","level":"error","message":"Telegram请求失败","method":"getUpdates","service":"nas-bot","timestamp":"2026-05-24 14:47:19"}
{"error":"","level":"error","message":"Telegram请求失败","method":"getUpdates","service":"nas-bot","timestamp":"2026-05-24 14:47:21"}
{"error":"","level":"error","message":"Telegram请求失败","method":"getUpdates","service":"nas-bot","timestamp":"2026-05-24 14:47:22"}
{"error":"","level":"error","message":"Telegram请求失败","method":"getUpdates","service":"nas-bot","timestamp":"2026-05-24 14:47:23"}
{"error":"","level":"error","message":"Telegram请求失败","method":"getUpdates","service":"nas-bot","timestamp":"2026-05-24 14:47:24"}
{"error":"","level":"error","message":"Telegram请求失败","method":"getUpdates","service":"nas-bot","timestamp":"2026-05-24 14:47:26"}
{"error":"","level":"error","message":"Telegram请求失败","method":"getUpdates","service":"nas-bot","timestamp":"2026-05-24 14:47:27"}
{"error":"","level":"error","message":"Telegram请求失败","method":"getUpdates","service":"nas-bot","timestamp":"2026-05-24 14:47:28"}
{"error":"","level":"error","message":"Telegram请求失败","method":"getUpdates","service":"nas-bot","timestamp":"2026-05-24 14:47:29"}
{"error":"","level":"error","message":"Telegram请求失败","method":"getUpdates","service":"nas-bot","timestamp":"2026-05-24 14:47:31"}
{"error":"","level":"error","message":"Telegram请求失败","method":"getUpdates","service":"nas-bot","timestamp":"2026-05-24 14:47:32"}
{"error":"","level":"error","message":"Telegram请求失败","method":"getUpdates","service":"nas-bot","timestamp":"2026-05-24 14:47:33"}
{"error":"","level":"error","message":"Telegram请求失败","method":"getUpdates","service":"nas-bot","timestamp":"2026-05-24 14:47:34"}
{"error":"","level":"error","message":"Telegram请求失败","method":"getUpdates","service":"nas-bot","timestamp":"2026-05-24 14:47:36"}
{"error":"","level":"error","message":"Telegram请求失败","method":"getUpdates","service":"nas-bot","timestamp":"2026-05-24 14:47:37"}
{"error":"","level":"error","message":"Telegram请求失败","method":"getUpdates","service":"nas-bot","timestamp":"2026-05-24 14:47:38"}
{"error":"","level":"error","message":"Telegram请求失败","method":"getUpdates","service":"nas-bot","timestamp":"2026-05-24 14:47:39"}
{"error":"","level":"error","message":"Telegram请求失败","method":"getUpdates","service":"nas-bot","timestamp":"2026-05-24 14:47:41"}
{"error":"","level":"error","message":"Telegram请求失败","method":"getUpdates","service":"nas-bot","timestamp":"2026-05-24 14:47:42"}
{"error":"","level":"error","message":"Telegram请求失败","method":"getUpdates","service":"nas-bot","timestamp":"2026-05-24 14:47:43"}
{"error":"","level":"error","message":"Telegram请求失败","method":"getUpdates","service":"nas-bot","timestamp":"2026-05-24 14:47:44"}
{"error":"","level":"error","message":"Telegram请求失败","method":"getUpdates","service":"nas-bot","timestamp":"2026-05-24 14:47:46"}
{"error":"","level":"error","message":"Telegram请求失败","method":"getUpdates","service":"nas-bot","timestamp":"2026-05-24 14:47:47"}
{"error":"","level":"error","message":"Telegram请求失败","method":"getUpdates","service":"nas-bot","timestamp":"2026-05-24 14:47:48"}
{"error":"","level":"error","message":"Telegram请求失败","method":"getUpdates","service":"nas-bot","timestamp":"2026-05-24 14:47:49"}
{"error":"","level":"error","message":"Telegram请求失败","method":"getUpdates","service":"nas-bot","timestamp":"2026-05-24 14:47:51"}
{"error":"","level":"error","message":"Telegram请求失败","method":"getUpdates","service":"nas-bot","timestamp":"2026-05-24 14:47:52"}
{"error":"","level":"error","message":"Telegram请求失败","method":"getUpdates","service":"nas-bot","timestamp":"2026-05-24 14:47:53"}
{"error":"","level":"error","message":"Telegram请求失败","method":"getUpdates","service":"nas-bot","timestamp":"2026-05-24 14:47:54"}
{"error":"","level":"error","message":"Telegram请求失败","method":"getUpdates","service":"nas-bot","timestamp":"2026-05-24 14:47:56"}
{"error":"","level":"error","message":"Telegram请求失败","method":"getUpdates","service":"nas-bot","timestamp":"2026-05-24 14:47:57"}
{"error":"","level":"error","message":"Telegram请求失败","method":"getUpdates","service":"nas-bot","timestamp":"2026-05-24 14:47:58"}
{"error":"","level":"error","message":"Telegram请求失败","method":"getUpdates","service":"nas-bot","timestamp":"2026-05-24 14:47:59"}
{"error":"","level":"error","message":"Telegram请求失败","method":"getUpdates","service":"nas-bot","timestamp":"2026-05-24 14:48:01"}
{"error":"","level":"error","message":"Telegram请求失败","method":"getUpdates","service":"nas-bot","timestamp":"2026-05-24 14:48:02"}
{"error":"","level":"error","message":"Telegram请求失败","method":"getUpdates","service":"nas-bot","timestamp":"2026-05-24 14:48:03"}
{"error":"","level":"error","message":"Telegram请求失败","method":"getUpdates","service":"nas-bot","timestamp":"2026-05-24 14:48:04"}
{"error":"","level":"error","message":"Telegram请求失败","method":"getUpdates","service":"nas-bot","timestamp":"2026-05-24 14:48:06"}
{"error":"","level":"error","message":"Telegram请求失败","method":"getUpdates","service":"nas-bot","timestamp":"2026-05-24 14:48:07"}
{"error":"","level":"error","message":"Telegram请求失败","method":"getUpdates","service":"nas-bot","timestamp":"2026-05-24 14:48:08"}
{"error":"","level":"error","message":"Telegram请求失败","method":"getUpdates","service":"nas-bot","timestamp":"2026-05-24 14:48:09"}
{"error":"","level":"error","message":"Telegram请求失败","method":"getUpdates","service":"nas-bot","timestamp":"2026-05-24 14:48:11"}
{"error":"","level":"error","message":"Telegram请求失败","method":"getUpdates","service":"nas-bot","timestamp":"2026-05-24 14:48:12"}
{"error":"","level":"error","message":"Telegram请求失败","method":"getUpdates","service":"nas-bot","timestamp":"2026-05-24 14:48:13"}
{"error":"","level":"error","message":"Telegram请求失败","method":"getUpdates","service":"nas-bot","timestamp":"2026-05-24 14:48:15"}
{"error":"","level":"error","message":"Telegram请求失败","method":"getUpdates","service":"nas-bot","timestamp":"2026-05-24 14:48:16"}
{"error":"","level":"error","message":"Telegram请求失败","method":"getUpdates","service":"nas-bot","timestamp":"2026-05-24 14:48:17"}
{"error":"","level":"error","message":"Telegram请求失败","method":"getUpdates","service":"nas-bot","timestamp":"2026-05-24 14:48:18"}
{"error":"","level":"error","message":"Telegram请求失败","method":"getUpdates","service":"nas-bot","timestamp":"2026-05-24 14:48:20"}
{"error":"","level":"error","message":"Telegram请求失败","method":"getUpdates","service":"nas-bot","timestamp":"2026-05-24 14:48:21"}
{"error":"","level":"error","message":"Telegram请求失败","method":"getUpdates","service":"nas-bot","timestamp":"2026-05-24 14:48:22"}
{"error":"","level":"error","message":"Telegram请求失败","method":"getUpdates","service":"nas-bot","timestamp":"2026-05-24 14:48:23"}
{"error":"","level":"error","message":"Telegram请求失败","method":"getUpdates","service":"nas-bot","timestamp":"2026-05-24 14:48:25"}
{"error":"","level":"error","message":"Telegram请求失败","method":"getUpdates","service":"nas-bot","timestamp":"2026-05-24 14:48:26"}
{"error":"","level":"error","message":"Telegram请求失败","method":"getUpdates","service":"nas-bot","timestamp":"2026-05-24 14:48:27"}
{"error":"","level":"error","message":"Telegram请求失败","method":"getUpdates","service":"nas-bot","timestamp":"2026-05-24 14:48:28"}
{"error":"","level":"error","message":"Telegram请求失败","method":"getUpdates","service":"nas-bot","timestamp":"2026-05-24 14:48:30"}
{"error":"","level":"error","message":"Telegram请求失败","method":"getUpdates","service":"nas-bot","timestamp":"2026-05-24 14:48:31"}
{"error":"","level":"error","message":"Telegram请求失败","method":"getUpdates","service":"nas-bot","timestamp":"2026-05-24 14:48:32"}
{"error":"","level":"error","message":"Telegram请求失败","method":"getUpdates","service":"nas-bot","timestamp":"2026-05-24 14:48:33"}
{"error":"","level":"error","message":"Telegram请求失败","method":"getUpdates","service":"nas-bot","timestamp":"2026-05-24 14:48:35"}
{"error":"","level":"error","message":"Telegram请求失败","method":"getUpdates","service":"nas-bot","timestamp":"2026-05-24 14:48:36"}
{"error":"","level":"error","message":"Telegram请求失败","method":"getUpdates","service":"nas-bot","timestamp":"2026-05-24 14:48:37"}
{"error":"","level":"error","message":"Telegram请求失败","method":"getUpdates","service":"nas-bot","timestamp":"2026-05-24 14:48:38"}
{"error":"","level":"error","message":"Telegram请求失败","method":"getUpdates","service":"nas-bot","timestamp":"2026-05-24 14:48:40"}
{"error":"","level":"error","message":"Telegram请求失败","method":"getUpdates","service":"nas-bot","timestamp":"2026-05-24 14:48:41"}
{"error":"","level":"error","message":"Telegram请求失败","method":"getUpdates","service":"nas-bot","timestamp":"2026-05-24 14:48:42"}
{"error":"","level":"error","message":"Telegram请求失败","method":"getUpdates","service":"nas-bot","timestamp":"2026-05-24 14:48:43"}
{"error":"","level":"error","message":"Telegram请求失败","method":"getUpdates","service":"nas-bot","timestamp":"2026-05-24 14:48:45"}
{"error":"","level":"error","message":"Telegram请求失败","method":"getUpdates","service":"nas-bot","timestamp":"2026-05-24 14:48:46"}
{"error":"","level":"error","message":"Telegram请求失败","method":"getUpdates","service":"nas-bot","timestamp":"2026-05-24 14:48:47"}
{"error":"","level":"error","message":"Telegram请求失败","method":"getUpdates","service":"nas-bot","timestamp":"2026-05-24 14:48:48"}
{"error":"","level":"error","message":"Telegram请求失败","method":"getUpdates","service":"nas-bot","timestamp":"2026-05-24 14:48:50"}
{"error":"","level":"error","message":"Telegram请求失败","method":"getUpdates","service":"nas-bot","timestamp":"2026-05-24 14:48:51"}
{"error":"","level":"error","message":"Telegram请求失败","method":"getUpdates","service":"nas-bot","timestamp":"2026-05-24 14:48:52"}
{"error":"","level":"error","message":"Telegram请求失败","method":"getUpdates","service":"nas-bot","timestamp":"2026-05-24 14:48:53"}
{"error":"","level":"error","message":"Telegram请求失败","method":"getUpdates","service":"nas-bot","timestamp":"2026-05-24 14:48:55"}
{"error":"","level":"error","message":"Telegram请求失败","method":"getUpdates","service":"nas-bot","timestamp":"2026-05-24 14:48:56"}
{"error":"","level":"error","message":"Telegram请求失败","method":"getUpdates","service":"nas-bot","timestamp":"2026-05-24 14:48:57"}
{"error":"","level":"error","message":"Telegram请求失败","method":"getUpdates","service":"nas-bot","timestamp":"2026-05-24 14:48:58"}
{"error":"","level":"error","message":"Telegram请求失败","method":"getUpdates","service":"nas-bot","timestamp":"2026-05-24 14:49:00"}
{"error":"","level":"error","message":"Telegram请求失败","method":"getUpdates","service":"nas-bot","timestamp":"2026-05-24 14:49:01"}
{"error":"","level":"error","message":"Telegram请求失败","method":"getUpdates","service":"nas-bot","timestamp":"2026-05-24 14:49:02"}
{"error":"","level":"error","message":"Telegram请求失败","method":"getUpdates","service":"nas-bot","timestamp":"2026-05-24 14:49:03"}
{"error":"","level":"error","message":"Telegram请求失败","method":"getUpdates","service":"nas-bot","timestamp":"2026-05-24 14:49:05"}
{"error":"","level":"error","message":"Telegram请求失败","method":"getUpdates","service":"nas-bot","timestamp":"2026-05-24 14:49:06"}
{"error":"","level":"error","message":"Telegram请求失败","method":"getUpdates","service":"nas-bot","timestamp":"2026-05-24 14:49:07"}
{"error":"","level":"error","message":"Telegram请求失败","method":"getUpdates","service":"nas-bot","timestamp":"2026-05-24 14:49:09"}
{"error":"","level":"error","message":"Telegram请求失败","method":"getUpdates","service":"nas-bot","timestamp":"2026-05-24 14:49:10"}
{"error":"","level":"error","message":"Telegram请求失败","method":"getUpdates","service":"nas-bot","timestamp":"2026-05-24 14:49:11"}
{"error":"","level":"error","message":"Telegram请求失败","method":"getUpdates","service":"nas-bot","timestamp":"2026-05-24 14:49:12"}
{"error":"","level":"error","message":"Telegram请求失败","method":"getUpdates","service":"nas-bot","timestamp":"2026-05-24 14:49:14"}
{"error":"","level":"error","message":"Telegram请求失败","method":"getUpdates","service":"nas-bot","timestamp":"2026-05-24 14:49:15"}
{"error":"","level":"error","message":"Telegram请求失败","method":"getUpdates","service":"nas-bot","timestamp":"2026-05-24 14:49:16"}
{"error":"","level":"error","message":"Telegram请求失败","method":"getUpdates","service":"nas-bot","timestamp":"2026-05-24 14:49:17"}
{"error":"","level":"error","message":"Telegram请求失败","method":"getUpdates","service":"nas-bot","timestamp":"2026-05-24 14:49:19"}
{"error":"","level":"error","message":"Telegram请求失败","method":"getUpdates","service":"nas-bot","timestamp":"2026-05-24 14:49:20"}
{"error":"","level":"error","message":"Telegram请求失败","method":"getUpdates","service":"nas-bot","timestamp":"2026-05-24 14:49:21"}
{"error":"","level":"error","message":"Telegram请求失败","method":"getUpdates","service":"nas-bot","timestamp":"2026-05-24 14:49:22"}
{"error":"","level":"error","message":"Telegram请求失败","method":"getUpdates","service":"nas-bot","timestamp":"2026-05-24 14:49:24"}
{"error":"","level":"error","message":"Telegram请求失败","method":"getUpdates","service":"nas-bot","timestamp":"2026-05-24 14:49:25"}
{"error":"","level":"error","message":"Telegram请求失败","method":"getUpdates","service":"nas-bot","timestamp":"2026-05-24 14:49:26"}
{"error":"","level":"error","message":"Telegram请求失败","method":"getUpdates","service":"nas-bot","timestamp":"2026-05-24 14:49:27"}
{"error":"","level":"error","message":"Telegram请求失败","method":"getUpdates","service":"nas-bot","timestamp":"2026-05-24 14:49:29"}
{"error":"","level":"error","message":"Telegram请求失败","method":"getUpdates","service":"nas-bot","timestamp":"2026-05-24 14:49:30"}
{"error":"","level":"error","message":"Telegram请求失败","method":"getUpdates","service":"nas-bot","timestamp":"2026-05-24 14:49:31"}
{"error":"","level":"error","message":"Telegram请求失败","method":"getUpdates","service":"nas-bot","timestamp":"2026-05-24 14:49:32"}
{"error":"","level":"error","message":"Telegram请求失败","method":"getUpdates","service":"nas-bot","timestamp":"2026-05-24 14:49:34"}
{"error":"","level":"error","message":"Telegram请求失败","method":"getUpdates","service":"nas-bot","timestamp":"2026-05-24 14:49:35"}
{"error":"","level":"error","message":"Telegram请求失败","method":"getUpdates","service":"nas-bot","timestamp":"2026-05-24 14:49:36"}
{"error":"","level":"error","message":"Telegram请求失败","method":"getUpdates","service":"nas-bot","timestamp":"2026-05-24 14:49:37"}
{"error":"","level":"error","message":"Telegram请求失败","method":"getUpdates","service":"nas-bot","timestamp":"2026-05-24 14:49:39"}
{"error":"","level":"error","message":"Telegram请求失败","method":"getUpdates","service":"nas-bot","timestamp":"2026-05-24 14:49:40"}
{"error":"","level":"error","message":"Telegram请求失败","method":"getUpdates","service":"nas-bot","timestamp":"2026-05-24 14:49:41"}
{"error":"","level":"error","message":"Telegram请求失败","method":"getUpdates","service":"nas-bot","timestamp":"2026-05-24 14:49:42"}
{"error":"","level":"error","message":"Telegram请求失败","method":"getUpdates","service":"nas-bot","timestamp":"2026-05-24 14:49:44"}
{"error":"","level":"error","message":"Telegram请求失败","method":"getUpdates","service":"nas-bot","timestamp":"2026-05-24 14:49:45"}
{"error":"","level":"error","message":"Telegram请求失败","method":"getUpdates","service":"nas-bot","timestamp":"2026-05-24 14:49:46"}
{"error":"","level":"error","message":"Telegram请求失败","method":"getUpdates","service":"nas-bot","timestamp":"2026-05-24 14:49:47"}
{"error":"","level":"error","message":"Telegram请求失败","method":"getUpdates","service":"nas-bot","timestamp":"2026-05-24 14:49:49"}
{"error":"","level":"error","message":"Telegram请求失败","method":"getUpdates","service":"nas-bot","timestamp":"2026-05-24 14:49:50"}
{"error":"","level":"error","message":"Telegram请求失败","method":"getUpdates","service":"nas-bot","timestamp":"2026-05-24 14:49:51"}
{"error":"","level":"error","message":"Telegram请求失败","method":"getUpdates","service":"nas-bot","timestamp":"2026-05-24 14:49:52"}
{"error":"","level":"error","message":"Telegram请求失败","method":"getUpdates","service":"nas-bot","timestamp":"2026-05-24 14:49:54"}
{"error":"","level":"error","message":"Telegram请求失败","method":"getUpdates","service":"nas-bot","timestamp":"2026-05-24 14:49:55"}
{"error":"","level":"error","message":"Telegram请求失败","method":"getUpdates","service":"nas-bot","timestamp":"2026-05-24 14:49:56"}
{"error":"","level":"error","message":"Telegram请求失败","method":"getUpdates","service":"nas-bot","timestamp":"2026-05-24 14:49:57"}
{"error":"","level":"error","message":"Telegram请求失败","method":"getUpdates","service":"nas-bot","timestamp":"2026-05-24 14:49:59"}
{"error":"","level":"error","message":"Telegram请求失败","method":"getUpdates","service":"nas-bot","timestamp":"2026-05-24 14:50:00"}
{"error":"","level":"error","message":"Telegram请求失败","method":"getUpdates","service":"nas-bot","timestamp":"2026-05-24 14:50:01"}
{"error":"","level":"error","message":"Telegram请求失败","method":"getUpdates","service":"nas-bot","timestamp":"2026-05-24 14:50:02"}
{"error":"","level":"error","message":"Telegram请求失败","method":"getUpdates","service":"nas-bot","timestamp":"2026-05-24 14:50:04"}
{"error":"","level":"error","message":"Telegram请求失败","method":"getUpdates","service":"nas-bot","timestamp":"2026-05-24 14:50:05"}
{"error":"","level":"error","message":"Telegram请求失败","method":"getUpdates","service":"nas-bot","timestamp":"2026-05-24 14:50:06"}
{"error":"","level":"error","message":"Telegram请求失败","method":"getUpdates","service":"nas-bot","timestamp":"2026-05-24 14:50:07"}
{"error":"","level":"error","message":"Telegram请求失败","method":"getUpdates","service":"nas-bot","timestamp":"2026-05-24 14:50:09"}
{"error":"","level":"error","message":"Telegram请求失败","method":"getUpdates","service":"nas-bot","timestamp":"2026-05-24 14:50:10"}
{"error":"","level":"error","message":"Telegram请求失败","method":"getUpdates","service":"nas-bot","timestamp":"2026-05-24 14:50:11"}
{"error":"","level":"error","message":"Telegram请求失败","method":"getUpdates","service":"nas-bot","timestamp":"2026-05-24 14:50:13"}
{"error":"","level":"error","message":"Telegram请求失败","method":"getUpdates","service":"nas-bot","timestamp":"2026-05-24 14:50:14"}
{"error":"","level":"error","message":"Telegram请求失败","method":"getUpdates","service":"nas-bot","timestamp":"2026-05-24 14:50:15"}
{"error":"","level":"error","message":"Telegram请求失败","method":"getUpdates","service":"nas-bot","timestamp":"2026-05-24 14:50:16"}
{"error":"","level":"error","message":"Telegram请求失败","method":"getUpdates","service":"nas-bot","timestamp":"2026-05-24 14:50:18"}
{"error":"","level":"error","message":"Telegram请求失败","method":"getUpdates","service":"nas-bot","timestamp":"2026-05-24 14:50:19"}
{"error":"","level":"error","message":"Telegram请求失败","method":"getUpdates","service":"nas-bot","timestamp":"2026-05-24 14:50:20"}
{"error":"","level":"error","message":"Telegram请求失败","method":"getUpdates","service":"nas-bot","timestamp":"2026-05-24 14:50:21"}
{"error":"","level":"error","message":"Telegram请求失败","method":"getUpdates","service":"nas-bot","timestamp":"2026-05-24 14:50:23"}
{"error":"","level":"error","message":"Telegram请求失败","method":"getUpdates","service":"nas-bot","timestamp":"2026-05-24 14:50:24"}
{"error":"","level":"error","message":"Telegram请求失败","method":"getUpdates","service":"nas-bot","timestamp":"2026-05-24 14:50:25"}
{"error":"","level":"error","message":"Telegram请求失败","method":"getUpdates","service":"nas-bot","timestamp":"2026-05-24 14:50:26"}
{"error":"","level":"error","message":"Telegram请求失败","method":"getUpdates","service":"nas-bot","timestamp":"2026-05-24 14:50:28"}
{"error":"","level":"error","message":"Telegram请求失败","method":"getUpdates","service":"nas-bot","timestamp":"2026-05-24 14:50:29"}
{"error":"","level":"error","message":"Telegram请求失败","method":"getUpdates","service":"nas-bot","timestamp":"2026-05-24 14:50:30"}
{"error":"","level":"error","message":"Telegram请求失败","method":"getUpdates","service":"nas-bot","timestamp":"2026-05-24 14:50:31"}
{"error":"","level":"error","message":"Telegram请求失败","method":"getUpdates","service":"nas-bot","timestamp":"2026-05-24 14:50:33"}
{"error":"","level":"error","message":"Telegram请求失败","method":"getUpdates","service":"nas-bot","timestamp":"2026-05-24 14:50:34"}
{"error":"","level":"error","message":"Telegram请求失败","method":"getUpdates","service":"nas-bot","timestamp":"2026-05-24 14:50:35"}
{"error":"","level":"error","message":"Telegram请求失败","method":"getUpdates","service":"nas-bot","timestamp":"2026-05-24 14:50:36"}
{"error":"","level":"error","message":"Telegram请求失败","method":"getUpdates","service":"nas-bot","timestamp":"2026-05-24 14:50:38"}
{"error":"","level":"error","message":"Telegram请求失败","method":"getUpdates","service":"nas-bot","timestamp":"2026-05-24 14:50:39"}
{"error":"","level":"error","message":"Telegram请求失败","method":"getUpdates","service":"nas-bot","timestamp":"2026-05-24 14:50:40"}
{"error":"","level":"error","message":"Telegram请求失败","method":"getUpdates","service":"nas-bot","timestamp":"2026-05-24 14:50:41"}
{"error":"","level":"error","message":"Telegram请求失败","method":"getUpdates","service":"nas-bot","timestamp":"2026-05-24 14:50:43"}
{"error":"","level":"error","message":"Telegram请求失败","method":"getUpdates","service":"nas-bot","timestamp":"2026-05-24 14:50:44"}
{"error":"","level":"error","message":"Telegram请求失败","method":"getUpdates","service":"nas-bot","timestamp":"2026-05-24 14:50:45"}
{"error":"","level":"error","message":"Telegram请求失败","method":"getUpdates","service":"nas-bot","timestamp":"2026-05-24 14:50:46"}
{"error":"","level":"error","message":"Telegram请求失败","method":"getUpdates","service":"nas-bot","timestamp":"2026-05-24 14:50:48"}
{"error":"","level":"error","message":"Telegram请求失败","method":"getUpdates","service":"nas-bot","timestamp":"2026-05-24 14:50:49"}
{"error":"","level":"error","message":"Telegram请求失败","method":"getUpdates","service":"nas-bot","timestamp":"2026-05-24 14:50:50"}
{"error":"","level":"error","message":"Telegram请求失败","method":"getUpdates","service":"nas-bot","timestamp":"2026-05-24 14:50:51"}
{"error":"","level":"error","message":"Telegram请求失败","method":"getUpdates","service":"nas-bot","timestamp":"2026-05-24 14:50:53"}
{"error":"","level":"error","message":"Telegram请求失败","method":"getUpdates","service":"nas-bot","timestamp":"2026-05-24 14:50:54"}
{"error":"","level":"error","message":"Telegram请求失败","method":"getUpdates","service":"nas-bot","timestamp":"2026-05-24 14:50:55"}
{"error":"","level":"error","message":"Telegram请求失败","method":"getUpdates","service":"nas-bot","timestamp":"2026-05-24 14:50:56"}
{"error":"","level":"error","message":"Telegram请求失败","method":"getUpdates","service":"nas-bot","timestamp":"2026-05-24 14:50:58"}
{"error":"","level":"error","message":"Telegram请求失败","method":"getUpdates","service":"nas-bot","timestamp":"2026-05-24 14:50:59"}
{"error":"","level":"error","message":"Telegram请求失败","method":"getUpdates","service":"nas-bot","timestamp":"2026-05-24 14:51:00"}
{"error":"","level":"error","message":"Telegram请求失败","method":"getUpdates","service":"nas-bot","timestamp":"2026-05-24 14:51:01"}
{"error":"","level":"error","message":"Telegram请求失败","method":"getUpdates","service":"nas-bot","timestamp":"2026-05-24 14:51:03"}
{"error":"","level":"error","message":"Telegram请求失败","method":"getUpdates","service":"nas-bot","timestamp":"2026-05-24 14:51:04"}
{"error":"","level":"error","message":"Telegram请求失败","method":"getUpdates","service":"nas-bot","timestamp":"2026-05-24 14:51:05"}
{"error":"","level":"error","message":"Telegram请求失败","method":"getUpdates","service":"nas-bot","timestamp":"2026-05-24 14:51:07"}
{"error":"","level":"error","message":"Telegram请求失败","method":"getUpdates","service":"nas-bot","timestamp":"2026-05-24 14:51:08"}
{"error":"","level":"error","message":"Telegram请求失败","method":"getUpdates","service":"nas-bot","timestamp":"2026-05-24 14:51:09"}
{"error":"","level":"error","message":"Telegram请求失败","method":"getUpdates","service":"nas-bot","timestamp":"2026-05-24 14:51:10"}
{"hour":15,"level":"info","message":"触发天气检测","service":"nas-bot","timestamp":"2026-05-24 15:00:52"}
{"desc":"多云","level":"info","message":"天气基准快照已记录","service":"nas-bot","temp":19,"timestamp":"2026-05-24 15:00:52"}
{"level":"info","message":"触发收盘简报","service":"nas-bot","timestamp":"2026-05-24 15:35:53"}
{"count":5,"level":"info","message":"收盘简报生成成功","service":"nas-bot","timestamp":"2026-05-24 15:35:53"}
{"level":"warn","message":"Telegram请求失败，重试中","method":"sendMessage","remaining":2,"service":"nas-bot","timestamp":"2026-05-24 15:35:53"}
{"level":"warn","message":"Telegram请求失败，重试中","method":"sendMessage","remaining":1,"service":"nas-bot","timestamp":"2026-05-24 15:35:54"}
{"error":"","level":"error","message":"Telegram请求失败","method":"sendMessage","service":"nas-bot","timestamp":"2026-05-24 15:35:55"}
{"chatId":"6423823321","level":"warn","message":"消息发送失败","service":"nas-bot","timestamp":"2026-05-24 15:35:55"}
{"elapsed":45311,"level":"info","message":"Ollama响应完成","model":"qwen2.5:1.5b","service":"nas-bot","timestamp":"2026-05-24 15:36:41"}
{"level":"warn","message":"Telegram请求失败，重试中","method":"sendMessage","remaining":2,"service":"nas-bot","timestamp":"2026-05-24 15:36:41"}
{"level":"warn","message":"Telegram请求失败，重试中","method":"sendMessage","remaining":1,"service":"nas-bot","timestamp":"2026-05-24 15:36:42"}
{"error":"","level":"error","message":"Telegram请求失败","method":"sendMessage","service":"nas-bot","timestamp":"2026-05-24 15:36:44"}
{"chatId":"6423823321","level":"warn","message":"消息发送失败","service":"nas-bot","timestamp":"2026-05-24 15:36:44"}
{"error":"","level":"error","message":"Telegram请求失败","method":"getUpdates","service":"nas-bot","timestamp":"2026-05-24 15:52:10"}
{"error":"","level":"error","message":"Telegram请求失败","method":"getUpdates","service":"nas-bot","timestamp":"2026-05-24 15:52:11"}
{"error":"","level":"error","message":"Telegram请求失败","method":"getUpdates","service":"nas-bot","timestamp":"2026-05-24 15:52:12"}
{"error":"","level":"error","message":"Telegram请求失败","method":"getUpdates","service":"nas-bot","timestamp":"2026-05-24 15:52:13"}
{"error":"","level":"error","message":"Telegram请求失败","method":"getUpdates","service":"nas-bot","timestamp":"2026-05-24 15:52:15"}
{"error":"","level":"error","message":"Telegram请求失败","method":"getUpdates","service":"nas-bot","timestamp":"2026-05-24 15:52:16"}
{"hour":16,"level":"info","message":"触发天气检测","service":"nas-bot","timestamp":"2026-05-24 16:00:53"}
{"hour":17,"level":"info","message":"触发天气检测","service":"nas-bot","timestamp":"2026-05-24 17:00:53"}
{"error":"","level":"error","message":"Telegram请求失败","method":"getUpdates","service":"nas-bot","timestamp":"2026-05-24 17:54:11"}
{"hour":18,"level":"info","message":"触发天气检测","service":"nas-bot","timestamp":"2026-05-24 18:00:54"}
{"hour":19,"level":"info","message":"触发天气检测","service":"nas-bot","timestamp":"2026-05-24 19:00:54"}
{"error":"read ETIMEDOUT","level":"error","message":"Telegram请求失败","method":"getUpdates","service":"nas-bot","timestamp":"2026-05-24 20:00:13"}
{"error":"getaddrinfo EAI_AGAIN api.telegram.org","level":"error","message":"Telegram请求失败","method":"getUpdates","service":"nas-bot","timestamp":"2026-05-24 20:00:19"}
{"level":"warn","message":"Telegram请求超时","method":"getUpdates","service":"nas-bot","timestamp":"2026-05-24 20:00:25"}
{"error":"socket hang up","level":"error","message":"Telegram请求失败","method":"getUpdates","service":"nas-bot","timestamp":"2026-05-24 20:00:25"}
{"level":"warn","message":"Telegram请求超时","method":"getUpdates","service":"nas-bot","timestamp":"2026-05-24 20:00:31"}
{"error":"socket hang up","level":"error","message":"Telegram请求失败","method":"getUpdates","service":"nas-bot","timestamp":"2026-05-24 20:00:31"}
{"error":"getaddrinfo EAI_AGAIN api.telegram.org","level":"error","message":"Telegram请求失败","method":"getUpdates","service":"nas-bot","timestamp":"2026-05-24 20:00:37"}
{"error":"getaddrinfo EAI_AGAIN api.telegram.org","level":"error","message":"Telegram请求失败","method":"getUpdates","service":"nas-bot","timestamp":"2026-05-24 20:00:43"}
{"level":"warn","message":"Telegram请求超时","method":"getUpdates","service":"nas-bot","timestamp":"2026-05-24 20:00:49"}
{"error":"socket hang up","level":"error","message":"Telegram请求失败","method":"getUpdates","service":"nas-bot","timestamp":"2026-05-24 20:00:49"}
{"hour":20,"level":"info","message":"触发天气检测","service":"nas-bot","timestamp":"2026-05-24 20:00:54"}
{"level":"warn","message":"Telegram请求超时","method":"getUpdates","service":"nas-bot","timestamp":"2026-05-24 20:00:55"}
{"error":"socket hang up","level":"error","message":"Telegram请求失败","method":"getUpdates","service":"nas-bot","timestamp":"2026-05-24 20:00:55"}
{"level":"warn","message":"Telegram请求超时","method":"getUpdates","service":"nas-bot","timestamp":"2026-05-24 20:01:01"}
{"error":"socket hang up","level":"error","message":"Telegram请求失败","method":"getUpdates","service":"nas-bot","timestamp":"2026-05-24 20:01:01"}
{"level":"warn","message":"Telegram请求超时","method":"getUpdates","service":"nas-bot","timestamp":"2026-05-24 20:01:07"}
{"error":"socket hang up","level":"error","message":"Telegram请求失败","method":"getUpdates","service":"nas-bot","timestamp":"2026-05-24 20:01:07"}
{"level":"warn","message":"Telegram请求超时","method":"getUpdates","service":"nas-bot","timestamp":"2026-05-24 20:01:13"}
{"error":"socket hang up","level":"error","message":"Telegram请求失败","method":"getUpdates","service":"nas-bot","timestamp":"2026-05-24 20:01:13"}
{"error":"getaddrinfo EAI_AGAIN api.telegram.org","level":"error","message":"Telegram请求失败","method":"getUpdates","service":"nas-bot","timestamp":"2026-05-24 20:01:19"}
{"error":"getaddrinfo EAI_AGAIN api.telegram.org","level":"error","message":"Telegram请求失败","method":"getUpdates","service":"nas-bot","timestamp":"2026-05-24 20:01:25"}
{"error":"getaddrinfo EAI_AGAIN api.telegram.org","level":"error","message":"Telegram请求失败","method":"getUpdates","service":"nas-bot","timestamp":"2026-05-24 20:01:31"}
{"level":"warn","message":"Telegram请求超时","method":"getUpdates","service":"nas-bot","timestamp":"2026-05-24 20:01:37"}
{"error":"socket hang up","level":"error","message":"Telegram请求失败","method":"getUpdates","service":"nas-bot","timestamp":"2026-05-24 20:01:37"}
{"level":"warn","message":"Telegram请求超时","method":"getUpdates","service":"nas-bot","timestamp":"2026-05-24 20:01:43"}
{"error":"socket hang up","level":"error","message":"Telegram请求失败","method":"getUpdates","service":"nas-bot","timestamp":"2026-05-24 20:01:43"}
{"error":"getaddrinfo EAI_AGAIN api.telegram.org","level":"error","message":"Telegram请求失败","method":"getUpdates","service":"nas-bot","timestamp":"2026-05-24 20:01:49"}
{"level":"warn","message":"Telegram请求超时","method":"getUpdates","service":"nas-bot","timestamp":"2026-05-24 20:01:55"}
{"error":"socket hang up","level":"error","message":"Telegram请求失败","method":"getUpdates","service":"nas-bot","timestamp":"2026-05-24 20:01:55"}
{"error":"getaddrinfo EAI_AGAIN api.telegram.org","level":"error","message":"Telegram请求失败","method":"getUpdates","service":"nas-bot","timestamp":"2026-05-24 20:02:01"}
{"level":"warn","message":"Telegram请求超时","method":"getUpdates","service":"nas-bot","timestamp":"2026-05-24 20:02:07"}
{"error":"socket hang up","level":"error","message":"Telegram请求失败","method":"getUpdates","service":"nas-bot","timestamp":"2026-05-24 20:02:07"}
{"error":"getaddrinfo EAI_AGAIN api.telegram.org","level":"error","message":"Telegram请求失败","method":"getUpdates","service":"nas-bot","timestamp":"2026-05-24 20:02:13"}
{"level":"warn","message":"Telegram请求超时","method":"getUpdates","service":"nas-bot","timestamp":"2026-05-24 20:02:19"}
{"error":"socket hang up","level":"error","message":"Telegram请求失败","method":"getUpdates","service":"nas-bot","timestamp":"2026-05-24 20:02:19"}
{"level":"warn","message":"Telegram请求超时","method":"getUpdates","service":"nas-bot","timestamp":"2026-05-24 20:02:25"}
{"error":"socket hang up","level":"error","message":"Telegram请求失败","method":"getUpdates","service":"nas-bot","timestamp":"2026-05-24 20:02:25"}
{"level":"warn","message":"Telegram请求超时","method":"getUpdates","service":"nas-bot","timestamp":"2026-05-24 20:02:31"}
{"error":"socket hang up","level":"error","message":"Telegram请求失败","method":"getUpdates","service":"nas-bot","timestamp":"2026-05-24 20:02:31"}
{"level":"warn","message":"Telegram请求超时","method":"getUpdates","service":"nas-bot","timestamp":"2026-05-24 20:02:37"}
{"error":"socket hang up","level":"error","message":"Telegram请求失败","method":"getUpdates","service":"nas-bot","timestamp":"2026-05-24 20:02:37"}
{"level":"warn","message":"Telegram请求超时","method":"getUpdates","service":"nas-bot","timestamp":"2026-05-24 20:02:43"}
{"error":"socket hang up","level":"error","message":"Telegram请求失败","method":"getUpdates","service":"nas-bot","timestamp":"2026-05-24 20:02:43"}
{"error":"getaddrinfo EAI_AGAIN api.telegram.org","level":"error","message":"Telegram请求失败","method":"getUpdates","service":"nas-bot","timestamp":"2026-05-24 20:02:49"}
{"level":"warn","message":"Telegram请求超时","method":"getUpdates","service":"nas-bot","timestamp":"2026-05-24 20:02:55"}
{"error":"socket hang up","level":"error","message":"Telegram请求失败","method":"getUpdates","service":"nas-bot","timestamp":"2026-05-24 20:02:55"}
{"level":"warn","message":"Telegram请求超时","method":"getUpdates","service":"nas-bot","timestamp":"2026-05-24 20:03:01"}
{"error":"socket hang up","level":"error","message":"Telegram请求失败","method":"getUpdates","service":"nas-bot","timestamp":"2026-05-24 20:03:01"}
{"error":"getaddrinfo EAI_AGAIN api.telegram.org","level":"error","message":"Telegram请求失败","method":"getUpdates","service":"nas-bot","timestamp":"2026-05-24 20:03:07"}
{"level":"warn","message":"Telegram请求超时","method":"getUpdates","service":"nas-bot","timestamp":"2026-05-24 20:03:13"}
{"error":"socket hang up","level":"error","message":"Telegram请求失败","method":"getUpdates","service":"nas-bot","timestamp":"2026-05-24 20:03:13"}
{"level":"warn","message":"Telegram请求超时","method":"getUpdates","service":"nas-bot","timestamp":"2026-05-24 20:03:19"}
{"error":"socket hang up","level":"error","message":"Telegram请求失败","method":"getUpdates","service":"nas-bot","timestamp":"2026-05-24 20:03:19"}
{"level":"warn","message":"Telegram请求超时","method":"getUpdates","service":"nas-bot","timestamp":"2026-05-24 20:03:25"}
{"error":"socket hang up","level":"error","message":"Telegram请求失败","method":"getUpdates","service":"nas-bot","timestamp":"2026-05-24 20:03:25"}
{"level":"warn","message":"Telegram请求超时","method":"getUpdates","service":"nas-bot","timestamp":"2026-05-24 20:03:31"}
{"error":"socket hang up","level":"error","message":"Telegram请求失败","method":"getUpdates","service":"nas-bot","timestamp":"2026-05-24 20:03:31"}
{"level":"warn","message":"Telegram请求超时","method":"getUpdates","service":"nas-bot","timestamp":"2026-05-24 20:03:37"}
{"error":"socket hang up","level":"error","message":"Telegram请求失败","method":"getUpdates","service":"nas-bot","timestamp":"2026-05-24 20:03:37"}
{"level":"warn","message":"Telegram请求超时","method":"getUpdates","service":"nas-bot","timestamp":"2026-05-24 20:03:43"}
{"error":"socket hang up","level":"error","message":"Telegram请求失败","method":"getUpdates","service":"nas-bot","timestamp":"2026-05-24 20:03:43"}
{"error":"getaddrinfo EAI_AGAIN api.telegram.org","level":"error","message":"Telegram请求失败","method":"getUpdates","service":"nas-bot","timestamp":"2026-05-24 20:03:49"}
{"level":"warn","message":"Telegram请求超时","method":"getUpdates","service":"nas-bot","timestamp":"2026-05-24 20:03:55"}
{"error":"socket hang up","level":"error","message":"Telegram请求失败","method":"getUpdates","service":"nas-bot","timestamp":"2026-05-24 20:03:55"}
{"error":"getaddrinfo EAI_AGAIN api.telegram.org","level":"error","message":"Telegram请求失败","method":"getUpdates","service":"nas-bot","timestamp":"2026-05-24 20:04:01"}
{"level":"warn","message":"Telegram请求超时","method":"getUpdates","service":"nas-bot","timestamp":"2026-05-24 20:04:07"}
{"error":"socket hang up","level":"error","message":"Telegram请求失败","method":"getUpdates","service":"nas-bot","timestamp":"2026-05-24 20:04:07"}
{"error":"getaddrinfo EAI_AGAIN api.telegram.org","level":"error","message":"Telegram请求失败","method":"getUpdates","service":"nas-bot","timestamp":"2026-05-24 20:04:13"}
{"error":"getaddrinfo EAI_AGAIN api.telegram.org","level":"error","message":"Telegram请求失败","method":"getUpdates","service":"nas-bot","timestamp":"2026-05-24 20:04:19"}
{"level":"warn","message":"Telegram请求超时","method":"getUpdates","service":"nas-bot","timestamp":"2026-05-24 20:04:25"}
{"error":"socket hang up","level":"error","message":"Telegram请求失败","method":"getUpdates","service":"nas-bot","timestamp":"2026-05-24 20:04:25"}
{"error":"getaddrinfo EAI_AGAIN api.telegram.org","level":"error","message":"Telegram请求失败","method":"getUpdates","service":"nas-bot","timestamp":"2026-05-24 20:04:31"}
{"error":"getaddrinfo EAI_AGAIN api.telegram.org","level":"error","message":"Telegram请求失败","method":"getUpdates","service":"nas-bot","timestamp":"2026-05-24 20:04:37"}
{"error":"getaddrinfo EAI_AGAIN api.telegram.org","level":"error","message":"Telegram请求失败","method":"getUpdates","service":"nas-bot","timestamp":"2026-05-24 20:04:43"}
{"level":"warn","message":"Telegram请求超时","method":"getUpdates","service":"nas-bot","timestamp":"2026-05-24 20:04:49"}
{"error":"socket hang up","level":"error","message":"Telegram请求失败","method":"getUpdates","service":"nas-bot","timestamp":"2026-05-24 20:04:49"}
{"level":"warn","message":"Telegram请求超时","method":"getUpdates","service":"nas-bot","timestamp":"2026-05-24 20:04:55"}
{"error":"socket hang up","level":"error","message":"Telegram请求失败","method":"getUpdates","service":"nas-bot","timestamp":"2026-05-24 20:04:55"}
{"level":"warn","message":"Telegram请求超时","method":"getUpdates","service":"nas-bot","timestamp":"2026-05-24 20:05:01"}
{"error":"socket hang up","level":"error","message":"Telegram请求失败","method":"getUpdates","service":"nas-bot","timestamp":"2026-05-24 20:05:01"}
{"level":"warn","message":"Telegram请求超时","method":"getUpdates","service":"nas-bot","timestamp":"2026-05-24 20:05:07"}
{"error":"socket hang up","level":"error","message":"Telegram请求失败","method":"getUpdates","service":"nas-bot","timestamp":"2026-05-24 20:05:07"}
{"level":"warn","message":"Telegram请求超时","method":"getUpdates","service":"nas-bot","timestamp":"2026-05-24 20:05:13"}
{"error":"socket hang up","level":"error","message":"Telegram请求失败","method":"getUpdates","service":"nas-bot","timestamp":"2026-05-24 20:05:13"}
{"level":"warn","message":"Telegram请求超时","method":"getUpdates","service":"nas-bot","timestamp":"2026-05-24 20:05:19"}
{"error":"socket hang up","level":"error","message":"Telegram请求失败","method":"getUpdates","service":"nas-bot","timestamp":"2026-05-24 20:05:19"}
{"error":"getaddrinfo EAI_AGAIN api.telegram.org","level":"error","message":"Telegram请求失败","method":"getUpdates","service":"nas-bot","timestamp":"2026-05-24 20:05:25"}
{"level":"warn","message":"Telegram请求超时","method":"getUpdates","service":"nas-bot","timestamp":"2026-05-24 20:05:31"}
{"error":"socket hang up","level":"error","message":"Telegram请求失败","method":"getUpdates","service":"nas-bot","timestamp":"2026-05-24 20:05:31"}
{"error":"getaddrinfo EAI_AGAIN api.telegram.org","level":"error","message":"Telegram请求失败","method":"getUpdates","service":"nas-bot","timestamp":"2026-05-24 20:05:37"}
{"error":"getaddrinfo EAI_AGAIN api.telegram.org","level":"error","message":"Telegram请求失败","method":"getUpdates","service":"nas-bot","timestamp":"2026-05-24 20:05:43"}
{"level":"warn","message":"Telegram请求超时","method":"getUpdates","service":"nas-bot","timestamp":"2026-05-24 20:05:49"}
{"error":"socket hang up","level":"error","message":"Telegram请求失败","method":"getUpdates","service":"nas-bot","timestamp":"2026-05-24 20:05:49"}
{"level":"warn","message":"Telegram请求超时","method":"getUpdates","service":"nas-bot","timestamp":"2026-05-24 20:05:55"}
{"error":"socket hang up","level":"error","message":"Telegram请求失败","method":"getUpdates","service":"nas-bot","timestamp":"2026-05-24 20:05:55"}
{"level":"warn","message":"Telegram请求超时","method":"getUpdates","service":"nas-bot","timestamp":"2026-05-24 20:06:01"}
{"error":"socket hang up","level":"error","message":"Telegram请求失败","method":"getUpdates","service":"nas-bot","timestamp":"2026-05-24 20:06:01"}
{"level":"warn","message":"Telegram请求超时","method":"getUpdates","service":"nas-bot","timestamp":"2026-05-24 20:06:07"}
{"error":"socket hang up","level":"error","message":"Telegram请求失败","method":"getUpdates","service":"nas-bot","timestamp":"2026-05-24 20:06:07"}
{"level":"warn","message":"Telegram请求超时","method":"getUpdates","service":"nas-bot","timestamp":"2026-05-24 20:06:13"}
{"error":"socket hang up","level":"error","message":"Telegram请求失败","method":"getUpdates","service":"nas-bot","timestamp":"2026-05-24 20:06:13"}
{"level":"warn","message":"Telegram请求超时","method":"getUpdates","service":"nas-bot","timestamp":"2026-05-24 20:06:19"}
{"error":"socket hang up","level":"error","message":"Telegram请求失败","method":"getUpdates","service":"nas-bot","timestamp":"2026-05-24 20:06:19"}
{"error":"getaddrinfo EAI_AGAIN api.telegram.org","level":"error","message":"Telegram请求失败","method":"getUpdates","service":"nas-bot","timestamp":"2026-05-24 20:06:25"}
{"level":"warn","message":"Telegram请求超时","method":"getUpdates","service":"nas-bot","timestamp":"2026-05-24 20:06:31"}
{"error":"socket hang up","level":"error","message":"Telegram请求失败","method":"getUpdates","service":"nas-bot","timestamp":"2026-05-24 20:06:31"}
{"level":"warn","message":"Telegram请求超时","method":"getUpdates","service":"nas-bot","timestamp":"2026-05-24 20:06:37"}
{"error":"socket hang up","level":"error","message":"Telegram请求失败","method":"getUpdates","service":"nas-bot","timestamp":"2026-05-24 20:06:37"}
{"level":"warn","message":"Telegram请求超时","method":"getUpdates","service":"nas-bot","timestamp":"2026-05-24 20:06:43"}
{"error":"socket hang up","level":"error","message":"Telegram请求失败","method":"getUpdates","service":"nas-bot","timestamp":"2026-05-24 20:06:43"}
{"error":"getaddrinfo EAI_AGAIN api.telegram.org","level":"error","message":"Telegram请求失败","method":"getUpdates","service":"nas-bot","timestamp":"2026-05-24 20:06:49"}
{"level":"warn","message":"Telegram请求超时","method":"getUpdates","service":"nas-bot","timestamp":"2026-05-24 20:06:55"}
{"error":"socket hang up","level":"error","message":"Telegram请求失败","method":"getUpdates","service":"nas-bot","timestamp":"2026-05-24 20:06:55"}
{"level":"warn","message":"Telegram请求超时","method":"getUpdates","service":"nas-bot","timestamp":"2026-05-24 20:07:01"}
{"error":"socket hang up","level":"error","message":"Telegram请求失败","method":"getUpdates","service":"nas-bot","timestamp":"2026-05-24 20:07:01"}
{"level":"warn","message":"Telegram请求超时","method":"getUpdates","service":"nas-bot","timestamp":"2026-05-24 20:07:07"}
{"error":"socket hang up","level":"error","message":"Telegram请求失败","method":"getUpdates","service":"nas-bot","timestamp":"2026-05-24 20:07:07"}
{"level":"warn","message":"Telegram请求超时","method":"getUpdates","service":"nas-bot","timestamp":"2026-05-24 20:07:13"}
{"error":"socket hang up","level":"error","message":"Telegram请求失败","method":"getUpdates","service":"nas-bot","timestamp":"2026-05-24 20:07:13"}
{"level":"warn","message":"Telegram请求超时","method":"getUpdates","service":"nas-bot","timestamp":"2026-05-24 20:07:19"}
{"error":"socket hang up","level":"error","message":"Telegram请求失败","method":"getUpdates","service":"nas-bot","timestamp":"2026-05-24 20:07:19"}
{"level":"warn","message":"Telegram请求超时","method":"getUpdates","service":"nas-bot","timestamp":"2026-05-24 20:07:25"}
{"error":"socket hang up","level":"error","message":"Telegram请求失败","method":"getUpdates","service":"nas-bot","timestamp":"2026-05-24 20:07:25"}
{"level":"warn","message":"Telegram请求超时","method":"getUpdates","service":"nas-bot","timestamp":"2026-05-24 20:07:31"}
{"error":"socket hang up","level":"error","message":"Telegram请求失败","method":"getUpdates","service":"nas-bot","timestamp":"2026-05-24 20:07:31"}
{"error":"getaddrinfo EAI_AGAIN api.telegram.org","level":"error","message":"Telegram请求失败","method":"getUpdates","service":"nas-bot","timestamp":"2026-05-24 20:07:37"}
{"level":"warn","message":"Telegram请求超时","method":"getUpdates","service":"nas-bot","timestamp":"2026-05-24 20:07:43"}
{"error":"socket hang up","level":"error","message":"Telegram请求失败","method":"getUpdates","service":"nas-bot","timestamp":"2026-05-24 20:07:43"}
{"error":"getaddrinfo EAI_AGAIN api.telegram.org","level":"error","message":"Telegram请求失败","method":"getUpdates","service":"nas-bot","timestamp":"2026-05-24 20:07:49"}
{"level":"warn","message":"Telegram请求超时","method":"getUpdates","service":"nas-bot","timestamp":"2026-05-24 20:07:55"}
{"error":"socket hang up","level":"error","message":"Telegram请求失败","method":"getUpdates","service":"nas-bot","timestamp":"2026-05-24 20:07:55"}
{"level":"warn","message":"Telegram请求超时","method":"getUpdates","service":"nas-bot","timestamp":"2026-05-24 20:08:01"}
{"error":"socket hang up","level":"error","message":"Telegram请求失败","method":"getUpdates","service":"nas-bot","timestamp":"2026-05-24 20:08:01"}
{"error":"getaddrinfo EAI_AGAIN api.telegram.org","level":"error","message":"Telegram请求失败","method":"getUpdates","service":"nas-bot","timestamp":"2026-05-24 20:08:07"}
{"level":"warn","message":"Telegram请求超时","method":"getUpdates","service":"nas-bot","timestamp":"2026-05-24 20:08:13"}
{"error":"socket hang up","level":"error","message":"Telegram请求失败","method":"getUpdates","service":"nas-bot","timestamp":"2026-05-24 20:08:13"}
{"level":"warn","message":"Telegram请求超时","method":"getUpdates","service":"nas-bot","timestamp":"2026-05-24 20:08:19"}
{"error":"socket hang up","level":"error","message":"Telegram请求失败","method":"getUpdates","service":"nas-bot","timestamp":"2026-05-24 20:08:19"}
{"level":"warn","message":"Telegram请求超时","method":"getUpdates","service":"nas-bot","timestamp":"2026-05-24 20:08:25"}
{"error":"socket hang up","level":"error","message":"Telegram请求失败","method":"getUpdates","service":"nas-bot","timestamp":"2026-05-24 20:08:25"}
{"level":"warn","message":"Telegram请求超时","method":"getUpdates","service":"nas-bot","timestamp":"2026-05-24 20:08:31"}
{"error":"socket hang up","level":"error","message":"Telegram请求失败","method":"getUpdates","service":"nas-bot","timestamp":"2026-05-24 20:08:31"}
{"error":"","level":"error","message":"Telegram请求失败","method":"getUpdates","service":"nas-bot","timestamp":"2026-05-24 20:08:32"}
{"error":"","level":"error","message":"Telegram请求失败","method":"getUpdates","service":"nas-bot","timestamp":"2026-05-24 20:08:34"}
{"error":"","level":"error","message":"Telegram请求失败","method":"getUpdates","service":"nas-bot","timestamp":"2026-05-24 20:08:35"}
{"error":"","level":"error","message":"Telegram请求失败","method":"getUpdates","service":"nas-bot","timestamp":"2026-05-24 20:08:36"}
{"error":"","level":"error","message":"Telegram请求失败","method":"getUpdates","service":"nas-bot","timestamp":"2026-05-24 21:09:34"}
{"error":"","level":"error","message":"Telegram请求失败","method":"getUpdates","service":"nas-bot","timestamp":"2026-05-24 21:09:36"}
{"error":"","level":"error","message":"Telegram请求失败","method":"getUpdates","service":"nas-bot","timestamp":"2026-05-24 23:11:31"}
{"error":"","level":"error","message":"Telegram请求失败","method":"getUpdates","service":"nas-bot","timestamp":"2026-05-24 23:11:32"}
{"args":"状态","command":"股票","level":"info","message":"收到指令","service":"nas-bot","timestamp":"2026-05-25 00:18:12","userId":"6423823321"}
{"command":"股票","elapsed":1214,"level":"info","message":"指令处理完成","service":"nas-bot","timestamp":"2026-05-25 00:18:13"}
{"args":"链接","command":"股票","level":"info","message":"收到指令","service":"nas-bot","timestamp":"2026-05-25 00:18:15","userId":"6423823321"}
{"command":"股票","elapsed":487,"level":"info","message":"指令处理完成","service":"nas-bot","timestamp":"2026-05-25 00:18:15"}
{"error":"","level":"error","message":"Telegram请求失败","method":"getUpdates","service":"nas-bot","timestamp":"2026-05-25 01:13:30"}
{"error":"","level":"error","message":"Telegram请求失败","method":"getUpdates","service":"nas-bot","timestamp":"2026-05-25 01:13:31"}
{"error":"","level":"error","message":"Telegram请求失败","method":"getUpdates","service":"nas-bot","timestamp":"2026-05-25 02:14:32"}
{"error":"","level":"error","message":"Telegram请求失败","method":"getUpdates","service":"nas-bot","timestamp":"2026-05-25 02:14:33"}
{"error":"","level":"error","message":"Telegram请求失败","method":"getUpdates","service":"nas-bot","timestamp":"2026-05-25 02:14:34"}
{"error":"","level":"error","message":"Telegram请求失败","method":"getUpdates","service":"nas-bot","timestamp":"2026-05-25 02:14:36"}
{"error":"","level":"error","message":"Telegram请求失败","method":"getUpdates","service":"nas-bot","timestamp":"2026-05-25 02:14:37"}
{"error":"","level":"error","message":"Telegram请求失败","method":"getUpdates","service":"nas-bot","timestamp":"2026-05-25 02:14:38"}
{"error":"","level":"error","message":"Telegram请求失败","method":"getUpdates","service":"nas-bot","timestamp":"2026-05-25 02:14:40"}
{"error":"","level":"error","message":"Telegram请求失败","method":"getUpdates","service":"nas-bot","timestamp":"2026-05-25 02:14:41"}
{"error":"","level":"error","message":"Telegram请求失败","method":"getUpdates","service":"nas-bot","timestamp":"2026-05-25 02:14:42"}
{"error":"","level":"error","message":"Telegram请求失败","method":"getUpdates","service":"nas-bot","timestamp":"2026-05-25 02:14:43"}
{"error":"","level":"error","message":"Telegram请求失败","method":"getUpdates","service":"nas-bot","timestamp":"2026-05-25 02:14:45"}
{"error":"","level":"error","message":"Telegram请求失败","method":"getUpdates","service":"nas-bot","timestamp":"2026-05-25 02:14:46"}
{"error":"","level":"error","message":"Telegram请求失败","method":"getUpdates","service":"nas-bot","timestamp":"2026-05-25 02:14:47"}
{"error":"","level":"error","message":"Telegram请求失败","method":"getUpdates","service":"nas-bot","timestamp":"2026-05-25 02:14:48"}
{"error":"","level":"error","message":"Telegram请求失败","method":"getUpdates","service":"nas-bot","timestamp":"2026-05-25 02:14:50"}
{"error":"","level":"error","message":"Telegram请求失败","method":"getUpdates","service":"nas-bot","timestamp":"2026-05-25 02:14:51"}
{"error":"","level":"error","message":"Telegram请求失败","method":"getUpdates","service":"nas-bot","timestamp":"2026-05-25 02:14:52"}
{"error":"","level":"error","message":"Telegram请求失败","method":"getUpdates","service":"nas-bot","timestamp":"2026-05-25 02:14:53"}
{"error":"","level":"error","message":"Telegram请求失败","method":"getUpdates","service":"nas-bot","timestamp":"2026-05-25 02:14:55"}
{"error":"","level":"error","message":"Telegram请求失败","method":"getUpdates","service":"nas-bot","timestamp":"2026-05-25 02:14:56"}
{"error":"","level":"error","message":"Telegram请求失败","method":"getUpdates","service":"nas-bot","timestamp":"2026-05-25 02:14:57"}
{"error":"","level":"error","message":"Telegram请求失败","method":"getUpdates","service":"nas-bot","timestamp":"2026-05-25 02:14:58"}
{"error":"","level":"error","message":"Telegram请求失败","method":"getUpdates","service":"nas-bot","timestamp":"2026-05-25 02:15:00"}
{"error":"","level":"error","message":"Telegram请求失败","method":"getUpdates","service":"nas-bot","timestamp":"2026-05-25 02:15:01"}
{"error":"","level":"error","message":"Telegram请求失败","method":"getUpdates","service":"nas-bot","timestamp":"2026-05-25 02:15:02"}
{"error":"","level":"error","message":"Telegram请求失败","method":"getUpdates","service":"nas-bot","timestamp":"2026-05-25 02:15:03"}
{"error":"","level":"error","message":"Telegram请求失败","method":"getUpdates","service":"nas-bot","timestamp":"2026-05-25 02:15:05"}
{"error":"","level":"error","message":"Telegram请求失败","method":"getUpdates","service":"nas-bot","timestamp":"2026-05-25 02:15:06"}
{"error":"","level":"error","message":"Telegram请求失败","method":"getUpdates","service":"nas-bot","timestamp":"2026-05-25 02:15:07"}
{"error":"","level":"error","message":"Telegram请求失败","method":"getUpdates","service":"nas-bot","timestamp":"2026-05-25 02:15:08"}
{"error":"","level":"error","message":"Telegram请求失败","method":"getUpdates","service":"nas-bot","timestamp":"2026-05-25 02:15:10"}
{"error":"","level":"error","message":"Telegram请求失败","method":"getUpdates","service":"nas-bot","timestamp":"2026-05-25 05:18:07"}
{"error":"","level":"error","message":"Telegram请求失败","method":"getUpdates","service":"nas-bot","timestamp":"2026-05-25 05:18:09"}
{"error":"","level":"error","message":"Telegram请求失败","method":"getUpdates","service":"nas-bot","timestamp":"2026-05-25 05:18:10"}
{"error":"","level":"error","message":"Telegram请求失败","method":"getUpdates","service":"nas-bot","timestamp":"2026-05-25 06:19:08"}
{"error":"","level":"error","message":"Telegram请求失败","method":"getUpdates","service":"nas-bot","timestamp":"2026-05-25 06:19:09"}
{"error":"","level":"error","message":"Telegram请求失败","method":"getUpdates","service":"nas-bot","timestamp":"2026-05-25 07:20:08"}
{"error":"","level":"error","message":"Telegram请求失败","method":"getUpdates","service":"nas-bot","timestamp":"2026-05-25 07:20:09"}
{"error":"","level":"error","message":"Telegram请求失败","method":"getUpdates","service":"nas-bot","timestamp":"2026-05-25 07:20:10"}
{"error":"","level":"error","message":"Telegram请求失败","method":"getUpdates","service":"nas-bot","timestamp":"2026-05-25 07:20:12"}
{"error":"","level":"error","message":"Telegram请求失败","method":"getUpdates","service":"nas-bot","timestamp":"2026-05-25 07:20:13"}
{"error":"","level":"error","message":"Telegram请求失败","method":"getUpdates","service":"nas-bot","timestamp":"2026-05-25 07:20:14"}
{"error":"","level":"error","message":"Telegram请求失败","method":"getUpdates","service":"nas-bot","timestamp":"2026-05-25 07:20:15"}
{"error":"","level":"error","message":"Telegram请求失败","method":"getUpdates","service":"nas-bot","timestamp":"2026-05-25 07:20:17"}
{"error":"","level":"error","message":"Telegram请求失败","method":"getUpdates","service":"nas-bot","timestamp":"2026-05-25 07:20:18"}
{"error":"","level":"error","message":"Telegram请求失败","method":"getUpdates","service":"nas-bot","timestamp":"2026-05-25 07:20:19"}
{"error":"","level":"error","message":"Telegram请求失败","method":"getUpdates","service":"nas-bot","timestamp":"2026-05-25 07:20:20"}
{"error":"","level":"error","message":"Telegram请求失败","method":"getUpdates","service":"nas-bot","timestamp":"2026-05-25 07:20:22"}
{"error":"","level":"error","message":"Telegram请求失败","method":"getUpdates","service":"nas-bot","timestamp":"2026-05-25 07:20:23"}
{"error":"","level":"error","message":"Telegram请求失败","method":"getUpdates","service":"nas-bot","timestamp":"2026-05-25 08:21:22"}
{"error":"","level":"error","message":"Telegram请求失败","method":"getUpdates","service":"nas-bot","timestamp":"2026-05-25 09:22:21"}
{"error":"","level":"error","message":"Telegram请求失败","method":"getUpdates","service":"nas-bot","timestamp":"2026-05-25 09:22:23"}
{"error":"","level":"error","message":"Telegram请求失败","method":"getUpdates","service":"nas-bot","timestamp":"2026-05-25 10:23:24"}
{"error":"","level":"error","message":"Telegram请求失败","method":"getUpdates","service":"nas-bot","timestamp":"2026-05-25 10:23:25"}
{"error":"","level":"error","message":"Telegram请求失败","method":"getUpdates","service":"nas-bot","timestamp":"2026-05-25 10:23:27"}
{"error":"","level":"error","message":"Telegram请求失败","method":"getUpdates","service":"nas-bot","timestamp":"2026-05-25 10:23:28"}
{"error":"","level":"error","message":"Telegram请求失败","method":"getUpdates","service":"nas-bot","timestamp":"2026-05-25 10:23:29"}
{"error":"","level":"error","message":"Telegram请求失败","method":"getUpdates","service":"nas-bot","timestamp":"2026-05-25 10:23:30"}
{"error":"","level":"error","message":"Telegram请求失败","method":"getUpdates","service":"nas-bot","timestamp":"2026-05-25 10:23:32"}
{"error":"","level":"error","message":"Telegram请求失败","method":"getUpdates","service":"nas-bot","timestamp":"2026-05-25 10:23:33"}
{"error":"","level":"error","message":"Telegram请求失败","method":"getUpdates","service":"nas-bot","timestamp":"2026-05-25 10:23:34"}
{"error":"","level":"error","message":"Telegram请求失败","method":"getUpdates","service":"nas-bot","timestamp":"2026-05-25 10:23:35"}
{"error":"","level":"error","message":"Telegram请求失败","method":"getUpdates","service":"nas-bot","timestamp":"2026-05-25 10:23:37"}
{"error":"","level":"error","message":"Telegram请求失败","method":"getUpdates","service":"nas-bot","timestamp":"2026-05-25 10:23:38"}
{"error":"","level":"error","message":"Telegram请求失败","method":"getUpdates","service":"nas-bot","timestamp":"2026-05-25 10:23:39"}
{"error":"","level":"error","message":"Telegram请求失败","method":"getUpdates","service":"nas-bot","timestamp":"2026-05-25 10:23:40"}
{"error":"","level":"error","message":"Telegram请求失败","method":"getUpdates","service":"nas-bot","timestamp":"2026-05-25 11:24:40"}
{"error":"","level":"error","message":"Telegram请求失败","method":"getUpdates","service":"nas-bot","timestamp":"2026-05-25 11:24:41"}
{"error":"","level":"error","message":"Telegram请求失败","method":"getUpdates","service":"nas-bot","timestamp":"2026-05-25 12:25:43"}
{"error":"","level":"error","message":"Telegram请求失败","method":"getUpdates","service":"nas-bot","timestamp":"2026-05-25 12:25:44"}
{"error":"","level":"error","message":"Telegram请求失败","method":"getUpdates","service":"nas-bot","timestamp":"2026-05-25 12:25:46"}
{"error":"","level":"error","message":"Telegram请求失败","method":"getUpdates","service":"nas-bot","timestamp":"2026-05-25 12:25:47"}
{"error":"","level":"error","message":"Telegram请求失败","method":"getUpdates","service":"nas-bot","timestamp":"2026-05-25 12:25:48"}
{"error":"","level":"error","message":"Telegram请求失败","method":"getUpdates","service":"nas-bot","timestamp":"2026-05-25 12:25:49"}
{"error":"","level":"error","message":"Telegram请求失败","method":"getUpdates","service":"nas-bot","timestamp":"2026-05-25 12:25:51"}
{"error":"","level":"error","message":"Telegram请求失败","method":"getUpdates","service":"nas-bot","timestamp":"2026-05-25 12:25:52"}
{"error":"","level":"error","message":"Telegram请求失败","method":"getUpdates","service":"nas-bot","timestamp":"2026-05-25 12:25:53"}
{"error":"","level":"error","message":"Telegram请求失败","method":"getUpdates","service":"nas-bot","timestamp":"2026-05-25 12:25:54"}
{"error":"","level":"error","message":"Telegram请求失败","method":"getUpdates","service":"nas-bot","timestamp":"2026-05-25 12:25:56"}
{"error":"","level":"error","message":"Telegram请求失败","method":"getUpdates","service":"nas-bot","timestamp":"2026-05-25 12:25:57"}
{"error":"","level":"error","message":"Telegram请求失败","method":"getUpdates","service":"nas-bot","timestamp":"2026-05-25 12:25:58"}
{"error":"","level":"error","message":"Telegram请求失败","method":"getUpdates","service":"nas-bot","timestamp":"2026-05-25 12:25:59"}
{"error":"","level":"error","message":"Telegram请求失败","method":"getUpdates","service":"nas-bot","timestamp":"2026-05-25 12:26:01"}
{"error":"","level":"error","message":"Telegram请求失败","method":"getUpdates","service":"nas-bot","timestamp":"2026-05-25 12:26:02"}
{"error":"","level":"error","message":"Telegram请求失败","method":"getUpdates","service":"nas-bot","timestamp":"2026-05-25 12:26:03"}
{"error":"","level":"error","message":"Telegram请求失败","method":"getUpdates","service":"nas-bot","timestamp":"2026-05-25 12:26:04"}
{"error":"","level":"error","message":"Telegram请求失败","method":"getUpdates","service":"nas-bot","timestamp":"2026-05-25 12:26:06"}
{"error":"","level":"error","message":"Telegram请求失败","method":"getUpdates","service":"nas-bot","timestamp":"2026-05-25 12:26:07"}
{"error":"","level":"error","message":"Telegram请求失败","method":"getUpdates","service":"nas-bot","timestamp":"2026-05-25 12:26:08"}
{"error":"","level":"error","message":"Telegram请求失败","method":"getUpdates","service":"nas-bot","timestamp":"2026-05-25 12:26:09"}
{"error":"","level":"error","message":"Telegram请求失败","method":"getUpdates","service":"nas-bot","timestamp":"2026-05-25 12:26:11"}
{"error":"","level":"error","message":"Telegram请求失败","method":"getUpdates","service":"nas-bot","timestamp":"2026-05-25 12:26:12"}
{"error":"","level":"error","message":"Telegram请求失败","method":"getUpdates","service":"nas-bot","timestamp":"2026-05-25 12:26:13"}
{"error":"","level":"error","message":"Telegram请求失败","method":"getUpdates","service":"nas-bot","timestamp":"2026-05-25 12:26:15"}
{"args":"今日","command":"天气","level":"info","message":"收到指令","service":"nas-bot","timestamp":"2026-05-25 13:35:16","userId":"6423823321"}
{"command":"天气","elapsed":758,"level":"info","message":"指令处理完成","service":"nas-bot","timestamp":"2026-05-25 13:35:17"}
{"level":"info","message":"收到信号 SIGTERM，正在关闭...","service":"nas-bot","timestamp":"2026-05-25 13:41:29"}
{"level":"info","message":"IOC容器构建完成","service":"nas-bot","timestamp":"2026-05-25 13:42:47"}
{"level":"info","message":"定时调度器启动","service":"nas-bot","summaryTime":"15:35","timestamp":"2026-05-25 13:42:47","weatherCheck":"15:00 ~ 21:00 毎時"}
{"level":"info","message":"Bot启动","service":"nas-bot","timestamp":"2026-05-25 13:42:47"}
{"level":"info","message":"NAS Bot 已启动 🚀","service":"nas-bot","timestamp":"2026-05-25 13:42:47"}
{"count":7,"level":"info","message":"Dashboard按钮已加载","service":"nas-bot","timestamp":"2026-05-25 13:42:47"}
{"args":"","command":"帮助","level":"info","message":"收到指令","service":"nas-bot","timestamp":"2026-05-25 13:43:28","userId":"6423823321"}
{"command":"帮助","elapsed":446,"level":"info","message":"指令处理完成","service":"nas-bot","timestamp":"2026-05-25 13:43:29"}
{"args":"","command":"/start","level":"info","message":"收到指令","service":"nas-bot","timestamp":"2026-05-25 13:43:45","userId":"6423823321"}
{"command":"/start","elapsed":435,"level":"info","message":"指令处理完成","service":"nas-bot","timestamp":"2026-05-25 13:43:46"}
{"args":"","command":"帮助","level":"info","message":"收到指令","service":"nas-bot","timestamp":"2026-05-25 13:43:57","userId":"6423823321"}
{"command":"帮助","elapsed":443,"level":"info","message":"指令处理完成","service":"nas-bot","timestamp":"2026-05-25 13:43:58"}
{"level":"info","message":"收到信号 SIGTERM，正在关闭...","service":"nas-bot","timestamp":"2026-05-25 13:44:16"}
{"level":"info","message":"IOC容器构建完成","service":"nas-bot","timestamp":"2026-05-25 13:44:17"}
{"level":"info","message":"定时调度器启动","service":"nas-bot","summaryTime":"15:35","timestamp":"2026-05-25 13:44:17","weatherCheck":"15:00 ~ 21:00 毎時"}
{"level":"info","message":"Bot启动","service":"nas-bot","timestamp":"2026-05-25 13:44:17"}
{"level":"info","message":"NAS Bot 已启动 🚀","service":"nas-bot","timestamp":"2026-05-25 13:44:17"}
{"count":7,"level":"info","message":"Dashboard按钮已加载","service":"nas-bot","timestamp":"2026-05-25 13:44:17"}
{"error":"","level":"error","message":"Telegram请求失败","method":"getUpdates","service":"nas-bot","timestamp":"2026-05-25 13:44:17"}
{"args":"","command":"帮助","level":"info","message":"收到指令","service":"nas-bot","timestamp":"2026-05-25 13:44:23","userId":"6423823321"}
{"command":"帮助","elapsed":453,"level":"info","message":"指令处理完成","service":"nas-bot","timestamp":"2026-05-25 13:44:23"}
{"args":"","command":"帮助","level":"info","message":"收到指令","service":"nas-bot","timestamp":"2026-05-25 13:44:30","userId":"6423823321"}
{"command":"帮助","elapsed":449,"level":"info","message":"指令处理完成","service":"nas-bot","timestamp":"2026-05-25 13:44:31"}
{"level":"info","message":"收到信号 SIGTERM，正在关闭...","service":"nas-bot","timestamp":"2026-05-25 13:47:20"}
{"level":"info","message":"IOC容器构建完成","service":"nas-bot","timestamp":"2026-05-25 13:48:36"}
{"level":"info","message":"定时调度器启动","service":"nas-bot","summaryTime":"15:35","timestamp":"2026-05-25 13:48:36","weatherCheck":"15:00 ~ 21:00 毎時"}
{"level":"info","message":"Bot启动","service":"nas-bot","timestamp":"2026-05-25 13:48:36"}
{"level":"info","message":"NAS Bot 已启动 🚀","service":"nas-bot","timestamp":"2026-05-25 13:48:36"}
{"error":"","level":"error","message":"Telegram请求失败","method":"getUpdates","service":"nas-bot","timestamp":"2026-05-25 13:48:36"}
{"error":"","level":"error","message":"Telegram请求失败","method":"getUpdates","service":"nas-bot","timestamp":"2026-05-25 13:48:37"}
{"count":7,"level":"info","message":"Dashboard按钮已加载","service":"nas-bot","timestamp":"2026-05-25 13:48:38"}
{"level":"info","message":"Dashboard按钮加载完成，重建键盘","service":"nas-bot","timestamp":"2026-05-25 13:48:38"}
{"error":"","level":"error","message":"Telegram请求失败","method":"getUpdates","service":"nas-bot","timestamp":"2026-05-25 13:48:38"}
{"args":"","command":"/start","level":"info","message":"收到指令","service":"nas-bot","timestamp":"2026-05-25 13:54:56","userId":"6423823321"}
{"command":"/start","elapsed":550,"level":"info","message":"指令处理完成","service":"nas-bot","timestamp":"2026-05-25 13:54:56"}
{"args":"","command":"测试","level":"info","message":"收到指令","service":"nas-bot","timestamp":"2026-05-25 13:55:00","userId":"6423823321"}
{"error":"","level":"error","message":"Telegram请求失败","method":"getUpdates","service":"nas-bot","timestamp":"2026-05-25 13:55:02"}
{"command":"测试","elapsed":1398,"level":"info","message":"指令处理完成","service":"nas-bot","timestamp":"2026-05-25 13:55:02"}
{"level":"info","message":"收到信号 SIGTERM，正在关闭...","service":"nas-bot","timestamp":"2026-05-25 13:57:54"}
{"level":"info","message":"IOC容器构建完成","service":"nas-bot","timestamp":"2026-05-25 13:57:55"}
{"level":"info","message":"定时调度器启动","service":"nas-bot","summaryTime":"15:35","timestamp":"2026-05-25 13:57:55","weatherCheck":"15:00 ~ 21:00 毎時"}
{"level":"info","message":"Bot启动","service":"nas-bot","timestamp":"2026-05-25 13:57:55"}
{"level":"info","message":"NAS Bot 已启动 🚀","service":"nas-bot","timestamp":"2026-05-25 13:57:55"}
{"error":"","level":"error","message":"Telegram请求失败","method":"getUpdates","service":"nas-bot","timestamp":"2026-05-25 13:57:55"}
{"count":7,"level":"info","message":"Dashboard按钮已加载","service":"nas-bot","timestamp":"2026-05-25 13:58:09"}
{"level":"info","message":"Dashboard按钮加载完成，重建键盘","service":"nas-bot","timestamp":"2026-05-25 13:58:09"}
{"level":"info","message":"收到信号 SIGTERM，正在关闭...","service":"nas-bot","timestamp":"2026-05-25 13:58:57"}
{"level":"info","message":"IOC容器构建完成","service":"nas-bot","timestamp":"2026-05-25 13:58:58"}
{"level":"info","message":"定时调度器启动","service":"nas-bot","summaryTime":"15:35","timestamp":"2026-05-25 13:58:58","weatherCheck":"15:00 ~ 21:00 毎時"}
{"level":"info","message":"Bot启动","service":"nas-bot","timestamp":"2026-05-25 13:58:58"}
{"level":"info","message":"NAS Bot 已启动 🚀","service":"nas-bot","timestamp":"2026-05-25 13:58:58"}
{"error":"","level":"error","message":"Telegram请求失败","method":"getUpdates","service":"nas-bot","timestamp":"2026-05-25 13:58:59"}
{"error":"","level":"error","message":"Telegram请求失败","method":"getUpdates","service":"nas-bot","timestamp":"2026-05-25 13:59:00"}
{"count":8,"level":"info","message":"Dashboard按钮已加载","service":"nas-bot","timestamp":"2026-05-25 13:59:00"}
{"level":"info","message":"Dashboard按钮加载完成，重建键盘","service":"nas-bot","timestamp":"2026-05-25 13:59:00"}
{"error":"","level":"error","message":"Telegram请求失败","method":"getUpdates","service":"nas-bot","timestamp":"2026-05-25 13:59:01"}
{"error":"","level":"error","message":"Telegram请求失败","method":"getUpdates","service":"nas-bot","timestamp":"2026-05-25 13:59:03"}
{"error":"","level":"error","message":"Telegram请求失败","method":"getUpdates","service":"nas-bot","timestamp":"2026-05-25 13:59:04"}
{"error":"","level":"error","message":"Telegram请求失败","method":"getUpdates","service":"nas-bot","timestamp":"2026-05-25 13:59:05"}
{"error":"","level":"error","message":"Telegram请求失败","method":"getUpdates","service":"nas-bot","timestamp":"2026-05-25 13:59:06"}
{"error":"","level":"error","message":"Telegram请求失败","method":"getUpdates","service":"nas-bot","timestamp":"2026-05-25 13:59:08"}
{"error":"","level":"error","message":"Telegram请求失败","method":"getUpdates","service":"nas-bot","timestamp":"2026-05-25 13:59:09"}
{"error":"","level":"error","message":"Telegram请求失败","method":"getUpdates","service":"nas-bot","timestamp":"2026-05-25 13:59:10"}
{"error":"","level":"error","message":"Telegram请求失败","method":"getUpdates","service":"nas-bot","timestamp":"2026-05-25 13:59:11"}
{"error":"","level":"error","message":"Telegram请求失败","method":"getUpdates","service":"nas-bot","timestamp":"2026-05-25 13:59:13"}
{"error":"","level":"error","message":"Telegram请求失败","method":"getUpdates","service":"nas-bot","timestamp":"2026-05-25 13:59:14"}
{"error":"","level":"error","message":"Telegram请求失败","method":"getUpdates","service":"nas-bot","timestamp":"2026-05-25 13:59:15"}
{"error":"","level":"error","message":"Telegram请求失败","method":"getUpdates","service":"nas-bot","timestamp":"2026-05-25 13:59:16"}
{"error":"","level":"error","message":"Telegram请求失败","method":"getUpdates","service":"nas-bot","timestamp":"2026-05-25 13:59:18"}
{"error":"","level":"error","message":"Telegram请求失败","method":"getUpdates","service":"nas-bot","timestamp":"2026-05-25 13:59:19"}
{"error":"","level":"error","message":"Telegram请求失败","method":"getUpdates","service":"nas-bot","timestamp":"2026-05-25 13:59:20"}
{"error":"","level":"error","message":"Telegram请求失败","method":"getUpdates","service":"nas-bot","timestamp":"2026-05-25 13:59:21"}
{"error":"","level":"error","message":"Telegram请求失败","method":"getUpdates","service":"nas-bot","timestamp":"2026-05-25 13:59:23"}
{"args":"","command":"/start","level":"info","message":"收到指令","service":"nas-bot","timestamp":"2026-05-25 13:59:24","userId":"6423823321"}
{"args":"","command":"帮助","level":"info","message":"收到指令","service":"nas-bot","timestamp":"2026-05-25 13:59:24","userId":"6423823321"}
{"level":"warn","message":"Telegram请求失败，重试中","method":"sendMessage","remaining":2,"service":"nas-bot","timestamp":"2026-05-25 13:59:25"}
{"command":"/start","elapsed":485,"level":"info","message":"指令处理完成","service":"nas-bot","timestamp":"2026-05-25 13:59:25"}
{"level":"warn","message":"Telegram请求失败，重试中","method":"sendMessage","remaining":1,"service":"nas-bot","timestamp":"2026-05-25 13:59:26"}
{"error":"","level":"error","message":"Telegram请求失败","method":"sendMessage","service":"nas-bot","timestamp":"2026-05-25 13:59:27"}
{"chatId":"6423823321","level":"warn","message":"消息发送失败","service":"nas-bot","timestamp":"2026-05-25 13:59:27"}
{"command":"帮助","elapsed":2766,"level":"info","message":"指令处理完成","service":"nas-bot","timestamp":"2026-05-25 13:59:27"}
{"args":"","command":"测试2","level":"info","message":"收到指令","service":"nas-bot","timestamp":"2026-05-25 13:59:30","userId":"6423823321"}
{"command":"测试2","elapsed":956,"level":"info","message":"指令处理完成","service":"nas-bot","timestamp":"2026-05-25 13:59:31"}
{"args":"","command":"测试","level":"info","message":"收到指令","service":"nas-bot","timestamp":"2026-05-25 13:59:32","userId":"6423823321"}
{"command":"测试","elapsed":950,"level":"info","message":"指令处理完成","service":"nas-bot","timestamp":"2026-05-25 13:59:33"}
{"level":"info","message":"收到信号 SIGTERM，正在关闭...","service":"nas-bot","timestamp":"2026-05-25 13:59:43"}
{"level":"info","message":"IOC容器构建完成","service":"nas-bot","timestamp":"2026-05-25 13:59:45"}
{"level":"info","message":"定时调度器启动","service":"nas-bot","summaryTime":"15:35","timestamp":"2026-05-25 13:59:45","weatherCheck":"15:00 ~ 21:00 毎時"}
{"level":"info","message":"Bot启动","service":"nas-bot","timestamp":"2026-05-25 13:59:45"}
{"level":"info","message":"NAS Bot 已启动 🚀","service":"nas-bot","timestamp":"2026-05-25 13:59:45"}
{"error":"","level":"error","message":"Telegram请求失败","method":"getUpdates","service":"nas-bot","timestamp":"2026-05-25 13:59:45"}
{"count":7,"level":"info","message":"Dashboard按钮已加载","service":"nas-bot","timestamp":"2026-05-25 13:59:47"}
{"level":"info","message":"Dashboard按钮加载完成，重建键盘","service":"nas-bot","timestamp":"2026-05-25 13:59:47"}
{"args":"","command":"/start","level":"info","message":"收到指令","service":"nas-bot","timestamp":"2026-05-25 14:00:11","userId":"6423823321"}
{"command":"/start","elapsed":480,"level":"info","message":"指令处理完成","service":"nas-bot","timestamp":"2026-05-25 14:00:11"}
{"args":"","command":"测试","level":"info","message":"收到指令","service":"nas-bot","timestamp":"2026-05-25 14:00:14","userId":"6423823321"}
{"command":"测试","elapsed":921,"level":"info","message":"指令处理完成","service":"nas-bot","timestamp":"2026-05-25 14:00:14"}
{"args":"","command":"测试","level":"info","message":"收到指令","service":"nas-bot","timestamp":"2026-05-25 14:00:16","userId":"6423823321"}
{"command":"测试","elapsed":962,"level":"info","message":"指令处理完成","service":"nas-bot","timestamp":"2026-05-25 14:00:17"}
{"args":"","command":"测试","level":"info","message":"收到指令","service":"nas-bot","timestamp":"2026-05-25 14:00:24","userId":"6423823321"}
{"command":"测试","elapsed":944,"level":"info","message":"指令处理完成","service":"nas-bot","timestamp":"2026-05-25 14:00:25"}
{"args":"","command":"内存状态","level":"info","message":"收到指令","service":"nas-bot","timestamp":"2026-05-25 14:00:30","userId":"6423823321"}
{"command":"内存状态","elapsed":1022,"level":"info","message":"指令处理完成","service":"nas-bot","timestamp":"2026-05-25 14:00:31"}
{"error":"","level":"error","message":"Telegram请求失败","method":"getUpdates","service":"nas-bot","timestamp":"2026-05-25 14:00:31"}
{"args":"一週間","command":"天气","level":"info","message":"收到指令","service":"nas-bot","timestamp":"2026-05-25 14:00:33","userId":"6423823321"}
{"command":"天气","elapsed":848,"level":"info","message":"指令处理完成","service":"nas-bot","timestamp":"2026-05-25 14:00:34"}
{"hour":15,"level":"info","message":"触发天气检测","service":"nas-bot","timestamp":"2026-05-25 15:00:45"}
{"desc":"多云","level":"info","message":"天气基准快照已记录","service":"nas-bot","temp":21,"timestamp":"2026-05-25 15:00:45"}
{"level":"info","message":"触发收盘简报","service":"nas-bot","timestamp":"2026-05-25 15:35:45"}
{"count":4,"level":"info","message":"收盘简报生成成功","service":"nas-bot","timestamp":"2026-05-25 15:35:46"}
{"level":"warn","message":"Telegram请求失败，重试中","method":"sendMessage","remaining":2,"service":"nas-bot","timestamp":"2026-05-25 15:35:46"}
{"level":"warn","message":"Telegram请求失败，重试中","method":"sendMessage","remaining":1,"service":"nas-bot","timestamp":"2026-05-25 15:35:47"}
{"error":"","level":"error","message":"Telegram请求失败","method":"sendMessage","service":"nas-bot","timestamp":"2026-05-25 15:35:48"}
{"chatId":"6423823321","level":"warn","message":"消息发送失败","service":"nas-bot","timestamp":"2026-05-25 15:35:48"}
{"elapsed":57081,"level":"info","message":"Ollama响应完成","model":"qwen2.5:1.5b","service":"nas-bot","timestamp":"2026-05-25 15:36:46"}
{"level":"warn","message":"Telegram请求失败，重试中","method":"sendMessage","remaining":2,"service":"nas-bot","timestamp":"2026-05-25 15:36:46"}
{"level":"warn","message":"Telegram请求失败，重试中","method":"sendMessage","remaining":1,"service":"nas-bot","timestamp":"2026-05-25 15:36:47"}
{"error":"","level":"error","message":"Telegram请求失败","method":"sendMessage","service":"nas-bot","timestamp":"2026-05-25 15:36:48"}
{"chatId":"6423823321","level":"warn","message":"消息发送失败","service":"nas-bot","timestamp":"2026-05-25 15:36:48"}
{"hour":16,"level":"info","message":"触发天气检测","service":"nas-bot","timestamp":"2026-05-25 16:00:46"}
{"hour":17,"level":"info","message":"触发天气检测","service":"nas-bot","timestamp":"2026-05-25 17:00:46"}
{"hour":18,"level":"info","message":"触发天气检测","service":"nas-bot","timestamp":"2026-05-25 18:00:47"}
{"hour":19,"level":"info","message":"触发天气检测","service":"nas-bot","timestamp":"2026-05-25 19:00:46"}
{"level":"warn","message":"Telegram请求超时","method":"getUpdates","service":"nas-bot","timestamp":"2026-05-25 20:00:07"}
{"error":"socket hang up","level":"error","message":"Telegram请求失败","method":"getUpdates","service":"nas-bot","timestamp":"2026-05-25 20:00:07"}
{"level":"warn","message":"Telegram请求超时","method":"getUpdates","service":"nas-bot","timestamp":"2026-05-25 20:00:13"}
{"error":"socket hang up","level":"error","message":"Telegram请求失败","method":"getUpdates","service":"nas-bot","timestamp":"2026-05-25 20:00:13"}
{"level":"warn","message":"Telegram请求超时","method":"getUpdates","service":"nas-bot","timestamp":"2026-05-25 20:00:19"}
{"error":"socket hang up","level":"error","message":"Telegram请求失败","method":"getUpdates","service":"nas-bot","timestamp":"2026-05-25 20:00:19"}
{"error":"getaddrinfo EAI_AGAIN api.telegram.org","level":"error","message":"Telegram请求失败","method":"getUpdates","service":"nas-bot","timestamp":"2026-05-25 20:00:25"}
{"level":"warn","message":"Telegram请求超时","method":"getUpdates","service":"nas-bot","timestamp":"2026-05-25 20:00:31"}
{"error":"socket hang up","level":"error","message":"Telegram请求失败","method":"getUpdates","service":"nas-bot","timestamp":"2026-05-25 20:00:31"}
{"error":"getaddrinfo EAI_AGAIN api.telegram.org","level":"error","message":"Telegram请求失败","method":"getUpdates","service":"nas-bot","timestamp":"2026-05-25 20:00:37"}
{"level":"warn","message":"Telegram请求超时","method":"getUpdates","service":"nas-bot","timestamp":"2026-05-25 20:00:43"}
{"error":"socket hang up","level":"error","message":"Telegram请求失败","method":"getUpdates","service":"nas-bot","timestamp":"2026-05-25 20:00:43"}
{"hour":20,"level":"info","message":"触发天气检测","service":"nas-bot","timestamp":"2026-05-25 20:00:47"}
{"level":"warn","message":"Telegram请求超时","method":"getUpdates","service":"nas-bot","timestamp":"2026-05-25 20:00:49"}
{"error":"socket hang up","level":"error","message":"Telegram请求失败","method":"getUpdates","service":"nas-bot","timestamp":"2026-05-25 20:00:49"}
{"level":"warn","message":"Telegram请求超时","method":"getUpdates","service":"nas-bot","timestamp":"2026-05-25 20:00:55"}
{"error":"socket hang up","level":"error","message":"Telegram请求失败","method":"getUpdates","service":"nas-bot","timestamp":"2026-05-25 20:00:55"}
{"error":"getaddrinfo EAI_AGAIN api.telegram.org","level":"error","message":"Telegram请求失败","method":"getUpdates","service":"nas-bot","timestamp":"2026-05-25 20:01:01"}
{"error":"getaddrinfo EAI_AGAIN api.telegram.org","level":"error","message":"Telegram请求失败","method":"getUpdates","service":"nas-bot","timestamp":"2026-05-25 20:01:07"}
{"level":"warn","message":"Telegram请求超时","method":"getUpdates","service":"nas-bot","timestamp":"2026-05-25 20:01:13"}
{"error":"socket hang up","level":"error","message":"Telegram请求失败","method":"getUpdates","service":"nas-bot","timestamp":"2026-05-25 20:01:13"}
{"level":"warn","message":"Telegram请求超时","method":"getUpdates","service":"nas-bot","timestamp":"2026-05-25 20:01:19"}
{"error":"socket hang up","level":"error","message":"Telegram请求失败","method":"getUpdates","service":"nas-bot","timestamp":"2026-05-25 20:01:19"}
{"error":"getaddrinfo EAI_AGAIN api.telegram.org","level":"error","message":"Telegram请求失败","method":"getUpdates","service":"nas-bot","timestamp":"2026-05-25 20:01:25"}
{"error":"getaddrinfo EAI_AGAIN api.telegram.org","level":"error","message":"Telegram请求失败","method":"getUpdates","service":"nas-bot","timestamp":"2026-05-25 20:01:32"}
{"error":"getaddrinfo EAI_AGAIN api.telegram.org","level":"error","message":"Telegram请求失败","method":"getUpdates","service":"nas-bot","timestamp":"2026-05-25 20:01:38"}
{"level":"warn","message":"Telegram请求超时","method":"getUpdates","service":"nas-bot","timestamp":"2026-05-25 20:01:44"}
{"error":"socket hang up","level":"error","message":"Telegram请求失败","method":"getUpdates","service":"nas-bot","timestamp":"2026-05-25 20:01:44"}
{"level":"warn","message":"Telegram请求超时","method":"getUpdates","service":"nas-bot","timestamp":"2026-05-25 20:01:50"}
{"error":"socket hang up","level":"error","message":"Telegram请求失败","method":"getUpdates","service":"nas-bot","timestamp":"2026-05-25 20:01:50"}
{"error":"getaddrinfo EAI_AGAIN api.telegram.org","level":"error","message":"Telegram请求失败","method":"getUpdates","service":"nas-bot","timestamp":"2026-05-25 20:01:56"}
{"error":"getaddrinfo EAI_AGAIN api.telegram.org","level":"error","message":"Telegram请求失败","method":"getUpdates","service":"nas-bot","timestamp":"2026-05-25 20:02:02"}
{"level":"warn","message":"Telegram请求超时","method":"getUpdates","service":"nas-bot","timestamp":"2026-05-25 20:02:08"}
{"error":"socket hang up","level":"error","message":"Telegram请求失败","method":"getUpdates","service":"nas-bot","timestamp":"2026-05-25 20:02:08"}
{"error":"getaddrinfo EAI_AGAIN api.telegram.org","level":"error","message":"Telegram请求失败","method":"getUpdates","service":"nas-bot","timestamp":"2026-05-25 20:02:14"}
{"error":"getaddrinfo EAI_AGAIN api.telegram.org","level":"error","message":"Telegram请求失败","method":"getUpdates","service":"nas-bot","timestamp":"2026-05-25 20:02:20"}
{"level":"warn","message":"Telegram请求超时","method":"getUpdates","service":"nas-bot","timestamp":"2026-05-25 20:02:26"}
{"error":"socket hang up","level":"error","message":"Telegram请求失败","method":"getUpdates","service":"nas-bot","timestamp":"2026-05-25 20:02:26"}
{"level":"warn","message":"Telegram请求超时","method":"getUpdates","service":"nas-bot","timestamp":"2026-05-25 20:02:32"}
{"error":"socket hang up","level":"error","message":"Telegram请求失败","method":"getUpdates","service":"nas-bot","timestamp":"2026-05-25 20:02:32"}
{"level":"warn","message":"Telegram请求超时","method":"getUpdates","service":"nas-bot","timestamp":"2026-05-25 20:02:38"}
{"error":"socket hang up","level":"error","message":"Telegram请求失败","method":"getUpdates","service":"nas-bot","timestamp":"2026-05-25 20:02:38"}
{"level":"warn","message":"Telegram请求超时","method":"getUpdates","service":"nas-bot","timestamp":"2026-05-25 20:02:44"}
{"error":"socket hang up","level":"error","message":"Telegram请求失败","method":"getUpdates","service":"nas-bot","timestamp":"2026-05-25 20:02:44"}
{"level":"warn","message":"Telegram请求超时","method":"getUpdates","service":"nas-bot","timestamp":"2026-05-25 20:02:50"}
{"error":"socket hang up","level":"error","message":"Telegram请求失败","method":"getUpdates","service":"nas-bot","timestamp":"2026-05-25 20:02:50"}
{"error":"getaddrinfo EAI_AGAIN api.telegram.org","level":"error","message":"Telegram请求失败","method":"getUpdates","service":"nas-bot","timestamp":"2026-05-25 20:02:56"}
{"level":"warn","message":"Telegram请求超时","method":"getUpdates","service":"nas-bot","timestamp":"2026-05-25 20:03:02"}
{"error":"socket hang up","level":"error","message":"Telegram请求失败","method":"getUpdates","service":"nas-bot","timestamp":"2026-05-25 20:03:02"}
{"level":"warn","message":"Telegram请求超时","method":"getUpdates","service":"nas-bot","timestamp":"2026-05-25 20:03:08"}
{"error":"socket hang up","level":"error","message":"Telegram请求失败","method":"getUpdates","service":"nas-bot","timestamp":"2026-05-25 20:03:08"}
{"level":"warn","message":"Telegram请求超时","method":"getUpdates","service":"nas-bot","timestamp":"2026-05-25 20:03:14"}
{"error":"socket hang up","level":"error","message":"Telegram请求失败","method":"getUpdates","service":"nas-bot","timestamp":"2026-05-25 20:03:14"}
{"level":"warn","message":"Telegram请求超时","method":"getUpdates","service":"nas-bot","timestamp":"2026-05-25 20:03:20"}
{"error":"socket hang up","level":"error","message":"Telegram请求失败","method":"getUpdates","service":"nas-bot","timestamp":"2026-05-25 20:03:20"}
{"error":"getaddrinfo EAI_AGAIN api.telegram.org","level":"error","message":"Telegram请求失败","method":"getUpdates","service":"nas-bot","timestamp":"2026-05-25 20:03:26"}
{"level":"warn","message":"Telegram请求超时","method":"getUpdates","service":"nas-bot","timestamp":"2026-05-25 20:03:32"}
{"error":"socket hang up","level":"error","message":"Telegram请求失败","method":"getUpdates","service":"nas-bot","timestamp":"2026-05-25 20:03:32"}
{"level":"warn","message":"Telegram请求超时","method":"getUpdates","service":"nas-bot","timestamp":"2026-05-25 20:03:38"}
{"error":"socket hang up","level":"error","message":"Telegram请求失败","method":"getUpdates","service":"nas-bot","timestamp":"2026-05-25 20:03:38"}
{"error":"getaddrinfo EAI_AGAIN api.telegram.org","level":"error","message":"Telegram请求失败","method":"getUpdates","service":"nas-bot","timestamp":"2026-05-25 20:03:44"}
{"level":"warn","message":"Telegram请求超时","method":"getUpdates","service":"nas-bot","timestamp":"2026-05-25 20:03:50"}
{"error":"socket hang up","level":"error","message":"Telegram请求失败","method":"getUpdates","service":"nas-bot","timestamp":"2026-05-25 20:03:50"}
{"level":"warn","message":"Telegram请求超时","method":"getUpdates","service":"nas-bot","timestamp":"2026-05-25 20:03:56"}
{"error":"socket hang up","level":"error","message":"Telegram请求失败","method":"getUpdates","service":"nas-bot","timestamp":"2026-05-25 20:03:56"}
{"level":"warn","message":"Telegram请求超时","method":"getUpdates","service":"nas-bot","timestamp":"2026-05-25 20:04:02"}
{"error":"socket hang up","level":"error","message":"Telegram请求失败","method":"getUpdates","service":"nas-bot","timestamp":"2026-05-25 20:04:02"}
{"error":"getaddrinfo EAI_AGAIN api.telegram.org","level":"error","message":"Telegram请求失败","method":"getUpdates","service":"nas-bot","timestamp":"2026-05-25 20:04:08"}
{"level":"warn","message":"Telegram请求超时","method":"getUpdates","service":"nas-bot","timestamp":"2026-05-25 20:04:14"}
{"error":"socket hang up","level":"error","message":"Telegram请求失败","method":"getUpdates","service":"nas-bot","timestamp":"2026-05-25 20:04:14"}
{"error":"getaddrinfo EAI_AGAIN api.telegram.org","level":"error","message":"Telegram请求失败","method":"getUpdates","service":"nas-bot","timestamp":"2026-05-25 20:04:20"}
{"level":"warn","message":"Telegram请求超时","method":"getUpdates","service":"nas-bot","timestamp":"2026-05-25 20:04:26"}
{"error":"socket hang up","level":"error","message":"Telegram请求失败","method":"getUpdates","service":"nas-bot","timestamp":"2026-05-25 20:04:26"}
{"level":"warn","message":"Telegram请求超时","method":"getUpdates","service":"nas-bot","timestamp":"2026-05-25 20:04:32"}
{"error":"socket hang up","level":"error","message":"Telegram请求失败","method":"getUpdates","service":"nas-bot","timestamp":"2026-05-25 20:04:32"}
{"error":"getaddrinfo EAI_AGAIN api.telegram.org","level":"error","message":"Telegram请求失败","method":"getUpdates","service":"nas-bot","timestamp":"2026-05-25 20:04:38"}
{"level":"warn","message":"Telegram请求超时","method":"getUpdates","service":"nas-bot","timestamp":"2026-05-25 20:04:44"}
{"error":"socket hang up","level":"error","message":"Telegram请求失败","method":"getUpdates","service":"nas-bot","timestamp":"2026-05-25 20:04:44"}
{"level":"warn","message":"Telegram请求超时","method":"getUpdates","service":"nas-bot","timestamp":"2026-05-25 20:04:50"}
{"error":"socket hang up","level":"error","message":"Telegram请求失败","method":"getUpdates","service":"nas-bot","timestamp":"2026-05-25 20:04:50"}
{"error":"getaddrinfo EAI_AGAIN api.telegram.org","level":"error","message":"Telegram请求失败","method":"getUpdates","service":"nas-bot","timestamp":"2026-05-25 20:04:56"}
{"level":"warn","message":"Telegram请求超时","method":"getUpdates","service":"nas-bot","timestamp":"2026-05-25 20:05:02"}
{"error":"socket hang up","level":"error","message":"Telegram请求失败","method":"getUpdates","service":"nas-bot","timestamp":"2026-05-25 20:05:02"}
{"error":"getaddrinfo EAI_AGAIN api.telegram.org","level":"error","message":"Telegram请求失败","method":"getUpdates","service":"nas-bot","timestamp":"2026-05-25 20:05:08"}
{"level":"warn","message":"Telegram请求超时","method":"getUpdates","service":"nas-bot","timestamp":"2026-05-25 20:05:14"}
{"error":"socket hang up","level":"error","message":"Telegram请求失败","method":"getUpdates","service":"nas-bot","timestamp":"2026-05-25 20:05:14"}
{"error":"getaddrinfo EAI_AGAIN api.telegram.org","level":"error","message":"Telegram请求失败","method":"getUpdates","service":"nas-bot","timestamp":"2026-05-25 20:05:20"}
{"error":"getaddrinfo EAI_AGAIN api.telegram.org","level":"error","message":"Telegram请求失败","method":"getUpdates","service":"nas-bot","timestamp":"2026-05-25 20:05:26"}
{"level":"warn","message":"Telegram请求超时","method":"getUpdates","service":"nas-bot","timestamp":"2026-05-25 20:05:32"}
{"error":"socket hang up","level":"error","message":"Telegram请求失败","method":"getUpdates","service":"nas-bot","timestamp":"2026-05-25 20:05:32"}
{"error":"getaddrinfo EAI_AGAIN api.telegram.org","level":"error","message":"Telegram请求失败","method":"getUpdates","service":"nas-bot","timestamp":"2026-05-25 20:05:38"}
{"level":"warn","message":"Telegram请求超时","method":"getUpdates","service":"nas-bot","timestamp":"2026-05-25 20:05:44"}
{"error":"socket hang up","level":"error","message":"Telegram请求失败","method":"getUpdates","service":"nas-bot","timestamp":"2026-05-25 20:05:44"}
{"level":"warn","message":"Telegram请求超时","method":"getUpdates","service":"nas-bot","timestamp":"2026-05-25 20:05:50"}
{"error":"socket hang up","level":"error","message":"Telegram请求失败","method":"getUpdates","service":"nas-bot","timestamp":"2026-05-25 20:05:50"}
{"level":"warn","message":"Telegram请求超时","method":"getUpdates","service":"nas-bot","timestamp":"2026-05-25 20:05:56"}
{"error":"socket hang up","level":"error","message":"Telegram请求失败","method":"getUpdates","service":"nas-bot","timestamp":"2026-05-25 20:05:56"}
{"error":"getaddrinfo EAI_AGAIN api.telegram.org","level":"error","message":"Telegram请求失败","method":"getUpdates","service":"nas-bot","timestamp":"2026-05-25 20:06:02"}
{"error":"getaddrinfo EAI_AGAIN api.telegram.org","level":"error","message":"Telegram请求失败","method":"getUpdates","service":"nas-bot","timestamp":"2026-05-25 20:06:08"}
{"level":"warn","message":"Telegram请求超时","method":"getUpdates","service":"nas-bot","timestamp":"2026-05-25 20:06:14"}
{"error":"socket hang up","level":"error","message":"Telegram请求失败","method":"getUpdates","service":"nas-bot","timestamp":"2026-05-25 20:06:14"}
{"error":"getaddrinfo EAI_AGAIN api.telegram.org","level":"error","message":"Telegram请求失败","method":"getUpdates","service":"nas-bot","timestamp":"2026-05-25 20:06:20"}
{"level":"warn","message":"Telegram请求超时","method":"getUpdates","service":"nas-bot","timestamp":"2026-05-25 20:06:26"}
{"error":"socket hang up","level":"error","message":"Telegram请求失败","method":"getUpdates","service":"nas-bot","timestamp":"2026-05-25 20:06:26"}
{"level":"warn","message":"Telegram请求超时","method":"getUpdates","service":"nas-bot","timestamp":"2026-05-25 20:06:32"}
{"error":"socket hang up","level":"error","message":"Telegram请求失败","method":"getUpdates","service":"nas-bot","timestamp":"2026-05-25 20:06:32"}
{"error":"getaddrinfo EAI_AGAIN api.telegram.org","level":"error","message":"Telegram请求失败","method":"getUpdates","service":"nas-bot","timestamp":"2026-05-25 20:06:38"}
{"level":"warn","message":"Telegram请求超时","method":"getUpdates","service":"nas-bot","timestamp":"2026-05-25 20:06:44"}
{"error":"socket hang up","level":"error","message":"Telegram请求失败","method":"getUpdates","service":"nas-bot","timestamp":"2026-05-25 20:06:44"}
{"level":"warn","message":"Telegram请求超时","method":"getUpdates","service":"nas-bot","timestamp":"2026-05-25 20:06:50"}
{"error":"socket hang up","level":"error","message":"Telegram请求失败","method":"getUpdates","service":"nas-bot","timestamp":"2026-05-25 20:06:50"}
{"level":"warn","message":"Telegram请求超时","method":"getUpdates","service":"nas-bot","timestamp":"2026-05-25 20:06:56"}
{"error":"socket hang up","level":"error","message":"Telegram请求失败","method":"getUpdates","service":"nas-bot","timestamp":"2026-05-25 20:06:56"}
{"level":"warn","message":"Telegram请求超时","method":"getUpdates","service":"nas-bot","timestamp":"2026-05-25 20:07:02"}
{"error":"socket hang up","level":"error","message":"Telegram请求失败","method":"getUpdates","service":"nas-bot","timestamp":"2026-05-25 20:07:02"}
{"level":"warn","message":"Telegram请求超时","method":"getUpdates","service":"nas-bot","timestamp":"2026-05-25 20:07:08"}
{"error":"socket hang up","level":"error","message":"Telegram请求失败","method":"getUpdates","service":"nas-bot","timestamp":"2026-05-25 20:07:08"}
{"level":"warn","message":"Telegram请求超时","method":"getUpdates","service":"nas-bot","timestamp":"2026-05-25 20:07:14"}
{"error":"socket hang up","level":"error","message":"Telegram请求失败","method":"getUpdates","service":"nas-bot","timestamp":"2026-05-25 20:07:14"}
{"level":"warn","message":"Telegram请求超时","method":"getUpdates","service":"nas-bot","timestamp":"2026-05-25 20:07:20"}
{"error":"socket hang up","level":"error","message":"Telegram请求失败","method":"getUpdates","service":"nas-bot","timestamp":"2026-05-25 20:07:20"}
{"error":"getaddrinfo EAI_AGAIN api.telegram.org","level":"error","message":"Telegram请求失败","method":"getUpdates","service":"nas-bot","timestamp":"2026-05-25 20:07:26"}
{"level":"warn","message":"Telegram请求超时","method":"getUpdates","service":"nas-bot","timestamp":"2026-05-25 20:07:32"}
{"error":"socket hang up","level":"error","message":"Telegram请求失败","method":"getUpdates","service":"nas-bot","timestamp":"2026-05-25 20:07:32"}
{"level":"warn","message":"Telegram请求超时","method":"getUpdates","service":"nas-bot","timestamp":"2026-05-25 20:07:38"}
{"error":"socket hang up","level":"error","message":"Telegram请求失败","method":"getUpdates","service":"nas-bot","timestamp":"2026-05-25 20:07:38"}
{"level":"warn","message":"Telegram请求超时","method":"getUpdates","service":"nas-bot","timestamp":"2026-05-25 20:07:44"}
{"error":"socket hang up","level":"error","message":"Telegram请求失败","method":"getUpdates","service":"nas-bot","timestamp":"2026-05-25 20:07:44"}
{"level":"warn","message":"Telegram请求超时","method":"getUpdates","service":"nas-bot","timestamp":"2026-05-25 20:07:50"}
{"error":"socket hang up","level":"error","message":"Telegram请求失败","method":"getUpdates","service":"nas-bot","timestamp":"2026-05-25 20:07:50"}
{"level":"warn","message":"Telegram请求超时","method":"getUpdates","service":"nas-bot","timestamp":"2026-05-25 20:07:56"}
{"error":"socket hang up","level":"error","message":"Telegram请求失败","method":"getUpdates","service":"nas-bot","timestamp":"2026-05-25 20:07:56"}
{"level":"warn","message":"Telegram请求超时","method":"getUpdates","service":"nas-bot","timestamp":"2026-05-25 20:08:02"}
{"error":"socket hang up","level":"error","message":"Telegram请求失败","method":"getUpdates","service":"nas-bot","timestamp":"2026-05-25 20:08:02"}
{"level":"warn","message":"Telegram请求超时","method":"getUpdates","service":"nas-bot","timestamp":"2026-05-25 20:08:08"}
{"error":"socket hang up","level":"error","message":"Telegram请求失败","method":"getUpdates","service":"nas-bot","timestamp":"2026-05-25 20:08:08"}
{"level":"warn","message":"Telegram请求超时","method":"getUpdates","service":"nas-bot","timestamp":"2026-05-25 20:08:14"}
{"error":"socket hang up","level":"error","message":"Telegram请求失败","method":"getUpdates","service":"nas-bot","timestamp":"2026-05-25 20:08:14"}
{"level":"warn","message":"Telegram请求超时","method":"getUpdates","service":"nas-bot","timestamp":"2026-05-25 20:08:20"}
{"error":"socket hang up","level":"error","message":"Telegram请求失败","method":"getUpdates","service":"nas-bot","timestamp":"2026-05-25 20:08:20"}
{"level":"warn","message":"Telegram请求超时","method":"getUpdates","service":"nas-bot","timestamp":"2026-05-25 20:08:26"}
{"error":"socket hang up","level":"error","message":"Telegram请求失败","method":"getUpdates","service":"nas-bot","timestamp":"2026-05-25 20:08:26"}
{"level":"warn","message":"Telegram请求超时","method":"getUpdates","service":"nas-bot","timestamp":"2026-05-25 20:08:32"}
{"error":"socket hang up","level":"error","message":"Telegram请求失败","method":"getUpdates","service":"nas-bot","timestamp":"2026-05-25 20:08:32"}
{"level":"warn","message":"Telegram请求超时","method":"getUpdates","service":"nas-bot","timestamp":"2026-05-25 20:08:38"}
{"error":"socket hang up","level":"error","message":"Telegram请求失败","method":"getUpdates","service":"nas-bot","timestamp":"2026-05-25 20:08:38"}
{"error":"getaddrinfo EAI_AGAIN api.telegram.org","level":"error","message":"Telegram请求失败","method":"getUpdates","service":"nas-bot","timestamp":"2026-05-25 20:08:44"}
{"level":"warn","message":"Telegram请求超时","method":"getUpdates","service":"nas-bot","timestamp":"2026-05-25 20:08:50"}
{"error":"socket hang up","level":"error","message":"Telegram请求失败","method":"getUpdates","service":"nas-bot","timestamp":"2026-05-25 20:08:50"}
{"level":"warn","message":"Telegram请求超时","method":"getUpdates","service":"nas-bot","timestamp":"2026-05-25 20:08:56"}
{"error":"socket hang up","level":"error","message":"Telegram请求失败","method":"getUpdates","service":"nas-bot","timestamp":"2026-05-25 20:08:56"}
{"error":"","level":"error","message":"Telegram请求失败","method":"getUpdates","service":"nas-bot","timestamp":"2026-05-25 23:11:52"}
{"error":"","level":"error","message":"Telegram请求失败","method":"getUpdates","service":"nas-bot","timestamp":"2026-05-26 01:13:48"}
{"error":"","level":"error","message":"Telegram请求失败","method":"getUpdates","service":"nas-bot","timestamp":"2026-05-26 01:13:49"}
{"error":"","level":"error","message":"Telegram请求失败","method":"getUpdates","service":"nas-bot","timestamp":"2026-05-26 01:13:50"}
{"error":"","level":"error","message":"Telegram请求失败","method":"getUpdates","service":"nas-bot","timestamp":"2026-05-26 02:14:50"}
{"error":"","level":"error","message":"Telegram请求失败","method":"getUpdates","service":"nas-bot","timestamp":"2026-05-26 02:14:51"}
{"error":"","level":"error","message":"Telegram请求失败","method":"getUpdates","service":"nas-bot","timestamp":"2026-05-26 02:14:53"}
{"error":"","level":"error","message":"Telegram请求失败","method":"getUpdates","service":"nas-bot","timestamp":"2026-05-26 02:14:54"}
{"error":"","level":"error","message":"Telegram请求失败","method":"getUpdates","service":"nas-bot","timestamp":"2026-05-26 03:15:52"}
{"error":"","level":"error","message":"Telegram请求失败","method":"getUpdates","service":"nas-bot","timestamp":"2026-05-26 03:15:54"}
{"error":"","level":"error","message":"Telegram请求失败","method":"getUpdates","service":"nas-bot","timestamp":"2026-05-26 05:17:49"}
{"error":"","level":"error","message":"Telegram请求失败","method":"getUpdates","service":"nas-bot","timestamp":"2026-05-26 05:17:50"}
{"error":"","level":"error","message":"Telegram请求失败","method":"getUpdates","service":"nas-bot","timestamp":"2026-05-26 06:18:50"}
{"error":"","level":"error","message":"Telegram请求失败","method":"getUpdates","service":"nas-bot","timestamp":"2026-05-26 06:18:52"}
{"error":"","level":"error","message":"Telegram请求失败","method":"getUpdates","service":"nas-bot","timestamp":"2026-05-26 06:18:53"}
{"error":"","level":"error","message":"Telegram请求失败","method":"getUpdates","service":"nas-bot","timestamp":"2026-05-26 06:18:54"}
{"error":"","level":"error","message":"Telegram请求失败","method":"getUpdates","service":"nas-bot","timestamp":"2026-05-26 06:18:55"}
{"error":"","level":"error","message":"Telegram请求失败","method":"getUpdates","service":"nas-bot","timestamp":"2026-05-26 06:18:57"}
{"error":"","level":"error","message":"Telegram请求失败","method":"getUpdates","service":"nas-bot","timestamp":"2026-05-26 06:18:58"}
{"error":"","level":"error","message":"Telegram请求失败","method":"getUpdates","service":"nas-bot","timestamp":"2026-05-26 06:18:59"}
{"error":"","level":"error","message":"Telegram请求失败","method":"getUpdates","service":"nas-bot","timestamp":"2026-05-26 06:19:00"}
{"error":"","level":"error","message":"Telegram请求失败","method":"getUpdates","service":"nas-bot","timestamp":"2026-05-26 06:19:02"}
{"error":"","level":"error","message":"Telegram请求失败","method":"getUpdates","service":"nas-bot","timestamp":"2026-05-26 06:19:03"}
{"error":"","level":"error","message":"Telegram请求失败","method":"getUpdates","service":"nas-bot","timestamp":"2026-05-26 06:19:04"}
{"error":"","level":"error","message":"Telegram请求失败","method":"getUpdates","service":"nas-bot","timestamp":"2026-05-26 06:19:05"}
{"error":"","level":"error","message":"Telegram请求失败","method":"getUpdates","service":"nas-bot","timestamp":"2026-05-26 06:19:07"}
{"error":"","level":"error","message":"Telegram请求失败","method":"getUpdates","service":"nas-bot","timestamp":"2026-05-26 06:19:08"}
{"error":"","level":"error","message":"Telegram请求失败","method":"getUpdates","service":"nas-bot","timestamp":"2026-05-26 06:19:09"}
{"error":"","level":"error","message":"Telegram请求失败","method":"getUpdates","service":"nas-bot","timestamp":"2026-05-26 06:19:10"}
{"error":"","level":"error","message":"Telegram请求失败","method":"getUpdates","service":"nas-bot","timestamp":"2026-05-26 06:19:12"}
{"error":"","level":"error","message":"Telegram请求失败","method":"getUpdates","service":"nas-bot","timestamp":"2026-05-26 06:19:13"}
{"error":"","level":"error","message":"Telegram请求失败","method":"getUpdates","service":"nas-bot","timestamp":"2026-05-26 06:19:14"}
{"error":"","level":"error","message":"Telegram请求失败","method":"getUpdates","service":"nas-bot","timestamp":"2026-05-26 06:19:15"}
{"error":"","level":"error","message":"Telegram请求失败","method":"getUpdates","service":"nas-bot","timestamp":"2026-05-26 07:20:14"}
{"error":"","level":"error","message":"Telegram请求失败","method":"getUpdates","service":"nas-bot","timestamp":"2026-05-26 07:20:15"}
{"error":"","level":"error","message":"Telegram请求失败","method":"getUpdates","service":"nas-bot","timestamp":"2026-05-26 07:20:16"}
{"error":"","level":"error","message":"Telegram请求失败","method":"getUpdates","service":"nas-bot","timestamp":"2026-05-26 07:20:18"}
{"error":"","level":"error","message":"Telegram请求失败","method":"getUpdates","service":"nas-bot","timestamp":"2026-05-26 07:20:19"}
{"error":"","level":"error","message":"Telegram请求失败","method":"getUpdates","service":"nas-bot","timestamp":"2026-05-26 07:20:20"}
{"error":"","level":"error","message":"Telegram请求失败","method":"getUpdates","service":"nas-bot","timestamp":"2026-05-26 07:20:21"}
{"error":"","level":"error","message":"Telegram请求失败","method":"getUpdates","service":"nas-bot","timestamp":"2026-05-26 08:21:20"}
{"error":"","level":"error","message":"Telegram请求失败","method":"getUpdates","service":"nas-bot","timestamp":"2026-05-26 08:21:21"}
{"error":"","level":"error","message":"Telegram请求失败","method":"getUpdates","service":"nas-bot","timestamp":"2026-05-26 08:21:22"}
{"error":"","level":"error","message":"Telegram请求失败","method":"getUpdates","service":"nas-bot","timestamp":"2026-05-26 09:22:21"}
{"error":"","level":"error","message":"Telegram请求失败","method":"getUpdates","service":"nas-bot","timestamp":"2026-05-26 09:22:22"}
{"error":"","level":"error","message":"Telegram请求失败","method":"getUpdates","service":"nas-bot","timestamp":"2026-05-26 09:22:23"}
{"error":"","level":"error","message":"Telegram请求失败","method":"getUpdates","service":"nas-bot","timestamp":"2026-05-26 10:23:23"}
{"error":"","level":"error","message":"Telegram请求失败","method":"getUpdates","service":"nas-bot","timestamp":"2026-05-26 10:23:24"}
{"error":"","level":"error","message":"Telegram请求失败","method":"getUpdates","service":"nas-bot","timestamp":"2026-05-26 10:23:26"}
{"error":"","level":"error","message":"Telegram请求失败","method":"getUpdates","service":"nas-bot","timestamp":"2026-05-26 10:23:27"}
{"error":"","level":"error","message":"Telegram请求失败","method":"getUpdates","service":"nas-bot","timestamp":"2026-05-26 10:23:28"}
{"error":"","level":"error","message":"Telegram请求失败","method":"getUpdates","service":"nas-bot","timestamp":"2026-05-26 10:23:29"}
{"error":"","level":"error","message":"Telegram请求失败","method":"getUpdates","service":"nas-bot","timestamp":"2026-05-26 10:23:31"}
{"error":"","level":"error","message":"Telegram请求失败","method":"getUpdates","service":"nas-bot","timestamp":"2026-05-26 11:24:05"}
{"error":"","level":"error","message":"Telegram请求失败","method":"getUpdates","service":"nas-bot","timestamp":"2026-05-26 11:24:06"}
{"error":"","level":"error","message":"Telegram请求失败","method":"getUpdates","service":"nas-bot","timestamp":"2026-05-26 11:24:08"}
{"error":"","level":"error","message":"Telegram请求失败","method":"getUpdates","service":"nas-bot","timestamp":"2026-05-26 11:24:09"}
{"error":"","level":"error","message":"Telegram请求失败","method":"getUpdates","service":"nas-bot","timestamp":"2026-05-26 11:24:10"}
{"error":"","level":"error","message":"Telegram请求失败","method":"getUpdates","service":"nas-bot","timestamp":"2026-05-26 11:24:11"}
{"error":"","level":"error","message":"Telegram请求失败","method":"getUpdates","service":"nas-bot","timestamp":"2026-05-26 11:24:13"}
{"error":"","level":"error","message":"Telegram请求失败","method":"getUpdates","service":"nas-bot","timestamp":"2026-05-26 11:24:14"}
{"error":"","level":"error","message":"Telegram请求失败","method":"getUpdates","service":"nas-bot","timestamp":"2026-05-26 11:24:15"}
{"error":"","level":"error","message":"Telegram请求失败","method":"getUpdates","service":"nas-bot","timestamp":"2026-05-26 11:24:16"}
{"error":"","level":"error","message":"Telegram请求失败","method":"getUpdates","service":"nas-bot","timestamp":"2026-05-26 11:24:18"}
{"error":"","level":"error","message":"Telegram请求失败","method":"getUpdates","service":"nas-bot","timestamp":"2026-05-26 11:24:19"}
{"error":"","level":"error","message":"Telegram请求失败","method":"getUpdates","service":"nas-bot","timestamp":"2026-05-26 11:24:20"}
{"error":"","level":"error","message":"Telegram请求失败","method":"getUpdates","service":"nas-bot","timestamp":"2026-05-26 11:24:21"}
{"error":"","level":"error","message":"Telegram请求失败","method":"getUpdates","service":"nas-bot","timestamp":"2026-05-26 11:24:23"}
{"error":"","level":"error","message":"Telegram请求失败","method":"getUpdates","service":"nas-bot","timestamp":"2026-05-26 11:24:24"}
{"error":"","level":"error","message":"Telegram请求失败","method":"getUpdates","service":"nas-bot","timestamp":"2026-05-26 11:24:25"}
{"error":"","level":"error","message":"Telegram请求失败","method":"getUpdates","service":"nas-bot","timestamp":"2026-05-26 11:24:26"}
{"error":"","level":"error","message":"Telegram请求失败","method":"getUpdates","service":"nas-bot","timestamp":"2026-05-26 11:24:28"}
{"error":"","level":"error","message":"Telegram请求失败","method":"getUpdates","service":"nas-bot","timestamp":"2026-05-26 11:24:29"}
{"error":"","level":"error","message":"Telegram请求失败","method":"getUpdates","service":"nas-bot","timestamp":"2026-05-26 11:24:30"}
{"error":"","level":"error","message":"Telegram请求失败","method":"getUpdates","service":"nas-bot","timestamp":"2026-05-26 11:24:31"}
{"error":"","level":"error","message":"Telegram请求失败","method":"getUpdates","service":"nas-bot","timestamp":"2026-05-26 11:24:33"}
{"error":"","level":"error","message":"Telegram请求失败","method":"getUpdates","service":"nas-bot","timestamp":"2026-05-26 11:24:34"}
{"error":"","level":"error","message":"Telegram请求失败","method":"getUpdates","service":"nas-bot","timestamp":"2026-05-26 11:24:35"}
{"error":"","level":"error","message":"Telegram请求失败","method":"getUpdates","service":"nas-bot","timestamp":"2026-05-26 11:24:36"}
{"error":"","level":"error","message":"Telegram请求失败","method":"getUpdates","service":"nas-bot","timestamp":"2026-05-26 11:24:38"}
{"error":"","level":"error","message":"Telegram请求失败","method":"getUpdates","service":"nas-bot","timestamp":"2026-05-26 11:24:39"}
{"error":"","level":"error","message":"Telegram请求失败","method":"getUpdates","service":"nas-bot","timestamp":"2026-05-26 11:24:40"}
{"error":"","level":"error","message":"Telegram请求失败","method":"getUpdates","service":"nas-bot","timestamp":"2026-05-26 11:24:41"}
{"error":"","level":"error","message":"Telegram请求失败","method":"getUpdates","service":"nas-bot","timestamp":"2026-05-26 11:24:43"}
{"error":"","level":"error","message":"Telegram请求失败","method":"getUpdates","service":"nas-bot","timestamp":"2026-05-26 11:24:44"}
{"error":"","level":"error","message":"Telegram请求失败","method":"getUpdates","service":"nas-bot","timestamp":"2026-05-26 11:24:45"}
{"error":"","level":"error","message":"Telegram请求失败","method":"getUpdates","service":"nas-bot","timestamp":"2026-05-26 11:24:46"}
{"level":"info","message":"收到信号 SIGTERM，正在关闭...","service":"nas-bot","timestamp":"2026-05-26 11:37:05"}
{"level":"info","message":"IOC容器构建完成","service":"nas-bot","timestamp":"2026-05-26 11:39:11"}
{"level":"info","message":"定时调度器启动","service":"nas-bot","summaryTime":"15:35","timestamp":"2026-05-26 11:39:11","weatherCheck":"15:00 ~ 21:00 毎時"}
{"level":"info","message":"Bot启动","service":"nas-bot","timestamp":"2026-05-26 11:39:11"}
{"level":"info","message":"NAS Bot 已启动 🚀","service":"nas-bot","timestamp":"2026-05-26 11:39:11"}
{"error":"","level":"error","message":"Telegram请求失败","method":"getUpdates","service":"nas-bot","timestamp":"2026-05-26 11:39:11"}
{"error":"","level":"error","message":"Telegram请求失败","method":"getUpdates","service":"nas-bot","timestamp":"2026-05-26 11:39:13"}
{"count":12,"level":"info","message":"Dashboard按钮已加载","service":"nas-bot","timestamp":"2026-05-26 11:39:13"}
{"level":"info","message":"Dashboard按钮加载完成，重建键盘","service":"nas-bot","timestamp":"2026-05-26 11:39:13"}
{"error":"","level":"error","message":"Telegram请求失败","method":"getUpdates","service":"nas-bot","timestamp":"2026-05-26 11:39:14"}
{"error":"","level":"error","message":"Telegram请求失败","method":"getUpdates","service":"nas-bot","timestamp":"2026-05-26 11:39:15"}
{"error":"","level":"error","message":"Telegram请求失败","method":"getUpdates","service":"nas-bot","timestamp":"2026-05-26 11:39:16"}
{"error":"","level":"error","message":"Telegram请求失败","method":"getUpdates","service":"nas-bot","timestamp":"2026-05-26 11:39:18"}
{"error":"","level":"error","message":"Telegram请求失败","method":"getUpdates","service":"nas-bot","timestamp":"2026-05-26 11:39:19"}
{"error":"","level":"error","message":"Telegram请求失败","method":"getUpdates","service":"nas-bot","timestamp":"2026-05-26 11:39:20"}
{"error":"","level":"error","message":"Telegram请求失败","method":"getUpdates","service":"nas-bot","timestamp":"2026-05-26 11:39:21"}
{"error":"","level":"error","message":"Telegram请求失败","method":"getUpdates","service":"nas-bot","timestamp":"2026-05-26 11:39:23"}
{"error":"","level":"error","message":"Telegram请求失败","method":"getUpdates","service":"nas-bot","timestamp":"2026-05-26 11:39:24"}
{"error":"","level":"error","message":"Telegram请求失败","method":"getUpdates","service":"nas-bot","timestamp":"2026-05-26 11:39:25"}
{"error":"","level":"error","message":"Telegram请求失败","method":"getUpdates","service":"nas-bot","timestamp":"2026-05-26 11:39:26"}
{"error":"","level":"error","message":"Telegram请求失败","method":"getUpdates","service":"nas-bot","timestamp":"2026-05-26 11:39:28"}
{"error":"","level":"error","message":"Telegram请求失败","method":"getUpdates","service":"nas-bot","timestamp":"2026-05-26 11:39:29"}
{"error":"","level":"error","message":"Telegram请求失败","method":"getUpdates","service":"nas-bot","timestamp":"2026-05-26 11:39:30"}
{"error":"","level":"error","message":"Telegram请求失败","method":"getUpdates","service":"nas-bot","timestamp":"2026-05-26 11:39:32"}
{"error":"","level":"error","message":"Telegram请求失败","method":"getUpdates","service":"nas-bot","timestamp":"2026-05-26 11:39:33"}
{"error":"","level":"error","message":"Telegram请求失败","method":"getUpdates","service":"nas-bot","timestamp":"2026-05-26 11:39:34"}
{"error":"","level":"error","message":"Telegram请求失败","method":"getUpdates","service":"nas-bot","timestamp":"2026-05-26 11:39:35"}
{"error":"","level":"error","message":"Telegram请求失败","method":"getUpdates","service":"nas-bot","timestamp":"2026-05-26 11:39:37"}
{"error":"","level":"error","message":"Telegram请求失败","method":"getUpdates","service":"nas-bot","timestamp":"2026-05-26 11:39:38"}
{"error":"","level":"error","message":"Telegram请求失败","method":"getUpdates","service":"nas-bot","timestamp":"2026-05-26 11:39:39"}
{"error":"","level":"error","message":"Telegram请求失败","method":"getUpdates","service":"nas-bot","timestamp":"2026-05-26 11:39:40"}
{"error":"","level":"error","message":"Telegram请求失败","method":"getUpdates","service":"nas-bot","timestamp":"2026-05-26 11:39:42"}
{"error":"","level":"error","message":"Telegram请求失败","method":"getUpdates","service":"nas-bot","timestamp":"2026-05-26 11:39:43"}
{"error":"","level":"error","message":"Telegram请求失败","method":"getUpdates","service":"nas-bot","timestamp":"2026-05-26 11:39:44"}
{"error":"","level":"error","message":"Telegram请求失败","method":"getUpdates","service":"nas-bot","timestamp":"2026-05-26 11:39:45"}
{"error":"","level":"error","message":"Telegram请求失败","method":"getUpdates","service":"nas-bot","timestamp":"2026-05-26 11:39:47"}
{"error":"","level":"error","message":"Telegram请求失败","method":"getUpdates","service":"nas-bot","timestamp":"2026-05-26 11:39:48"}
{"error":"","level":"error","message":"Telegram请求失败","method":"getUpdates","service":"nas-bot","timestamp":"2026-05-26 11:39:49"}
{"error":"","level":"error","message":"Telegram请求失败","method":"getUpdates","service":"nas-bot","timestamp":"2026-05-26 11:39:50"}
{"error":"","level":"error","message":"Telegram请求失败","method":"getUpdates","service":"nas-bot","timestamp":"2026-05-26 11:39:52"}
{"error":"","level":"error","message":"Telegram请求失败","method":"getUpdates","service":"nas-bot","timestamp":"2026-05-26 11:39:53"}
{"error":"","level":"error","message":"Telegram请求失败","method":"getUpdates","service":"nas-bot","timestamp":"2026-05-26 11:39:54"}
{"error":"","level":"error","message":"Telegram请求失败","method":"getUpdates","service":"nas-bot","timestamp":"2026-05-26 11:39:55"}
{"error":"","level":"error","message":"Telegram请求失败","method":"getUpdates","service":"nas-bot","timestamp":"2026-05-26 11:39:57"}
{"error":"","level":"error","message":"Telegram请求失败","method":"getUpdates","service":"nas-bot","timestamp":"2026-05-26 11:39:58"}
{"error":"","level":"error","message":"Telegram请求失败","method":"getUpdates","service":"nas-bot","timestamp":"2026-05-26 11:39:59"}
{"error":"","level":"error","message":"Telegram请求失败","method":"getUpdates","service":"nas-bot","timestamp":"2026-05-26 11:40:00"}
{"error":"","level":"error","message":"Telegram请求失败","method":"getUpdates","service":"nas-bot","timestamp":"2026-05-26 11:40:02"}
{"error":"","level":"error","message":"Telegram请求失败","method":"getUpdates","service":"nas-bot","timestamp":"2026-05-26 11:40:03"}
{"error":"","level":"error","message":"Telegram请求失败","method":"getUpdates","service":"nas-bot","timestamp":"2026-05-26 11:40:04"}
{"error":"","level":"error","message":"Telegram请求失败","method":"getUpdates","service":"nas-bot","timestamp":"2026-05-26 11:40:05"}
{"error":"","level":"error","message":"Telegram请求失败","method":"getUpdates","service":"nas-bot","timestamp":"2026-05-26 11:40:07"}
{"error":"","level":"error","message":"Telegram请求失败","method":"getUpdates","service":"nas-bot","timestamp":"2026-05-26 11:40:08"}
{"error":"","level":"error","message":"Telegram请求失败","method":"getUpdates","service":"nas-bot","timestamp":"2026-05-26 11:40:09"}
{"error":"","level":"error","message":"Telegram请求失败","method":"getUpdates","service":"nas-bot","timestamp":"2026-05-26 11:40:10"}
{"error":"","level":"error","message":"Telegram请求失败","method":"getUpdates","service":"nas-bot","timestamp":"2026-05-26 11:40:12"}
{"error":"","level":"error","message":"Telegram请求失败","method":"getUpdates","service":"nas-bot","timestamp":"2026-05-26 11:40:13"}
{"error":"","level":"error","message":"Telegram请求失败","method":"getUpdates","service":"nas-bot","timestamp":"2026-05-26 11:40:14"}
{"error":"","level":"error","message":"Telegram请求失败","method":"getUpdates","service":"nas-bot","timestamp":"2026-05-26 11:40:15"}
{"error":"","level":"error","message":"Telegram请求失败","method":"getUpdates","service":"nas-bot","timestamp":"2026-05-26 11:40:17"}
{"error":"","level":"error","message":"Telegram请求失败","method":"getUpdates","service":"nas-bot","timestamp":"2026-05-26 11:40:18"}
{"error":"","level":"error","message":"Telegram请求失败","method":"getUpdates","service":"nas-bot","timestamp":"2026-05-26 11:40:19"}
{"error":"","level":"error","message":"Telegram请求失败","method":"getUpdates","service":"nas-bot","timestamp":"2026-05-26 11:40:20"}
{"error":"","level":"error","message":"Telegram请求失败","method":"getUpdates","service":"nas-bot","timestamp":"2026-05-26 11:40:22"}
{"error":"","level":"error","message":"Telegram请求失败","method":"getUpdates","service":"nas-bot","timestamp":"2026-05-26 11:40:23"}
{"error":"","level":"error","message":"Telegram请求失败","method":"getUpdates","service":"nas-bot","timestamp":"2026-05-26 11:40:24"}
{"error":"","level":"error","message":"Telegram请求失败","method":"getUpdates","service":"nas-bot","timestamp":"2026-05-26 11:40:26"}
{"error":"","level":"error","message":"Telegram请求失败","method":"getUpdates","service":"nas-bot","timestamp":"2026-05-26 11:40:27"}
{"error":"","level":"error","message":"Telegram请求失败","method":"getUpdates","service":"nas-bot","timestamp":"2026-05-26 11:40:28"}
{"error":"","level":"error","message":"Telegram请求失败","method":"getUpdates","service":"nas-bot","timestamp":"2026-05-26 11:40:29"}
{"error":"","level":"error","message":"Telegram请求失败","method":"getUpdates","service":"nas-bot","timestamp":"2026-05-26 11:40:31"}
{"error":"","level":"error","message":"Telegram请求失败","method":"getUpdates","service":"nas-bot","timestamp":"2026-05-26 11:40:32"}
{"error":"","level":"error","message":"Telegram请求失败","method":"getUpdates","service":"nas-bot","timestamp":"2026-05-26 11:40:33"}
{"error":"","level":"error","message":"Telegram请求失败","method":"getUpdates","service":"nas-bot","timestamp":"2026-05-26 11:40:34"}
{"error":"","level":"error","message":"Telegram请求失败","method":"getUpdates","service":"nas-bot","timestamp":"2026-05-26 11:40:36"}
{"error":"","level":"error","message":"Telegram请求失败","method":"getUpdates","service":"nas-bot","timestamp":"2026-05-26 11:40:37"}
{"error":"","level":"error","message":"Telegram请求失败","method":"getUpdates","service":"nas-bot","timestamp":"2026-05-26 11:40:38"}
{"error":"","level":"error","message":"Telegram请求失败","method":"getUpdates","service":"nas-bot","timestamp":"2026-05-26 11:40:39"}
{"error":"","level":"error","message":"Telegram请求失败","method":"getUpdates","service":"nas-bot","timestamp":"2026-05-26 11:40:41"}
{"error":"","level":"error","message":"Telegram请求失败","method":"getUpdates","service":"nas-bot","timestamp":"2026-05-26 11:40:42"}
{"error":"","level":"error","message":"Telegram请求失败","method":"getUpdates","service":"nas-bot","timestamp":"2026-05-26 11:40:43"}
{"error":"","level":"error","message":"Telegram请求失败","method":"getUpdates","service":"nas-bot","timestamp":"2026-05-26 11:40:44"}
{"error":"","level":"error","message":"Telegram请求失败","method":"getUpdates","service":"nas-bot","timestamp":"2026-05-26 11:40:46"}
{"error":"","level":"error","message":"Telegram请求失败","method":"getUpdates","service":"nas-bot","timestamp":"2026-05-26 11:40:47"}
{"error":"","level":"error","message":"Telegram请求失败","method":"getUpdates","service":"nas-bot","timestamp":"2026-05-26 11:40:48"}
{"error":"","level":"error","message":"Telegram请求失败","method":"getUpdates","service":"nas-bot","timestamp":"2026-05-26 11:40:49"}
{"error":"","level":"error","message":"Telegram请求失败","method":"getUpdates","service":"nas-bot","timestamp":"2026-05-26 11:40:51"}
{"error":"","level":"error","message":"Telegram请求失败","method":"getUpdates","service":"nas-bot","timestamp":"2026-05-26 11:40:52"}
{"error":"","level":"error","message":"Telegram请求失败","method":"getUpdates","service":"nas-bot","timestamp":"2026-05-26 11:40:53"}
{"error":"","level":"error","message":"Telegram请求失败","method":"getUpdates","service":"nas-bot","timestamp":"2026-05-26 11:40:54"}
{"error":"","level":"error","message":"Telegram请求失败","method":"getUpdates","service":"nas-bot","timestamp":"2026-05-26 11:40:56"}
{"error":"","level":"error","message":"Telegram请求失败","method":"getUpdates","service":"nas-bot","timestamp":"2026-05-26 11:40:57"}
{"error":"","level":"error","message":"Telegram请求失败","method":"getUpdates","service":"nas-bot","timestamp":"2026-05-26 11:40:58"}
{"error":"","level":"error","message":"Telegram请求失败","method":"getUpdates","service":"nas-bot","timestamp":"2026-05-26 11:40:59"}
{"error":"","level":"error","message":"Telegram请求失败","method":"getUpdates","service":"nas-bot","timestamp":"2026-05-26 11:41:01"}
{"error":"","level":"error","message":"Telegram请求失败","method":"getUpdates","service":"nas-bot","timestamp":"2026-05-26 11:41:02"}
{"error":"","level":"error","message":"Telegram请求失败","method":"getUpdates","service":"nas-bot","timestamp":"2026-05-26 11:41:03"}
{"error":"","level":"error","message":"Telegram请求失败","method":"getUpdates","service":"nas-bot","timestamp":"2026-05-26 11:41:04"}
{"error":"","level":"error","message":"Telegram请求失败","method":"getUpdates","service":"nas-bot","timestamp":"2026-05-26 11:41:06"}
{"error":"","level":"error","message":"Telegram请求失败","method":"getUpdates","service":"nas-bot","timestamp":"2026-05-26 11:41:07"}
{"error":"","level":"error","message":"Telegram请求失败","method":"getUpdates","service":"nas-bot","timestamp":"2026-05-26 11:41:08"}
{"error":"","level":"error","message":"Telegram请求失败","method":"getUpdates","service":"nas-bot","timestamp":"2026-05-26 11:41:09"}
{"error":"","level":"error","message":"Telegram请求失败","method":"getUpdates","service":"nas-bot","timestamp":"2026-05-26 11:41:11"}
{"error":"","level":"error","message":"Telegram请求失败","method":"getUpdates","service":"nas-bot","timestamp":"2026-05-26 11:41:12"}
{"error":"","level":"error","message":"Telegram请求失败","method":"getUpdates","service":"nas-bot","timestamp":"2026-05-26 11:41:13"}
{"error":"","level":"error","message":"Telegram请求失败","method":"getUpdates","service":"nas-bot","timestamp":"2026-05-26 11:41:14"}
{"error":"","level":"error","message":"Telegram请求失败","method":"getUpdates","service":"nas-bot","timestamp":"2026-05-26 11:41:16"}
{"error":"","level":"error","message":"Telegram请求失败","method":"getUpdates","service":"nas-bot","timestamp":"2026-05-26 11:41:17"}
{"error":"","level":"error","message":"Telegram请求失败","method":"getUpdates","service":"nas-bot","timestamp":"2026-05-26 11:41:18"}
{"error":"","level":"error","message":"Telegram请求失败","method":"getUpdates","service":"nas-bot","timestamp":"2026-05-26 11:41:19"}
{"error":"","level":"error","message":"Telegram请求失败","method":"getUpdates","service":"nas-bot","timestamp":"2026-05-26 11:41:21"}
{"error":"","level":"error","message":"Telegram请求失败","method":"getUpdates","service":"nas-bot","timestamp":"2026-05-26 11:41:22"}
{"error":"","level":"error","message":"Telegram请求失败","method":"getUpdates","service":"nas-bot","timestamp":"2026-05-26 11:41:23"}
{"error":"","level":"error","message":"Telegram请求失败","method":"getUpdates","service":"nas-bot","timestamp":"2026-05-26 11:41:24"}
{"error":"","level":"error","message":"Telegram请求失败","method":"getUpdates","service":"nas-bot","timestamp":"2026-05-26 11:41:26"}
{"error":"","level":"error","message":"Telegram请求失败","method":"getUpdates","service":"nas-bot","timestamp":"2026-05-26 11:41:27"}
{"error":"","level":"error","message":"Telegram请求失败","method":"getUpdates","service":"nas-bot","timestamp":"2026-05-26 11:41:28"}
{"error":"","level":"error","message":"Telegram请求失败","method":"getUpdates","service":"nas-bot","timestamp":"2026-05-26 11:41:30"}
{"error":"","level":"error","message":"Telegram请求失败","method":"getUpdates","service":"nas-bot","timestamp":"2026-05-26 11:41:31"}
{"error":"","level":"error","message":"Telegram请求失败","method":"getUpdates","service":"nas-bot","timestamp":"2026-05-26 11:41:32"}
{"error":"","level":"error","message":"Telegram请求失败","method":"getUpdates","service":"nas-bot","timestamp":"2026-05-26 11:41:33"}
{"error":"","level":"error","message":"Telegram请求失败","method":"getUpdates","service":"nas-bot","timestamp":"2026-05-26 11:41:35"}
{"error":"","level":"error","message":"Telegram请求失败","method":"getUpdates","service":"nas-bot","timestamp":"2026-05-26 11:41:36"}
{"error":"","level":"error","message":"Telegram请求失败","method":"getUpdates","service":"nas-bot","timestamp":"2026-05-26 11:41:37"}
{"error":"","level":"error","message":"Telegram请求失败","method":"getUpdates","service":"nas-bot","timestamp":"2026-05-26 11:41:38"}
{"error":"","level":"error","message":"Telegram请求失败","method":"getUpdates","service":"nas-bot","timestamp":"2026-05-26 11:41:40"}
{"error":"","level":"error","message":"Telegram请求失败","method":"getUpdates","service":"nas-bot","timestamp":"2026-05-26 11:41:41"}
{"error":"","level":"error","message":"Telegram请求失败","method":"getUpdates","service":"nas-bot","timestamp":"2026-05-26 11:41:42"}
{"error":"","level":"error","message":"Telegram请求失败","method":"getUpdates","service":"nas-bot","timestamp":"2026-05-26 11:41:43"}
{"error":"","level":"error","message":"Telegram请求失败","method":"getUpdates","service":"nas-bot","timestamp":"2026-05-26 11:41:45"}
{"error":"","level":"error","message":"Telegram请求失败","method":"getUpdates","service":"nas-bot","timestamp":"2026-05-26 11:41:46"}
{"error":"","level":"error","message":"Telegram请求失败","method":"getUpdates","service":"nas-bot","timestamp":"2026-05-26 11:41:47"}
{"error":"","level":"error","message":"Telegram请求失败","method":"getUpdates","service":"nas-bot","timestamp":"2026-05-26 11:41:48"}
{"error":"","level":"error","message":"Telegram请求失败","method":"getUpdates","service":"nas-bot","timestamp":"2026-05-26 11:41:50"}
{"error":"","level":"error","message":"Telegram请求失败","method":"getUpdates","service":"nas-bot","timestamp":"2026-05-26 11:41:51"}
{"error":"","level":"error","message":"Telegram请求失败","method":"getUpdates","service":"nas-bot","timestamp":"2026-05-26 11:41:52"}
{"error":"","level":"error","message":"Telegram请求失败","method":"getUpdates","service":"nas-bot","timestamp":"2026-05-26 11:41:53"}
{"error":"","level":"error","message":"Telegram请求失败","method":"getUpdates","service":"nas-bot","timestamp":"2026-05-26 11:41:55"}
{"error":"","level":"error","message":"Telegram请求失败","method":"getUpdates","service":"nas-bot","timestamp":"2026-05-26 11:41:56"}
{"error":"","level":"error","message":"Telegram请求失败","method":"getUpdates","service":"nas-bot","timestamp":"2026-05-26 11:41:57"}
{"error":"","level":"error","message":"Telegram请求失败","method":"getUpdates","service":"nas-bot","timestamp":"2026-05-26 11:41:58"}
{"error":"","level":"error","message":"Telegram请求失败","method":"getUpdates","service":"nas-bot","timestamp":"2026-05-26 11:42:00"}
{"error":"","level":"error","message":"Telegram请求失败","method":"getUpdates","service":"nas-bot","timestamp":"2026-05-26 11:42:01"}
{"error":"","level":"error","message":"Telegram请求失败","method":"getUpdates","service":"nas-bot","timestamp":"2026-05-26 11:42:02"}
{"error":"","level":"error","message":"Telegram请求失败","method":"getUpdates","service":"nas-bot","timestamp":"2026-05-26 11:42:03"}
{"error":"","level":"error","message":"Telegram请求失败","method":"getUpdates","service":"nas-bot","timestamp":"2026-05-26 11:42:05"}
{"error":"","level":"error","message":"Telegram请求失败","method":"getUpdates","service":"nas-bot","timestamp":"2026-05-26 11:42:06"}
{"error":"","level":"error","message":"Telegram请求失败","method":"getUpdates","service":"nas-bot","timestamp":"2026-05-26 11:42:07"}
{"error":"","level":"error","message":"Telegram请求失败","method":"getUpdates","service":"nas-bot","timestamp":"2026-05-26 11:42:08"}
{"error":"","level":"error","message":"Telegram请求失败","method":"getUpdates","service":"nas-bot","timestamp":"2026-05-26 11:42:10"}
{"error":"","level":"error","message":"Telegram请求失败","method":"getUpdates","service":"nas-bot","timestamp":"2026-05-26 11:42:11"}
{"error":"","level":"error","message":"Telegram请求失败","method":"getUpdates","service":"nas-bot","timestamp":"2026-05-26 11:42:12"}
{"error":"","level":"error","message":"Telegram请求失败","method":"getUpdates","service":"nas-bot","timestamp":"2026-05-26 11:42:13"}
{"error":"","level":"error","message":"Telegram请求失败","method":"getUpdates","service":"nas-bot","timestamp":"2026-05-26 11:42:15"}
{"error":"","level":"error","message":"Telegram请求失败","method":"getUpdates","service":"nas-bot","timestamp":"2026-05-26 11:42:16"}
{"error":"","level":"error","message":"Telegram请求失败","method":"getUpdates","service":"nas-bot","timestamp":"2026-05-26 11:42:17"}
{"error":"","level":"error","message":"Telegram请求失败","method":"getUpdates","service":"nas-bot","timestamp":"2026-05-26 11:42:18"}
{"error":"","level":"error","message":"Telegram请求失败","method":"getUpdates","service":"nas-bot","timestamp":"2026-05-26 11:42:20"}
{"error":"","level":"error","message":"Telegram请求失败","method":"getUpdates","service":"nas-bot","timestamp":"2026-05-26 11:42:21"}
{"error":"","level":"error","message":"Telegram请求失败","method":"getUpdates","service":"nas-bot","timestamp":"2026-05-26 11:42:22"}
{"error":"","level":"error","message":"Telegram请求失败","method":"getUpdates","service":"nas-bot","timestamp":"2026-05-26 11:42:24"}
{"error":"","level":"error","message":"Telegram请求失败","method":"getUpdates","service":"nas-bot","timestamp":"2026-05-26 11:42:25"}
{"error":"","level":"error","message":"Telegram请求失败","method":"getUpdates","service":"nas-bot","timestamp":"2026-05-26 11:42:26"}
{"error":"","level":"error","message":"Telegram请求失败","method":"getUpdates","service":"nas-bot","timestamp":"2026-05-26 11:42:27"}
{"error":"","level":"error","message":"Telegram请求失败","method":"getUpdates","service":"nas-bot","timestamp":"2026-05-26 11:42:29"}
{"error":"","level":"error","message":"Telegram请求失败","method":"getUpdates","service":"nas-bot","timestamp":"2026-05-26 11:42:30"}
{"error":"","level":"error","message":"Telegram请求失败","method":"getUpdates","service":"nas-bot","timestamp":"2026-05-26 11:42:31"}
{"error":"","level":"error","message":"Telegram请求失败","method":"getUpdates","service":"nas-bot","timestamp":"2026-05-26 11:42:32"}
{"error":"","level":"error","message":"Telegram请求失败","method":"getUpdates","service":"nas-bot","timestamp":"2026-05-26 11:42:34"}
{"error":"","level":"error","message":"Telegram请求失败","method":"getUpdates","service":"nas-bot","timestamp":"2026-05-26 11:42:35"}
{"error":"","level":"error","message":"Telegram请求失败","method":"getUpdates","service":"nas-bot","timestamp":"2026-05-26 11:42:36"}
{"error":"","level":"error","message":"Telegram请求失败","method":"getUpdates","service":"nas-bot","timestamp":"2026-05-26 11:42:37"}
{"error":"","level":"error","message":"Telegram请求失败","method":"getUpdates","service":"nas-bot","timestamp":"2026-05-26 11:42:39"}
{"error":"","level":"error","message":"Telegram请求失败","method":"getUpdates","service":"nas-bot","timestamp":"2026-05-26 11:42:40"}
{"error":"","level":"error","message":"Telegram请求失败","method":"getUpdates","service":"nas-bot","timestamp":"2026-05-26 11:42:41"}
{"error":"","level":"error","message":"Telegram请求失败","method":"getUpdates","service":"nas-bot","timestamp":"2026-05-26 11:42:42"}
{"error":"","level":"error","message":"Telegram请求失败","method":"getUpdates","service":"nas-bot","timestamp":"2026-05-26 11:42:44"}
{"error":"","level":"error","message":"Telegram请求失败","method":"getUpdates","service":"nas-bot","timestamp":"2026-05-26 11:42:45"}
{"error":"","level":"error","message":"Telegram请求失败","method":"getUpdates","service":"nas-bot","timestamp":"2026-05-26 11:42:46"}
{"error":"","level":"error","message":"Telegram请求失败","method":"getUpdates","service":"nas-bot","timestamp":"2026-05-26 11:42:47"}
{"error":"","level":"error","message":"Telegram请求失败","method":"getUpdates","service":"nas-bot","timestamp":"2026-05-26 11:42:49"}
{"error":"","level":"error","message":"Telegram请求失败","method":"getUpdates","service":"nas-bot","timestamp":"2026-05-26 11:42:50"}
{"error":"","level":"error","message":"Telegram请求失败","method":"getUpdates","service":"nas-bot","timestamp":"2026-05-26 11:42:51"}
{"error":"","level":"error","message":"Telegram请求失败","method":"getUpdates","service":"nas-bot","timestamp":"2026-05-26 11:42:52"}
{"error":"","level":"error","message":"Telegram请求失败","method":"getUpdates","service":"nas-bot","timestamp":"2026-05-26 11:42:54"}
{"error":"","level":"error","message":"Telegram请求失败","method":"getUpdates","service":"nas-bot","timestamp":"2026-05-26 11:42:55"}
{"error":"","level":"error","message":"Telegram请求失败","method":"getUpdates","service":"nas-bot","timestamp":"2026-05-26 11:42:56"}
{"error":"","level":"error","message":"Telegram请求失败","method":"getUpdates","service":"nas-bot","timestamp":"2026-05-26 11:42:57"}
{"error":"","level":"error","message":"Telegram请求失败","method":"getUpdates","service":"nas-bot","timestamp":"2026-05-26 11:42:59"}
{"error":"","level":"error","message":"Telegram请求失败","method":"getUpdates","service":"nas-bot","timestamp":"2026-05-26 11:43:00"}
{"error":"","level":"error","message":"Telegram请求失败","method":"getUpdates","service":"nas-bot","timestamp":"2026-05-26 11:43:01"}
{"error":"","level":"error","message":"Telegram请求失败","method":"getUpdates","service":"nas-bot","timestamp":"2026-05-26 11:43:02"}
{"error":"","level":"error","message":"Telegram请求失败","method":"getUpdates","service":"nas-bot","timestamp":"2026-05-26 11:43:04"}
{"error":"","level":"error","message":"Telegram请求失败","method":"getUpdates","service":"nas-bot","timestamp":"2026-05-26 11:43:05"}
{"error":"","level":"error","message":"Telegram请求失败","method":"getUpdates","service":"nas-bot","timestamp":"2026-05-26 11:43:06"}
{"error":"","level":"error","message":"Telegram请求失败","method":"getUpdates","service":"nas-bot","timestamp":"2026-05-26 11:43:08"}
{"error":"","level":"error","message":"Telegram请求失败","method":"getUpdates","service":"nas-bot","timestamp":"2026-05-26 11:43:09"}
{"error":"","level":"error","message":"Telegram请求失败","method":"getUpdates","service":"nas-bot","timestamp":"2026-05-26 11:43:10"}
{"error":"","level":"error","message":"Telegram请求失败","method":"getUpdates","service":"nas-bot","timestamp":"2026-05-26 11:43:11"}
{"error":"","level":"error","message":"Telegram请求失败","method":"getUpdates","service":"nas-bot","timestamp":"2026-05-26 11:43:13"}
{"error":"","level":"error","message":"Telegram请求失败","method":"getUpdates","service":"nas-bot","timestamp":"2026-05-26 11:43:14"}
{"error":"","level":"error","message":"Telegram请求失败","method":"getUpdates","service":"nas-bot","timestamp":"2026-05-26 11:43:15"}
{"error":"","level":"error","message":"Telegram请求失败","method":"getUpdates","service":"nas-bot","timestamp":"2026-05-26 11:43:16"}
{"error":"","level":"error","message":"Telegram请求失败","method":"getUpdates","service":"nas-bot","timestamp":"2026-05-26 11:43:18"}
{"error":"","level":"error","message":"Telegram请求失败","method":"getUpdates","service":"nas-bot","timestamp":"2026-05-26 11:43:19"}
{"error":"","level":"error","message":"Telegram请求失败","method":"getUpdates","service":"nas-bot","timestamp":"2026-05-26 11:43:20"}
{"error":"","level":"error","message":"Telegram请求失败","method":"getUpdates","service":"nas-bot","timestamp":"2026-05-26 11:43:21"}
{"error":"","level":"error","message":"Telegram请求失败","method":"getUpdates","service":"nas-bot","timestamp":"2026-05-26 11:43:23"}
{"error":"","level":"error","message":"Telegram请求失败","method":"getUpdates","service":"nas-bot","timestamp":"2026-05-26 11:43:24"}
{"args":"","command":"/start","level":"info","message":"收到指令","service":"nas-bot","timestamp":"2026-05-26 11:45:57","userId":"6423823321"}
{"command":"/start","elapsed":471,"level":"info","message":"指令处理完成","service":"nas-bot","timestamp":"2026-05-26 11:45:58"}
{"args":"","command":"股票状态","level":"info","message":"收到指令","service":"nas-bot","timestamp":"2026-05-26 11:46:30","userId":"6423823321"}
{"error":"","level":"error","message":"Telegram请求失败","method":"getUpdates","service":"nas-bot","timestamp":"2026-05-26 11:46:31"}
{"command":"股票状态","elapsed":1429,"level":"info","message":"指令处理完成","service":"nas-bot","timestamp":"2026-05-26 11:46:31"}
{"args":"","command":"今日天气","level":"info","message":"收到指令","service":"nas-bot","timestamp":"2026-05-26 11:46:35","userId":"6423823321"}
{"error":"","level":"error","message":"Telegram请求失败","method":"getUpdates","service":"nas-bot","timestamp":"2026-05-26 11:46:36"}
{"command":"今日天气","elapsed":1372,"level":"info","message":"指令处理完成","service":"nas-bot","timestamp":"2026-05-26 11:46:36"}
{"args":"","command":"磁盘状态","level":"info","message":"收到指令","service":"nas-bot","timestamp":"2026-05-26 11:46:40","userId":"6423823321"}
{"command":"磁盘状态","elapsed":933,"level":"info","message":"指令处理完成","service":"nas-bot","timestamp":"2026-05-26 11:46:41"}
{"level":"info","message":"收到信号 SIGTERM，正在关闭...","service":"nas-bot","timestamp":"2026-05-26 12:05:38"}
{"level":"info","message":"IOC容器构建完成","service":"nas-bot","timestamp":"2026-05-26 12:05:39"}
{"level":"info","message":"定时调度器启动","service":"nas-bot","summaryTime":"15:35","timestamp":"2026-05-26 12:05:39","weatherCheck":"15:00 ~ 21:00 毎時"}
{"level":"info","message":"Bot启动","service":"nas-bot","timestamp":"2026-05-26 12:05:39"}
{"level":"info","message":"NAS Bot 已启动 🚀","service":"nas-bot","timestamp":"2026-05-26 12:05:40"}
{"error":"","level":"error","message":"Telegram请求失败","method":"getUpdates","service":"nas-bot","timestamp":"2026-05-26 12:05:40"}
{"error":"","level":"error","message":"Telegram请求失败","method":"getUpdates","service":"nas-bot","timestamp":"2026-05-26 12:05:41"}
{"count":12,"level":"info","message":"Dashboard按钮已加载","service":"nas-bot","timestamp":"2026-05-26 12:05:41"}
{"level":"info","message":"Dashboard按钮加载完成，重建键盘","service":"nas-bot","timestamp":"2026-05-26 12:05:41"}
{"error":"","level":"error","message":"Telegram请求失败","method":"getUpdates","service":"nas-bot","timestamp":"2026-05-26 12:05:42"}
{"error":"","level":"error","message":"Telegram请求失败","method":"getUpdates","service":"nas-bot","timestamp":"2026-05-26 12:05:44"}
{"error":"","level":"error","message":"Telegram请求失败","method":"getUpdates","service":"nas-bot","timestamp":"2026-05-26 12:05:45"}
{"error":"","level":"error","message":"Telegram请求失败","method":"getUpdates","service":"nas-bot","timestamp":"2026-05-26 12:05:46"}
{"error":"","level":"error","message":"Telegram请求失败","method":"getUpdates","service":"nas-bot","timestamp":"2026-05-26 12:05:47"}
{"error":"","level":"error","message":"Telegram请求失败","method":"getUpdates","service":"nas-bot","timestamp":"2026-05-26 12:05:49"}
{"error":"","level":"error","message":"Telegram请求失败","method":"getUpdates","service":"nas-bot","timestamp":"2026-05-26 12:05:50"}
{"error":"","level":"error","message":"Telegram请求失败","method":"getUpdates","service":"nas-bot","timestamp":"2026-05-26 12:05:51"}
{"error":"","level":"error","message":"Telegram请求失败","method":"getUpdates","service":"nas-bot","timestamp":"2026-05-26 12:05:52"}
{"error":"","level":"error","message":"Telegram请求失败","method":"getUpdates","service":"nas-bot","timestamp":"2026-05-26 12:05:54"}
{"error":"","level":"error","message":"Telegram请求失败","method":"getUpdates","service":"nas-bot","timestamp":"2026-05-26 12:05:55"}
{"error":"","level":"error","message":"Telegram请求失败","method":"getUpdates","service":"nas-bot","timestamp":"2026-05-26 12:05:56"}
{"error":"","level":"error","message":"Telegram请求失败","method":"getUpdates","service":"nas-bot","timestamp":"2026-05-26 12:05:57"}
{"error":"","level":"error","message":"Telegram请求失败","method":"getUpdates","service":"nas-bot","timestamp":"2026-05-26 12:05:59"}
{"error":"","level":"error","message":"Telegram请求失败","method":"getUpdates","service":"nas-bot","timestamp":"2026-05-26 12:06:00"}
{"error":"","level":"error","message":"Telegram请求失败","method":"getUpdates","service":"nas-bot","timestamp":"2026-05-26 12:06:01"}
{"error":"","level":"error","message":"Telegram请求失败","method":"getUpdates","service":"nas-bot","timestamp":"2026-05-26 12:06:02"}
{"error":"","level":"error","message":"Telegram请求失败","method":"getUpdates","service":"nas-bot","timestamp":"2026-05-26 12:06:04"}
{"error":"","level":"error","message":"Telegram请求失败","method":"getUpdates","service":"nas-bot","timestamp":"2026-05-26 12:06:05"}
{"error":"","level":"error","message":"Telegram请求失败","method":"getUpdates","service":"nas-bot","timestamp":"2026-05-26 12:06:06"}
{"error":"","level":"error","message":"Telegram请求失败","method":"getUpdates","service":"nas-bot","timestamp":"2026-05-26 12:06:07"}
{"error":"","level":"error","message":"Telegram请求失败","method":"getUpdates","service":"nas-bot","timestamp":"2026-05-26 12:06:09"}
{"error":"","level":"error","message":"Telegram请求失败","method":"getUpdates","service":"nas-bot","timestamp":"2026-05-26 12:06:10"}
{"error":"","level":"error","message":"Telegram请求失败","method":"getUpdates","service":"nas-bot","timestamp":"2026-05-26 12:06:11"}
{"error":"","level":"error","message":"Telegram请求失败","method":"getUpdates","service":"nas-bot","timestamp":"2026-05-26 12:06:12"}
{"error":"","level":"error","message":"Telegram请求失败","method":"getUpdates","service":"nas-bot","timestamp":"2026-05-26 12:06:14"}
{"error":"","level":"error","message":"Telegram请求失败","method":"getUpdates","service":"nas-bot","timestamp":"2026-05-26 12:06:15"}
{"error":"","level":"error","message":"Telegram请求失败","method":"getUpdates","service":"nas-bot","timestamp":"2026-05-26 12:06:16"}
{"error":"","level":"error","message":"Telegram请求失败","method":"getUpdates","service":"nas-bot","timestamp":"2026-05-26 12:06:17"}
{"error":"","level":"error","message":"Telegram请求失败","method":"getUpdates","service":"nas-bot","timestamp":"2026-05-26 12:06:19"}
{"error":"","level":"error","message":"Telegram请求失败","method":"getUpdates","service":"nas-bot","timestamp":"2026-05-26 12:06:20"}
{"error":"","level":"error","message":"Telegram请求失败","method":"getUpdates","service":"nas-bot","timestamp":"2026-05-26 12:06:21"}
{"error":"","level":"error","message":"Telegram请求失败","method":"getUpdates","service":"nas-bot","timestamp":"2026-05-26 12:06:22"}
{"error":"","level":"error","message":"Telegram请求失败","method":"getUpdates","service":"nas-bot","timestamp":"2026-05-26 12:06:24"}
{"error":"","level":"error","message":"Telegram请求失败","method":"getUpdates","service":"nas-bot","timestamp":"2026-05-26 12:06:25"}
{"error":"","level":"error","message":"Telegram请求失败","method":"getUpdates","service":"nas-bot","timestamp":"2026-05-26 12:06:26"}
{"error":"","level":"error","message":"Telegram请求失败","method":"getUpdates","service":"nas-bot","timestamp":"2026-05-26 12:06:27"}
{"error":"","level":"error","message":"Telegram请求失败","method":"getUpdates","service":"nas-bot","timestamp":"2026-05-26 12:06:29"}
{"error":"","level":"error","message":"Telegram请求失败","method":"getUpdates","service":"nas-bot","timestamp":"2026-05-26 12:06:30"}
{"error":"","level":"error","message":"Telegram请求失败","method":"getUpdates","service":"nas-bot","timestamp":"2026-05-26 12:06:31"}
{"error":"","level":"error","message":"Telegram请求失败","method":"getUpdates","service":"nas-bot","timestamp":"2026-05-26 12:06:33"}
{"error":"","level":"error","message":"Telegram请求失败","method":"getUpdates","service":"nas-bot","timestamp":"2026-05-26 12:06:34"}
{"error":"","level":"error","message":"Telegram请求失败","method":"getUpdates","service":"nas-bot","timestamp":"2026-05-26 12:06:35"}
{"error":"","level":"error","message":"Telegram请求失败","method":"getUpdates","service":"nas-bot","timestamp":"2026-05-26 12:06:36"}
{"error":"","level":"error","message":"Telegram请求失败","method":"getUpdates","service":"nas-bot","timestamp":"2026-05-26 12:06:38"}
{"error":"","level":"error","message":"Telegram请求失败","method":"getUpdates","service":"nas-bot","timestamp":"2026-05-26 12:06:39"}
{"error":"","level":"error","message":"Telegram请求失败","method":"getUpdates","service":"nas-bot","timestamp":"2026-05-26 12:06:40"}
{"error":"","level":"error","message":"Telegram请求失败","method":"getUpdates","service":"nas-bot","timestamp":"2026-05-26 12:06:41"}
{"error":"","level":"error","message":"Telegram请求失败","method":"getUpdates","service":"nas-bot","timestamp":"2026-05-26 12:06:43"}
{"error":"","level":"error","message":"Telegram请求失败","method":"getUpdates","service":"nas-bot","timestamp":"2026-05-26 12:06:44"}
{"error":"","level":"error","message":"Telegram请求失败","method":"getUpdates","service":"nas-bot","timestamp":"2026-05-26 12:06:45"}
{"error":"","level":"error","message":"Telegram请求失败","method":"getUpdates","service":"nas-bot","timestamp":"2026-05-26 12:06:46"}
{"error":"","level":"error","message":"Telegram请求失败","method":"getUpdates","service":"nas-bot","timestamp":"2026-05-26 12:06:48"}
{"error":"","level":"error","message":"Telegram请求失败","method":"getUpdates","service":"nas-bot","timestamp":"2026-05-26 12:06:49"}
{"error":"","level":"error","message":"Telegram请求失败","method":"getUpdates","service":"nas-bot","timestamp":"2026-05-26 12:06:50"}
{"error":"","level":"error","message":"Telegram请求失败","method":"getUpdates","service":"nas-bot","timestamp":"2026-05-26 12:06:51"}
{"error":"","level":"error","message":"Telegram请求失败","method":"getUpdates","service":"nas-bot","timestamp":"2026-05-26 12:06:53"}
{"error":"","level":"error","message":"Telegram请求失败","method":"getUpdates","service":"nas-bot","timestamp":"2026-05-26 12:06:54"}
{"error":"","level":"error","message":"Telegram请求失败","method":"getUpdates","service":"nas-bot","timestamp":"2026-05-26 12:06:55"}
{"error":"","level":"error","message":"Telegram请求失败","method":"getUpdates","service":"nas-bot","timestamp":"2026-05-26 12:06:56"}
{"error":"","level":"error","message":"Telegram请求失败","method":"getUpdates","service":"nas-bot","timestamp":"2026-05-26 12:06:58"}
{"error":"","level":"error","message":"Telegram请求失败","method":"getUpdates","service":"nas-bot","timestamp":"2026-05-26 12:06:59"}
{"error":"","level":"error","message":"Telegram请求失败","method":"getUpdates","service":"nas-bot","timestamp":"2026-05-26 12:07:00"}
{"error":"","level":"error","message":"Telegram请求失败","method":"getUpdates","service":"nas-bot","timestamp":"2026-05-26 12:07:01"}
{"error":"","level":"error","message":"Telegram请求失败","method":"getUpdates","service":"nas-bot","timestamp":"2026-05-26 12:07:03"}
{"error":"","level":"error","message":"Telegram请求失败","method":"getUpdates","service":"nas-bot","timestamp":"2026-05-26 12:07:04"}
{"error":"","level":"error","message":"Telegram请求失败","method":"getUpdates","service":"nas-bot","timestamp":"2026-05-26 12:07:05"}
{"error":"","level":"error","message":"Telegram请求失败","method":"getUpdates","service":"nas-bot","timestamp":"2026-05-26 12:07:06"}
{"error":"","level":"error","message":"Telegram请求失败","method":"getUpdates","service":"nas-bot","timestamp":"2026-05-26 12:07:08"}
{"error":"","level":"error","message":"Telegram请求失败","method":"getUpdates","service":"nas-bot","timestamp":"2026-05-26 12:07:09"}
{"error":"","level":"error","message":"Telegram请求失败","method":"getUpdates","service":"nas-bot","timestamp":"2026-05-26 12:07:10"}
{"error":"","level":"error","message":"Telegram请求失败","method":"getUpdates","service":"nas-bot","timestamp":"2026-05-26 12:07:12"}
{"error":"","level":"error","message":"Telegram请求失败","method":"getUpdates","service":"nas-bot","timestamp":"2026-05-26 12:07:13"}
{"error":"","level":"error","message":"Telegram请求失败","method":"getUpdates","service":"nas-bot","timestamp":"2026-05-26 12:07:14"}
{"error":"","level":"error","message":"Telegram请求失败","method":"getUpdates","service":"nas-bot","timestamp":"2026-05-26 12:07:15"}
{"error":"","level":"error","message":"Telegram请求失败","method":"getUpdates","service":"nas-bot","timestamp":"2026-05-26 12:07:17"}
{"error":"","level":"error","message":"Telegram请求失败","method":"getUpdates","service":"nas-bot","timestamp":"2026-05-26 12:07:18"}
{"error":"","level":"error","message":"Telegram请求失败","method":"getUpdates","service":"nas-bot","timestamp":"2026-05-26 12:07:19"}
{"error":"","level":"error","message":"Telegram请求失败","method":"getUpdates","service":"nas-bot","timestamp":"2026-05-26 12:07:20"}
{"error":"","level":"error","message":"Telegram请求失败","method":"getUpdates","service":"nas-bot","timestamp":"2026-05-26 12:07:22"}
{"error":"","level":"error","message":"Telegram请求失败","method":"getUpdates","service":"nas-bot","timestamp":"2026-05-26 12:07:23"}
{"error":"","level":"error","message":"Telegram请求失败","method":"getUpdates","service":"nas-bot","timestamp":"2026-05-26 12:07:24"}
{"error":"","level":"error","message":"Telegram请求失败","method":"getUpdates","service":"nas-bot","timestamp":"2026-05-26 12:07:25"}
{"error":"","level":"error","message":"Telegram请求失败","method":"getUpdates","service":"nas-bot","timestamp":"2026-05-26 12:07:27"}
{"error":"","level":"error","message":"Telegram请求失败","method":"getUpdates","service":"nas-bot","timestamp":"2026-05-26 12:07:28"}
{"error":"","level":"error","message":"Telegram请求失败","method":"getUpdates","service":"nas-bot","timestamp":"2026-05-26 12:07:29"}
{"error":"","level":"error","message":"Telegram请求失败","method":"getUpdates","service":"nas-bot","timestamp":"2026-05-26 12:07:30"}
{"error":"","level":"error","message":"Telegram请求失败","method":"getUpdates","service":"nas-bot","timestamp":"2026-05-26 12:07:32"}
{"error":"","level":"error","message":"Telegram请求失败","method":"getUpdates","service":"nas-bot","timestamp":"2026-05-26 12:07:33"}
{"error":"","level":"error","message":"Telegram请求失败","method":"getUpdates","service":"nas-bot","timestamp":"2026-05-26 12:07:34"}
{"error":"","level":"error","message":"Telegram请求失败","method":"getUpdates","service":"nas-bot","timestamp":"2026-05-26 12:07:35"}
{"error":"","level":"error","message":"Telegram请求失败","method":"getUpdates","service":"nas-bot","timestamp":"2026-05-26 12:07:37"}
{"error":"","level":"error","message":"Telegram请求失败","method":"getUpdates","service":"nas-bot","timestamp":"2026-05-26 12:07:38"}
{"error":"","level":"error","message":"Telegram请求失败","method":"getUpdates","service":"nas-bot","timestamp":"2026-05-26 12:07:39"}
{"error":"","level":"error","message":"Telegram请求失败","method":"getUpdates","service":"nas-bot","timestamp":"2026-05-26 12:07:40"}
{"error":"","level":"error","message":"Telegram请求失败","method":"getUpdates","service":"nas-bot","timestamp":"2026-05-26 12:07:42"}
{"error":"","level":"error","message":"Telegram请求失败","method":"getUpdates","service":"nas-bot","timestamp":"2026-05-26 12:07:43"}
{"error":"","level":"error","message":"Telegram请求失败","method":"getUpdates","service":"nas-bot","timestamp":"2026-05-26 12:07:44"}
{"error":"","level":"error","message":"Telegram请求失败","method":"getUpdates","service":"nas-bot","timestamp":"2026-05-26 12:07:45"}
{"error":"","level":"error","message":"Telegram请求失败","method":"getUpdates","service":"nas-bot","timestamp":"2026-05-26 12:07:47"}
{"error":"","level":"error","message":"Telegram请求失败","method":"getUpdates","service":"nas-bot","timestamp":"2026-05-26 12:07:48"}
{"error":"","level":"error","message":"Telegram请求失败","method":"getUpdates","service":"nas-bot","timestamp":"2026-05-26 12:07:49"}
{"error":"","level":"error","message":"Telegram请求失败","method":"getUpdates","service":"nas-bot","timestamp":"2026-05-26 12:07:50"}
{"error":"","level":"error","message":"Telegram请求失败","method":"getUpdates","service":"nas-bot","timestamp":"2026-05-26 12:07:52"}
{"error":"","level":"error","message":"Telegram请求失败","method":"getUpdates","service":"nas-bot","timestamp":"2026-05-26 12:07:53"}
{"error":"","level":"error","message":"Telegram请求失败","method":"getUpdates","service":"nas-bot","timestamp":"2026-05-26 12:07:54"}
{"error":"","level":"error","message":"Telegram请求失败","method":"getUpdates","service":"nas-bot","timestamp":"2026-05-26 12:07:55"}
{"error":"","level":"error","message":"Telegram请求失败","method":"getUpdates","service":"nas-bot","timestamp":"2026-05-26 12:07:57"}
{"error":"","level":"error","message":"Telegram请求失败","method":"getUpdates","service":"nas-bot","timestamp":"2026-05-26 12:07:58"}
{"error":"","level":"error","message":"Telegram请求失败","method":"getUpdates","service":"nas-bot","timestamp":"2026-05-26 12:07:59"}
{"error":"","level":"error","message":"Telegram请求失败","method":"getUpdates","service":"nas-bot","timestamp":"2026-05-26 12:08:00"}
{"error":"","level":"error","message":"Telegram请求失败","method":"getUpdates","service":"nas-bot","timestamp":"2026-05-26 12:08:02"}
{"error":"","level":"error","message":"Telegram请求失败","method":"getUpdates","service":"nas-bot","timestamp":"2026-05-26 12:08:03"}
{"error":"","level":"error","message":"Telegram请求失败","method":"getUpdates","service":"nas-bot","timestamp":"2026-05-26 12:08:04"}
{"error":"","level":"error","message":"Telegram请求失败","method":"getUpdates","service":"nas-bot","timestamp":"2026-05-26 12:08:06"}
{"error":"","level":"error","message":"Telegram请求失败","method":"getUpdates","service":"nas-bot","timestamp":"2026-05-26 12:08:07"}
{"error":"","level":"error","message":"Telegram请求失败","method":"getUpdates","service":"nas-bot","timestamp":"2026-05-26 12:08:08"}
{"error":"","level":"error","message":"Telegram请求失败","method":"getUpdates","service":"nas-bot","timestamp":"2026-05-26 12:08:09"}
{"error":"","level":"error","message":"Telegram请求失败","method":"getUpdates","service":"nas-bot","timestamp":"2026-05-26 12:08:11"}
{"error":"","level":"error","message":"Telegram请求失败","method":"getUpdates","service":"nas-bot","timestamp":"2026-05-26 12:08:12"}
{"error":"","level":"error","message":"Telegram请求失败","method":"getUpdates","service":"nas-bot","timestamp":"2026-05-26 12:08:13"}
{"error":"","level":"error","message":"Telegram请求失败","method":"getUpdates","service":"nas-bot","timestamp":"2026-05-26 12:08:14"}
{"error":"","level":"error","message":"Telegram请求失败","method":"getUpdates","service":"nas-bot","timestamp":"2026-05-26 12:08:16"}
{"error":"","level":"error","message":"Telegram请求失败","method":"getUpdates","service":"nas-bot","timestamp":"2026-05-26 12:08:17"}
{"error":"","level":"error","message":"Telegram请求失败","method":"getUpdates","service":"nas-bot","timestamp":"2026-05-26 12:08:18"}
{"error":"","level":"error","message":"Telegram请求失败","method":"getUpdates","service":"nas-bot","timestamp":"2026-05-26 12:08:19"}
{"error":"","level":"error","message":"Telegram请求失败","method":"getUpdates","service":"nas-bot","timestamp":"2026-05-26 12:08:21"}
{"error":"","level":"error","message":"Telegram请求失败","method":"getUpdates","service":"nas-bot","timestamp":"2026-05-26 12:08:22"}
{"error":"","level":"error","message":"Telegram请求失败","method":"getUpdates","service":"nas-bot","timestamp":"2026-05-26 12:08:23"}
{"error":"","level":"error","message":"Telegram请求失败","method":"getUpdates","service":"nas-bot","timestamp":"2026-05-26 12:08:24"}
{"error":"","level":"error","message":"Telegram请求失败","method":"getUpdates","service":"nas-bot","timestamp":"2026-05-26 12:08:26"}
{"error":"","level":"error","message":"Telegram请求失败","method":"getUpdates","service":"nas-bot","timestamp":"2026-05-26 12:08:27"}
{"error":"","level":"error","message":"Telegram请求失败","method":"getUpdates","service":"nas-bot","timestamp":"2026-05-26 12:08:28"}
{"error":"","level":"error","message":"Telegram请求失败","method":"getUpdates","service":"nas-bot","timestamp":"2026-05-26 12:08:29"}
{"error":"","level":"error","message":"Telegram请求失败","method":"getUpdates","service":"nas-bot","timestamp":"2026-05-26 12:08:31"}
{"error":"","level":"error","message":"Telegram请求失败","method":"getUpdates","service":"nas-bot","timestamp":"2026-05-26 12:08:32"}
{"error":"","level":"error","message":"Telegram请求失败","method":"getUpdates","service":"nas-bot","timestamp":"2026-05-26 12:08:33"}
{"error":"","level":"error","message":"Telegram请求失败","method":"getUpdates","service":"nas-bot","timestamp":"2026-05-26 12:08:34"}
{"error":"","level":"error","message":"Telegram请求失败","method":"getUpdates","service":"nas-bot","timestamp":"2026-05-26 12:08:36"}
{"error":"","level":"error","message":"Telegram请求失败","method":"getUpdates","service":"nas-bot","timestamp":"2026-05-26 12:08:37"}
{"error":"","level":"error","message":"Telegram请求失败","method":"getUpdates","service":"nas-bot","timestamp":"2026-05-26 12:08:38"}
{"error":"","level":"error","message":"Telegram请求失败","method":"getUpdates","service":"nas-bot","timestamp":"2026-05-26 12:08:39"}
{"error":"","level":"error","message":"Telegram请求失败","method":"getUpdates","service":"nas-bot","timestamp":"2026-05-26 12:08:41"}
{"error":"","level":"error","message":"Telegram请求失败","method":"getUpdates","service":"nas-bot","timestamp":"2026-05-26 12:08:42"}
{"error":"","level":"error","message":"Telegram请求失败","method":"getUpdates","service":"nas-bot","timestamp":"2026-05-26 12:08:43"}
{"error":"","level":"error","message":"Telegram请求失败","method":"getUpdates","service":"nas-bot","timestamp":"2026-05-26 12:08:44"}
{"error":"","level":"error","message":"Telegram请求失败","method":"getUpdates","service":"nas-bot","timestamp":"2026-05-26 12:08:46"}
{"error":"","level":"error","message":"Telegram请求失败","method":"getUpdates","service":"nas-bot","timestamp":"2026-05-26 12:08:47"}
{"error":"","level":"error","message":"Telegram请求失败","method":"getUpdates","service":"nas-bot","timestamp":"2026-05-26 12:08:48"}
{"error":"","level":"error","message":"Telegram请求失败","method":"getUpdates","service":"nas-bot","timestamp":"2026-05-26 12:08:49"}
{"error":"","level":"error","message":"Telegram请求失败","method":"getUpdates","service":"nas-bot","timestamp":"2026-05-26 12:08:51"}
{"error":"","level":"error","message":"Telegram请求失败","method":"getUpdates","service":"nas-bot","timestamp":"2026-05-26 12:08:52"}
{"error":"","level":"error","message":"Telegram请求失败","method":"getUpdates","service":"nas-bot","timestamp":"2026-05-26 12:08:53"}
{"error":"","level":"error","message":"Telegram请求失败","method":"getUpdates","service":"nas-bot","timestamp":"2026-05-26 12:08:54"}
{"error":"","level":"error","message":"Telegram请求失败","method":"getUpdates","service":"nas-bot","timestamp":"2026-05-26 12:08:56"}
{"error":"","level":"error","message":"Telegram请求失败","method":"getUpdates","service":"nas-bot","timestamp":"2026-05-26 12:08:57"}
{"error":"","level":"error","message":"Telegram请求失败","method":"getUpdates","service":"nas-bot","timestamp":"2026-05-26 12:08:58"}
{"error":"","level":"error","message":"Telegram请求失败","method":"getUpdates","service":"nas-bot","timestamp":"2026-05-26 12:08:59"}
{"error":"","level":"error","message":"Telegram请求失败","method":"getUpdates","service":"nas-bot","timestamp":"2026-05-26 12:09:01"}
{"error":"","level":"error","message":"Telegram请求失败","method":"getUpdates","service":"nas-bot","timestamp":"2026-05-26 12:09:02"}
{"error":"","level":"error","message":"Telegram请求失败","method":"getUpdates","service":"nas-bot","timestamp":"2026-05-26 12:09:03"}
{"error":"","level":"error","message":"Telegram请求失败","method":"getUpdates","service":"nas-bot","timestamp":"2026-05-26 12:09:05"}
{"error":"","level":"error","message":"Telegram请求失败","method":"getUpdates","service":"nas-bot","timestamp":"2026-05-26 12:09:06"}
{"error":"","level":"error","message":"Telegram请求失败","method":"getUpdates","service":"nas-bot","timestamp":"2026-05-26 12:09:07"}
{"error":"","level":"error","message":"Telegram请求失败","method":"getUpdates","service":"nas-bot","timestamp":"2026-05-26 12:09:08"}
{"error":"","level":"error","message":"Telegram请求失败","method":"getUpdates","service":"nas-bot","timestamp":"2026-05-26 12:09:10"}
{"error":"","level":"error","message":"Telegram请求失败","method":"getUpdates","service":"nas-bot","timestamp":"2026-05-26 12:09:11"}
{"error":"","level":"error","message":"Telegram请求失败","method":"getUpdates","service":"nas-bot","timestamp":"2026-05-26 12:09:12"}
{"error":"","level":"error","message":"Telegram请求失败","method":"getUpdates","service":"nas-bot","timestamp":"2026-05-26 12:09:13"}
{"error":"","level":"error","message":"Telegram请求失败","method":"getUpdates","service":"nas-bot","timestamp":"2026-05-26 12:09:15"}
{"error":"","level":"error","message":"Telegram请求失败","method":"getUpdates","service":"nas-bot","timestamp":"2026-05-26 12:09:16"}
{"error":"","level":"error","message":"Telegram请求失败","method":"getUpdates","service":"nas-bot","timestamp":"2026-05-26 12:09:17"}
{"error":"","level":"error","message":"Telegram请求失败","method":"getUpdates","service":"nas-bot","timestamp":"2026-05-26 12:09:18"}
{"error":"","level":"error","message":"Telegram请求失败","method":"getUpdates","service":"nas-bot","timestamp":"2026-05-26 12:09:20"}
{"error":"","level":"error","message":"Telegram请求失败","method":"getUpdates","service":"nas-bot","timestamp":"2026-05-26 12:09:21"}
{"error":"","level":"error","message":"Telegram请求失败","method":"getUpdates","service":"nas-bot","timestamp":"2026-05-26 12:09:22"}
{"error":"","level":"error","message":"Telegram请求失败","method":"getUpdates","service":"nas-bot","timestamp":"2026-05-26 12:09:23"}
{"error":"","level":"error","message":"Telegram请求失败","method":"getUpdates","service":"nas-bot","timestamp":"2026-05-26 12:09:25"}
{"error":"","level":"error","message":"Telegram请求失败","method":"getUpdates","service":"nas-bot","timestamp":"2026-05-26 12:09:26"}
{"error":"","level":"error","message":"Telegram请求失败","method":"getUpdates","service":"nas-bot","timestamp":"2026-05-26 12:09:27"}
{"error":"","level":"error","message":"Telegram请求失败","method":"getUpdates","service":"nas-bot","timestamp":"2026-05-26 12:09:28"}
{"error":"","level":"error","message":"Telegram请求失败","method":"getUpdates","service":"nas-bot","timestamp":"2026-05-26 12:09:30"}
{"error":"","level":"error","message":"Telegram请求失败","method":"getUpdates","service":"nas-bot","timestamp":"2026-05-26 12:09:31"}
{"error":"","level":"error","message":"Telegram请求失败","method":"getUpdates","service":"nas-bot","timestamp":"2026-05-26 12:09:32"}
{"error":"","level":"error","message":"Telegram请求失败","method":"getUpdates","service":"nas-bot","timestamp":"2026-05-26 12:09:33"}
{"error":"","level":"error","message":"Telegram请求失败","method":"getUpdates","service":"nas-bot","timestamp":"2026-05-26 12:09:35"}
{"error":"","level":"error","message":"Telegram请求失败","method":"getUpdates","service":"nas-bot","timestamp":"2026-05-26 12:09:36"}
{"error":"","level":"error","message":"Telegram请求失败","method":"getUpdates","service":"nas-bot","timestamp":"2026-05-26 12:09:37"}
{"error":"","level":"error","message":"Telegram请求失败","method":"getUpdates","service":"nas-bot","timestamp":"2026-05-26 12:09:38"}
{"error":"","level":"error","message":"Telegram请求失败","method":"getUpdates","service":"nas-bot","timestamp":"2026-05-26 12:09:40"}
{"error":"","level":"error","message":"Telegram请求失败","method":"getUpdates","service":"nas-bot","timestamp":"2026-05-26 12:09:41"}
{"error":"","level":"error","message":"Telegram请求失败","method":"getUpdates","service":"nas-bot","timestamp":"2026-05-26 12:09:42"}
{"error":"","level":"error","message":"Telegram请求失败","method":"getUpdates","service":"nas-bot","timestamp":"2026-05-26 12:09:43"}
{"error":"","level":"error","message":"Telegram请求失败","method":"getUpdates","service":"nas-bot","timestamp":"2026-05-26 12:09:45"}
{"error":"","level":"error","message":"Telegram请求失败","method":"getUpdates","service":"nas-bot","timestamp":"2026-05-26 12:09:46"}
{"error":"","level":"error","message":"Telegram请求失败","method":"getUpdates","service":"nas-bot","timestamp":"2026-05-26 12:09:47"}
{"error":"","level":"error","message":"Telegram请求失败","method":"getUpdates","service":"nas-bot","timestamp":"2026-05-26 12:09:48"}
{"error":"","level":"error","message":"Telegram请求失败","method":"getUpdates","service":"nas-bot","timestamp":"2026-05-26 12:09:50"}
{"error":"","level":"error","message":"Telegram请求失败","method":"getUpdates","service":"nas-bot","timestamp":"2026-05-26 12:09:51"}
{"error":"","level":"error","message":"Telegram请求失败","method":"getUpdates","service":"nas-bot","timestamp":"2026-05-26 12:09:52"}
{"error":"","level":"error","message":"Telegram请求失败","method":"getUpdates","service":"nas-bot","timestamp":"2026-05-26 12:09:53"}
{"error":"","level":"error","message":"Telegram请求失败","method":"getUpdates","service":"nas-bot","timestamp":"2026-05-26 12:09:55"}
{"error":"","level":"error","message":"Telegram请求失败","method":"getUpdates","service":"nas-bot","timestamp":"2026-05-26 12:09:56"}
{"error":"","level":"error","message":"Telegram请求失败","method":"getUpdates","service":"nas-bot","timestamp":"2026-05-26 12:09:57"}
{"error":"","level":"error","message":"Telegram请求失败","method":"getUpdates","service":"nas-bot","timestamp":"2026-05-26 12:09:59"}
{"error":"","level":"error","message":"Telegram请求失败","method":"getUpdates","service":"nas-bot","timestamp":"2026-05-26 12:10:00"}
{"error":"","level":"error","message":"Telegram请求失败","method":"getUpdates","service":"nas-bot","timestamp":"2026-05-26 12:10:01"}
{"error":"","level":"error","message":"Telegram请求失败","method":"getUpdates","service":"nas-bot","timestamp":"2026-05-26 12:10:02"}
{"error":"","level":"error","message":"Telegram请求失败","method":"getUpdates","service":"nas-bot","timestamp":"2026-05-26 12:10:04"}
{"error":"","level":"error","message":"Telegram请求失败","method":"getUpdates","service":"nas-bot","timestamp":"2026-05-26 12:10:05"}
{"error":"","level":"error","message":"Telegram请求失败","method":"getUpdates","service":"nas-bot","timestamp":"2026-05-26 12:10:06"}
{"error":"","level":"error","message":"Telegram请求失败","method":"getUpdates","service":"nas-bot","timestamp":"2026-05-26 12:10:07"}
{"error":"","level":"error","message":"Telegram请求失败","method":"getUpdates","service":"nas-bot","timestamp":"2026-05-26 12:10:09"}
{"error":"","level":"error","message":"Telegram请求失败","method":"getUpdates","service":"nas-bot","timestamp":"2026-05-26 12:10:10"}
{"error":"","level":"error","message":"Telegram请求失败","method":"getUpdates","service":"nas-bot","timestamp":"2026-05-26 12:10:11"}
{"error":"","level":"error","message":"Telegram请求失败","method":"getUpdates","service":"nas-bot","timestamp":"2026-05-26 12:10:12"}
{"error":"","level":"error","message":"Telegram请求失败","method":"getUpdates","service":"nas-bot","timestamp":"2026-05-26 12:10:14"}
{"error":"","level":"error","message":"Telegram请求失败","method":"getUpdates","service":"nas-bot","timestamp":"2026-05-26 12:10:15"}
{"error":"","level":"error","message":"Telegram请求失败","method":"getUpdates","service":"nas-bot","timestamp":"2026-05-26 12:10:16"}
{"error":"","level":"error","message":"Telegram请求失败","method":"getUpdates","service":"nas-bot","timestamp":"2026-05-26 12:10:17"}
{"error":"","level":"error","message":"Telegram请求失败","method":"getUpdates","service":"nas-bot","timestamp":"2026-05-26 12:10:19"}
{"error":"","level":"error","message":"Telegram请求失败","method":"getUpdates","service":"nas-bot","timestamp":"2026-05-26 12:10:20"}
{"error":"","level":"error","message":"Telegram请求失败","method":"getUpdates","service":"nas-bot","timestamp":"2026-05-26 12:10:21"}
{"error":"","level":"error","message":"Telegram请求失败","method":"getUpdates","service":"nas-bot","timestamp":"2026-05-26 12:10:22"}
{"error":"","level":"error","message":"Telegram请求失败","method":"getUpdates","service":"nas-bot","timestamp":"2026-05-26 12:10:24"}
{"error":"","level":"error","message":"Telegram请求失败","method":"getUpdates","service":"nas-bot","timestamp":"2026-05-26 12:10:25"}
{"error":"","level":"error","message":"Telegram请求失败","method":"getUpdates","service":"nas-bot","timestamp":"2026-05-26 12:10:26"}
{"error":"","level":"error","message":"Telegram请求失败","method":"getUpdates","service":"nas-bot","timestamp":"2026-05-26 12:10:27"}
{"error":"","level":"error","message":"Telegram请求失败","method":"getUpdates","service":"nas-bot","timestamp":"2026-05-26 12:10:29"}
{"error":"","level":"error","message":"Telegram请求失败","method":"getUpdates","service":"nas-bot","timestamp":"2026-05-26 12:10:30"}
{"error":"","level":"error","message":"Telegram请求失败","method":"getUpdates","service":"nas-bot","timestamp":"2026-05-26 12:10:31"}
{"error":"","level":"error","message":"Telegram请求失败","method":"getUpdates","service":"nas-bot","timestamp":"2026-05-26 12:10:32"}
{"error":"","level":"error","message":"Telegram请求失败","method":"getUpdates","service":"nas-bot","timestamp":"2026-05-26 12:10:34"}
{"error":"","level":"error","message":"Telegram请求失败","method":"getUpdates","service":"nas-bot","timestamp":"2026-05-26 12:10:35"}
{"error":"","level":"error","message":"Telegram请求失败","method":"getUpdates","service":"nas-bot","timestamp":"2026-05-26 12:10:36"}
{"error":"","level":"error","message":"Telegram请求失败","method":"getUpdates","service":"nas-bot","timestamp":"2026-05-26 12:10:37"}
{"error":"","level":"error","message":"Telegram请求失败","method":"getUpdates","service":"nas-bot","timestamp":"2026-05-26 12:10:39"}
{"error":"","level":"error","message":"Telegram请求失败","method":"getUpdates","service":"nas-bot","timestamp":"2026-05-26 12:10:40"}
{"error":"","level":"error","message":"Telegram请求失败","method":"getUpdates","service":"nas-bot","timestamp":"2026-05-26 12:10:41"}
{"error":"","level":"error","message":"Telegram请求失败","method":"getUpdates","service":"nas-bot","timestamp":"2026-05-26 12:10:42"}
{"error":"","level":"error","message":"Telegram请求失败","method":"getUpdates","service":"nas-bot","timestamp":"2026-05-26 12:10:44"}
{"error":"","level":"error","message":"Telegram请求失败","method":"getUpdates","service":"nas-bot","timestamp":"2026-05-26 12:10:45"}
{"error":"","level":"error","message":"Telegram请求失败","method":"getUpdates","service":"nas-bot","timestamp":"2026-05-26 12:10:46"}
{"error":"","level":"error","message":"Telegram请求失败","method":"getUpdates","service":"nas-bot","timestamp":"2026-05-26 12:10:47"}
{"error":"","level":"error","message":"Telegram请求失败","method":"getUpdates","service":"nas-bot","timestamp":"2026-05-26 12:10:49"}
{"error":"","level":"error","message":"Telegram请求失败","method":"getUpdates","service":"nas-bot","timestamp":"2026-05-26 12:10:50"}
{"error":"","level":"error","message":"Telegram请求失败","method":"getUpdates","service":"nas-bot","timestamp":"2026-05-26 12:10:51"}
{"error":"","level":"error","message":"Telegram请求失败","method":"getUpdates","service":"nas-bot","timestamp":"2026-05-26 12:10:52"}
{"error":"","level":"error","message":"Telegram请求失败","method":"getUpdates","service":"nas-bot","timestamp":"2026-05-26 12:10:54"}
{"error":"","level":"error","message":"Telegram请求失败","method":"getUpdates","service":"nas-bot","timestamp":"2026-05-26 12:10:55"}
{"error":"","level":"error","message":"Telegram请求失败","method":"getUpdates","service":"nas-bot","timestamp":"2026-05-26 12:10:56"}
{"error":"","level":"error","message":"Telegram请求失败","method":"getUpdates","service":"nas-bot","timestamp":"2026-05-26 12:10:58"}
{"error":"","level":"error","message":"Telegram请求失败","method":"getUpdates","service":"nas-bot","timestamp":"2026-05-26 12:10:59"}
{"error":"","level":"error","message":"Telegram请求失败","method":"getUpdates","service":"nas-bot","timestamp":"2026-05-26 12:11:00"}
{"error":"","level":"error","message":"Telegram请求失败","method":"getUpdates","service":"nas-bot","timestamp":"2026-05-26 12:11:01"}
{"error":"","level":"error","message":"Telegram请求失败","method":"getUpdates","service":"nas-bot","timestamp":"2026-05-26 12:11:03"}
{"error":"","level":"error","message":"Telegram请求失败","method":"getUpdates","service":"nas-bot","timestamp":"2026-05-26 12:11:04"}
{"error":"","level":"error","message":"Telegram请求失败","method":"getUpdates","service":"nas-bot","timestamp":"2026-05-26 12:11:05"}
{"error":"","level":"error","message":"Telegram请求失败","method":"getUpdates","service":"nas-bot","timestamp":"2026-05-26 12:11:06"}
{"error":"","level":"error","message":"Telegram请求失败","method":"getUpdates","service":"nas-bot","timestamp":"2026-05-26 12:11:08"}
{"error":"","level":"error","message":"Telegram请求失败","method":"getUpdates","service":"nas-bot","timestamp":"2026-05-26 12:11:09"}
{"error":"","level":"error","message":"Telegram请求失败","method":"getUpdates","service":"nas-bot","timestamp":"2026-05-26 12:11:10"}
{"error":"","level":"error","message":"Telegram请求失败","method":"getUpdates","service":"nas-bot","timestamp":"2026-05-26 12:11:11"}
{"error":"","level":"error","message":"Telegram请求失败","method":"getUpdates","service":"nas-bot","timestamp":"2026-05-26 12:11:13"}
{"error":"","level":"error","message":"Telegram请求失败","method":"getUpdates","service":"nas-bot","timestamp":"2026-05-26 12:11:14"}
{"error":"","level":"error","message":"Telegram请求失败","method":"getUpdates","service":"nas-bot","timestamp":"2026-05-26 12:11:15"}
{"error":"","level":"error","message":"Telegram请求失败","method":"getUpdates","service":"nas-bot","timestamp":"2026-05-26 12:11:16"}
{"error":"","level":"error","message":"Telegram请求失败","method":"getUpdates","service":"nas-bot","timestamp":"2026-05-26 12:11:18"}
{"error":"","level":"error","message":"Telegram请求失败","method":"getUpdates","service":"nas-bot","timestamp":"2026-05-26 12:11:19"}
{"error":"","level":"error","message":"Telegram请求失败","method":"getUpdates","service":"nas-bot","timestamp":"2026-05-26 12:11:20"}
{"error":"","level":"error","message":"Telegram请求失败","method":"getUpdates","service":"nas-bot","timestamp":"2026-05-26 12:11:21"}
{"error":"","level":"error","message":"Telegram请求失败","method":"getUpdates","service":"nas-bot","timestamp":"2026-05-26 12:11:23"}
{"error":"","level":"error","message":"Telegram请求失败","method":"getUpdates","service":"nas-bot","timestamp":"2026-05-26 12:11:24"}
{"error":"","level":"error","message":"Telegram请求失败","method":"getUpdates","service":"nas-bot","timestamp":"2026-05-26 12:11:25"}
{"error":"","level":"error","message":"Telegram请求失败","method":"getUpdates","service":"nas-bot","timestamp":"2026-05-26 12:11:26"}
{"error":"","level":"error","message":"Telegram请求失败","method":"getUpdates","service":"nas-bot","timestamp":"2026-05-26 12:11:28"}
{"error":"","level":"error","message":"Telegram请求失败","method":"getUpdates","service":"nas-bot","timestamp":"2026-05-26 12:11:29"}
{"error":"","level":"error","message":"Telegram请求失败","method":"getUpdates","service":"nas-bot","timestamp":"2026-05-26 12:11:30"}
{"error":"","level":"error","message":"Telegram请求失败","method":"getUpdates","service":"nas-bot","timestamp":"2026-05-26 12:11:32"}
{"error":"","level":"error","message":"Telegram请求失败","method":"getUpdates","service":"nas-bot","timestamp":"2026-05-26 12:11:33"}
{"error":"","level":"error","message":"Telegram请求失败","method":"getUpdates","service":"nas-bot","timestamp":"2026-05-26 12:11:34"}
{"error":"","level":"error","message":"Telegram请求失败","method":"getUpdates","service":"nas-bot","timestamp":"2026-05-26 12:11:35"}
{"error":"","level":"error","message":"Telegram请求失败","method":"getUpdates","service":"nas-bot","timestamp":"2026-05-26 12:11:37"}
{"error":"","level":"error","message":"Telegram请求失败","method":"getUpdates","service":"nas-bot","timestamp":"2026-05-26 12:11:38"}
{"error":"","level":"error","message":"Telegram请求失败","method":"getUpdates","service":"nas-bot","timestamp":"2026-05-26 12:11:39"}
{"error":"","level":"error","message":"Telegram请求失败","method":"getUpdates","service":"nas-bot","timestamp":"2026-05-26 12:11:40"}
{"error":"","level":"error","message":"Telegram请求失败","method":"getUpdates","service":"nas-bot","timestamp":"2026-05-26 12:11:42"}
{"error":"","level":"error","message":"Telegram请求失败","method":"getUpdates","service":"nas-bot","timestamp":"2026-05-26 12:11:43"}
{"error":"","level":"error","message":"Telegram请求失败","method":"getUpdates","service":"nas-bot","timestamp":"2026-05-26 12:11:44"}
{"error":"","level":"error","message":"Telegram请求失败","method":"getUpdates","service":"nas-bot","timestamp":"2026-05-26 12:11:45"}
{"error":"","level":"error","message":"Telegram请求失败","method":"getUpdates","service":"nas-bot","timestamp":"2026-05-26 12:11:47"}
{"error":"","level":"error","message":"Telegram请求失败","method":"getUpdates","service":"nas-bot","timestamp":"2026-05-26 12:11:48"}
{"error":"","level":"error","message":"Telegram请求失败","method":"getUpdates","service":"nas-bot","timestamp":"2026-05-26 12:11:49"}
{"error":"","level":"error","message":"Telegram请求失败","method":"getUpdates","service":"nas-bot","timestamp":"2026-05-26 12:11:50"}
{"error":"","level":"error","message":"Telegram请求失败","method":"getUpdates","service":"nas-bot","timestamp":"2026-05-26 12:11:52"}
{"error":"","level":"error","message":"Telegram请求失败","method":"getUpdates","service":"nas-bot","timestamp":"2026-05-26 12:11:53"}
{"error":"","level":"error","message":"Telegram请求失败","method":"getUpdates","service":"nas-bot","timestamp":"2026-05-26 12:11:54"}
{"error":"","level":"error","message":"Telegram请求失败","method":"getUpdates","service":"nas-bot","timestamp":"2026-05-26 12:11:55"}
{"error":"","level":"error","message":"Telegram请求失败","method":"getUpdates","service":"nas-bot","timestamp":"2026-05-26 12:11:57"}
{"error":"","level":"error","message":"Telegram请求失败","method":"getUpdates","service":"nas-bot","timestamp":"2026-05-26 12:11:58"}
{"error":"","level":"error","message":"Telegram请求失败","method":"getUpdates","service":"nas-bot","timestamp":"2026-05-26 12:11:59"}
{"error":"","level":"error","message":"Telegram请求失败","method":"getUpdates","service":"nas-bot","timestamp":"2026-05-26 12:12:00"}
{"error":"","level":"error","message":"Telegram请求失败","method":"getUpdates","service":"nas-bot","timestamp":"2026-05-26 12:12:02"}
{"error":"","level":"error","message":"Telegram请求失败","method":"getUpdates","service":"nas-bot","timestamp":"2026-05-26 12:12:03"}
{"error":"","level":"error","message":"Telegram请求失败","method":"getUpdates","service":"nas-bot","timestamp":"2026-05-26 12:12:04"}
{"error":"","level":"error","message":"Telegram请求失败","method":"getUpdates","service":"nas-bot","timestamp":"2026-05-26 12:12:05"}
{"error":"","level":"error","message":"Telegram请求失败","method":"getUpdates","service":"nas-bot","timestamp":"2026-05-26 12:12:07"}
{"error":"","level":"error","message":"Telegram请求失败","method":"getUpdates","service":"nas-bot","timestamp":"2026-05-26 12:12:08"}
{"error":"","level":"error","message":"Telegram请求失败","method":"getUpdates","service":"nas-bot","timestamp":"2026-05-26 12:12:09"}
{"error":"","level":"error","message":"Telegram请求失败","method":"getUpdates","service":"nas-bot","timestamp":"2026-05-26 12:12:10"}
{"error":"","level":"error","message":"Telegram请求失败","method":"getUpdates","service":"nas-bot","timestamp":"2026-05-26 12:12:12"}
{"error":"","level":"error","message":"Telegram请求失败","method":"getUpdates","service":"nas-bot","timestamp":"2026-05-26 12:12:13"}
{"error":"","level":"error","message":"Telegram请求失败","method":"getUpdates","service":"nas-bot","timestamp":"2026-05-26 12:12:14"}
{"error":"","level":"error","message":"Telegram请求失败","method":"getUpdates","service":"nas-bot","timestamp":"2026-05-26 12:12:15"}
{"error":"","level":"error","message":"Telegram请求失败","method":"getUpdates","service":"nas-bot","timestamp":"2026-05-26 12:12:17"}
{"error":"","level":"error","message":"Telegram请求失败","method":"getUpdates","service":"nas-bot","timestamp":"2026-05-26 12:12:18"}
{"error":"","level":"error","message":"Telegram请求失败","method":"getUpdates","service":"nas-bot","timestamp":"2026-05-26 12:12:19"}
{"error":"","level":"error","message":"Telegram请求失败","method":"getUpdates","service":"nas-bot","timestamp":"2026-05-26 12:12:20"}
{"error":"","level":"error","message":"Telegram请求失败","method":"getUpdates","service":"nas-bot","timestamp":"2026-05-26 12:12:22"}
{"error":"","level":"error","message":"Telegram请求失败","method":"getUpdates","service":"nas-bot","timestamp":"2026-05-26 12:12:23"}
{"error":"","level":"error","message":"Telegram请求失败","method":"getUpdates","service":"nas-bot","timestamp":"2026-05-26 12:12:24"}
{"error":"","level":"error","message":"Telegram请求失败","method":"getUpdates","service":"nas-bot","timestamp":"2026-05-26 12:12:25"}
{"error":"","level":"error","message":"Telegram请求失败","method":"getUpdates","service":"nas-bot","timestamp":"2026-05-26 12:12:27"}
{"error":"","level":"error","message":"Telegram请求失败","method":"getUpdates","service":"nas-bot","timestamp":"2026-05-26 12:12:28"}
{"error":"","level":"error","message":"Telegram请求失败","method":"getUpdates","service":"nas-bot","timestamp":"2026-05-26 12:12:29"}
{"error":"","level":"error","message":"Telegram请求失败","method":"getUpdates","service":"nas-bot","timestamp":"2026-05-26 12:12:31"}
{"error":"","level":"error","message":"Telegram请求失败","method":"getUpdates","service":"nas-bot","timestamp":"2026-05-26 12:12:32"}
{"error":"","level":"error","message":"Telegram请求失败","method":"getUpdates","service":"nas-bot","timestamp":"2026-05-26 12:12:33"}
{"error":"","level":"error","message":"Telegram请求失败","method":"getUpdates","service":"nas-bot","timestamp":"2026-05-26 12:12:34"}
{"error":"","level":"error","message":"Telegram请求失败","method":"getUpdates","service":"nas-bot","timestamp":"2026-05-26 12:12:36"}
{"error":"","level":"error","message":"Telegram请求失败","method":"getUpdates","service":"nas-bot","timestamp":"2026-05-26 12:12:37"}
{"error":"","level":"error","message":"Telegram请求失败","method":"getUpdates","service":"nas-bot","timestamp":"2026-05-26 12:12:38"}
{"error":"","level":"error","message":"Telegram请求失败","method":"getUpdates","service":"nas-bot","timestamp":"2026-05-26 12:12:39"}
{"error":"","level":"error","message":"Telegram请求失败","method":"getUpdates","service":"nas-bot","timestamp":"2026-05-26 12:12:41"}
{"error":"","level":"error","message":"Telegram请求失败","method":"getUpdates","service":"nas-bot","timestamp":"2026-05-26 12:12:42"}
{"error":"","level":"error","message":"Telegram请求失败","method":"getUpdates","service":"nas-bot","timestamp":"2026-05-26 12:12:43"}
{"error":"","level":"error","message":"Telegram请求失败","method":"getUpdates","service":"nas-bot","timestamp":"2026-05-26 12:12:44"}
{"error":"","level":"error","message":"Telegram请求失败","method":"getUpdates","service":"nas-bot","timestamp":"2026-05-26 12:12:46"}
{"error":"","level":"error","message":"Telegram请求失败","method":"getUpdates","service":"nas-bot","timestamp":"2026-05-26 12:12:47"}
{"error":"","level":"error","message":"Telegram请求失败","method":"getUpdates","service":"nas-bot","timestamp":"2026-05-26 12:12:48"}
{"error":"","level":"error","message":"Telegram请求失败","method":"getUpdates","service":"nas-bot","timestamp":"2026-05-26 12:12:49"}
{"error":"","level":"error","message":"Telegram请求失败","method":"getUpdates","service":"nas-bot","timestamp":"2026-05-26 12:12:51"}
{"error":"","level":"error","message":"Telegram请求失败","method":"getUpdates","service":"nas-bot","timestamp":"2026-05-26 12:12:52"}
{"error":"","level":"error","message":"Telegram请求失败","method":"getUpdates","service":"nas-bot","timestamp":"2026-05-26 12:12:53"}
{"error":"","level":"error","message":"Telegram请求失败","method":"getUpdates","service":"nas-bot","timestamp":"2026-05-26 12:12:54"}
{"error":"","level":"error","message":"Telegram请求失败","method":"getUpdates","service":"nas-bot","timestamp":"2026-05-26 12:12:56"}
{"error":"","level":"error","message":"Telegram请求失败","method":"getUpdates","service":"nas-bot","timestamp":"2026-05-26 12:12:57"}
{"error":"","level":"error","message":"Telegram请求失败","method":"getUpdates","service":"nas-bot","timestamp":"2026-05-26 12:12:58"}
{"error":"","level":"error","message":"Telegram请求失败","method":"getUpdates","service":"nas-bot","timestamp":"2026-05-26 12:12:59"}
{"error":"","level":"error","message":"Telegram请求失败","method":"getUpdates","service":"nas-bot","timestamp":"2026-05-26 12:13:01"}
{"error":"","level":"error","message":"Telegram请求失败","method":"getUpdates","service":"nas-bot","timestamp":"2026-05-26 12:13:02"}
{"error":"","level":"error","message":"Telegram请求失败","method":"getUpdates","service":"nas-bot","timestamp":"2026-05-26 12:13:03"}
{"error":"","level":"error","message":"Telegram请求失败","method":"getUpdates","service":"nas-bot","timestamp":"2026-05-26 12:13:04"}
{"error":"","level":"error","message":"Telegram请求失败","method":"getUpdates","service":"nas-bot","timestamp":"2026-05-26 12:13:06"}
{"error":"","level":"error","message":"Telegram请求失败","method":"getUpdates","service":"nas-bot","timestamp":"2026-05-26 12:13:07"}
{"error":"","level":"error","message":"Telegram请求失败","method":"getUpdates","service":"nas-bot","timestamp":"2026-05-26 12:13:08"}
{"error":"","level":"error","message":"Telegram请求失败","method":"getUpdates","service":"nas-bot","timestamp":"2026-05-26 12:13:09"}
{"error":"","level":"error","message":"Telegram请求失败","method":"getUpdates","service":"nas-bot","timestamp":"2026-05-26 12:13:11"}
{"error":"","level":"error","message":"Telegram请求失败","method":"getUpdates","service":"nas-bot","timestamp":"2026-05-26 12:13:12"}
{"error":"","level":"error","message":"Telegram请求失败","method":"getUpdates","service":"nas-bot","timestamp":"2026-05-26 12:13:13"}
{"error":"","level":"error","message":"Telegram请求失败","method":"getUpdates","service":"nas-bot","timestamp":"2026-05-26 12:13:14"}
{"error":"","level":"error","message":"Telegram请求失败","method":"getUpdates","service":"nas-bot","timestamp":"2026-05-26 12:13:16"}
{"error":"","level":"error","message":"Telegram请求失败","method":"getUpdates","service":"nas-bot","timestamp":"2026-05-26 12:13:17"}
{"error":"","level":"error","message":"Telegram请求失败","method":"getUpdates","service":"nas-bot","timestamp":"2026-05-26 12:13:18"}
{"error":"","level":"error","message":"Telegram请求失败","method":"getUpdates","service":"nas-bot","timestamp":"2026-05-26 12:13:19"}
{"error":"","level":"error","message":"Telegram请求失败","method":"getUpdates","service":"nas-bot","timestamp":"2026-05-26 12:13:21"}
{"error":"","level":"error","message":"Telegram请求失败","method":"getUpdates","service":"nas-bot","timestamp":"2026-05-26 12:13:22"}
{"error":"","level":"error","message":"Telegram请求失败","method":"getUpdates","service":"nas-bot","timestamp":"2026-05-26 12:13:23"}
{"error":"","level":"error","message":"Telegram请求失败","method":"getUpdates","service":"nas-bot","timestamp":"2026-05-26 12:13:24"}
{"error":"","level":"error","message":"Telegram请求失败","method":"getUpdates","service":"nas-bot","timestamp":"2026-05-26 12:13:26"}
{"error":"","level":"error","message":"Telegram请求失败","method":"getUpdates","service":"nas-bot","timestamp":"2026-05-26 12:13:27"}
{"error":"","level":"error","message":"Telegram请求失败","method":"getUpdates","service":"nas-bot","timestamp":"2026-05-26 12:13:28"}
{"error":"","level":"error","message":"Telegram请求失败","method":"getUpdates","service":"nas-bot","timestamp":"2026-05-26 12:13:29"}
{"error":"","level":"error","message":"Telegram请求失败","method":"getUpdates","service":"nas-bot","timestamp":"2026-05-26 12:13:31"}
{"error":"","level":"error","message":"Telegram请求失败","method":"getUpdates","service":"nas-bot","timestamp":"2026-05-26 12:13:32"}
{"error":"","level":"error","message":"Telegram请求失败","method":"getUpdates","service":"nas-bot","timestamp":"2026-05-26 12:13:33"}
{"error":"","level":"error","message":"Telegram请求失败","method":"getUpdates","service":"nas-bot","timestamp":"2026-05-26 12:13:34"}
{"error":"","level":"error","message":"Telegram请求失败","method":"getUpdates","service":"nas-bot","timestamp":"2026-05-26 12:13:36"}
{"error":"","level":"error","message":"Telegram请求失败","method":"getUpdates","service":"nas-bot","timestamp":"2026-05-26 12:13:37"}
{"error":"","level":"error","message":"Telegram请求失败","method":"getUpdates","service":"nas-bot","timestamp":"2026-05-26 12:13:38"}
{"error":"","level":"error","message":"Telegram请求失败","method":"getUpdates","service":"nas-bot","timestamp":"2026-05-26 12:13:39"}
{"error":"","level":"error","message":"Telegram请求失败","method":"getUpdates","service":"nas-bot","timestamp":"2026-05-26 12:13:41"}
{"error":"","level":"error","message":"Telegram请求失败","method":"getUpdates","service":"nas-bot","timestamp":"2026-05-26 12:13:42"}
{"error":"","level":"error","message":"Telegram请求失败","method":"getUpdates","service":"nas-bot","timestamp":"2026-05-26 12:13:43"}
{"error":"","level":"error","message":"Telegram请求失败","method":"getUpdates","service":"nas-bot","timestamp":"2026-05-26 12:13:44"}
{"error":"","level":"error","message":"Telegram请求失败","method":"getUpdates","service":"nas-bot","timestamp":"2026-05-26 12:13:46"}
{"error":"","level":"error","message":"Telegram请求失败","method":"getUpdates","service":"nas-bot","timestamp":"2026-05-26 12:13:47"}
{"error":"","level":"error","message":"Telegram请求失败","method":"getUpdates","service":"nas-bot","timestamp":"2026-05-26 12:13:48"}
{"error":"","level":"error","message":"Telegram请求失败","method":"getUpdates","service":"nas-bot","timestamp":"2026-05-26 12:13:50"}
{"error":"","level":"error","message":"Telegram请求失败","method":"getUpdates","service":"nas-bot","timestamp":"2026-05-26 12:13:51"}
{"error":"","level":"error","message":"Telegram请求失败","method":"getUpdates","service":"nas-bot","timestamp":"2026-05-26 12:13:52"}
{"error":"","level":"error","message":"Telegram请求失败","method":"getUpdates","service":"nas-bot","timestamp":"2026-05-26 12:13:53"}
{"error":"","level":"error","message":"Telegram请求失败","method":"getUpdates","service":"nas-bot","timestamp":"2026-05-26 12:13:55"}
{"error":"","level":"error","message":"Telegram请求失败","method":"getUpdates","service":"nas-bot","timestamp":"2026-05-26 12:13:56"}
{"error":"","level":"error","message":"Telegram请求失败","method":"getUpdates","service":"nas-bot","timestamp":"2026-05-26 12:13:57"}
{"error":"","level":"error","message":"Telegram请求失败","method":"getUpdates","service":"nas-bot","timestamp":"2026-05-26 12:13:58"}
{"error":"","level":"error","message":"Telegram请求失败","method":"getUpdates","service":"nas-bot","timestamp":"2026-05-26 12:14:00"}
{"error":"","level":"error","message":"Telegram请求失败","method":"getUpdates","service":"nas-bot","timestamp":"2026-05-26 12:14:01"}
{"error":"","level":"error","message":"Telegram请求失败","method":"getUpdates","service":"nas-bot","timestamp":"2026-05-26 12:14:02"}
{"error":"","level":"error","message":"Telegram请求失败","method":"getUpdates","service":"nas-bot","timestamp":"2026-05-26 12:14:03"}
{"error":"","level":"error","message":"Telegram请求失败","method":"getUpdates","service":"nas-bot","timestamp":"2026-05-26 12:14:05"}
{"error":"","level":"error","message":"Telegram请求失败","method":"getUpdates","service":"nas-bot","timestamp":"2026-05-26 12:14:06"}
{"error":"","level":"error","message":"Telegram请求失败","method":"getUpdates","service":"nas-bot","timestamp":"2026-05-26 12:14:07"}
{"error":"","level":"error","message":"Telegram请求失败","method":"getUpdates","service":"nas-bot","timestamp":"2026-05-26 12:14:08"}
{"error":"","level":"error","message":"Telegram请求失败","method":"getUpdates","service":"nas-bot","timestamp":"2026-05-26 12:14:10"}
{"error":"","level":"error","message":"Telegram请求失败","method":"getUpdates","service":"nas-bot","timestamp":"2026-05-26 12:14:11"}
{"error":"","level":"error","message":"Telegram请求失败","method":"getUpdates","service":"nas-bot","timestamp":"2026-05-26 12:14:12"}
{"error":"","level":"error","message":"Telegram请求失败","method":"getUpdates","service":"nas-bot","timestamp":"2026-05-26 12:14:13"}
{"error":"","level":"error","message":"Telegram请求失败","method":"getUpdates","service":"nas-bot","timestamp":"2026-05-26 12:14:15"}
{"error":"","level":"error","message":"Telegram请求失败","method":"getUpdates","service":"nas-bot","timestamp":"2026-05-26 12:14:16"}
{"error":"","level":"error","message":"Telegram请求失败","method":"getUpdates","service":"nas-bot","timestamp":"2026-05-26 12:14:17"}
{"error":"","level":"error","message":"Telegram请求失败","method":"getUpdates","service":"nas-bot","timestamp":"2026-05-26 12:14:18"}
{"error":"","level":"error","message":"Telegram请求失败","method":"getUpdates","service":"nas-bot","timestamp":"2026-05-26 12:14:20"}
{"error":"","level":"error","message":"Telegram请求失败","method":"getUpdates","service":"nas-bot","timestamp":"2026-05-26 12:14:21"}
{"error":"","level":"error","message":"Telegram请求失败","method":"getUpdates","service":"nas-bot","timestamp":"2026-05-26 12:14:22"}
{"error":"","level":"error","message":"Telegram请求失败","method":"getUpdates","service":"nas-bot","timestamp":"2026-05-26 12:14:23"}
{"error":"","level":"error","message":"Telegram请求失败","method":"getUpdates","service":"nas-bot","timestamp":"2026-05-26 12:14:25"}
{"error":"","level":"error","message":"Telegram请求失败","method":"getUpdates","service":"nas-bot","timestamp":"2026-05-26 12:14:26"}
{"error":"","level":"error","message":"Telegram请求失败","method":"getUpdates","service":"nas-bot","timestamp":"2026-05-26 12:14:27"}
{"error":"","level":"error","message":"Telegram请求失败","method":"getUpdates","service":"nas-bot","timestamp":"2026-05-26 12:14:28"}
{"error":"","level":"error","message":"Telegram请求失败","method":"getUpdates","service":"nas-bot","timestamp":"2026-05-26 12:14:30"}
{"error":"","level":"error","message":"Telegram请求失败","method":"getUpdates","service":"nas-bot","timestamp":"2026-05-26 12:14:31"}
{"error":"","level":"error","message":"Telegram请求失败","method":"getUpdates","service":"nas-bot","timestamp":"2026-05-26 12:14:32"}
{"error":"","level":"error","message":"Telegram请求失败","method":"getUpdates","service":"nas-bot","timestamp":"2026-05-26 12:14:33"}
{"error":"","level":"error","message":"Telegram请求失败","method":"getUpdates","service":"nas-bot","timestamp":"2026-05-26 12:14:35"}
{"error":"","level":"error","message":"Telegram请求失败","method":"getUpdates","service":"nas-bot","timestamp":"2026-05-26 12:14:36"}
{"error":"","level":"error","message":"Telegram请求失败","method":"getUpdates","service":"nas-bot","timestamp":"2026-05-26 12:14:37"}
{"error":"","level":"error","message":"Telegram请求失败","method":"getUpdates","service":"nas-bot","timestamp":"2026-05-26 12:14:38"}
{"error":"","level":"error","message":"Telegram请求失败","method":"getUpdates","service":"nas-bot","timestamp":"2026-05-26 12:14:40"}
{"error":"","level":"error","message":"Telegram请求失败","method":"getUpdates","service":"nas-bot","timestamp":"2026-05-26 12:14:41"}
{"error":"","level":"error","message":"Telegram请求失败","method":"getUpdates","service":"nas-bot","timestamp":"2026-05-26 12:14:42"}
{"error":"","level":"error","message":"Telegram请求失败","method":"getUpdates","service":"nas-bot","timestamp":"2026-05-26 12:14:43"}
{"error":"","level":"error","message":"Telegram请求失败","method":"getUpdates","service":"nas-bot","timestamp":"2026-05-26 12:14:45"}
{"error":"","level":"error","message":"Telegram请求失败","method":"getUpdates","service":"nas-bot","timestamp":"2026-05-26 12:14:46"}
{"error":"","level":"error","message":"Telegram请求失败","method":"getUpdates","service":"nas-bot","timestamp":"2026-05-26 12:14:47"}
{"error":"","level":"error","message":"Telegram请求失败","method":"getUpdates","service":"nas-bot","timestamp":"2026-05-26 12:14:48"}
{"error":"","level":"error","message":"Telegram请求失败","method":"getUpdates","service":"nas-bot","timestamp":"2026-05-26 12:14:50"}
{"error":"","level":"error","message":"Telegram请求失败","method":"getUpdates","service":"nas-bot","timestamp":"2026-05-26 12:14:51"}
{"error":"","level":"error","message":"Telegram请求失败","method":"getUpdates","service":"nas-bot","timestamp":"2026-05-26 12:14:52"}
{"error":"","level":"error","message":"Telegram请求失败","method":"getUpdates","service":"nas-bot","timestamp":"2026-05-26 12:14:54"}
{"error":"","level":"error","message":"Telegram请求失败","method":"getUpdates","service":"nas-bot","timestamp":"2026-05-26 12:14:55"}
{"error":"","level":"error","message":"Telegram请求失败","method":"getUpdates","service":"nas-bot","timestamp":"2026-05-26 12:14:56"}
{"error":"","level":"error","message":"Telegram请求失败","method":"getUpdates","service":"nas-bot","timestamp":"2026-05-26 12:14:57"}
{"error":"","level":"error","message":"Telegram请求失败","method":"getUpdates","service":"nas-bot","timestamp":"2026-05-26 12:14:59"}
{"error":"","level":"error","message":"Telegram请求失败","method":"getUpdates","service":"nas-bot","timestamp":"2026-05-26 12:15:00"}
{"error":"","level":"error","message":"Telegram请求失败","method":"getUpdates","service":"nas-bot","timestamp":"2026-05-26 12:15:01"}
{"error":"","level":"error","message":"Telegram请求失败","method":"getUpdates","service":"nas-bot","timestamp":"2026-05-26 12:15:02"}
{"error":"","level":"error","message":"Telegram请求失败","method":"getUpdates","service":"nas-bot","timestamp":"2026-05-26 12:15:04"}
{"error":"","level":"error","message":"Telegram请求失败","method":"getUpdates","service":"nas-bot","timestamp":"2026-05-26 12:15:05"}
{"error":"","level":"error","message":"Telegram请求失败","method":"getUpdates","service":"nas-bot","timestamp":"2026-05-26 12:15:06"}
{"error":"","level":"error","message":"Telegram请求失败","method":"getUpdates","service":"nas-bot","timestamp":"2026-05-26 12:15:07"}
{"error":"","level":"error","message":"Telegram请求失败","method":"getUpdates","service":"nas-bot","timestamp":"2026-05-26 12:15:09"}
{"error":"","level":"error","message":"Telegram请求失败","method":"getUpdates","service":"nas-bot","timestamp":"2026-05-26 12:15:10"}
{"error":"","level":"error","message":"Telegram请求失败","method":"getUpdates","service":"nas-bot","timestamp":"2026-05-26 12:15:11"}
{"error":"","level":"error","message":"Telegram请求失败","method":"getUpdates","service":"nas-bot","timestamp":"2026-05-26 12:15:12"}
{"error":"","level":"error","message":"Telegram请求失败","method":"getUpdates","service":"nas-bot","timestamp":"2026-05-26 12:15:14"}
{"error":"","level":"error","message":"Telegram请求失败","method":"getUpdates","service":"nas-bot","timestamp":"2026-05-26 12:15:15"}
{"error":"","level":"error","message":"Telegram请求失败","method":"getUpdates","service":"nas-bot","timestamp":"2026-05-26 12:15:16"}
{"error":"","level":"error","message":"Telegram请求失败","method":"getUpdates","service":"nas-bot","timestamp":"2026-05-26 12:15:17"}
{"error":"","level":"error","message":"Telegram请求失败","method":"getUpdates","service":"nas-bot","timestamp":"2026-05-26 12:15:19"}
{"error":"","level":"error","message":"Telegram请求失败","method":"getUpdates","service":"nas-bot","timestamp":"2026-05-26 12:15:20"}
{"error":"","level":"error","message":"Telegram请求失败","method":"getUpdates","service":"nas-bot","timestamp":"2026-05-26 12:15:21"}
{"error":"","level":"error","message":"Telegram请求失败","method":"getUpdates","service":"nas-bot","timestamp":"2026-05-26 12:15:22"}
{"error":"","level":"error","message":"Telegram请求失败","method":"getUpdates","service":"nas-bot","timestamp":"2026-05-26 12:15:24"}
{"error":"","level":"error","message":"Telegram请求失败","method":"getUpdates","service":"nas-bot","timestamp":"2026-05-26 12:15:25"}
{"error":"","level":"error","message":"Telegram请求失败","method":"getUpdates","service":"nas-bot","timestamp":"2026-05-26 12:15:26"}
{"error":"","level":"error","message":"Telegram请求失败","method":"getUpdates","service":"nas-bot","timestamp":"2026-05-26 12:15:27"}
{"error":"","level":"error","message":"Telegram请求失败","method":"getUpdates","service":"nas-bot","timestamp":"2026-05-26 12:15:29"}
{"error":"","level":"error","message":"Telegram请求失败","method":"getUpdates","service":"nas-bot","timestamp":"2026-05-26 12:15:30"}
{"error":"","level":"error","message":"Telegram请求失败","method":"getUpdates","service":"nas-bot","timestamp":"2026-05-26 12:15:31"}
{"error":"","level":"error","message":"Telegram请求失败","method":"getUpdates","service":"nas-bot","timestamp":"2026-05-26 12:15:32"}
{"error":"","level":"error","message":"Telegram请求失败","method":"getUpdates","service":"nas-bot","timestamp":"2026-05-26 12:15:34"}
{"error":"","level":"error","message":"Telegram请求失败","method":"getUpdates","service":"nas-bot","timestamp":"2026-05-26 12:15:35"}
{"error":"","level":"error","message":"Telegram请求失败","method":"getUpdates","service":"nas-bot","timestamp":"2026-05-26 12:15:36"}
{"error":"","level":"error","message":"Telegram请求失败","method":"getUpdates","service":"nas-bot","timestamp":"2026-05-26 12:15:37"}
{"error":"","level":"error","message":"Telegram请求失败","method":"getUpdates","service":"nas-bot","timestamp":"2026-05-26 12:15:39"}
{"error":"","level":"error","message":"Telegram请求失败","method":"getUpdates","service":"nas-bot","timestamp":"2026-05-26 12:15:40"}
{"error":"","level":"error","message":"Telegram请求失败","method":"getUpdates","service":"nas-bot","timestamp":"2026-05-26 12:15:41"}
{"error":"","level":"error","message":"Telegram请求失败","method":"getUpdates","service":"nas-bot","timestamp":"2026-05-26 12:15:42"}
{"error":"","level":"error","message":"Telegram请求失败","method":"getUpdates","service":"nas-bot","timestamp":"2026-05-26 12:15:44"}
{"error":"","level":"error","message":"Telegram请求失败","method":"getUpdates","service":"nas-bot","timestamp":"2026-05-26 12:15:45"}
{"error":"","level":"error","message":"Telegram请求失败","method":"getUpdates","service":"nas-bot","timestamp":"2026-05-26 12:15:46"}
{"error":"","level":"error","message":"Telegram请求失败","method":"getUpdates","service":"nas-bot","timestamp":"2026-05-26 12:15:47"}
{"error":"","level":"error","message":"Telegram请求失败","method":"getUpdates","service":"nas-bot","timestamp":"2026-05-26 12:15:49"}
{"error":"","level":"error","message":"Telegram请求失败","method":"getUpdates","service":"nas-bot","timestamp":"2026-05-26 12:15:50"}
{"error":"","level":"error","message":"Telegram请求失败","method":"getUpdates","service":"nas-bot","timestamp":"2026-05-26 12:15:51"}
{"error":"","level":"error","message":"Telegram请求失败","method":"getUpdates","service":"nas-bot","timestamp":"2026-05-26 12:15:52"}
{"error":"","level":"error","message":"Telegram请求失败","method":"getUpdates","service":"nas-bot","timestamp":"2026-05-26 12:15:54"}
{"error":"","level":"error","message":"Telegram请求失败","method":"getUpdates","service":"nas-bot","timestamp":"2026-05-26 12:15:55"}
{"error":"","level":"error","message":"Telegram请求失败","method":"getUpdates","service":"nas-bot","timestamp":"2026-05-26 12:15:56"}
{"error":"","level":"error","message":"Telegram请求失败","method":"getUpdates","service":"nas-bot","timestamp":"2026-05-26 12:15:57"}
{"error":"","level":"error","message":"Telegram请求失败","method":"getUpdates","service":"nas-bot","timestamp":"2026-05-26 12:15:59"}
{"error":"","level":"error","message":"Telegram请求失败","method":"getUpdates","service":"nas-bot","timestamp":"2026-05-26 12:16:00"}
{"error":"","level":"error","message":"Telegram请求失败","method":"getUpdates","service":"nas-bot","timestamp":"2026-05-26 12:16:01"}
{"error":"","level":"error","message":"Telegram请求失败","method":"getUpdates","service":"nas-bot","timestamp":"2026-05-26 12:16:03"}
{"error":"","level":"error","message":"Telegram请求失败","method":"getUpdates","service":"nas-bot","timestamp":"2026-05-26 12:16:04"}
{"error":"","level":"error","message":"Telegram请求失败","method":"getUpdates","service":"nas-bot","timestamp":"2026-05-26 12:16:05"}
{"error":"","level":"error","message":"Telegram请求失败","method":"getUpdates","service":"nas-bot","timestamp":"2026-05-26 12:16:06"}
{"error":"","level":"error","message":"Telegram请求失败","method":"getUpdates","service":"nas-bot","timestamp":"2026-05-26 12:16:08"}
{"error":"","level":"error","message":"Telegram请求失败","method":"getUpdates","service":"nas-bot","timestamp":"2026-05-26 12:16:09"}
{"error":"","level":"error","message":"Telegram请求失败","method":"getUpdates","service":"nas-bot","timestamp":"2026-05-26 12:16:10"}
{"error":"","level":"error","message":"Telegram请求失败","method":"getUpdates","service":"nas-bot","timestamp":"2026-05-26 12:16:11"}
{"error":"","level":"error","message":"Telegram请求失败","method":"getUpdates","service":"nas-bot","timestamp":"2026-05-26 12:16:13"}
{"error":"","level":"error","message":"Telegram请求失败","method":"getUpdates","service":"nas-bot","timestamp":"2026-05-26 12:16:14"}
{"error":"","level":"error","message":"Telegram请求失败","method":"getUpdates","service":"nas-bot","timestamp":"2026-05-26 12:16:15"}
{"error":"","level":"error","message":"Telegram请求失败","method":"getUpdates","service":"nas-bot","timestamp":"2026-05-26 12:16:16"}
{"error":"","level":"error","message":"Telegram请求失败","method":"getUpdates","service":"nas-bot","timestamp":"2026-05-26 12:16:18"}
{"error":"","level":"error","message":"Telegram请求失败","method":"getUpdates","service":"nas-bot","timestamp":"2026-05-26 12:16:19"}
{"error":"","level":"error","message":"Telegram请求失败","method":"getUpdates","service":"nas-bot","timestamp":"2026-05-26 12:16:20"}
{"error":"","level":"error","message":"Telegram请求失败","method":"getUpdates","service":"nas-bot","timestamp":"2026-05-26 12:16:21"}
{"error":"","level":"error","message":"Telegram请求失败","method":"getUpdates","service":"nas-bot","timestamp":"2026-05-26 12:16:23"}
{"error":"","level":"error","message":"Telegram请求失败","method":"getUpdates","service":"nas-bot","timestamp":"2026-05-26 12:16:24"}
{"error":"","level":"error","message":"Telegram请求失败","method":"getUpdates","service":"nas-bot","timestamp":"2026-05-26 12:16:25"}
{"error":"","level":"error","message":"Telegram请求失败","method":"getUpdates","service":"nas-bot","timestamp":"2026-05-26 12:16:26"}
{"error":"","level":"error","message":"Telegram请求失败","method":"getUpdates","service":"nas-bot","timestamp":"2026-05-26 12:16:28"}
{"error":"","level":"error","message":"Telegram请求失败","method":"getUpdates","service":"nas-bot","timestamp":"2026-05-26 12:16:29"}
{"error":"","level":"error","message":"Telegram请求失败","method":"getUpdates","service":"nas-bot","timestamp":"2026-05-26 12:16:30"}
{"error":"","level":"error","message":"Telegram请求失败","method":"getUpdates","service":"nas-bot","timestamp":"2026-05-26 12:16:31"}
{"error":"","level":"error","message":"Telegram请求失败","method":"getUpdates","service":"nas-bot","timestamp":"2026-05-26 12:16:33"}
{"error":"","level":"error","message":"Telegram请求失败","method":"getUpdates","service":"nas-bot","timestamp":"2026-05-26 12:16:34"}
{"error":"","level":"error","message":"Telegram请求失败","method":"getUpdates","service":"nas-bot","timestamp":"2026-05-26 12:16:35"}
{"error":"","level":"error","message":"Telegram请求失败","method":"getUpdates","service":"nas-bot","timestamp":"2026-05-26 12:16:36"}
{"error":"","level":"error","message":"Telegram请求失败","method":"getUpdates","service":"nas-bot","timestamp":"2026-05-26 12:16:38"}
{"error":"","level":"error","message":"Telegram请求失败","method":"getUpdates","service":"nas-bot","timestamp":"2026-05-26 12:16:39"}
{"error":"","level":"error","message":"Telegram请求失败","method":"getUpdates","service":"nas-bot","timestamp":"2026-05-26 12:16:40"}
{"error":"","level":"error","message":"Telegram请求失败","method":"getUpdates","service":"nas-bot","timestamp":"2026-05-26 12:16:41"}
{"error":"","level":"error","message":"Telegram请求失败","method":"getUpdates","service":"nas-bot","timestamp":"2026-05-26 12:16:43"}
{"error":"","level":"error","message":"Telegram请求失败","method":"getUpdates","service":"nas-bot","timestamp":"2026-05-26 12:16:44"}
{"error":"","level":"error","message":"Telegram请求失败","method":"getUpdates","service":"nas-bot","timestamp":"2026-05-26 12:16:45"}
{"error":"","level":"error","message":"Telegram请求失败","method":"getUpdates","service":"nas-bot","timestamp":"2026-05-26 12:16:46"}
{"error":"","level":"error","message":"Telegram请求失败","method":"getUpdates","service":"nas-bot","timestamp":"2026-05-26 12:16:48"}
{"error":"","level":"error","message":"Telegram请求失败","method":"getUpdates","service":"nas-bot","timestamp":"2026-05-26 12:16:49"}
{"error":"","level":"error","message":"Telegram请求失败","method":"getUpdates","service":"nas-bot","timestamp":"2026-05-26 12:16:50"}
{"error":"","level":"error","message":"Telegram请求失败","method":"getUpdates","service":"nas-bot","timestamp":"2026-05-26 12:16:51"}
{"error":"","level":"error","message":"Telegram请求失败","method":"getUpdates","service":"nas-bot","timestamp":"2026-05-26 12:16:53"}
{"error":"","level":"error","message":"Telegram请求失败","method":"getUpdates","service":"nas-bot","timestamp":"2026-05-26 12:16:54"}
{"error":"","level":"error","message":"Telegram请求失败","method":"getUpdates","service":"nas-bot","timestamp":"2026-05-26 12:16:55"}
{"error":"","level":"error","message":"Telegram请求失败","method":"getUpdates","service":"nas-bot","timestamp":"2026-05-26 12:16:56"}
{"error":"","level":"error","message":"Telegram请求失败","method":"getUpdates","service":"nas-bot","timestamp":"2026-05-26 12:16:58"}
{"error":"","level":"error","message":"Telegram请求失败","method":"getUpdates","service":"nas-bot","timestamp":"2026-05-26 12:16:59"}
{"error":"","level":"error","message":"Telegram请求失败","method":"getUpdates","service":"nas-bot","timestamp":"2026-05-26 12:17:00"}
{"error":"","level":"error","message":"Telegram请求失败","method":"getUpdates","service":"nas-bot","timestamp":"2026-05-26 12:17:01"}
{"error":"","level":"error","message":"Telegram请求失败","method":"getUpdates","service":"nas-bot","timestamp":"2026-05-26 12:17:03"}
{"error":"","level":"error","message":"Telegram请求失败","method":"getUpdates","service":"nas-bot","timestamp":"2026-05-26 12:17:04"}
{"error":"","level":"error","message":"Telegram请求失败","method":"getUpdates","service":"nas-bot","timestamp":"2026-05-26 12:17:05"}
{"error":"","level":"error","message":"Telegram请求失败","method":"getUpdates","service":"nas-bot","timestamp":"2026-05-26 12:17:07"}
{"error":"","level":"error","message":"Telegram请求失败","method":"getUpdates","service":"nas-bot","timestamp":"2026-05-26 12:17:08"}
{"error":"","level":"error","message":"Telegram请求失败","method":"getUpdates","service":"nas-bot","timestamp":"2026-05-26 12:17:09"}
{"error":"","level":"error","message":"Telegram请求失败","method":"getUpdates","service":"nas-bot","timestamp":"2026-05-26 12:17:10"}
{"error":"","level":"error","message":"Telegram请求失败","method":"getUpdates","service":"nas-bot","timestamp":"2026-05-26 12:17:12"}
{"error":"","level":"error","message":"Telegram请求失败","method":"getUpdates","service":"nas-bot","timestamp":"2026-05-26 12:17:13"}
{"error":"","level":"error","message":"Telegram请求失败","method":"getUpdates","service":"nas-bot","timestamp":"2026-05-26 12:17:14"}
{"error":"","level":"error","message":"Telegram请求失败","method":"getUpdates","service":"nas-bot","timestamp":"2026-05-26 12:17:15"}
{"error":"","level":"error","message":"Telegram请求失败","method":"getUpdates","service":"nas-bot","timestamp":"2026-05-26 12:17:17"}
{"error":"","level":"error","message":"Telegram请求失败","method":"getUpdates","service":"nas-bot","timestamp":"2026-05-26 12:17:18"}
{"error":"","level":"error","message":"Telegram请求失败","method":"getUpdates","service":"nas-bot","timestamp":"2026-05-26 12:17:19"}
{"error":"","level":"error","message":"Telegram请求失败","method":"getUpdates","service":"nas-bot","timestamp":"2026-05-26 12:17:20"}
{"error":"","level":"error","message":"Telegram请求失败","method":"getUpdates","service":"nas-bot","timestamp":"2026-05-26 12:17:22"}
{"error":"","level":"error","message":"Telegram请求失败","method":"getUpdates","service":"nas-bot","timestamp":"2026-05-26 12:17:23"}
{"error":"","level":"error","message":"Telegram请求失败","method":"getUpdates","service":"nas-bot","timestamp":"2026-05-26 12:17:24"}
{"error":"","level":"error","message":"Telegram请求失败","method":"getUpdates","service":"nas-bot","timestamp":"2026-05-26 12:17:25"}
{"error":"","level":"error","message":"Telegram请求失败","method":"getUpdates","service":"nas-bot","timestamp":"2026-05-26 12:17:27"}
{"error":"","level":"error","message":"Telegram请求失败","method":"getUpdates","service":"nas-bot","timestamp":"2026-05-26 12:17:28"}
{"error":"","level":"error","message":"Telegram请求失败","method":"getUpdates","service":"nas-bot","timestamp":"2026-05-26 12:17:29"}
{"error":"","level":"error","message":"Telegram请求失败","method":"getUpdates","service":"nas-bot","timestamp":"2026-05-26 12:17:30"}
{"error":"","level":"error","message":"Telegram请求失败","method":"getUpdates","service":"nas-bot","timestamp":"2026-05-26 12:17:32"}
{"error":"","level":"error","message":"Telegram请求失败","method":"getUpdates","service":"nas-bot","timestamp":"2026-05-26 12:17:33"}
{"error":"","level":"error","message":"Telegram请求失败","method":"getUpdates","service":"nas-bot","timestamp":"2026-05-26 12:17:34"}
{"error":"","level":"error","message":"Telegram请求失败","method":"getUpdates","service":"nas-bot","timestamp":"2026-05-26 12:17:35"}
{"error":"","level":"error","message":"Telegram请求失败","method":"getUpdates","service":"nas-bot","timestamp":"2026-05-26 12:17:37"}
{"error":"","level":"error","message":"Telegram请求失败","method":"getUpdates","service":"nas-bot","timestamp":"2026-05-26 12:17:38"}
{"error":"","level":"error","message":"Telegram请求失败","method":"getUpdates","service":"nas-bot","timestamp":"2026-05-26 12:17:39"}
{"error":"","level":"error","message":"Telegram请求失败","method":"getUpdates","service":"nas-bot","timestamp":"2026-05-26 12:17:40"}
{"error":"","level":"error","message":"Telegram请求失败","method":"getUpdates","service":"nas-bot","timestamp":"2026-05-26 12:17:42"}
{"error":"","level":"error","message":"Telegram请求失败","method":"getUpdates","service":"nas-bot","timestamp":"2026-05-26 12:17:43"}
{"error":"","level":"error","message":"Telegram请求失败","method":"getUpdates","service":"nas-bot","timestamp":"2026-05-26 12:17:44"}
{"error":"","level":"error","message":"Telegram请求失败","method":"getUpdates","service":"nas-bot","timestamp":"2026-05-26 12:17:45"}
{"error":"","level":"error","message":"Telegram请求失败","method":"getUpdates","service":"nas-bot","timestamp":"2026-05-26 12:17:47"}
{"error":"","level":"error","message":"Telegram请求失败","method":"getUpdates","service":"nas-bot","timestamp":"2026-05-26 12:17:48"}
{"error":"","level":"error","message":"Telegram请求失败","method":"getUpdates","service":"nas-bot","timestamp":"2026-05-26 12:17:49"}
{"error":"","level":"error","message":"Telegram请求失败","method":"getUpdates","service":"nas-bot","timestamp":"2026-05-26 12:17:50"}
{"error":"","level":"error","message":"Telegram请求失败","method":"getUpdates","service":"nas-bot","timestamp":"2026-05-26 12:17:52"}
{"error":"","level":"error","message":"Telegram请求失败","method":"getUpdates","service":"nas-bot","timestamp":"2026-05-26 12:17:53"}
{"error":"","level":"error","message":"Telegram请求失败","method":"getUpdates","service":"nas-bot","timestamp":"2026-05-26 12:17:54"}
{"error":"","level":"error","message":"Telegram请求失败","method":"getUpdates","service":"nas-bot","timestamp":"2026-05-26 12:17:55"}
{"error":"","level":"error","message":"Telegram请求失败","method":"getUpdates","service":"nas-bot","timestamp":"2026-05-26 12:17:57"}
{"error":"","level":"error","message":"Telegram请求失败","method":"getUpdates","service":"nas-bot","timestamp":"2026-05-26 12:17:58"}
{"error":"","level":"error","message":"Telegram请求失败","method":"getUpdates","service":"nas-bot","timestamp":"2026-05-26 12:17:59"}
{"error":"","level":"error","message":"Telegram请求失败","method":"getUpdates","service":"nas-bot","timestamp":"2026-05-26 12:18:00"}
{"error":"","level":"error","message":"Telegram请求失败","method":"getUpdates","service":"nas-bot","timestamp":"2026-05-26 12:18:02"}
{"error":"","level":"error","message":"Telegram请求失败","method":"getUpdates","service":"nas-bot","timestamp":"2026-05-26 12:18:03"}
{"error":"","level":"error","message":"Telegram请求失败","method":"getUpdates","service":"nas-bot","timestamp":"2026-05-26 12:18:04"}
{"error":"","level":"error","message":"Telegram请求失败","method":"getUpdates","service":"nas-bot","timestamp":"2026-05-26 12:18:05"}
{"error":"","level":"error","message":"Telegram请求失败","method":"getUpdates","service":"nas-bot","timestamp":"2026-05-26 12:18:07"}
{"error":"","level":"error","message":"Telegram请求失败","method":"getUpdates","service":"nas-bot","timestamp":"2026-05-26 12:18:08"}
{"error":"","level":"error","message":"Telegram请求失败","method":"getUpdates","service":"nas-bot","timestamp":"2026-05-26 12:18:09"}
{"error":"","level":"error","message":"Telegram请求失败","method":"getUpdates","service":"nas-bot","timestamp":"2026-05-26 12:18:10"}
{"error":"","level":"error","message":"Telegram请求失败","method":"getUpdates","service":"nas-bot","timestamp":"2026-05-26 12:18:12"}
{"error":"","level":"error","message":"Telegram请求失败","method":"getUpdates","service":"nas-bot","timestamp":"2026-05-26 12:18:13"}
{"error":"","level":"error","message":"Telegram请求失败","method":"getUpdates","service":"nas-bot","timestamp":"2026-05-26 12:18:14"}
{"error":"","level":"error","message":"Telegram请求失败","method":"getUpdates","service":"nas-bot","timestamp":"2026-05-26 12:18:15"}
{"error":"","level":"error","message":"Telegram请求失败","method":"getUpdates","service":"nas-bot","timestamp":"2026-05-26 12:18:17"}
{"error":"","level":"error","message":"Telegram请求失败","method":"getUpdates","service":"nas-bot","timestamp":"2026-05-26 12:18:18"}
{"error":"","level":"error","message":"Telegram请求失败","method":"getUpdates","service":"nas-bot","timestamp":"2026-05-26 12:18:19"}
{"error":"","level":"error","message":"Telegram请求失败","method":"getUpdates","service":"nas-bot","timestamp":"2026-05-26 12:18:21"}
{"error":"","level":"error","message":"Telegram请求失败","method":"getUpdates","service":"nas-bot","timestamp":"2026-05-26 12:18:22"}
{"error":"","level":"error","message":"Telegram请求失败","method":"getUpdates","service":"nas-bot","timestamp":"2026-05-26 12:18:23"}
{"error":"","level":"error","message":"Telegram请求失败","method":"getUpdates","service":"nas-bot","timestamp":"2026-05-26 12:18:24"}
{"error":"","level":"error","message":"Telegram请求失败","method":"getUpdates","service":"nas-bot","timestamp":"2026-05-26 12:18:26"}
{"error":"","level":"error","message":"Telegram请求失败","method":"getUpdates","service":"nas-bot","timestamp":"2026-05-26 12:18:27"}
{"error":"","level":"error","message":"Telegram请求失败","method":"getUpdates","service":"nas-bot","timestamp":"2026-05-26 12:18:28"}
{"error":"","level":"error","message":"Telegram请求失败","method":"getUpdates","service":"nas-bot","timestamp":"2026-05-26 12:18:29"}
{"error":"","level":"error","message":"Telegram请求失败","method":"getUpdates","service":"nas-bot","timestamp":"2026-05-26 12:18:31"}
{"error":"","level":"error","message":"Telegram请求失败","method":"getUpdates","service":"nas-bot","timestamp":"2026-05-26 12:18:32"}
{"error":"","level":"error","message":"Telegram请求失败","method":"getUpdates","service":"nas-bot","timestamp":"2026-05-26 12:18:33"}
{"error":"","level":"error","message":"Telegram请求失败","method":"getUpdates","service":"nas-bot","timestamp":"2026-05-26 12:18:34"}
{"error":"","level":"error","message":"Telegram请求失败","method":"getUpdates","service":"nas-bot","timestamp":"2026-05-26 12:18:36"}
{"error":"","level":"error","message":"Telegram请求失败","method":"getUpdates","service":"nas-bot","timestamp":"2026-05-26 12:18:37"}
{"error":"","level":"error","message":"Telegram请求失败","method":"getUpdates","service":"nas-bot","timestamp":"2026-05-26 12:18:38"}
{"error":"","level":"error","message":"Telegram请求失败","method":"getUpdates","service":"nas-bot","timestamp":"2026-05-26 12:18:39"}
{"error":"","level":"error","message":"Telegram请求失败","method":"getUpdates","service":"nas-bot","timestamp":"2026-05-26 12:18:41"}
{"error":"","level":"error","message":"Telegram请求失败","method":"getUpdates","service":"nas-bot","timestamp":"2026-05-26 12:18:42"}
{"error":"","level":"error","message":"Telegram请求失败","method":"getUpdates","service":"nas-bot","timestamp":"2026-05-26 12:18:43"}
{"error":"","level":"error","message":"Telegram请求失败","method":"getUpdates","service":"nas-bot","timestamp":"2026-05-26 12:18:44"}
{"error":"","level":"error","message":"Telegram请求失败","method":"getUpdates","service":"nas-bot","timestamp":"2026-05-26 12:18:46"}
{"error":"","level":"error","message":"Telegram请求失败","method":"getUpdates","service":"nas-bot","timestamp":"2026-05-26 12:18:47"}
{"error":"","level":"error","message":"Telegram请求失败","method":"getUpdates","service":"nas-bot","timestamp":"2026-05-26 12:18:48"}
{"error":"","level":"error","message":"Telegram请求失败","method":"getUpdates","service":"nas-bot","timestamp":"2026-05-26 12:18:49"}
{"error":"","level":"error","message":"Telegram请求失败","method":"getUpdates","service":"nas-bot","timestamp":"2026-05-26 12:18:51"}
{"error":"","level":"error","message":"Telegram请求失败","method":"getUpdates","service":"nas-bot","timestamp":"2026-05-26 12:18:52"}
{"error":"","level":"error","message":"Telegram请求失败","method":"getUpdates","service":"nas-bot","timestamp":"2026-05-26 12:18:53"}
{"error":"","level":"error","message":"Telegram请求失败","method":"getUpdates","service":"nas-bot","timestamp":"2026-05-26 12:18:54"}
{"error":"","level":"error","message":"Telegram请求失败","method":"getUpdates","service":"nas-bot","timestamp":"2026-05-26 12:18:56"}
{"error":"","level":"error","message":"Telegram请求失败","method":"getUpdates","service":"nas-bot","timestamp":"2026-05-26 12:18:57"}
{"error":"","level":"error","message":"Telegram请求失败","method":"getUpdates","service":"nas-bot","timestamp":"2026-05-26 12:18:58"}
{"error":"","level":"error","message":"Telegram请求失败","method":"getUpdates","service":"nas-bot","timestamp":"2026-05-26 12:18:59"}
{"error":"","level":"error","message":"Telegram请求失败","method":"getUpdates","service":"nas-bot","timestamp":"2026-05-26 12:19:01"}
{"error":"","level":"error","message":"Telegram请求失败","method":"getUpdates","service":"nas-bot","timestamp":"2026-05-26 12:19:02"}
{"error":"","level":"error","message":"Telegram请求失败","method":"getUpdates","service":"nas-bot","timestamp":"2026-05-26 12:19:03"}
{"error":"","level":"error","message":"Telegram请求失败","method":"getUpdates","service":"nas-bot","timestamp":"2026-05-26 12:19:04"}
{"error":"","level":"error","message":"Telegram请求失败","method":"getUpdates","service":"nas-bot","timestamp":"2026-05-26 12:19:06"}
{"error":"","level":"error","message":"Telegram请求失败","method":"getUpdates","service":"nas-bot","timestamp":"2026-05-26 12:19:07"}
{"error":"","level":"error","message":"Telegram请求失败","method":"getUpdates","service":"nas-bot","timestamp":"2026-05-26 12:19:08"}
{"error":"","level":"error","message":"Telegram请求失败","method":"getUpdates","service":"nas-bot","timestamp":"2026-05-26 12:19:09"}
{"error":"","level":"error","message":"Telegram请求失败","method":"getUpdates","service":"nas-bot","timestamp":"2026-05-26 12:19:11"}
{"error":"","level":"error","message":"Telegram请求失败","method":"getUpdates","service":"nas-bot","timestamp":"2026-05-26 12:19:12"}
{"error":"","level":"error","message":"Telegram请求失败","method":"getUpdates","service":"nas-bot","timestamp":"2026-05-26 12:19:13"}
{"error":"","level":"error","message":"Telegram请求失败","method":"getUpdates","service":"nas-bot","timestamp":"2026-05-26 12:19:14"}
{"error":"","level":"error","message":"Telegram请求失败","method":"getUpdates","service":"nas-bot","timestamp":"2026-05-26 12:19:16"}
{"error":"","level":"error","message":"Telegram请求失败","method":"getUpdates","service":"nas-bot","timestamp":"2026-05-26 12:19:17"}
{"error":"","level":"error","message":"Telegram请求失败","method":"getUpdates","service":"nas-bot","timestamp":"2026-05-26 12:19:18"}
{"error":"","level":"error","message":"Telegram请求失败","method":"getUpdates","service":"nas-bot","timestamp":"2026-05-26 12:19:19"}
{"error":"","level":"error","message":"Telegram请求失败","method":"getUpdates","service":"nas-bot","timestamp":"2026-05-26 12:19:21"}
{"error":"","level":"error","message":"Telegram请求失败","method":"getUpdates","service":"nas-bot","timestamp":"2026-05-26 12:19:22"}
{"error":"","level":"error","message":"Telegram请求失败","method":"getUpdates","service":"nas-bot","timestamp":"2026-05-26 12:19:23"}
{"error":"","level":"error","message":"Telegram请求失败","method":"getUpdates","service":"nas-bot","timestamp":"2026-05-26 12:19:25"}
{"error":"","level":"error","message":"Telegram请求失败","method":"getUpdates","service":"nas-bot","timestamp":"2026-05-26 12:19:26"}
{"error":"","level":"error","message":"Telegram请求失败","method":"getUpdates","service":"nas-bot","timestamp":"2026-05-26 12:19:27"}
{"error":"","level":"error","message":"Telegram请求失败","method":"getUpdates","service":"nas-bot","timestamp":"2026-05-26 12:19:28"}
{"error":"","level":"error","message":"Telegram请求失败","method":"getUpdates","service":"nas-bot","timestamp":"2026-05-26 12:19:30"}
{"error":"","level":"error","message":"Telegram请求失败","method":"getUpdates","service":"nas-bot","timestamp":"2026-05-26 12:19:31"}
{"error":"","level":"error","message":"Telegram请求失败","method":"getUpdates","service":"nas-bot","timestamp":"2026-05-26 12:19:32"}
{"error":"","level":"error","message":"Telegram请求失败","method":"getUpdates","service":"nas-bot","timestamp":"2026-05-26 12:19:33"}
{"error":"","level":"error","message":"Telegram请求失败","method":"getUpdates","service":"nas-bot","timestamp":"2026-05-26 12:19:35"}
{"error":"","level":"error","message":"Telegram请求失败","method":"getUpdates","service":"nas-bot","timestamp":"2026-05-26 12:19:36"}
{"error":"","level":"error","message":"Telegram请求失败","method":"getUpdates","service":"nas-bot","timestamp":"2026-05-26 12:19:37"}
{"error":"","level":"error","message":"Telegram请求失败","method":"getUpdates","service":"nas-bot","timestamp":"2026-05-26 12:19:38"}
{"error":"","level":"error","message":"Telegram请求失败","method":"getUpdates","service":"nas-bot","timestamp":"2026-05-26 12:19:40"}
{"error":"","level":"error","message":"Telegram请求失败","method":"getUpdates","service":"nas-bot","timestamp":"2026-05-26 12:19:41"}
{"error":"","level":"error","message":"Telegram请求失败","method":"getUpdates","service":"nas-bot","timestamp":"2026-05-26 12:19:42"}
{"error":"","level":"error","message":"Telegram请求失败","method":"getUpdates","service":"nas-bot","timestamp":"2026-05-26 12:19:43"}
{"error":"","level":"error","message":"Telegram请求失败","method":"getUpdates","service":"nas-bot","timestamp":"2026-05-26 12:19:45"}
{"error":"","level":"error","message":"Telegram请求失败","method":"getUpdates","service":"nas-bot","timestamp":"2026-05-26 12:19:46"}
{"error":"","level":"error","message":"Telegram请求失败","method":"getUpdates","service":"nas-bot","timestamp":"2026-05-26 12:19:47"}
{"error":"","level":"error","message":"Telegram请求失败","method":"getUpdates","service":"nas-bot","timestamp":"2026-05-26 12:19:48"}
{"error":"","level":"error","message":"Telegram请求失败","method":"getUpdates","service":"nas-bot","timestamp":"2026-05-26 12:19:50"}
{"error":"","level":"error","message":"Telegram请求失败","method":"getUpdates","service":"nas-bot","timestamp":"2026-05-26 12:19:51"}
{"error":"","level":"error","message":"Telegram请求失败","method":"getUpdates","service":"nas-bot","timestamp":"2026-05-26 12:19:52"}
{"error":"","level":"error","message":"Telegram请求失败","method":"getUpdates","service":"nas-bot","timestamp":"2026-05-26 12:19:53"}
{"error":"","level":"error","message":"Telegram请求失败","method":"getUpdates","service":"nas-bot","timestamp":"2026-05-26 12:19:55"}
{"error":"","level":"error","message":"Telegram请求失败","method":"getUpdates","service":"nas-bot","timestamp":"2026-05-26 12:19:56"}
{"error":"","level":"error","message":"Telegram请求失败","method":"getUpdates","service":"nas-bot","timestamp":"2026-05-26 12:19:57"}
{"error":"","level":"error","message":"Telegram请求失败","method":"getUpdates","service":"nas-bot","timestamp":"2026-05-26 12:19:58"}
{"error":"","level":"error","message":"Telegram请求失败","method":"getUpdates","service":"nas-bot","timestamp":"2026-05-26 12:20:00"}
{"error":"","level":"error","message":"Telegram请求失败","method":"getUpdates","service":"nas-bot","timestamp":"2026-05-26 12:20:01"}
{"error":"","level":"error","message":"Telegram请求失败","method":"getUpdates","service":"nas-bot","timestamp":"2026-05-26 12:20:02"}
{"error":"","level":"error","message":"Telegram请求失败","method":"getUpdates","service":"nas-bot","timestamp":"2026-05-26 12:20:03"}
{"error":"","level":"error","message":"Telegram请求失败","method":"getUpdates","service":"nas-bot","timestamp":"2026-05-26 12:20:05"}
{"error":"","level":"error","message":"Telegram请求失败","method":"getUpdates","service":"nas-bot","timestamp":"2026-05-26 12:20:06"}
{"error":"","level":"error","message":"Telegram请求失败","method":"getUpdates","service":"nas-bot","timestamp":"2026-05-26 12:20:07"}
{"error":"","level":"error","message":"Telegram请求失败","method":"getUpdates","service":"nas-bot","timestamp":"2026-05-26 12:20:08"}
{"error":"","level":"error","message":"Telegram请求失败","method":"getUpdates","service":"nas-bot","timestamp":"2026-05-26 12:20:10"}
{"error":"","level":"error","message":"Telegram请求失败","method":"getUpdates","service":"nas-bot","timestamp":"2026-05-26 12:20:11"}
{"error":"","level":"error","message":"Telegram请求失败","method":"getUpdates","service":"nas-bot","timestamp":"2026-05-26 12:20:12"}
{"error":"","level":"error","message":"Telegram请求失败","method":"getUpdates","service":"nas-bot","timestamp":"2026-05-26 12:20:13"}
{"error":"","level":"error","message":"Telegram请求失败","method":"getUpdates","service":"nas-bot","timestamp":"2026-05-26 12:20:15"}
{"error":"","level":"error","message":"Telegram请求失败","method":"getUpdates","service":"nas-bot","timestamp":"2026-05-26 12:20:16"}
{"error":"","level":"error","message":"Telegram请求失败","method":"getUpdates","service":"nas-bot","timestamp":"2026-05-26 12:20:17"}
{"error":"","level":"error","message":"Telegram请求失败","method":"getUpdates","service":"nas-bot","timestamp":"2026-05-26 12:20:18"}
{"error":"","level":"error","message":"Telegram请求失败","method":"getUpdates","service":"nas-bot","timestamp":"2026-05-26 12:20:20"}
{"error":"","level":"error","message":"Telegram请求失败","method":"getUpdates","service":"nas-bot","timestamp":"2026-05-26 12:20:21"}
{"error":"","level":"error","message":"Telegram请求失败","method":"getUpdates","service":"nas-bot","timestamp":"2026-05-26 12:20:22"}
{"error":"","level":"error","message":"Telegram请求失败","method":"getUpdates","service":"nas-bot","timestamp":"2026-05-26 12:20:23"}
{"error":"","level":"error","message":"Telegram请求失败","method":"getUpdates","service":"nas-bot","timestamp":"2026-05-26 12:20:25"}
{"error":"","level":"error","message":"Telegram请求失败","method":"getUpdates","service":"nas-bot","timestamp":"2026-05-26 12:20:26"}
{"error":"","level":"error","message":"Telegram请求失败","method":"getUpdates","service":"nas-bot","timestamp":"2026-05-26 12:20:27"}
{"error":"","level":"error","message":"Telegram请求失败","method":"getUpdates","service":"nas-bot","timestamp":"2026-05-26 12:20:28"}
{"error":"","level":"error","message":"Telegram请求失败","method":"getUpdates","service":"nas-bot","timestamp":"2026-05-26 12:20:30"}
{"error":"","level":"error","message":"Telegram请求失败","method":"getUpdates","service":"nas-bot","timestamp":"2026-05-26 12:20:31"}
{"error":"","level":"error","message":"Telegram请求失败","method":"getUpdates","service":"nas-bot","timestamp":"2026-05-26 12:20:32"}
{"error":"","level":"error","message":"Telegram请求失败","method":"getUpdates","service":"nas-bot","timestamp":"2026-05-26 12:20:33"}
{"error":"","level":"error","message":"Telegram请求失败","method":"getUpdates","service":"nas-bot","timestamp":"2026-05-26 12:20:35"}
{"error":"","level":"error","message":"Telegram请求失败","method":"getUpdates","service":"nas-bot","timestamp":"2026-05-26 12:20:36"}
{"error":"","level":"error","message":"Telegram请求失败","method":"getUpdates","service":"nas-bot","timestamp":"2026-05-26 12:20:37"}
{"error":"","level":"error","message":"Telegram请求失败","method":"getUpdates","service":"nas-bot","timestamp":"2026-05-26 12:20:39"}
{"error":"","level":"error","message":"Telegram请求失败","method":"getUpdates","service":"nas-bot","timestamp":"2026-05-26 12:20:40"}
{"error":"","level":"error","message":"Telegram请求失败","method":"getUpdates","service":"nas-bot","timestamp":"2026-05-26 12:20:41"}
{"error":"","level":"error","message":"Telegram请求失败","method":"getUpdates","service":"nas-bot","timestamp":"2026-05-26 12:20:42"}
{"error":"","level":"error","message":"Telegram请求失败","method":"getUpdates","service":"nas-bot","timestamp":"2026-05-26 12:20:44"}
{"error":"","level":"error","message":"Telegram请求失败","method":"getUpdates","service":"nas-bot","timestamp":"2026-05-26 12:20:45"}
{"error":"","level":"error","message":"Telegram请求失败","method":"getUpdates","service":"nas-bot","timestamp":"2026-05-26 12:20:46"}
{"error":"","level":"error","message":"Telegram请求失败","method":"getUpdates","service":"nas-bot","timestamp":"2026-05-26 12:20:47"}
{"error":"","level":"error","message":"Telegram请求失败","method":"getUpdates","service":"nas-bot","timestamp":"2026-05-26 12:20:49"}
{"error":"","level":"error","message":"Telegram请求失败","method":"getUpdates","service":"nas-bot","timestamp":"2026-05-26 12:20:50"}
{"error":"","level":"error","message":"Telegram请求失败","method":"getUpdates","service":"nas-bot","timestamp":"2026-05-26 12:20:51"}
{"error":"","level":"error","message":"Telegram请求失败","method":"getUpdates","service":"nas-bot","timestamp":"2026-05-26 12:20:52"}
{"error":"","level":"error","message":"Telegram请求失败","method":"getUpdates","service":"nas-bot","timestamp":"2026-05-26 12:20:54"}
{"error":"","level":"error","message":"Telegram请求失败","method":"getUpdates","service":"nas-bot","timestamp":"2026-05-26 12:20:55"}
{"error":"","level":"error","message":"Telegram请求失败","method":"getUpdates","service":"nas-bot","timestamp":"2026-05-26 12:20:56"}
{"error":"","level":"error","message":"Telegram请求失败","method":"getUpdates","service":"nas-bot","timestamp":"2026-05-26 12:20:57"}
{"error":"","level":"error","message":"Telegram请求失败","method":"getUpdates","service":"nas-bot","timestamp":"2026-05-26 12:20:59"}
{"error":"","level":"error","message":"Telegram请求失败","method":"getUpdates","service":"nas-bot","timestamp":"2026-05-26 12:21:00"}
{"error":"","level":"error","message":"Telegram请求失败","method":"getUpdates","service":"nas-bot","timestamp":"2026-05-26 12:21:01"}
{"error":"","level":"error","message":"Telegram请求失败","method":"getUpdates","service":"nas-bot","timestamp":"2026-05-26 12:21:02"}
{"error":"","level":"error","message":"Telegram请求失败","method":"getUpdates","service":"nas-bot","timestamp":"2026-05-26 12:21:04"}
{"error":"","level":"error","message":"Telegram请求失败","method":"getUpdates","service":"nas-bot","timestamp":"2026-05-26 12:21:05"}
{"error":"","level":"error","message":"Telegram请求失败","method":"getUpdates","service":"nas-bot","timestamp":"2026-05-26 12:21:06"}
{"error":"","level":"error","message":"Telegram请求失败","method":"getUpdates","service":"nas-bot","timestamp":"2026-05-26 12:21:08"}
{"error":"","level":"error","message":"Telegram请求失败","method":"getUpdates","service":"nas-bot","timestamp":"2026-05-26 12:21:09"}
{"error":"","level":"error","message":"Telegram请求失败","method":"getUpdates","service":"nas-bot","timestamp":"2026-05-26 12:21:10"}
{"error":"","level":"error","message":"Telegram请求失败","method":"getUpdates","service":"nas-bot","timestamp":"2026-05-26 12:21:11"}
{"error":"","level":"error","message":"Telegram请求失败","method":"getUpdates","service":"nas-bot","timestamp":"2026-05-26 12:21:13"}
{"error":"","level":"error","message":"Telegram请求失败","method":"getUpdates","service":"nas-bot","timestamp":"2026-05-26 12:21:14"}
{"error":"","level":"error","message":"Telegram请求失败","method":"getUpdates","service":"nas-bot","timestamp":"2026-05-26 12:21:15"}
{"error":"","level":"error","message":"Telegram请求失败","method":"getUpdates","service":"nas-bot","timestamp":"2026-05-26 12:21:16"}
{"error":"","level":"error","message":"Telegram请求失败","method":"getUpdates","service":"nas-bot","timestamp":"2026-05-26 12:21:18"}
{"error":"","level":"error","message":"Telegram请求失败","method":"getUpdates","service":"nas-bot","timestamp":"2026-05-26 12:21:19"}
{"error":"","level":"error","message":"Telegram请求失败","method":"getUpdates","service":"nas-bot","timestamp":"2026-05-26 12:21:20"}
{"error":"","level":"error","message":"Telegram请求失败","method":"getUpdates","service":"nas-bot","timestamp":"2026-05-26 12:21:21"}
{"error":"","level":"error","message":"Telegram请求失败","method":"getUpdates","service":"nas-bot","timestamp":"2026-05-26 12:21:23"}
{"error":"","level":"error","message":"Telegram请求失败","method":"getUpdates","service":"nas-bot","timestamp":"2026-05-26 12:21:24"}
{"error":"","level":"error","message":"Telegram请求失败","method":"getUpdates","service":"nas-bot","timestamp":"2026-05-26 12:21:25"}
{"error":"","level":"error","message":"Telegram请求失败","method":"getUpdates","service":"nas-bot","timestamp":"2026-05-26 12:21:26"}
{"error":"","level":"error","message":"Telegram请求失败","method":"getUpdates","service":"nas-bot","timestamp":"2026-05-26 12:21:28"}
{"error":"","level":"error","message":"Telegram请求失败","method":"getUpdates","service":"nas-bot","timestamp":"2026-05-26 12:21:29"}
{"error":"","level":"error","message":"Telegram请求失败","method":"getUpdates","service":"nas-bot","timestamp":"2026-05-26 12:21:30"}
{"error":"","level":"error","message":"Telegram请求失败","method":"getUpdates","service":"nas-bot","timestamp":"2026-05-26 12:21:31"}
{"error":"","level":"error","message":"Telegram请求失败","method":"getUpdates","service":"nas-bot","timestamp":"2026-05-26 12:21:33"}
{"error":"","level":"error","message":"Telegram请求失败","method":"getUpdates","service":"nas-bot","timestamp":"2026-05-26 12:21:34"}
{"error":"","level":"error","message":"Telegram请求失败","method":"getUpdates","service":"nas-bot","timestamp":"2026-05-26 12:21:35"}
{"error":"","level":"error","message":"Telegram请求失败","method":"getUpdates","service":"nas-bot","timestamp":"2026-05-26 12:21:37"}
{"error":"","level":"error","message":"Telegram请求失败","method":"getUpdates","service":"nas-bot","timestamp":"2026-05-26 12:21:38"}
{"error":"","level":"error","message":"Telegram请求失败","method":"getUpdates","service":"nas-bot","timestamp":"2026-05-26 12:21:39"}
{"error":"","level":"error","message":"Telegram请求失败","method":"getUpdates","service":"nas-bot","timestamp":"2026-05-26 12:21:40"}
{"error":"","level":"error","message":"Telegram请求失败","method":"getUpdates","service":"nas-bot","timestamp":"2026-05-26 12:21:42"}
{"error":"","level":"error","message":"Telegram请求失败","method":"getUpdates","service":"nas-bot","timestamp":"2026-05-26 12:21:43"}
{"error":"","level":"error","message":"Telegram请求失败","method":"getUpdates","service":"nas-bot","timestamp":"2026-05-26 12:21:44"}
{"error":"","level":"error","message":"Telegram请求失败","method":"getUpdates","service":"nas-bot","timestamp":"2026-05-26 12:21:45"}
{"error":"","level":"error","message":"Telegram请求失败","method":"getUpdates","service":"nas-bot","timestamp":"2026-05-26 12:21:47"}
{"error":"","level":"error","message":"Telegram请求失败","method":"getUpdates","service":"nas-bot","timestamp":"2026-05-26 12:21:48"}
{"error":"","level":"error","message":"Telegram请求失败","method":"getUpdates","service":"nas-bot","timestamp":"2026-05-26 12:21:49"}
{"error":"","level":"error","message":"Telegram请求失败","method":"getUpdates","service":"nas-bot","timestamp":"2026-05-26 12:21:50"}
{"error":"","level":"error","message":"Telegram请求失败","method":"getUpdates","service":"nas-bot","timestamp":"2026-05-26 12:21:52"}
{"error":"","level":"error","message":"Telegram请求失败","method":"getUpdates","service":"nas-bot","timestamp":"2026-05-26 12:21:53"}
{"error":"","level":"error","message":"Telegram请求失败","method":"getUpdates","service":"nas-bot","timestamp":"2026-05-26 12:21:54"}
{"error":"","level":"error","message":"Telegram请求失败","method":"getUpdates","service":"nas-bot","timestamp":"2026-05-26 12:21:55"}
{"error":"","level":"error","message":"Telegram请求失败","method":"getUpdates","service":"nas-bot","timestamp":"2026-05-26 12:21:57"}
{"error":"","level":"error","message":"Telegram请求失败","method":"getUpdates","service":"nas-bot","timestamp":"2026-05-26 12:21:58"}
{"error":"","level":"error","message":"Telegram请求失败","method":"getUpdates","service":"nas-bot","timestamp":"2026-05-26 12:21:59"}
{"error":"","level":"error","message":"Telegram请求失败","method":"getUpdates","service":"nas-bot","timestamp":"2026-05-26 12:22:00"}
{"error":"","level":"error","message":"Telegram请求失败","method":"getUpdates","service":"nas-bot","timestamp":"2026-05-26 12:22:02"}
{"error":"","level":"error","message":"Telegram请求失败","method":"getUpdates","service":"nas-bot","timestamp":"2026-05-26 12:22:03"}
{"error":"","level":"error","message":"Telegram请求失败","method":"getUpdates","service":"nas-bot","timestamp":"2026-05-26 12:22:04"}
{"error":"","level":"error","message":"Telegram请求失败","method":"getUpdates","service":"nas-bot","timestamp":"2026-05-26 12:22:05"}
{"error":"","level":"error","message":"Telegram请求失败","method":"getUpdates","service":"nas-bot","timestamp":"2026-05-26 12:22:07"}
{"error":"","level":"error","message":"Telegram请求失败","method":"getUpdates","service":"nas-bot","timestamp":"2026-05-26 12:22:08"}
{"error":"","level":"error","message":"Telegram请求失败","method":"getUpdates","service":"nas-bot","timestamp":"2026-05-26 12:22:09"}
{"error":"","level":"error","message":"Telegram请求失败","method":"getUpdates","service":"nas-bot","timestamp":"2026-05-26 12:22:10"}
{"error":"","level":"error","message":"Telegram请求失败","method":"getUpdates","service":"nas-bot","timestamp":"2026-05-26 12:22:12"}
{"error":"","level":"error","message":"Telegram请求失败","method":"getUpdates","service":"nas-bot","timestamp":"2026-05-26 12:22:13"}
{"error":"","level":"error","message":"Telegram请求失败","method":"getUpdates","service":"nas-bot","timestamp":"2026-05-26 12:22:14"}
{"error":"","level":"error","message":"Telegram请求失败","method":"getUpdates","service":"nas-bot","timestamp":"2026-05-26 12:22:15"}
{"error":"","level":"error","message":"Telegram请求失败","method":"getUpdates","service":"nas-bot","timestamp":"2026-05-26 12:22:17"}
{"error":"","level":"error","message":"Telegram请求失败","method":"getUpdates","service":"nas-bot","timestamp":"2026-05-26 12:22:18"}
{"error":"","level":"error","message":"Telegram请求失败","method":"getUpdates","service":"nas-bot","timestamp":"2026-05-26 12:22:19"}
{"error":"","level":"error","message":"Telegram请求失败","method":"getUpdates","service":"nas-bot","timestamp":"2026-05-26 12:22:20"}
{"error":"","level":"error","message":"Telegram请求失败","method":"getUpdates","service":"nas-bot","timestamp":"2026-05-26 12:22:22"}
{"error":"","level":"error","message":"Telegram请求失败","method":"getUpdates","service":"nas-bot","timestamp":"2026-05-26 12:22:23"}
{"error":"","level":"error","message":"Telegram请求失败","method":"getUpdates","service":"nas-bot","timestamp":"2026-05-26 12:22:24"}
{"error":"","level":"error","message":"Telegram请求失败","method":"getUpdates","service":"nas-bot","timestamp":"2026-05-26 12:22:25"}
{"error":"","level":"error","message":"Telegram请求失败","method":"getUpdates","service":"nas-bot","timestamp":"2026-05-26 12:22:27"}
{"error":"","level":"error","message":"Telegram请求失败","method":"getUpdates","service":"nas-bot","timestamp":"2026-05-26 12:22:28"}
{"error":"","level":"error","message":"Telegram请求失败","method":"getUpdates","service":"nas-bot","timestamp":"2026-05-26 12:22:29"}
{"error":"","level":"error","message":"Telegram请求失败","method":"getUpdates","service":"nas-bot","timestamp":"2026-05-26 12:22:30"}
{"error":"","level":"error","message":"Telegram请求失败","method":"getUpdates","service":"nas-bot","timestamp":"2026-05-26 12:22:32"}
{"error":"","level":"error","message":"Telegram请求失败","method":"getUpdates","service":"nas-bot","timestamp":"2026-05-26 12:22:33"}
{"error":"","level":"error","message":"Telegram请求失败","method":"getUpdates","service":"nas-bot","timestamp":"2026-05-26 12:22:34"}
{"error":"","level":"error","message":"Telegram请求失败","method":"getUpdates","service":"nas-bot","timestamp":"2026-05-26 12:22:35"}
{"error":"","level":"error","message":"Telegram请求失败","method":"getUpdates","service":"nas-bot","timestamp":"2026-05-26 12:22:37"}
{"error":"","level":"error","message":"Telegram请求失败","method":"getUpdates","service":"nas-bot","timestamp":"2026-05-26 12:22:38"}
{"error":"","level":"error","message":"Telegram请求失败","method":"getUpdates","service":"nas-bot","timestamp":"2026-05-26 12:22:39"}
{"error":"","level":"error","message":"Telegram请求失败","method":"getUpdates","service":"nas-bot","timestamp":"2026-05-26 12:22:41"}
{"error":"","level":"error","message":"Telegram请求失败","method":"getUpdates","service":"nas-bot","timestamp":"2026-05-26 12:22:42"}
{"error":"","level":"error","message":"Telegram请求失败","method":"getUpdates","service":"nas-bot","timestamp":"2026-05-26 12:22:43"}
{"error":"","level":"error","message":"Telegram请求失败","method":"getUpdates","service":"nas-bot","timestamp":"2026-05-26 12:22:44"}
{"error":"","level":"error","message":"Telegram请求失败","method":"getUpdates","service":"nas-bot","timestamp":"2026-05-26 12:22:46"}
{"error":"","level":"error","message":"Telegram请求失败","method":"getUpdates","service":"nas-bot","timestamp":"2026-05-26 12:22:47"}
{"error":"","level":"error","message":"Telegram请求失败","method":"getUpdates","service":"nas-bot","timestamp":"2026-05-26 12:22:48"}
{"error":"","level":"error","message":"Telegram请求失败","method":"getUpdates","service":"nas-bot","timestamp":"2026-05-26 12:22:49"}
{"error":"","level":"error","message":"Telegram请求失败","method":"getUpdates","service":"nas-bot","timestamp":"2026-05-26 12:22:51"}
{"error":"","level":"error","message":"Telegram请求失败","method":"getUpdates","service":"nas-bot","timestamp":"2026-05-26 12:22:52"}
{"error":"","level":"error","message":"Telegram请求失败","method":"getUpdates","service":"nas-bot","timestamp":"2026-05-26 12:22:53"}
{"error":"","level":"error","message":"Telegram请求失败","method":"getUpdates","service":"nas-bot","timestamp":"2026-05-26 12:22:54"}
{"error":"","level":"error","message":"Telegram请求失败","method":"getUpdates","service":"nas-bot","timestamp":"2026-05-26 12:22:56"}
{"error":"","level":"error","message":"Telegram请求失败","method":"getUpdates","service":"nas-bot","timestamp":"2026-05-26 12:22:57"}
{"error":"","level":"error","message":"Telegram请求失败","method":"getUpdates","service":"nas-bot","timestamp":"2026-05-26 12:22:58"}
{"error":"","level":"error","message":"Telegram请求失败","method":"getUpdates","service":"nas-bot","timestamp":"2026-05-26 12:22:59"}
{"error":"","level":"error","message":"Telegram请求失败","method":"getUpdates","service":"nas-bot","timestamp":"2026-05-26 12:23:01"}
{"error":"","level":"error","message":"Telegram请求失败","method":"getUpdates","service":"nas-bot","timestamp":"2026-05-26 12:23:02"}
{"error":"","level":"error","message":"Telegram请求失败","method":"getUpdates","service":"nas-bot","timestamp":"2026-05-26 12:23:03"}
{"error":"","level":"error","message":"Telegram请求失败","method":"getUpdates","service":"nas-bot","timestamp":"2026-05-26 12:23:04"}
{"error":"","level":"error","message":"Telegram请求失败","method":"getUpdates","service":"nas-bot","timestamp":"2026-05-26 12:23:06"}
{"error":"","level":"error","message":"Telegram请求失败","method":"getUpdates","service":"nas-bot","timestamp":"2026-05-26 12:23:07"}
{"error":"","level":"error","message":"Telegram请求失败","method":"getUpdates","service":"nas-bot","timestamp":"2026-05-26 12:23:08"}
{"error":"","level":"error","message":"Telegram请求失败","method":"getUpdates","service":"nas-bot","timestamp":"2026-05-26 12:23:09"}
{"error":"","level":"error","message":"Telegram请求失败","method":"getUpdates","service":"nas-bot","timestamp":"2026-05-26 12:23:11"}
{"error":"","level":"error","message":"Telegram请求失败","method":"getUpdates","service":"nas-bot","timestamp":"2026-05-26 12:23:12"}
{"error":"","level":"error","message":"Telegram请求失败","method":"getUpdates","service":"nas-bot","timestamp":"2026-05-26 12:23:13"}
{"error":"","level":"error","message":"Telegram请求失败","method":"getUpdates","service":"nas-bot","timestamp":"2026-05-26 12:23:14"}
{"error":"","level":"error","message":"Telegram请求失败","method":"getUpdates","service":"nas-bot","timestamp":"2026-05-26 12:23:16"}
{"error":"","level":"error","message":"Telegram请求失败","method":"getUpdates","service":"nas-bot","timestamp":"2026-05-26 12:23:17"}
{"error":"","level":"error","message":"Telegram请求失败","method":"getUpdates","service":"nas-bot","timestamp":"2026-05-26 12:23:18"}
{"error":"","level":"error","message":"Telegram请求失败","method":"getUpdates","service":"nas-bot","timestamp":"2026-05-26 12:23:19"}
{"error":"","level":"error","message":"Telegram请求失败","method":"getUpdates","service":"nas-bot","timestamp":"2026-05-26 12:23:21"}
{"error":"","level":"error","message":"Telegram请求失败","method":"getUpdates","service":"nas-bot","timestamp":"2026-05-26 12:23:22"}
{"error":"","level":"error","message":"Telegram请求失败","method":"getUpdates","service":"nas-bot","timestamp":"2026-05-26 12:23:23"}
{"error":"","level":"error","message":"Telegram请求失败","method":"getUpdates","service":"nas-bot","timestamp":"2026-05-26 12:23:24"}
{"error":"","level":"error","message":"Telegram请求失败","method":"getUpdates","service":"nas-bot","timestamp":"2026-05-26 12:23:26"}
{"error":"","level":"error","message":"Telegram请求失败","method":"getUpdates","service":"nas-bot","timestamp":"2026-05-26 12:23:27"}
{"error":"","level":"error","message":"Telegram请求失败","method":"getUpdates","service":"nas-bot","timestamp":"2026-05-26 12:23:28"}
{"error":"","level":"error","message":"Telegram请求失败","method":"getUpdates","service":"nas-bot","timestamp":"2026-05-26 12:23:29"}
{"error":"","level":"error","message":"Telegram请求失败","method":"getUpdates","service":"nas-bot","timestamp":"2026-05-26 12:23:31"}
{"error":"","level":"error","message":"Telegram请求失败","method":"getUpdates","service":"nas-bot","timestamp":"2026-05-26 12:23:32"}
{"error":"","level":"error","message":"Telegram请求失败","method":"getUpdates","service":"nas-bot","timestamp":"2026-05-26 12:23:33"}
{"error":"","level":"error","message":"Telegram请求失败","method":"getUpdates","service":"nas-bot","timestamp":"2026-05-26 12:23:34"}
{"error":"","level":"error","message":"Telegram请求失败","method":"getUpdates","service":"nas-bot","timestamp":"2026-05-26 12:23:36"}
{"error":"","level":"error","message":"Telegram请求失败","method":"getUpdates","service":"nas-bot","timestamp":"2026-05-26 12:23:37"}
{"error":"","level":"error","message":"Telegram请求失败","method":"getUpdates","service":"nas-bot","timestamp":"2026-05-26 12:23:38"}
{"error":"","level":"error","message":"Telegram请求失败","method":"getUpdates","service":"nas-bot","timestamp":"2026-05-26 12:23:39"}
{"error":"","level":"error","message":"Telegram请求失败","method":"getUpdates","service":"nas-bot","timestamp":"2026-05-26 12:23:41"}
{"error":"","level":"error","message":"Telegram请求失败","method":"getUpdates","service":"nas-bot","timestamp":"2026-05-26 12:23:42"}
{"error":"","level":"error","message":"Telegram请求失败","method":"getUpdates","service":"nas-bot","timestamp":"2026-05-26 12:23:43"}
{"error":"","level":"error","message":"Telegram请求失败","method":"getUpdates","service":"nas-bot","timestamp":"2026-05-26 12:23:44"}
{"error":"","level":"error","message":"Telegram请求失败","method":"getUpdates","service":"nas-bot","timestamp":"2026-05-26 12:23:46"}
{"error":"","level":"error","message":"Telegram请求失败","method":"getUpdates","service":"nas-bot","timestamp":"2026-05-26 12:23:47"}
{"error":"","level":"error","message":"Telegram请求失败","method":"getUpdates","service":"nas-bot","timestamp":"2026-05-26 12:23:48"}
{"error":"","level":"error","message":"Telegram请求失败","method":"getUpdates","service":"nas-bot","timestamp":"2026-05-26 12:23:49"}
{"error":"","level":"error","message":"Telegram请求失败","method":"getUpdates","service":"nas-bot","timestamp":"2026-05-26 12:23:51"}
{"error":"","level":"error","message":"Telegram请求失败","method":"getUpdates","service":"nas-bot","timestamp":"2026-05-26 12:23:52"}
{"error":"","level":"error","message":"Telegram请求失败","method":"getUpdates","service":"nas-bot","timestamp":"2026-05-26 12:23:53"}
{"error":"","level":"error","message":"Telegram请求失败","method":"getUpdates","service":"nas-bot","timestamp":"2026-05-26 12:23:55"}
{"error":"","level":"error","message":"Telegram请求失败","method":"getUpdates","service":"nas-bot","timestamp":"2026-05-26 12:23:56"}
{"error":"","level":"error","message":"Telegram请求失败","method":"getUpdates","service":"nas-bot","timestamp":"2026-05-26 12:23:57"}
{"error":"","level":"error","message":"Telegram请求失败","method":"getUpdates","service":"nas-bot","timestamp":"2026-05-26 12:23:58"}
{"error":"","level":"error","message":"Telegram请求失败","method":"getUpdates","service":"nas-bot","timestamp":"2026-05-26 12:24:00"}
{"error":"","level":"error","message":"Telegram请求失败","method":"getUpdates","service":"nas-bot","timestamp":"2026-05-26 12:24:01"}
{"error":"","level":"error","message":"Telegram请求失败","method":"getUpdates","service":"nas-bot","timestamp":"2026-05-26 12:24:02"}
{"error":"","level":"error","message":"Telegram请求失败","method":"getUpdates","service":"nas-bot","timestamp":"2026-05-26 12:24:03"}
{"error":"","level":"error","message":"Telegram请求失败","method":"getUpdates","service":"nas-bot","timestamp":"2026-05-26 12:24:05"}
{"error":"","level":"error","message":"Telegram请求失败","method":"getUpdates","service":"nas-bot","timestamp":"2026-05-26 12:24:06"}
{"error":"","level":"error","message":"Telegram请求失败","method":"getUpdates","service":"nas-bot","timestamp":"2026-05-26 12:24:07"}
{"error":"","level":"error","message":"Telegram请求失败","method":"getUpdates","service":"nas-bot","timestamp":"2026-05-26 12:24:08"}
{"error":"","level":"error","message":"Telegram请求失败","method":"getUpdates","service":"nas-bot","timestamp":"2026-05-26 12:24:10"}
{"error":"","level":"error","message":"Telegram请求失败","method":"getUpdates","service":"nas-bot","timestamp":"2026-05-26 12:24:11"}
{"error":"","level":"error","message":"Telegram请求失败","method":"getUpdates","service":"nas-bot","timestamp":"2026-05-26 12:24:12"}
{"error":"","level":"error","message":"Telegram请求失败","method":"getUpdates","service":"nas-bot","timestamp":"2026-05-26 12:24:13"}
{"error":"","level":"error","message":"Telegram请求失败","method":"getUpdates","service":"nas-bot","timestamp":"2026-05-26 12:24:15"}
{"error":"","level":"error","message":"Telegram请求失败","method":"getUpdates","service":"nas-bot","timestamp":"2026-05-26 12:24:16"}
{"error":"","level":"error","message":"Telegram请求失败","method":"getUpdates","service":"nas-bot","timestamp":"2026-05-26 12:24:17"}
{"error":"","level":"error","message":"Telegram请求失败","method":"getUpdates","service":"nas-bot","timestamp":"2026-05-26 12:24:18"}
{"error":"","level":"error","message":"Telegram请求失败","method":"getUpdates","service":"nas-bot","timestamp":"2026-05-26 12:24:20"}
{"error":"","level":"error","message":"Telegram请求失败","method":"getUpdates","service":"nas-bot","timestamp":"2026-05-26 12:24:21"}
{"error":"","level":"error","message":"Telegram请求失败","method":"getUpdates","service":"nas-bot","timestamp":"2026-05-26 12:24:22"}
{"error":"","level":"error","message":"Telegram请求失败","method":"getUpdates","service":"nas-bot","timestamp":"2026-05-26 12:24:23"}
{"error":"","level":"error","message":"Telegram请求失败","method":"getUpdates","service":"nas-bot","timestamp":"2026-05-26 12:24:25"}
{"error":"","level":"error","message":"Telegram请求失败","method":"getUpdates","service":"nas-bot","timestamp":"2026-05-26 12:24:26"}
{"error":"","level":"error","message":"Telegram请求失败","method":"getUpdates","service":"nas-bot","timestamp":"2026-05-26 12:24:27"}
{"error":"","level":"error","message":"Telegram请求失败","method":"getUpdates","service":"nas-bot","timestamp":"2026-05-26 12:24:28"}
{"error":"","level":"error","message":"Telegram请求失败","method":"getUpdates","service":"nas-bot","timestamp":"2026-05-26 12:24:30"}
{"error":"","level":"error","message":"Telegram请求失败","method":"getUpdates","service":"nas-bot","timestamp":"2026-05-26 12:24:31"}
{"error":"","level":"error","message":"Telegram请求失败","method":"getUpdates","service":"nas-bot","timestamp":"2026-05-26 12:24:32"}
{"error":"","level":"error","message":"Telegram请求失败","method":"getUpdates","service":"nas-bot","timestamp":"2026-05-26 12:24:33"}
{"error":"","level":"error","message":"Telegram请求失败","method":"getUpdates","service":"nas-bot","timestamp":"2026-05-26 12:24:35"}
{"error":"","level":"error","message":"Telegram请求失败","method":"getUpdates","service":"nas-bot","timestamp":"2026-05-26 12:24:36"}
{"error":"","level":"error","message":"Telegram请求失败","method":"getUpdates","service":"nas-bot","timestamp":"2026-05-26 12:24:37"}
{"error":"","level":"error","message":"Telegram请求失败","method":"getUpdates","service":"nas-bot","timestamp":"2026-05-26 12:24:38"}
{"error":"","level":"error","message":"Telegram请求失败","method":"getUpdates","service":"nas-bot","timestamp":"2026-05-26 12:24:40"}
{"error":"","level":"error","message":"Telegram请求失败","method":"getUpdates","service":"nas-bot","timestamp":"2026-05-26 12:24:41"}
{"error":"","level":"error","message":"Telegram请求失败","method":"getUpdates","service":"nas-bot","timestamp":"2026-05-26 12:24:42"}
{"error":"","level":"error","message":"Telegram请求失败","method":"getUpdates","service":"nas-bot","timestamp":"2026-05-26 12:24:43"}
{"error":"","level":"error","message":"Telegram请求失败","method":"getUpdates","service":"nas-bot","timestamp":"2026-05-26 12:24:45"}
{"error":"","level":"error","message":"Telegram请求失败","method":"getUpdates","service":"nas-bot","timestamp":"2026-05-26 12:24:46"}
{"error":"","level":"error","message":"Telegram请求失败","method":"getUpdates","service":"nas-bot","timestamp":"2026-05-26 12:24:47"}
{"error":"","level":"error","message":"Telegram请求失败","method":"getUpdates","service":"nas-bot","timestamp":"2026-05-26 12:24:48"}
{"error":"","level":"error","message":"Telegram请求失败","method":"getUpdates","service":"nas-bot","timestamp":"2026-05-26 12:24:50"}
{"error":"","level":"error","message":"Telegram请求失败","method":"getUpdates","service":"nas-bot","timestamp":"2026-05-26 12:24:51"}
{"error":"","level":"error","message":"Telegram请求失败","method":"getUpdates","service":"nas-bot","timestamp":"2026-05-26 12:24:52"}
{"error":"","level":"error","message":"Telegram请求失败","method":"getUpdates","service":"nas-bot","timestamp":"2026-05-26 12:24:53"}
{"error":"","level":"error","message":"Telegram请求失败","method":"getUpdates","service":"nas-bot","timestamp":"2026-05-26 12:24:55"}
{"error":"","level":"error","message":"Telegram请求失败","method":"getUpdates","service":"nas-bot","timestamp":"2026-05-26 12:24:56"}
{"error":"","level":"error","message":"Telegram请求失败","method":"getUpdates","service":"nas-bot","timestamp":"2026-05-26 12:24:57"}
{"error":"","level":"error","message":"Telegram请求失败","method":"getUpdates","service":"nas-bot","timestamp":"2026-05-26 12:24:58"}
{"error":"","level":"error","message":"Telegram请求失败","method":"getUpdates","service":"nas-bot","timestamp":"2026-05-26 12:25:00"}
{"error":"","level":"error","message":"Telegram请求失败","method":"getUpdates","service":"nas-bot","timestamp":"2026-05-26 12:25:01"}
{"error":"","level":"error","message":"Telegram请求失败","method":"getUpdates","service":"nas-bot","timestamp":"2026-05-26 12:25:02"}
{"error":"","level":"error","message":"Telegram请求失败","method":"getUpdates","service":"nas-bot","timestamp":"2026-05-26 12:25:04"}
{"error":"","level":"error","message":"Telegram请求失败","method":"getUpdates","service":"nas-bot","timestamp":"2026-05-26 12:25:05"}
{"error":"","level":"error","message":"Telegram请求失败","method":"getUpdates","service":"nas-bot","timestamp":"2026-05-26 12:25:06"}
{"error":"","level":"error","message":"Telegram请求失败","method":"getUpdates","service":"nas-bot","timestamp":"2026-05-26 12:25:07"}
{"error":"","level":"error","message":"Telegram请求失败","method":"getUpdates","service":"nas-bot","timestamp":"2026-05-26 12:25:09"}
{"error":"","level":"error","message":"Telegram请求失败","method":"getUpdates","service":"nas-bot","timestamp":"2026-05-26 12:25:10"}
{"error":"","level":"error","message":"Telegram请求失败","method":"getUpdates","service":"nas-bot","timestamp":"2026-05-26 12:25:11"}
{"error":"","level":"error","message":"Telegram请求失败","method":"getUpdates","service":"nas-bot","timestamp":"2026-05-26 12:25:12"}
{"error":"","level":"error","message":"Telegram请求失败","method":"getUpdates","service":"nas-bot","timestamp":"2026-05-26 12:25:14"}
{"error":"","level":"error","message":"Telegram请求失败","method":"getUpdates","service":"nas-bot","timestamp":"2026-05-26 12:25:15"}
{"error":"","level":"error","message":"Telegram请求失败","method":"getUpdates","service":"nas-bot","timestamp":"2026-05-26 12:25:16"}
{"error":"","level":"error","message":"Telegram请求失败","method":"getUpdates","service":"nas-bot","timestamp":"2026-05-26 12:25:17"}
{"error":"","level":"error","message":"Telegram请求失败","method":"getUpdates","service":"nas-bot","timestamp":"2026-05-26 12:25:19"}
{"error":"","level":"error","message":"Telegram请求失败","method":"getUpdates","service":"nas-bot","timestamp":"2026-05-26 12:25:20"}
{"error":"","level":"error","message":"Telegram请求失败","method":"getUpdates","service":"nas-bot","timestamp":"2026-05-26 12:25:21"}
{"error":"","level":"error","message":"Telegram请求失败","method":"getUpdates","service":"nas-bot","timestamp":"2026-05-26 12:25:22"}
{"error":"","level":"error","message":"Telegram请求失败","method":"getUpdates","service":"nas-bot","timestamp":"2026-05-26 12:25:24"}
{"error":"","level":"error","message":"Telegram请求失败","method":"getUpdates","service":"nas-bot","timestamp":"2026-05-26 12:25:25"}
{"error":"","level":"error","message":"Telegram请求失败","method":"getUpdates","service":"nas-bot","timestamp":"2026-05-26 12:25:26"}
{"error":"","level":"error","message":"Telegram请求失败","method":"getUpdates","service":"nas-bot","timestamp":"2026-05-26 12:25:27"}
{"error":"","level":"error","message":"Telegram请求失败","method":"getUpdates","service":"nas-bot","timestamp":"2026-05-26 12:25:29"}
{"error":"","level":"error","message":"Telegram请求失败","method":"getUpdates","service":"nas-bot","timestamp":"2026-05-26 12:25:30"}
{"error":"","level":"error","message":"Telegram请求失败","method":"getUpdates","service":"nas-bot","timestamp":"2026-05-26 12:25:31"}
{"error":"","level":"error","message":"Telegram请求失败","method":"getUpdates","service":"nas-bot","timestamp":"2026-05-26 12:25:32"}
{"error":"","level":"error","message":"Telegram请求失败","method":"getUpdates","service":"nas-bot","timestamp":"2026-05-26 12:25:34"}
{"error":"","level":"error","message":"Telegram请求失败","method":"getUpdates","service":"nas-bot","timestamp":"2026-05-26 12:25:35"}
{"error":"","level":"error","message":"Telegram请求失败","method":"getUpdates","service":"nas-bot","timestamp":"2026-05-26 12:25:36"}
{"error":"","level":"error","message":"Telegram请求失败","method":"getUpdates","service":"nas-bot","timestamp":"2026-05-26 12:25:37"}
{"error":"","level":"error","message":"Telegram请求失败","method":"getUpdates","service":"nas-bot","timestamp":"2026-05-26 12:25:39"}
{"error":"","level":"error","message":"Telegram请求失败","method":"getUpdates","service":"nas-bot","timestamp":"2026-05-26 12:25:40"}
{"error":"","level":"error","message":"Telegram请求失败","method":"getUpdates","service":"nas-bot","timestamp":"2026-05-26 12:25:41"}
{"error":"","level":"error","message":"Telegram请求失败","method":"getUpdates","service":"nas-bot","timestamp":"2026-05-26 12:25:42"}
{"error":"","level":"error","message":"Telegram请求失败","method":"getUpdates","service":"nas-bot","timestamp":"2026-05-26 12:25:44"}
{"error":"","level":"error","message":"Telegram请求失败","method":"getUpdates","service":"nas-bot","timestamp":"2026-05-26 12:25:45"}
{"error":"","level":"error","message":"Telegram请求失败","method":"getUpdates","service":"nas-bot","timestamp":"2026-05-26 12:25:46"}
{"error":"","level":"error","message":"Telegram请求失败","method":"getUpdates","service":"nas-bot","timestamp":"2026-05-26 12:25:47"}
{"error":"","level":"error","message":"Telegram请求失败","method":"getUpdates","service":"nas-bot","timestamp":"2026-05-26 12:25:49"}
{"error":"","level":"error","message":"Telegram请求失败","method":"getUpdates","service":"nas-bot","timestamp":"2026-05-26 12:25:50"}
{"error":"","level":"error","message":"Telegram请求失败","method":"getUpdates","service":"nas-bot","timestamp":"2026-05-26 12:25:51"}
{"error":"","level":"error","message":"Telegram请求失败","method":"getUpdates","service":"nas-bot","timestamp":"2026-05-26 12:25:52"}
{"error":"","level":"error","message":"Telegram请求失败","method":"getUpdates","service":"nas-bot","timestamp":"2026-05-26 12:25:54"}
{"error":"","level":"error","message":"Telegram请求失败","method":"getUpdates","service":"nas-bot","timestamp":"2026-05-26 12:25:55"}
{"error":"","level":"error","message":"Telegram请求失败","method":"getUpdates","service":"nas-bot","timestamp":"2026-05-26 12:25:56"}
{"error":"","level":"error","message":"Telegram请求失败","method":"getUpdates","service":"nas-bot","timestamp":"2026-05-26 12:25:57"}
{"level":"info","message":"收到信号 SIGTERM，正在关闭...","service":"nas-bot","timestamp":"2026-05-26 12:25:58"}
{"level":"info","message":"IOC容器构建完成","service":"nas-bot","timestamp":"2026-05-26 12:25:59"}
{"level":"info","message":"定时调度器启动","service":"nas-bot","summaryTime":"15:35","timestamp":"2026-05-26 12:25:59","weatherCheck":"15:00 ~ 21:00 毎時"}
{"level":"info","message":"Bot启动","service":"nas-bot","timestamp":"2026-05-26 12:25:59"}
{"level":"info","message":"NAS Bot 已启动 🚀","service":"nas-bot","timestamp":"2026-05-26 12:25:59"}
{"error":"","level":"error","message":"Telegram请求失败","method":"getUpdates","service":"nas-bot","timestamp":"2026-05-26 12:25:59"}
{"error":"","level":"error","message":"Telegram请求失败","method":"getUpdates","service":"nas-bot","timestamp":"2026-05-26 12:26:00"}
{"count":14,"level":"info","message":"Dashboard按钮已加载","service":"nas-bot","timestamp":"2026-05-26 12:26:01"}
{"level":"info","message":"Dashboard按钮加载完成，重建键盘","service":"nas-bot","timestamp":"2026-05-26 12:26:01"}
{"error":"","level":"error","message":"Telegram请求失败","method":"getUpdates","service":"nas-bot","timestamp":"2026-05-26 12:26:02"}
{"error":"","level":"error","message":"Telegram请求失败","method":"getUpdates","service":"nas-bot","timestamp":"2026-05-26 12:26:03"}
{"error":"","level":"error","message":"Telegram请求失败","method":"getUpdates","service":"nas-bot","timestamp":"2026-05-26 12:26:04"}
{"error":"","level":"error","message":"Telegram请求失败","method":"getUpdates","service":"nas-bot","timestamp":"2026-05-26 12:26:05"}
{"error":"","level":"error","message":"Telegram请求失败","method":"getUpdates","service":"nas-bot","timestamp":"2026-05-26 12:26:07"}
{"error":"","level":"error","message":"Telegram请求失败","method":"getUpdates","service":"nas-bot","timestamp":"2026-05-26 12:26:08"}
{"error":"","level":"error","message":"Telegram请求失败","method":"getUpdates","service":"nas-bot","timestamp":"2026-05-26 12:26:09"}
{"error":"","level":"error","message":"Telegram请求失败","method":"getUpdates","service":"nas-bot","timestamp":"2026-05-26 12:26:10"}
{"error":"","level":"error","message":"Telegram请求失败","method":"getUpdates","service":"nas-bot","timestamp":"2026-05-26 12:26:12"}
{"error":"","level":"error","message":"Telegram请求失败","method":"getUpdates","service":"nas-bot","timestamp":"2026-05-26 12:26:13"}
{"error":"","level":"error","message":"Telegram请求失败","method":"getUpdates","service":"nas-bot","timestamp":"2026-05-26 12:26:14"}
{"error":"","level":"error","message":"Telegram请求失败","method":"getUpdates","service":"nas-bot","timestamp":"2026-05-26 12:26:15"}
{"error":"","level":"error","message":"Telegram请求失败","method":"getUpdates","service":"nas-bot","timestamp":"2026-05-26 12:26:17"}
{"error":"","level":"error","message":"Telegram请求失败","method":"getUpdates","service":"nas-bot","timestamp":"2026-05-26 12:26:18"}
{"error":"","level":"error","message":"Telegram请求失败","method":"getUpdates","service":"nas-bot","timestamp":"2026-05-26 12:26:19"}
{"error":"","level":"error","message":"Telegram请求失败","method":"getUpdates","service":"nas-bot","timestamp":"2026-05-26 12:26:20"}
{"error":"","level":"error","message":"Telegram请求失败","method":"getUpdates","service":"nas-bot","timestamp":"2026-05-26 12:26:22"}
{"error":"","level":"error","message":"Telegram请求失败","method":"getUpdates","service":"nas-bot","timestamp":"2026-05-26 12:26:23"}
{"error":"","level":"error","message":"Telegram请求失败","method":"getUpdates","service":"nas-bot","timestamp":"2026-05-26 12:26:24"}
{"error":"","level":"error","message":"Telegram请求失败","method":"getUpdates","service":"nas-bot","timestamp":"2026-05-26 12:26:25"}
{"error":"","level":"error","message":"Telegram请求失败","method":"getUpdates","service":"nas-bot","timestamp":"2026-05-26 12:26:27"}
{"error":"","level":"error","message":"Telegram请求失败","method":"getUpdates","service":"nas-bot","timestamp":"2026-05-26 12:26:28"}
{"error":"","level":"error","message":"Telegram请求失败","method":"getUpdates","service":"nas-bot","timestamp":"2026-05-26 12:26:29"}
{"error":"","level":"error","message":"Telegram请求失败","method":"getUpdates","service":"nas-bot","timestamp":"2026-05-26 12:26:30"}
{"error":"","level":"error","message":"Telegram请求失败","method":"getUpdates","service":"nas-bot","timestamp":"2026-05-26 12:26:32"}
{"error":"","level":"error","message":"Telegram请求失败","method":"getUpdates","service":"nas-bot","timestamp":"2026-05-26 12:26:33"}
{"error":"","level":"error","message":"Telegram请求失败","method":"getUpdates","service":"nas-bot","timestamp":"2026-05-26 12:26:34"}
{"error":"","level":"error","message":"Telegram请求失败","method":"getUpdates","service":"nas-bot","timestamp":"2026-05-26 12:26:35"}
{"error":"","level":"error","message":"Telegram请求失败","method":"getUpdates","service":"nas-bot","timestamp":"2026-05-26 12:26:37"}
{"error":"","level":"error","message":"Telegram请求失败","method":"getUpdates","service":"nas-bot","timestamp":"2026-05-26 12:26:38"}
{"error":"","level":"error","message":"Telegram请求失败","method":"getUpdates","service":"nas-bot","timestamp":"2026-05-26 12:26:39"}
{"error":"","level":"error","message":"Telegram请求失败","method":"getUpdates","service":"nas-bot","timestamp":"2026-05-26 12:26:40"}
{"error":"","level":"error","message":"Telegram请求失败","method":"getUpdates","service":"nas-bot","timestamp":"2026-05-26 12:26:42"}
{"error":"","level":"error","message":"Telegram请求失败","method":"getUpdates","service":"nas-bot","timestamp":"2026-05-26 12:26:43"}
{"error":"","level":"error","message":"Telegram请求失败","method":"getUpdates","service":"nas-bot","timestamp":"2026-05-26 12:26:44"}
{"error":"","level":"error","message":"Telegram请求失败","method":"getUpdates","service":"nas-bot","timestamp":"2026-05-26 12:26:45"}
{"error":"","level":"error","message":"Telegram请求失败","method":"getUpdates","service":"nas-bot","timestamp":"2026-05-26 12:26:47"}
{"error":"","level":"error","message":"Telegram请求失败","method":"getUpdates","service":"nas-bot","timestamp":"2026-05-26 12:26:48"}
{"error":"","level":"error","message":"Telegram请求失败","method":"getUpdates","service":"nas-bot","timestamp":"2026-05-26 12:26:49"}
{"error":"","level":"error","message":"Telegram请求失败","method":"getUpdates","service":"nas-bot","timestamp":"2026-05-26 12:26:50"}
{"error":"","level":"error","message":"Telegram请求失败","method":"getUpdates","service":"nas-bot","timestamp":"2026-05-26 12:26:52"}
{"error":"","level":"error","message":"Telegram请求失败","method":"getUpdates","service":"nas-bot","timestamp":"2026-05-26 12:26:53"}
{"error":"","level":"error","message":"Telegram请求失败","method":"getUpdates","service":"nas-bot","timestamp":"2026-05-26 12:26:54"}
{"error":"","level":"error","message":"Telegram请求失败","method":"getUpdates","service":"nas-bot","timestamp":"2026-05-26 12:26:56"}
{"error":"","level":"error","message":"Telegram请求失败","method":"getUpdates","service":"nas-bot","timestamp":"2026-05-26 12:26:57"}
{"error":"","level":"error","message":"Telegram请求失败","method":"getUpdates","service":"nas-bot","timestamp":"2026-05-26 12:26:58"}
{"error":"","level":"error","message":"Telegram请求失败","method":"getUpdates","service":"nas-bot","timestamp":"2026-05-26 12:26:59"}
{"error":"","level":"error","message":"Telegram请求失败","method":"getUpdates","service":"nas-bot","timestamp":"2026-05-26 12:27:01"}
{"error":"","level":"error","message":"Telegram请求失败","method":"getUpdates","service":"nas-bot","timestamp":"2026-05-26 12:27:02"}
{"error":"","level":"error","message":"Telegram请求失败","method":"getUpdates","service":"nas-bot","timestamp":"2026-05-26 12:27:03"}
{"error":"","level":"error","message":"Telegram请求失败","method":"getUpdates","service":"nas-bot","timestamp":"2026-05-26 12:27:04"}
{"error":"","level":"error","message":"Telegram请求失败","method":"getUpdates","service":"nas-bot","timestamp":"2026-05-26 12:27:06"}
{"error":"","level":"error","message":"Telegram请求失败","method":"getUpdates","service":"nas-bot","timestamp":"2026-05-26 12:27:07"}
{"error":"","level":"error","message":"Telegram请求失败","method":"getUpdates","service":"nas-bot","timestamp":"2026-05-26 12:27:08"}
{"error":"","level":"error","message":"Telegram请求失败","method":"getUpdates","service":"nas-bot","timestamp":"2026-05-26 12:27:09"}
{"error":"","level":"error","message":"Telegram请求失败","method":"getUpdates","service":"nas-bot","timestamp":"2026-05-26 12:27:11"}
{"error":"","level":"error","message":"Telegram请求失败","method":"getUpdates","service":"nas-bot","timestamp":"2026-05-26 12:27:12"}
{"error":"","level":"error","message":"Telegram请求失败","method":"getUpdates","service":"nas-bot","timestamp":"2026-05-26 12:27:13"}
{"error":"","level":"error","message":"Telegram请求失败","method":"getUpdates","service":"nas-bot","timestamp":"2026-05-26 12:27:14"}
{"error":"","level":"error","message":"Telegram请求失败","method":"getUpdates","service":"nas-bot","timestamp":"2026-05-26 12:27:16"}
{"error":"","level":"error","message":"Telegram请求失败","method":"getUpdates","service":"nas-bot","timestamp":"2026-05-26 12:27:17"}
{"error":"","level":"error","message":"Telegram请求失败","method":"getUpdates","service":"nas-bot","timestamp":"2026-05-26 12:27:18"}
{"error":"","level":"error","message":"Telegram请求失败","method":"getUpdates","service":"nas-bot","timestamp":"2026-05-26 12:27:19"}
{"error":"","level":"error","message":"Telegram请求失败","method":"getUpdates","service":"nas-bot","timestamp":"2026-05-26 12:27:21"}
{"error":"","level":"error","message":"Telegram请求失败","method":"getUpdates","service":"nas-bot","timestamp":"2026-05-26 12:27:22"}
{"error":"","level":"error","message":"Telegram请求失败","method":"getUpdates","service":"nas-bot","timestamp":"2026-05-26 12:27:23"}
{"error":"","level":"error","message":"Telegram请求失败","method":"getUpdates","service":"nas-bot","timestamp":"2026-05-26 12:27:24"}
{"error":"","level":"error","message":"Telegram请求失败","method":"getUpdates","service":"nas-bot","timestamp":"2026-05-26 12:27:26"}
{"error":"","level":"error","message":"Telegram请求失败","method":"getUpdates","service":"nas-bot","timestamp":"2026-05-26 12:27:27"}
{"error":"","level":"error","message":"Telegram请求失败","method":"getUpdates","service":"nas-bot","timestamp":"2026-05-26 12:27:28"}
{"error":"","level":"error","message":"Telegram请求失败","method":"getUpdates","service":"nas-bot","timestamp":"2026-05-26 12:27:29"}
{"error":"","level":"error","message":"Telegram请求失败","method":"getUpdates","service":"nas-bot","timestamp":"2026-05-26 12:27:31"}
{"error":"","level":"error","message":"Telegram请求失败","method":"getUpdates","service":"nas-bot","timestamp":"2026-05-26 12:27:32"}
{"error":"","level":"error","message":"Telegram请求失败","method":"getUpdates","service":"nas-bot","timestamp":"2026-05-26 12:27:33"}
{"error":"","level":"error","message":"Telegram请求失败","method":"getUpdates","service":"nas-bot","timestamp":"2026-05-26 12:27:34"}
{"error":"","level":"error","message":"Telegram请求失败","method":"getUpdates","service":"nas-bot","timestamp":"2026-05-26 12:27:36"}
{"error":"","level":"error","message":"Telegram请求失败","method":"getUpdates","service":"nas-bot","timestamp":"2026-05-26 12:27:37"}
{"error":"","level":"error","message":"Telegram请求失败","method":"getUpdates","service":"nas-bot","timestamp":"2026-05-26 12:27:38"}
{"error":"","level":"error","message":"Telegram请求失败","method":"getUpdates","service":"nas-bot","timestamp":"2026-05-26 12:27:39"}
{"error":"","level":"error","message":"Telegram请求失败","method":"getUpdates","service":"nas-bot","timestamp":"2026-05-26 12:27:41"}
{"error":"","level":"error","message":"Telegram请求失败","method":"getUpdates","service":"nas-bot","timestamp":"2026-05-26 12:27:42"}
{"error":"","level":"error","message":"Telegram请求失败","method":"getUpdates","service":"nas-bot","timestamp":"2026-05-26 12:27:43"}
{"error":"","level":"error","message":"Telegram请求失败","method":"getUpdates","service":"nas-bot","timestamp":"2026-05-26 12:27:44"}
{"args":"","command":"/start","level":"info","message":"收到指令","service":"nas-bot","timestamp":"2026-05-26 12:27:46","userId":"6423823321"}
{"args":"","command":"帮助","level":"info","message":"收到指令","service":"nas-bot","timestamp":"2026-05-26 12:27:46","userId":"6423823321"}
{"args":"","command":"/start","level":"info","message":"收到指令","service":"nas-bot","timestamp":"2026-05-26 12:27:46","userId":"6423823321"}
{"level":"warn","message":"Telegram请求失败，重试中","method":"sendMessage","remaining":2,"service":"nas-bot","timestamp":"2026-05-26 12:27:46"}
{"level":"warn","message":"Telegram请求失败，重试中","method":"sendMessage","remaining":2,"service":"nas-bot","timestamp":"2026-05-26 12:27:46"}
{"command":"/start","elapsed":467,"level":"info","message":"指令处理完成","service":"nas-bot","timestamp":"2026-05-26 12:27:47"}
{"level":"warn","message":"Telegram请求失败，重试中","method":"sendMessage","remaining":1,"service":"nas-bot","timestamp":"2026-05-26 12:27:48"}
{"level":"warn","message":"Telegram请求失败，重试中","method":"sendMessage","remaining":1,"service":"nas-bot","timestamp":"2026-05-26 12:27:48"}
{"error":"","level":"error","message":"Telegram请求失败","method":"sendMessage","service":"nas-bot","timestamp":"2026-05-26 12:27:49"}
{"chatId":"6423823321","level":"warn","message":"消息发送失败","service":"nas-bot","timestamp":"2026-05-26 12:27:49"}
{"command":"帮助","elapsed":2772,"level":"info","message":"指令处理完成","service":"nas-bot","timestamp":"2026-05-26 12:27:49"}
{"error":"","level":"error","message":"Telegram请求失败","method":"sendMessage","service":"nas-bot","timestamp":"2026-05-26 12:27:49"}
{"chatId":"6423823321","level":"warn","message":"消息发送失败","service":"nas-bot","timestamp":"2026-05-26 12:27:49"}
{"command":"/start","elapsed":2769,"level":"info","message":"指令处理完成","service":"nas-bot","timestamp":"2026-05-26 12:27:49"}
{"error":"connect ECONNREFUSED 192.168.0.3:3000","level":"error","message":"获取股票数据失败","service":"nas-bot","timestamp":"2026-05-26 12:30:59"}
{"error":"connect ECONNREFUSED 192.168.0.3:3000","level":"error","message":"获取股票数据失败","service":"nas-bot","timestamp":"2026-05-26 12:35:59"}
{"error":"connect ECONNREFUSED 192.168.0.3:3000","level":"error","message":"获取股票数据失败","service":"nas-bot","timestamp":"2026-05-26 12:40:59"}
{"args":"","command":"/start","level":"info","message":"收到指令","service":"nas-bot","timestamp":"2026-05-26 12:42:45","userId":"6423823321"}
{"command":"/start","elapsed":467,"level":"info","message":"指令处理完成","service":"nas-bot","timestamp":"2026-05-26 12:42:45"}
{"args":"","command":"重启Bot","level":"info","message":"收到指令","service":"nas-bot","timestamp":"2026-05-26 12:42:51","userId":"6423823321"}
{"level":"info","message":"收到信号 SIGTERM，正在关闭...","service":"nas-bot","timestamp":"2026-05-26 12:42:51"}
{"level":"info","message":"IOC容器构建完成","service":"nas-bot","timestamp":"2026-05-26 12:42:52"}
{"level":"info","message":"定时调度器启动","service":"nas-bot","summaryTime":"15:35","timestamp":"2026-05-26 12:42:52","weatherCheck":"15:00 ~ 21:00 毎時"}
{"level":"info","message":"Bot启动","service":"nas-bot","timestamp":"2026-05-26 12:42:52"}
{"level":"info","message":"NAS Bot 已启动 🚀","service":"nas-bot","timestamp":"2026-05-26 12:42:53"}
{"error":"","level":"error","message":"Telegram请求失败","method":"getUpdates","service":"nas-bot","timestamp":"2026-05-26 12:42:53"}
{"error":"","level":"error","message":"Telegram请求失败","method":"getUpdates","service":"nas-bot","timestamp":"2026-05-26 12:42:54"}
{"count":15,"level":"info","message":"Dashboard按钮已加载","service":"nas-bot","timestamp":"2026-05-26 12:42:54"}
{"level":"info","message":"Dashboard按钮加载完成，重建键盘","service":"nas-bot","timestamp":"2026-05-26 12:42:54"}
{"error":"","level":"error","message":"Telegram请求失败","method":"getUpdates","service":"nas-bot","timestamp":"2026-05-26 12:42:55"}
{"error":"","level":"error","message":"Telegram请求失败","method":"getUpdates","service":"nas-bot","timestamp":"2026-05-26 12:42:57"}
{"error":"","level":"error","message":"Telegram请求失败","method":"getUpdates","service":"nas-bot","timestamp":"2026-05-26 12:42:58"}
{"error":"","level":"error","message":"Telegram请求失败","method":"getUpdates","service":"nas-bot","timestamp":"2026-05-26 12:42:59"}
{"error":"","level":"error","message":"Telegram请求失败","method":"getUpdates","service":"nas-bot","timestamp":"2026-05-26 12:43:00"}
{"error":"","level":"error","message":"Telegram请求失败","method":"getUpdates","service":"nas-bot","timestamp":"2026-05-26 12:43:02"}
{"error":"","level":"error","message":"Telegram请求失败","method":"getUpdates","service":"nas-bot","timestamp":"2026-05-26 12:43:03"}
{"error":"","level":"error","message":"Telegram请求失败","method":"getUpdates","service":"nas-bot","timestamp":"2026-05-26 12:43:04"}
{"error":"","level":"error","message":"Telegram请求失败","method":"getUpdates","service":"nas-bot","timestamp":"2026-05-26 12:43:05"}
{"error":"","level":"error","message":"Telegram请求失败","method":"getUpdates","service":"nas-bot","timestamp":"2026-05-26 12:43:07"}
{"error":"","level":"error","message":"Telegram请求失败","method":"getUpdates","service":"nas-bot","timestamp":"2026-05-26 12:43:08"}
{"error":"","level":"error","message":"Telegram请求失败","method":"getUpdates","service":"nas-bot","timestamp":"2026-05-26 12:43:09"}
{"args":"","command":"重启Bot","level":"info","message":"收到指令","service":"nas-bot","timestamp":"2026-05-26 12:43:11","userId":"6423823321"}
{"level":"info","message":"收到信号 SIGTERM，正在关闭...","service":"nas-bot","timestamp":"2026-05-26 12:43:12"}
{"level":"info","message":"IOC容器构建完成","service":"nas-bot","timestamp":"2026-05-26 12:43:13"}
{"level":"info","message":"定时调度器启动","service":"nas-bot","summaryTime":"15:35","timestamp":"2026-05-26 12:43:13","weatherCheck":"15:00 ~ 21:00 毎時"}
{"level":"info","message":"Bot启动","service":"nas-bot","timestamp":"2026-05-26 12:43:13"}
{"level":"info","message":"NAS Bot 已启动 🚀","service":"nas-bot","timestamp":"2026-05-26 12:43:13"}
{"error":"","level":"error","message":"Telegram请求失败","method":"getUpdates","service":"nas-bot","timestamp":"2026-05-26 12:43:13"}
{"count":15,"level":"info","message":"Dashboard按钮已加载","service":"nas-bot","timestamp":"2026-05-26 12:43:15"}
{"level":"info","message":"Dashboard按钮加载完成，重建键盘","service":"nas-bot","timestamp":"2026-05-26 12:43:15"}
{"args":"","command":"重启Bot","level":"info","message":"收到指令","service":"nas-bot","timestamp":"2026-05-26 12:43:15","userId":"6423823321"}
{"level":"info","message":"收到信号 SIGTERM，正在关闭...","service":"nas-bot","timestamp":"2026-05-26 12:43:16"}
{"level":"info","message":"IOC容器构建完成","service":"nas-bot","timestamp":"2026-05-26 12:43:17"}
{"level":"info","message":"定时调度器启动","service":"nas-bot","summaryTime":"15:35","timestamp":"2026-05-26 12:43:17","weatherCheck":"15:00 ~ 21:00 毎時"}
{"level":"info","message":"Bot启动","service":"nas-bot","timestamp":"2026-05-26 12:43:17"}
{"level":"info","message":"NAS Bot 已启动 🚀","service":"nas-bot","timestamp":"2026-05-26 12:43:17"}
{"args":"重启Bot","command":"🤖","level":"info","message":"收到指令","service":"nas-bot","timestamp":"2026-05-26 12:43:18","userId":"6423823321"}
{"command":"🤖","elapsed":470,"level":"info","message":"指令处理完成","service":"nas-bot","timestamp":"2026-05-26 12:43:18"}
{"count":15,"level":"info","message":"Dashboard按钮已加载","service":"nas-bot","timestamp":"2026-05-26 12:43:19"}
{"level":"info","message":"Dashboard按钮加载完成，重建键盘","service":"nas-bot","timestamp":"2026-05-26 12:43:19"}
{"args":"","command":"/start","level":"info","message":"收到指令","service":"nas-bot","timestamp":"2026-05-26 12:43:31","userId":"6423823321"}
{"command":"/start","elapsed":454,"level":"info","message":"指令处理完成","service":"nas-bot","timestamp":"2026-05-26 12:43:32"}
{"args":"","command":"查看LOG","level":"info","message":"收到指令","service":"nas-bot","timestamp":"2026-05-26 12:43:35","userId":"6423823321"}
{"command":"查看LOG","elapsed":1021,"level":"info","message":"指令处理完成","service":"nas-bot","timestamp":"2026-05-26 12:43:36"}
{"error":"","level":"error","message":"Telegram请求失败","method":"getUpdates","service":"nas-bot","timestamp":"2026-05-26 12:43:36"}
{"args":"","command":"帮助","level":"info","message":"收到指令","service":"nas-bot","timestamp":"2026-05-26 12:43:56","userId":"6423823321"}
{"command":"帮助","elapsed":492,"level":"info","message":"指令处理完成","service":"nas-bot","timestamp":"2026-05-26 12:43:57"}
{"args":"","command":"明日天气","level":"info","message":"收到指令","service":"nas-bot","timestamp":"2026-05-26 12:43:59","userId":"6423823321"}
{"error":"","level":"error","message":"Telegram请求失败","method":"getUpdates","service":"nas-bot","timestamp":"2026-05-26 12:44:00"}
{"command":"明日天气","elapsed":1367,"level":"info","message":"指令处理完成","service":"nas-bot","timestamp":"2026-05-26 12:44:00"}
{"error":"connect ECONNREFUSED 192.168.0.3:3000","level":"error","message":"获取股票数据失败","service":"nas-bot","timestamp":"2026-05-26 12:45:17"}
{"error":"connect ECONNREFUSED 192.168.0.3:3000","level":"error","message":"获取股票数据失败","service":"nas-bot","timestamp":"2026-05-26 12:50:17"}
{"error":"connect ECONNREFUSED 192.168.0.3:3000","level":"error","message":"获取股票数据失败","service":"nas-bot","timestamp":"2026-05-26 12:55:17"}
{"error":"","level":"error","message":"Telegram请求失败","method":"getUpdates","service":"nas-bot","timestamp":"2026-05-26 13:44:01"}
{"error":"","level":"error","message":"Telegram请求失败","method":"getUpdates","service":"nas-bot","timestamp":"2026-05-26 13:44:02"}
{"error":"","level":"error","message":"Telegram请求失败","method":"getUpdates","service":"nas-bot","timestamp":"2026-05-26 13:44:03"}
{"error":"","level":"error","message":"Telegram请求失败","method":"getUpdates","service":"nas-bot","timestamp":"2026-05-26 13:44:05"}
{"error":"","level":"error","message":"Telegram请求失败","method":"getUpdates","service":"nas-bot","timestamp":"2026-05-26 13:44:06"}
{"error":"","level":"error","message":"Telegram请求失败","method":"getUpdates","service":"nas-bot","timestamp":"2026-05-26 13:44:07"}
{"error":"","level":"error","message":"Telegram请求失败","method":"getUpdates","service":"nas-bot","timestamp":"2026-05-26 13:44:08"}
{"error":"","level":"error","message":"Telegram请求失败","method":"getUpdates","service":"nas-bot","timestamp":"2026-05-26 13:44:10"}
{"error":"","level":"error","message":"Telegram请求失败","method":"getUpdates","service":"nas-bot","timestamp":"2026-05-26 13:44:11"}
{"error":"","level":"error","message":"Telegram请求失败","method":"getUpdates","service":"nas-bot","timestamp":"2026-05-26 13:44:12"}
{"error":"","level":"error","message":"Telegram请求失败","method":"getUpdates","service":"nas-bot","timestamp":"2026-05-26 13:44:13"}
{"error":"","level":"error","message":"Telegram请求失败","method":"getUpdates","service":"nas-bot","timestamp":"2026-05-26 13:44:15"}
{"error":"","level":"error","message":"Telegram请求失败","method":"getUpdates","service":"nas-bot","timestamp":"2026-05-26 13:44:16"}
{"error":"","level":"error","message":"Telegram请求失败","method":"getUpdates","service":"nas-bot","timestamp":"2026-05-26 13:44:17"}
{"error":"","level":"error","message":"Telegram请求失败","method":"getUpdates","service":"nas-bot","timestamp":"2026-05-26 13:44:18"}
{"error":"","level":"error","message":"Telegram请求失败","method":"getUpdates","service":"nas-bot","timestamp":"2026-05-26 13:44:20"}
{"error":"","level":"error","message":"Telegram请求失败","method":"getUpdates","service":"nas-bot","timestamp":"2026-05-26 13:44:21"}
{"error":"","level":"error","message":"Telegram请求失败","method":"getUpdates","service":"nas-bot","timestamp":"2026-05-26 13:44:22"}
{"error":"","level":"error","message":"Telegram请求失败","method":"getUpdates","service":"nas-bot","timestamp":"2026-05-26 13:44:23"}
{"error":"","level":"error","message":"Telegram请求失败","method":"getUpdates","service":"nas-bot","timestamp":"2026-05-26 13:44:25"}
{"error":"","level":"error","message":"Telegram请求失败","method":"getUpdates","service":"nas-bot","timestamp":"2026-05-26 13:44:26"}
{"error":"","level":"error","message":"Telegram请求失败","method":"getUpdates","service":"nas-bot","timestamp":"2026-05-26 13:44:27"}
{"error":"","level":"error","message":"Telegram请求失败","method":"getUpdates","service":"nas-bot","timestamp":"2026-05-26 13:44:29"}
{"error":"","level":"error","message":"Telegram请求失败","method":"getUpdates","service":"nas-bot","timestamp":"2026-05-26 13:44:30"}
{"error":"","level":"error","message":"Telegram请求失败","method":"getUpdates","service":"nas-bot","timestamp":"2026-05-26 13:44:31"}
{"error":"","level":"error","message":"Telegram请求失败","method":"getUpdates","service":"nas-bot","timestamp":"2026-05-26 13:44:32"}
{"error":"","level":"error","message":"Telegram请求失败","method":"getUpdates","service":"nas-bot","timestamp":"2026-05-26 13:44:34"}
{"error":"","level":"error","message":"Telegram请求失败","method":"getUpdates","service":"nas-bot","timestamp":"2026-05-26 13:44:35"}
{"error":"","level":"error","message":"Telegram请求失败","method":"getUpdates","service":"nas-bot","timestamp":"2026-05-26 13:44:36"}
{"error":"","level":"error","message":"Telegram请求失败","method":"getUpdates","service":"nas-bot","timestamp":"2026-05-26 13:44:37"}
{"error":"","level":"error","message":"Telegram请求失败","method":"getUpdates","service":"nas-bot","timestamp":"2026-05-26 13:44:39"}
{"error":"","level":"error","message":"Telegram请求失败","method":"getUpdates","service":"nas-bot","timestamp":"2026-05-26 13:44:40"}
{"error":"","level":"error","message":"Telegram请求失败","method":"getUpdates","service":"nas-bot","timestamp":"2026-05-26 13:44:41"}
{"error":"","level":"error","message":"Telegram请求失败","method":"getUpdates","service":"nas-bot","timestamp":"2026-05-26 13:44:42"}
{"error":"","level":"error","message":"Telegram请求失败","method":"getUpdates","service":"nas-bot","timestamp":"2026-05-26 13:44:44"}
{"error":"","level":"error","message":"Telegram请求失败","method":"getUpdates","service":"nas-bot","timestamp":"2026-05-26 13:44:45"}
{"error":"","level":"error","message":"Telegram请求失败","method":"getUpdates","service":"nas-bot","timestamp":"2026-05-26 13:44:46"}
{"error":"","level":"error","message":"Telegram请求失败","method":"getUpdates","service":"nas-bot","timestamp":"2026-05-26 13:44:47"}
{"error":"","level":"error","message":"Telegram请求失败","method":"getUpdates","service":"nas-bot","timestamp":"2026-05-26 13:44:49"}
{"error":"","level":"error","message":"Telegram请求失败","method":"getUpdates","service":"nas-bot","timestamp":"2026-05-26 13:44:50"}
{"error":"","level":"error","message":"Telegram请求失败","method":"getUpdates","service":"nas-bot","timestamp":"2026-05-26 13:44:51"}
{"error":"","level":"error","message":"Telegram请求失败","method":"getUpdates","service":"nas-bot","timestamp":"2026-05-26 13:44:52"}
{"error":"","level":"error","message":"Telegram请求失败","method":"getUpdates","service":"nas-bot","timestamp":"2026-05-26 13:44:54"}
{"error":"","level":"error","message":"Telegram请求失败","method":"getUpdates","service":"nas-bot","timestamp":"2026-05-26 13:44:55"}
{"error":"","level":"error","message":"Telegram请求失败","method":"getUpdates","service":"nas-bot","timestamp":"2026-05-26 13:44:56"}
{"error":"","level":"error","message":"Telegram请求失败","method":"getUpdates","service":"nas-bot","timestamp":"2026-05-26 13:44:57"}
{"error":"","level":"error","message":"Telegram请求失败","method":"getUpdates","service":"nas-bot","timestamp":"2026-05-26 13:44:59"}
{"error":"","level":"error","message":"Telegram请求失败","method":"getUpdates","service":"nas-bot","timestamp":"2026-05-26 13:45:00"}
{"error":"","level":"error","message":"Telegram请求失败","method":"getUpdates","service":"nas-bot","timestamp":"2026-05-26 13:45:01"}
{"error":"","level":"error","message":"Telegram请求失败","method":"getUpdates","service":"nas-bot","timestamp":"2026-05-26 13:45:02"}
{"error":"","level":"error","message":"Telegram请求失败","method":"getUpdates","service":"nas-bot","timestamp":"2026-05-26 13:45:04"}
{"error":"","level":"error","message":"Telegram请求失败","method":"getUpdates","service":"nas-bot","timestamp":"2026-05-26 13:45:05"}
{"error":"","level":"error","message":"Telegram请求失败","method":"getUpdates","service":"nas-bot","timestamp":"2026-05-26 13:45:06"}
{"error":"","level":"error","message":"Telegram请求失败","method":"getUpdates","service":"nas-bot","timestamp":"2026-05-26 13:45:07"}
{"error":"","level":"error","message":"Telegram请求失败","method":"getUpdates","service":"nas-bot","timestamp":"2026-05-26 13:45:09"}
{"error":"","level":"error","message":"Telegram请求失败","method":"getUpdates","service":"nas-bot","timestamp":"2026-05-26 13:45:10"}
{"error":"","level":"error","message":"Telegram请求失败","method":"getUpdates","service":"nas-bot","timestamp":"2026-05-26 13:45:11"}
{"error":"","level":"error","message":"Telegram请求失败","method":"getUpdates","service":"nas-bot","timestamp":"2026-05-26 13:45:12"}
{"error":"","level":"error","message":"Telegram请求失败","method":"getUpdates","service":"nas-bot","timestamp":"2026-05-26 13:45:14"}
{"error":"","level":"error","message":"Telegram请求失败","method":"getUpdates","service":"nas-bot","timestamp":"2026-05-26 13:45:15"}
{"error":"","level":"error","message":"Telegram请求失败","method":"getUpdates","service":"nas-bot","timestamp":"2026-05-26 13:45:16"}
{"error":"","level":"error","message":"Telegram请求失败","method":"getUpdates","service":"nas-bot","timestamp":"2026-05-26 13:45:17"}
{"error":"","level":"error","message":"Telegram请求失败","method":"getUpdates","service":"nas-bot","timestamp":"2026-05-26 13:45:19"}
{"error":"","level":"error","message":"Telegram请求失败","method":"getUpdates","service":"nas-bot","timestamp":"2026-05-26 13:45:20"}
{"error":"","level":"error","message":"Telegram请求失败","method":"getUpdates","service":"nas-bot","timestamp":"2026-05-26 13:45:21"}
{"error":"","level":"error","message":"Telegram请求失败","method":"getUpdates","service":"nas-bot","timestamp":"2026-05-26 13:45:22"}
{"error":"","level":"error","message":"Telegram请求失败","method":"getUpdates","service":"nas-bot","timestamp":"2026-05-26 13:45:24"}
{"error":"","level":"error","message":"Telegram请求失败","method":"getUpdates","service":"nas-bot","timestamp":"2026-05-26 13:45:25"}
{"error":"","level":"error","message":"Telegram请求失败","method":"getUpdates","service":"nas-bot","timestamp":"2026-05-26 13:45:26"}
{"error":"","level":"error","message":"Telegram请求失败","method":"getUpdates","service":"nas-bot","timestamp":"2026-05-26 13:45:27"}
{"error":"","level":"error","message":"Telegram请求失败","method":"getUpdates","service":"nas-bot","timestamp":"2026-05-26 13:45:29"}
{"error":"","level":"error","message":"Telegram请求失败","method":"getUpdates","service":"nas-bot","timestamp":"2026-05-26 13:45:30"}
{"error":"","level":"error","message":"Telegram请求失败","method":"getUpdates","service":"nas-bot","timestamp":"2026-05-26 13:45:31"}
{"error":"","level":"error","message":"Telegram请求失败","method":"getUpdates","service":"nas-bot","timestamp":"2026-05-26 13:45:33"}
{"error":"","level":"error","message":"Telegram请求失败","method":"getUpdates","service":"nas-bot","timestamp":"2026-05-26 13:45:34"}
{"error":"","level":"error","message":"Telegram请求失败","method":"getUpdates","service":"nas-bot","timestamp":"2026-05-26 13:45:35"}
{"error":"","level":"error","message":"Telegram请求失败","method":"getUpdates","service":"nas-bot","timestamp":"2026-05-26 13:45:36"}
{"error":"","level":"error","message":"Telegram请求失败","method":"getUpdates","service":"nas-bot","timestamp":"2026-05-26 13:45:38"}
{"error":"","level":"error","message":"Telegram请求失败","method":"getUpdates","service":"nas-bot","timestamp":"2026-05-26 13:45:39"}
{"error":"","level":"error","message":"Telegram请求失败","method":"getUpdates","service":"nas-bot","timestamp":"2026-05-26 13:45:40"}
{"error":"","level":"error","message":"Telegram请求失败","method":"getUpdates","service":"nas-bot","timestamp":"2026-05-26 13:45:41"}
{"error":"","level":"error","message":"Telegram请求失败","method":"getUpdates","service":"nas-bot","timestamp":"2026-05-26 13:45:43"}
{"error":"","level":"error","message":"Telegram请求失败","method":"getUpdates","service":"nas-bot","timestamp":"2026-05-26 13:45:44"}
{"error":"","level":"error","message":"Telegram请求失败","method":"getUpdates","service":"nas-bot","timestamp":"2026-05-26 13:45:45"}
{"error":"","level":"error","message":"Telegram请求失败","method":"getUpdates","service":"nas-bot","timestamp":"2026-05-26 13:45:46"}
{"error":"","level":"error","message":"Telegram请求失败","method":"getUpdates","service":"nas-bot","timestamp":"2026-05-26 13:45:48"}
{"error":"","level":"error","message":"Telegram请求失败","method":"getUpdates","service":"nas-bot","timestamp":"2026-05-26 13:45:49"}
{"error":"","level":"error","message":"Telegram请求失败","method":"getUpdates","service":"nas-bot","timestamp":"2026-05-26 13:45:50"}
{"error":"","level":"error","message":"Telegram请求失败","method":"getUpdates","service":"nas-bot","timestamp":"2026-05-26 13:45:51"}
{"error":"","level":"error","message":"Telegram请求失败","method":"getUpdates","service":"nas-bot","timestamp":"2026-05-26 13:45:53"}
{"error":"","level":"error","message":"Telegram请求失败","method":"getUpdates","service":"nas-bot","timestamp":"2026-05-26 13:45:54"}
{"error":"","level":"error","message":"Telegram请求失败","method":"getUpdates","service":"nas-bot","timestamp":"2026-05-26 13:45:55"}
{"error":"","level":"error","message":"Telegram请求失败","method":"getUpdates","service":"nas-bot","timestamp":"2026-05-26 13:45:56"}
{"error":"","level":"error","message":"Telegram请求失败","method":"getUpdates","service":"nas-bot","timestamp":"2026-05-26 13:45:58"}
{"error":"","level":"error","message":"Telegram请求失败","method":"getUpdates","service":"nas-bot","timestamp":"2026-05-26 13:45:59"}
{"error":"","level":"error","message":"Telegram请求失败","method":"getUpdates","service":"nas-bot","timestamp":"2026-05-26 13:46:00"}
{"error":"","level":"error","message":"Telegram请求失败","method":"getUpdates","service":"nas-bot","timestamp":"2026-05-26 13:46:01"}
{"error":"","level":"error","message":"Telegram请求失败","method":"getUpdates","service":"nas-bot","timestamp":"2026-05-26 13:46:03"}
{"error":"","level":"error","message":"Telegram请求失败","method":"getUpdates","service":"nas-bot","timestamp":"2026-05-26 13:46:04"}
{"error":"","level":"error","message":"Telegram请求失败","method":"getUpdates","service":"nas-bot","timestamp":"2026-05-26 13:46:05"}
{"error":"","level":"error","message":"Telegram请求失败","method":"getUpdates","service":"nas-bot","timestamp":"2026-05-26 13:46:06"}
{"error":"","level":"error","message":"Telegram请求失败","method":"getUpdates","service":"nas-bot","timestamp":"2026-05-26 13:46:08"}
{"error":"","level":"error","message":"Telegram请求失败","method":"getUpdates","service":"nas-bot","timestamp":"2026-05-26 13:46:09"}
{"error":"","level":"error","message":"Telegram请求失败","method":"getUpdates","service":"nas-bot","timestamp":"2026-05-26 13:46:10"}
{"error":"","level":"error","message":"Telegram请求失败","method":"getUpdates","service":"nas-bot","timestamp":"2026-05-26 13:46:11"}
{"error":"","level":"error","message":"Telegram请求失败","method":"getUpdates","service":"nas-bot","timestamp":"2026-05-26 13:46:13"}
{"error":"","level":"error","message":"Telegram请求失败","method":"getUpdates","service":"nas-bot","timestamp":"2026-05-26 13:46:14"}
{"error":"","level":"error","message":"Telegram请求失败","method":"getUpdates","service":"nas-bot","timestamp":"2026-05-26 13:46:15"}
{"error":"","level":"error","message":"Telegram请求失败","method":"getUpdates","service":"nas-bot","timestamp":"2026-05-26 13:46:16"}
{"error":"","level":"error","message":"Telegram请求失败","method":"getUpdates","service":"nas-bot","timestamp":"2026-05-26 13:46:18"}
{"error":"","level":"error","message":"Telegram请求失败","method":"getUpdates","service":"nas-bot","timestamp":"2026-05-26 13:46:19"}
{"error":"","level":"error","message":"Telegram请求失败","method":"getUpdates","service":"nas-bot","timestamp":"2026-05-26 13:46:20"}
{"error":"","level":"error","message":"Telegram请求失败","method":"getUpdates","service":"nas-bot","timestamp":"2026-05-26 13:46:21"}
{"error":"","level":"error","message":"Telegram请求失败","method":"getUpdates","service":"nas-bot","timestamp":"2026-05-26 13:46:23"}
{"error":"","level":"error","message":"Telegram请求失败","method":"getUpdates","service":"nas-bot","timestamp":"2026-05-26 13:46:24"}
{"error":"","level":"error","message":"Telegram请求失败","method":"getUpdates","service":"nas-bot","timestamp":"2026-05-26 13:46:25"}
{"error":"","level":"error","message":"Telegram请求失败","method":"getUpdates","service":"nas-bot","timestamp":"2026-05-26 13:46:26"}
{"error":"","level":"error","message":"Telegram请求失败","method":"getUpdates","service":"nas-bot","timestamp":"2026-05-26 13:46:28"}
{"error":"","level":"error","message":"Telegram请求失败","method":"getUpdates","service":"nas-bot","timestamp":"2026-05-26 13:46:29"}
{"error":"","level":"error","message":"Telegram请求失败","method":"getUpdates","service":"nas-bot","timestamp":"2026-05-26 13:46:30"}
{"error":"","level":"error","message":"Telegram请求失败","method":"getUpdates","service":"nas-bot","timestamp":"2026-05-26 13:46:32"}
{"error":"","level":"error","message":"Telegram请求失败","method":"getUpdates","service":"nas-bot","timestamp":"2026-05-26 13:46:33"}
{"error":"","level":"error","message":"Telegram请求失败","method":"getUpdates","service":"nas-bot","timestamp":"2026-05-26 13:46:34"}
{"level":"info","message":"收到信号 SIGTERM，正在关闭...","service":"nas-bot","timestamp":"2026-05-26 13:50:22"}
{"level":"info","message":"IOC容器构建完成","service":"nas-bot","timestamp":"2026-05-26 13:50:23"}
{"level":"info","message":"定时调度器启动","service":"nas-bot","summaryTime":"15:35","timestamp":"2026-05-26 13:50:23","weatherCheck":"15:00 ~ 21:00 毎時"}
{"level":"info","message":"Bot启动","service":"nas-bot","timestamp":"2026-05-26 13:50:23"}
{"level":"info","message":"NAS Bot 已启动 🚀","service":"nas-bot","timestamp":"2026-05-26 13:50:24"}
{"error":"","level":"error","message":"Telegram请求失败","method":"getUpdates","service":"nas-bot","timestamp":"2026-05-26 13:50:24"}
{"error":"","level":"error","message":"Telegram请求失败","method":"getUpdates","service":"nas-bot","timestamp":"2026-05-26 13:50:25"}
{"count":14,"level":"info","message":"Dashboard按钮已加载","service":"nas-bot","timestamp":"2026-05-26 13:50:25"}
{"level":"info","message":"Dashboard按钮加载完成，重建键盘","service":"nas-bot","timestamp":"2026-05-26 13:50:25"}
{"error":"","level":"error","message":"Telegram请求失败","method":"getUpdates","service":"nas-bot","timestamp":"2026-05-26 13:50:26"}
{"error":"","level":"error","message":"Telegram请求失败","method":"getUpdates","service":"nas-bot","timestamp":"2026-05-26 13:50:28"}
{"error":"","level":"error","message":"Telegram请求失败","method":"getUpdates","service":"nas-bot","timestamp":"2026-05-26 13:50:29"}
{"error":"","level":"error","message":"Telegram请求失败","method":"getUpdates","service":"nas-bot","timestamp":"2026-05-26 13:50:30"}
{"error":"","level":"error","message":"Telegram请求失败","method":"getUpdates","service":"nas-bot","timestamp":"2026-05-26 13:50:31"}
{"error":"","level":"error","message":"Telegram请求失败","method":"getUpdates","service":"nas-bot","timestamp":"2026-05-26 13:50:33"}
{"error":"","level":"error","message":"Telegram请求失败","method":"getUpdates","service":"nas-bot","timestamp":"2026-05-26 13:50:34"}
{"error":"","level":"error","message":"Telegram请求失败","method":"getUpdates","service":"nas-bot","timestamp":"2026-05-26 13:50:35"}
{"error":"","level":"error","message":"Telegram请求失败","method":"getUpdates","service":"nas-bot","timestamp":"2026-05-26 13:50:36"}
{"error":"","level":"error","message":"Telegram请求失败","method":"getUpdates","service":"nas-bot","timestamp":"2026-05-26 13:50:38"}
{"error":"","level":"error","message":"Telegram请求失败","method":"getUpdates","service":"nas-bot","timestamp":"2026-05-26 13:50:39"}
{"error":"","level":"error","message":"Telegram请求失败","method":"getUpdates","service":"nas-bot","timestamp":"2026-05-26 13:50:40"}
{"error":"","level":"error","message":"Telegram请求失败","method":"getUpdates","service":"nas-bot","timestamp":"2026-05-26 13:50:41"}
{"error":"","level":"error","message":"Telegram请求失败","method":"getUpdates","service":"nas-bot","timestamp":"2026-05-26 13:50:43"}
{"error":"","level":"error","message":"Telegram请求失败","method":"getUpdates","service":"nas-bot","timestamp":"2026-05-26 13:50:44"}
{"error":"","level":"error","message":"Telegram请求失败","method":"getUpdates","service":"nas-bot","timestamp":"2026-05-26 13:50:45"}
{"error":"","level":"error","message":"Telegram请求失败","method":"getUpdates","service":"nas-bot","timestamp":"2026-05-26 13:50:47"}
{"error":"","level":"error","message":"Telegram请求失败","method":"getUpdates","service":"nas-bot","timestamp":"2026-05-26 13:50:48"}
{"error":"","level":"error","message":"Telegram请求失败","method":"getUpdates","service":"nas-bot","timestamp":"2026-05-26 13:50:49"}
{"error":"","level":"error","message":"Telegram请求失败","method":"getUpdates","service":"nas-bot","timestamp":"2026-05-26 13:50:50"}
{"error":"","level":"error","message":"Telegram请求失败","method":"getUpdates","service":"nas-bot","timestamp":"2026-05-26 13:50:52"}
{"error":"","level":"error","message":"Telegram请求失败","method":"getUpdates","service":"nas-bot","timestamp":"2026-05-26 13:50:53"}
{"error":"","level":"error","message":"Telegram请求失败","method":"getUpdates","service":"nas-bot","timestamp":"2026-05-26 13:50:54"}
{"error":"","level":"error","message":"Telegram请求失败","method":"getUpdates","service":"nas-bot","timestamp":"2026-05-26 13:50:55"}
{"error":"","level":"error","message":"Telegram请求失败","method":"getUpdates","service":"nas-bot","timestamp":"2026-05-26 13:50:57"}
{"error":"","level":"error","message":"Telegram请求失败","method":"getUpdates","service":"nas-bot","timestamp":"2026-05-26 13:50:58"}
{"error":"","level":"error","message":"Telegram请求失败","method":"getUpdates","service":"nas-bot","timestamp":"2026-05-26 13:50:59"}
{"error":"","level":"error","message":"Telegram请求失败","method":"getUpdates","service":"nas-bot","timestamp":"2026-05-26 13:51:00"}
{"error":"","level":"error","message":"Telegram请求失败","method":"getUpdates","service":"nas-bot","timestamp":"2026-05-26 13:51:02"}
{"error":"","level":"error","message":"Telegram请求失败","method":"getUpdates","service":"nas-bot","timestamp":"2026-05-26 13:51:03"}
{"error":"","level":"error","message":"Telegram请求失败","method":"getUpdates","service":"nas-bot","timestamp":"2026-05-26 13:51:04"}
{"error":"","level":"error","message":"Telegram请求失败","method":"getUpdates","service":"nas-bot","timestamp":"2026-05-26 13:51:05"}
{"error":"","level":"error","message":"Telegram请求失败","method":"getUpdates","service":"nas-bot","timestamp":"2026-05-26 13:51:07"}
{"error":"","level":"error","message":"Telegram请求失败","method":"getUpdates","service":"nas-bot","timestamp":"2026-05-26 13:51:08"}
{"error":"","level":"error","message":"Telegram请求失败","method":"getUpdates","service":"nas-bot","timestamp":"2026-05-26 13:51:09"}
{"error":"","level":"error","message":"Telegram请求失败","method":"getUpdates","service":"nas-bot","timestamp":"2026-05-26 13:51:10"}
{"error":"","level":"error","message":"Telegram请求失败","method":"getUpdates","service":"nas-bot","timestamp":"2026-05-26 13:51:12"}
{"error":"","level":"error","message":"Telegram请求失败","method":"getUpdates","service":"nas-bot","timestamp":"2026-05-26 13:51:13"}
{"error":"","level":"error","message":"Telegram请求失败","method":"getUpdates","service":"nas-bot","timestamp":"2026-05-26 13:51:14"}
{"error":"","level":"error","message":"Telegram请求失败","method":"getUpdates","service":"nas-bot","timestamp":"2026-05-26 13:51:15"}
{"error":"","level":"error","message":"Telegram请求失败","method":"getUpdates","service":"nas-bot","timestamp":"2026-05-26 13:51:17"}
{"error":"","level":"error","message":"Telegram请求失败","method":"getUpdates","service":"nas-bot","timestamp":"2026-05-26 13:51:18"}
{"error":"","level":"error","message":"Telegram请求失败","method":"getUpdates","service":"nas-bot","timestamp":"2026-05-26 13:51:19"}
{"error":"","level":"error","message":"Telegram请求失败","method":"getUpdates","service":"nas-bot","timestamp":"2026-05-26 13:51:20"}
{"error":"","level":"error","message":"Telegram请求失败","method":"getUpdates","service":"nas-bot","timestamp":"2026-05-26 13:51:22"}
{"error":"","level":"error","message":"Telegram请求失败","method":"getUpdates","service":"nas-bot","timestamp":"2026-05-26 13:51:23"}
{"error":"","level":"error","message":"Telegram请求失败","method":"getUpdates","service":"nas-bot","timestamp":"2026-05-26 13:51:24"}
{"error":"","level":"error","message":"Telegram请求失败","method":"getUpdates","service":"nas-bot","timestamp":"2026-05-26 13:51:25"}
{"error":"","level":"error","message":"Telegram请求失败","method":"getUpdates","service":"nas-bot","timestamp":"2026-05-26 13:51:27"}
{"error":"","level":"error","message":"Telegram请求失败","method":"getUpdates","service":"nas-bot","timestamp":"2026-05-26 13:51:28"}
{"error":"","level":"error","message":"Telegram请求失败","method":"getUpdates","service":"nas-bot","timestamp":"2026-05-26 13:51:29"}
{"error":"","level":"error","message":"Telegram请求失败","method":"getUpdates","service":"nas-bot","timestamp":"2026-05-26 13:51:30"}
{"error":"","level":"error","message":"Telegram请求失败","method":"getUpdates","service":"nas-bot","timestamp":"2026-05-26 13:51:32"}
{"error":"","level":"error","message":"Telegram请求失败","method":"getUpdates","service":"nas-bot","timestamp":"2026-05-26 13:51:33"}
{"error":"","level":"error","message":"Telegram请求失败","method":"getUpdates","service":"nas-bot","timestamp":"2026-05-26 13:51:34"}
{"error":"","level":"error","message":"Telegram请求失败","method":"getUpdates","service":"nas-bot","timestamp":"2026-05-26 13:51:36"}
{"error":"","level":"error","message":"Telegram请求失败","method":"getUpdates","service":"nas-bot","timestamp":"2026-05-26 13:51:37"}
{"error":"","level":"error","message":"Telegram请求失败","method":"getUpdates","service":"nas-bot","timestamp":"2026-05-26 13:51:38"}
{"error":"","level":"error","message":"Telegram请求失败","method":"getUpdates","service":"nas-bot","timestamp":"2026-05-26 13:51:39"}
{"error":"","level":"error","message":"Telegram请求失败","method":"getUpdates","service":"nas-bot","timestamp":"2026-05-26 13:51:41"}
{"error":"","level":"error","message":"Telegram请求失败","method":"getUpdates","service":"nas-bot","timestamp":"2026-05-26 13:51:42"}
{"error":"","level":"error","message":"Telegram请求失败","method":"getUpdates","service":"nas-bot","timestamp":"2026-05-26 13:51:43"}
{"error":"","level":"error","message":"Telegram请求失败","method":"getUpdates","service":"nas-bot","timestamp":"2026-05-26 13:51:44"}
{"error":"","level":"error","message":"Telegram请求失败","method":"getUpdates","service":"nas-bot","timestamp":"2026-05-26 13:51:46"}
{"error":"","level":"error","message":"Telegram请求失败","method":"getUpdates","service":"nas-bot","timestamp":"2026-05-26 13:51:47"}
{"error":"","level":"error","message":"Telegram请求失败","method":"getUpdates","service":"nas-bot","timestamp":"2026-05-26 13:51:48"}
{"error":"","level":"error","message":"Telegram请求失败","method":"getUpdates","service":"nas-bot","timestamp":"2026-05-26 13:51:49"}
{"error":"","level":"error","message":"Telegram请求失败","method":"getUpdates","service":"nas-bot","timestamp":"2026-05-26 13:51:51"}
{"error":"","level":"error","message":"Telegram请求失败","method":"getUpdates","service":"nas-bot","timestamp":"2026-05-26 13:51:52"}
{"error":"","level":"error","message":"Telegram请求失败","method":"getUpdates","service":"nas-bot","timestamp":"2026-05-26 13:51:53"}
{"error":"","level":"error","message":"Telegram请求失败","method":"getUpdates","service":"nas-bot","timestamp":"2026-05-26 13:51:54"}
{"error":"","level":"error","message":"Telegram请求失败","method":"getUpdates","service":"nas-bot","timestamp":"2026-05-26 13:51:56"}
{"error":"","level":"error","message":"Telegram请求失败","method":"getUpdates","service":"nas-bot","timestamp":"2026-05-26 13:51:57"}
{"error":"","level":"error","message":"Telegram请求失败","method":"getUpdates","service":"nas-bot","timestamp":"2026-05-26 13:51:58"}
{"error":"","level":"error","message":"Telegram请求失败","method":"getUpdates","service":"nas-bot","timestamp":"2026-05-26 13:51:59"}
{"error":"","level":"error","message":"Telegram请求失败","method":"getUpdates","service":"nas-bot","timestamp":"2026-05-26 13:52:01"}
{"error":"","level":"error","message":"Telegram请求失败","method":"getUpdates","service":"nas-bot","timestamp":"2026-05-26 13:52:02"}
{"error":"","level":"error","message":"Telegram请求失败","method":"getUpdates","service":"nas-bot","timestamp":"2026-05-26 13:52:03"}
{"error":"","level":"error","message":"Telegram请求失败","method":"getUpdates","service":"nas-bot","timestamp":"2026-05-26 13:52:04"}
{"error":"","level":"error","message":"Telegram请求失败","method":"getUpdates","service":"nas-bot","timestamp":"2026-05-26 13:52:06"}
{"error":"","level":"error","message":"Telegram请求失败","method":"getUpdates","service":"nas-bot","timestamp":"2026-05-26 13:52:07"}
{"error":"","level":"error","message":"Telegram请求失败","method":"getUpdates","service":"nas-bot","timestamp":"2026-05-26 13:52:08"}
{"error":"","level":"error","message":"Telegram请求失败","method":"getUpdates","service":"nas-bot","timestamp":"2026-05-26 13:52:09"}
{"error":"","level":"error","message":"Telegram请求失败","method":"getUpdates","service":"nas-bot","timestamp":"2026-05-26 13:52:11"}
{"error":"","level":"error","message":"Telegram请求失败","method":"getUpdates","service":"nas-bot","timestamp":"2026-05-26 13:52:12"}
{"error":"","level":"error","message":"Telegram请求失败","method":"getUpdates","service":"nas-bot","timestamp":"2026-05-26 13:52:13"}
{"error":"","level":"error","message":"Telegram请求失败","method":"getUpdates","service":"nas-bot","timestamp":"2026-05-26 13:52:14"}
{"error":"","level":"error","message":"Telegram请求失败","method":"getUpdates","service":"nas-bot","timestamp":"2026-05-26 13:52:16"}
{"error":"","level":"error","message":"Telegram请求失败","method":"getUpdates","service":"nas-bot","timestamp":"2026-05-26 13:52:17"}
{"error":"","level":"error","message":"Telegram请求失败","method":"getUpdates","service":"nas-bot","timestamp":"2026-05-26 13:52:18"}
{"error":"","level":"error","message":"Telegram请求失败","method":"getUpdates","service":"nas-bot","timestamp":"2026-05-26 13:52:19"}
{"error":"","level":"error","message":"Telegram请求失败","method":"getUpdates","service":"nas-bot","timestamp":"2026-05-26 13:52:21"}
{"error":"","level":"error","message":"Telegram请求失败","method":"getUpdates","service":"nas-bot","timestamp":"2026-05-26 13:52:22"}
{"error":"","level":"error","message":"Telegram请求失败","method":"getUpdates","service":"nas-bot","timestamp":"2026-05-26 13:52:23"}
{"error":"","level":"error","message":"Telegram请求失败","method":"getUpdates","service":"nas-bot","timestamp":"2026-05-26 13:52:24"}
{"error":"","level":"error","message":"Telegram请求失败","method":"getUpdates","service":"nas-bot","timestamp":"2026-05-26 13:52:26"}
{"error":"","level":"error","message":"Telegram请求失败","method":"getUpdates","service":"nas-bot","timestamp":"2026-05-26 13:52:27"}
{"error":"","level":"error","message":"Telegram请求失败","method":"getUpdates","service":"nas-bot","timestamp":"2026-05-26 13:52:28"}
{"error":"","level":"error","message":"Telegram请求失败","method":"getUpdates","service":"nas-bot","timestamp":"2026-05-26 13:52:29"}
{"error":"","level":"error","message":"Telegram请求失败","method":"getUpdates","service":"nas-bot","timestamp":"2026-05-26 13:52:31"}
{"error":"","level":"error","message":"Telegram请求失败","method":"getUpdates","service":"nas-bot","timestamp":"2026-05-26 13:52:32"}
{"error":"","level":"error","message":"Telegram请求失败","method":"getUpdates","service":"nas-bot","timestamp":"2026-05-26 13:52:33"}
{"error":"","level":"error","message":"Telegram请求失败","method":"getUpdates","service":"nas-bot","timestamp":"2026-05-26 13:52:35"}
{"error":"","level":"error","message":"Telegram请求失败","method":"getUpdates","service":"nas-bot","timestamp":"2026-05-26 13:52:36"}
{"error":"","level":"error","message":"Telegram请求失败","method":"getUpdates","service":"nas-bot","timestamp":"2026-05-26 13:52:37"}
{"error":"","level":"error","message":"Telegram请求失败","method":"getUpdates","service":"nas-bot","timestamp":"2026-05-26 13:52:38"}
{"error":"","level":"error","message":"Telegram请求失败","method":"getUpdates","service":"nas-bot","timestamp":"2026-05-26 13:52:40"}
{"error":"","level":"error","message":"Telegram请求失败","method":"getUpdates","service":"nas-bot","timestamp":"2026-05-26 13:52:41"}
{"level":"info","message":"收到信号 SIGTERM，正在关闭...","service":"nas-bot","timestamp":"2026-05-26 13:56:59"}
{"level":"info","message":"IOC容器构建完成","service":"nas-bot","timestamp":"2026-05-26 13:57:01"}
{"level":"info","message":"定时调度器启动","service":"nas-bot","summaryTime":"15:35","timestamp":"2026-05-26 13:57:01","weatherCheck":"15:00 ~ 21:00 毎時"}
{"level":"info","message":"Bot启动","service":"nas-bot","timestamp":"2026-05-26 13:57:01"}
{"level":"info","message":"NAS Bot 已启动 🚀","service":"nas-bot","timestamp":"2026-05-26 13:57:01"}
{"error":"","level":"error","message":"Telegram请求失败","method":"getUpdates","service":"nas-bot","timestamp":"2026-05-26 13:57:01"}
{"error":"connect ECONNREFUSED 192.168.0.3:3020","level":"warn","message":"Dashboard按钮加载失败","service":"nas-bot","timestamp":"2026-05-26 13:57:03"}
{"level":"info","message":"收到信号 SIGTERM，正在关闭...","service":"nas-bot","timestamp":"2026-05-26 14:11:38"}
{"level":"info","message":"IOC容器构建完成","service":"nas-bot","timestamp":"2026-05-26 14:11:39"}
{"level":"info","message":"定时调度器启动","service":"nas-bot","summaryTime":"15:35","timestamp":"2026-05-26 14:11:39","weatherCheck":"15:00 ~ 21:00 毎時"}
{"level":"info","message":"Bot启动","service":"nas-bot","timestamp":"2026-05-26 14:11:39"}
{"level":"info","message":"NAS Bot 已启动 🚀","service":"nas-bot","timestamp":"2026-05-26 14:11:39"}
{"count":14,"level":"info","message":"Dashboard按钮已加载","service":"nas-bot","timestamp":"2026-05-26 14:11:41"}
{"level":"info","message":"Dashboard按钮加载完成，重建键盘","service":"nas-bot","timestamp":"2026-05-26 14:11:41"}
{"hour":15,"level":"info","message":"触发天气检测","service":"nas-bot","timestamp":"2026-05-26 15:00:40"}
{"desc":"多云","level":"info","message":"天气基准快照已记录","service":"nas-bot","temp":21,"timestamp":"2026-05-26 15:00:40"}
{"level":"info","message":"触发收盘简报","service":"nas-bot","timestamp":"2026-05-26 15:35:40"}
{"count":1,"level":"info","message":"收盘简报生成成功","service":"nas-bot","timestamp":"2026-05-26 15:35:40"}
{"elapsed":32436,"level":"info","message":"Ollama响应完成","model":"qwen2.5:1.5b","service":"nas-bot","timestamp":"2026-05-26 15:36:14"}
{"hour":16,"level":"info","message":"触发天气检测","service":"nas-bot","timestamp":"2026-05-26 16:00:40"}
{"hour":17,"level":"info","message":"触发天气检测","service":"nas-bot","timestamp":"2026-05-26 17:00:41"}
{"hour":18,"level":"info","message":"触发天气检测","service":"nas-bot","timestamp":"2026-05-26 18:00:41"}
{"hour":19,"level":"info","message":"触发天气检测","service":"nas-bot","timestamp":"2026-05-26 19:00:41"}
{"error":"","level":"error","message":"Telegram请求失败","method":"getUpdates","service":"nas-bot","timestamp":"2026-05-26 19:16:26"}
{"error":"read ETIMEDOUT","level":"error","message":"Telegram请求失败","method":"getUpdates","service":"nas-bot","timestamp":"2026-05-26 20:00:15"}
{"level":"warn","message":"Telegram请求超时","method":"getUpdates","service":"nas-bot","timestamp":"2026-05-26 20:00:21"}
{"error":"socket hang up","level":"error","message":"Telegram请求失败","method":"getUpdates","service":"nas-bot","timestamp":"2026-05-26 20:00:21"}
{"level":"warn","message":"Telegram请求超时","method":"getUpdates","service":"nas-bot","timestamp":"2026-05-26 20:00:27"}
{"error":"socket hang up","level":"error","message":"Telegram请求失败","method":"getUpdates","service":"nas-bot","timestamp":"2026-05-26 20:00:27"}
{"level":"warn","message":"Telegram请求超时","method":"getUpdates","service":"nas-bot","timestamp":"2026-05-26 20:00:33"}
{"error":"socket hang up","level":"error","message":"Telegram请求失败","method":"getUpdates","service":"nas-bot","timestamp":"2026-05-26 20:00:33"}
{"level":"warn","message":"Telegram请求超时","method":"getUpdates","service":"nas-bot","timestamp":"2026-05-26 20:00:39"}
{"error":"socket hang up","level":"error","message":"Telegram请求失败","method":"getUpdates","service":"nas-bot","timestamp":"2026-05-26 20:00:39"}
{"hour":20,"level":"info","message":"触发天气检测","service":"nas-bot","timestamp":"2026-05-26 20:00:42"}
{"level":"warn","message":"Telegram请求超时","method":"getUpdates","service":"nas-bot","timestamp":"2026-05-26 20:00:45"}
{"error":"socket hang up","level":"error","message":"Telegram请求失败","method":"getUpdates","service":"nas-bot","timestamp":"2026-05-26 20:00:45"}
{"level":"warn","message":"Telegram请求超时","method":"getUpdates","service":"nas-bot","timestamp":"2026-05-26 20:00:51"}
{"error":"socket hang up","level":"error","message":"Telegram请求失败","method":"getUpdates","service":"nas-bot","timestamp":"2026-05-26 20:00:51"}
{"error":"getaddrinfo EAI_AGAIN api.telegram.org","level":"error","message":"Telegram请求失败","method":"getUpdates","service":"nas-bot","timestamp":"2026-05-26 20:00:57"}
{"level":"warn","message":"Telegram请求超时","method":"getUpdates","service":"nas-bot","timestamp":"2026-05-26 20:01:03"}
{"error":"socket hang up","level":"error","message":"Telegram请求失败","method":"getUpdates","service":"nas-bot","timestamp":"2026-05-26 20:01:03"}
{"error":"getaddrinfo EAI_AGAIN api.telegram.org","level":"error","message":"Telegram请求失败","method":"getUpdates","service":"nas-bot","timestamp":"2026-05-26 20:01:09"}
{"level":"warn","message":"Telegram请求超时","method":"getUpdates","service":"nas-bot","timestamp":"2026-05-26 20:01:15"}
{"error":"socket hang up","level":"error","message":"Telegram请求失败","method":"getUpdates","service":"nas-bot","timestamp":"2026-05-26 20:01:15"}
{"level":"warn","message":"Telegram请求超时","method":"getUpdates","service":"nas-bot","timestamp":"2026-05-26 20:01:21"}
{"error":"socket hang up","level":"error","message":"Telegram请求失败","method":"getUpdates","service":"nas-bot","timestamp":"2026-05-26 20:01:21"}
{"level":"warn","message":"Telegram请求超时","method":"getUpdates","service":"nas-bot","timestamp":"2026-05-26 20:01:27"}
{"error":"socket hang up","level":"error","message":"Telegram请求失败","method":"getUpdates","service":"nas-bot","timestamp":"2026-05-26 20:01:27"}
{"level":"warn","message":"Telegram请求超时","method":"getUpdates","service":"nas-bot","timestamp":"2026-05-26 20:01:33"}
{"error":"socket hang up","level":"error","message":"Telegram请求失败","method":"getUpdates","service":"nas-bot","timestamp":"2026-05-26 20:01:33"}
{"error":"getaddrinfo EAI_AGAIN api.telegram.org","level":"error","message":"Telegram请求失败","method":"getUpdates","service":"nas-bot","timestamp":"2026-05-26 20:01:39"}
{"level":"warn","message":"Telegram请求超时","method":"getUpdates","service":"nas-bot","timestamp":"2026-05-26 20:01:45"}
{"error":"socket hang up","level":"error","message":"Telegram请求失败","method":"getUpdates","service":"nas-bot","timestamp":"2026-05-26 20:01:45"}
{"level":"warn","message":"Telegram请求超时","method":"getUpdates","service":"nas-bot","timestamp":"2026-05-26 20:01:51"}
{"error":"socket hang up","level":"error","message":"Telegram请求失败","method":"getUpdates","service":"nas-bot","timestamp":"2026-05-26 20:01:51"}
{"error":"getaddrinfo EAI_AGAIN api.telegram.org","level":"error","message":"Telegram请求失败","method":"getUpdates","service":"nas-bot","timestamp":"2026-05-26 20:01:57"}
{"error":"getaddrinfo EAI_AGAIN api.telegram.org","level":"error","message":"Telegram请求失败","method":"getUpdates","service":"nas-bot","timestamp":"2026-05-26 20:02:03"}
{"error":"getaddrinfo EAI_AGAIN api.telegram.org","level":"error","message":"Telegram请求失败","method":"getUpdates","service":"nas-bot","timestamp":"2026-05-26 20:02:09"}
{"error":"getaddrinfo EAI_AGAIN api.telegram.org","level":"error","message":"Telegram请求失败","method":"getUpdates","service":"nas-bot","timestamp":"2026-05-26 20:02:15"}
{"error":"getaddrinfo EAI_AGAIN api.telegram.org","level":"error","message":"Telegram请求失败","method":"getUpdates","service":"nas-bot","timestamp":"2026-05-26 20:02:21"}
{"error":"getaddrinfo EAI_AGAIN api.telegram.org","level":"error","message":"Telegram请求失败","method":"getUpdates","service":"nas-bot","timestamp":"2026-05-26 20:02:27"}
{"level":"warn","message":"Telegram请求超时","method":"getUpdates","service":"nas-bot","timestamp":"2026-05-26 20:02:33"}
{"error":"socket hang up","level":"error","message":"Telegram请求失败","method":"getUpdates","service":"nas-bot","timestamp":"2026-05-26 20:02:33"}
{"level":"warn","message":"Telegram请求超时","method":"getUpdates","service":"nas-bot","timestamp":"2026-05-26 20:02:39"}
{"error":"socket hang up","level":"error","message":"Telegram请求失败","method":"getUpdates","service":"nas-bot","timestamp":"2026-05-26 20:02:39"}
{"level":"warn","message":"Telegram请求超时","method":"getUpdates","service":"nas-bot","timestamp":"2026-05-26 20:02:45"}
{"error":"socket hang up","level":"error","message":"Telegram请求失败","method":"getUpdates","service":"nas-bot","timestamp":"2026-05-26 20:02:45"}
{"level":"warn","message":"Telegram请求超时","method":"getUpdates","service":"nas-bot","timestamp":"2026-05-26 20:02:51"}
{"error":"socket hang up","level":"error","message":"Telegram请求失败","method":"getUpdates","service":"nas-bot","timestamp":"2026-05-26 20:02:51"}
{"level":"warn","message":"Telegram请求超时","method":"getUpdates","service":"nas-bot","timestamp":"2026-05-26 20:02:57"}
{"error":"socket hang up","level":"error","message":"Telegram请求失败","method":"getUpdates","service":"nas-bot","timestamp":"2026-05-26 20:02:57"}
{"level":"warn","message":"Telegram请求超时","method":"getUpdates","service":"nas-bot","timestamp":"2026-05-26 20:03:03"}
{"error":"socket hang up","level":"error","message":"Telegram请求失败","method":"getUpdates","service":"nas-bot","timestamp":"2026-05-26 20:03:03"}
{"error":"getaddrinfo EAI_AGAIN api.telegram.org","level":"error","message":"Telegram请求失败","method":"getUpdates","service":"nas-bot","timestamp":"2026-05-26 20:03:09"}
{"error":"getaddrinfo EAI_AGAIN api.telegram.org","level":"error","message":"Telegram请求失败","method":"getUpdates","service":"nas-bot","timestamp":"2026-05-26 20:03:15"}
{"error":"getaddrinfo EAI_AGAIN api.telegram.org","level":"error","message":"Telegram请求失败","method":"getUpdates","service":"nas-bot","timestamp":"2026-05-26 20:03:21"}
{"error":"getaddrinfo EAI_AGAIN api.telegram.org","level":"error","message":"Telegram请求失败","method":"getUpdates","service":"nas-bot","timestamp":"2026-05-26 20:03:27"}
{"error":"getaddrinfo EAI_AGAIN api.telegram.org","level":"error","message":"Telegram请求失败","method":"getUpdates","service":"nas-bot","timestamp":"2026-05-26 20:03:33"}
{"error":"getaddrinfo EAI_AGAIN api.telegram.org","level":"error","message":"Telegram请求失败","method":"getUpdates","service":"nas-bot","timestamp":"2026-05-26 20:03:39"}
{"level":"warn","message":"Telegram请求超时","method":"getUpdates","service":"nas-bot","timestamp":"2026-05-26 20:03:45"}
{"error":"socket hang up","level":"error","message":"Telegram请求失败","method":"getUpdates","service":"nas-bot","timestamp":"2026-05-26 20:03:45"}
{"level":"warn","message":"Telegram请求超时","method":"getUpdates","service":"nas-bot","timestamp":"2026-05-26 20:03:51"}
{"error":"socket hang up","level":"error","message":"Telegram请求失败","method":"getUpdates","service":"nas-bot","timestamp":"2026-05-26 20:03:51"}
{"error":"getaddrinfo EAI_AGAIN api.telegram.org","level":"error","message":"Telegram请求失败","method":"getUpdates","service":"nas-bot","timestamp":"2026-05-26 20:03:57"}
{"error":"getaddrinfo EAI_AGAIN api.telegram.org","level":"error","message":"Telegram请求失败","method":"getUpdates","service":"nas-bot","timestamp":"2026-05-26 20:04:03"}
{"error":"getaddrinfo EAI_AGAIN api.telegram.org","level":"error","message":"Telegram请求失败","method":"getUpdates","service":"nas-bot","timestamp":"2026-05-26 20:04:09"}
{"level":"warn","message":"Telegram请求超时","method":"getUpdates","service":"nas-bot","timestamp":"2026-05-26 20:04:15"}
{"error":"socket hang up","level":"error","message":"Telegram请求失败","method":"getUpdates","service":"nas-bot","timestamp":"2026-05-26 20:04:15"}
{"error":"getaddrinfo EAI_AGAIN api.telegram.org","level":"error","message":"Telegram请求失败","method":"getUpdates","service":"nas-bot","timestamp":"2026-05-26 20:04:21"}
{"error":"getaddrinfo EAI_AGAIN api.telegram.org","level":"error","message":"Telegram请求失败","method":"getUpdates","service":"nas-bot","timestamp":"2026-05-26 20:04:27"}
{"error":"getaddrinfo EAI_AGAIN api.telegram.org","level":"error","message":"Telegram请求失败","method":"getUpdates","service":"nas-bot","timestamp":"2026-05-26 20:04:33"}
{"level":"warn","message":"Telegram请求超时","method":"getUpdates","service":"nas-bot","timestamp":"2026-05-26 20:04:39"}
{"error":"socket hang up","level":"error","message":"Telegram请求失败","method":"getUpdates","service":"nas-bot","timestamp":"2026-05-26 20:04:39"}
{"level":"warn","message":"Telegram请求超时","method":"getUpdates","service":"nas-bot","timestamp":"2026-05-26 20:04:45"}
{"error":"socket hang up","level":"error","message":"Telegram请求失败","method":"getUpdates","service":"nas-bot","timestamp":"2026-05-26 20:04:45"}
{"error":"getaddrinfo EAI_AGAIN api.telegram.org","level":"error","message":"Telegram请求失败","method":"getUpdates","service":"nas-bot","timestamp":"2026-05-26 20:04:51"}
{"error":"getaddrinfo EAI_AGAIN api.telegram.org","level":"error","message":"Telegram请求失败","method":"getUpdates","service":"nas-bot","timestamp":"2026-05-26 20:04:57"}
{"error":"getaddrinfo EAI_AGAIN api.telegram.org","level":"error","message":"Telegram请求失败","method":"getUpdates","service":"nas-bot","timestamp":"2026-05-26 20:05:03"}
{"level":"warn","message":"Telegram请求超时","method":"getUpdates","service":"nas-bot","timestamp":"2026-05-26 20:05:09"}
{"error":"socket hang up","level":"error","message":"Telegram请求失败","method":"getUpdates","service":"nas-bot","timestamp":"2026-05-26 20:05:09"}
{"level":"warn","message":"Telegram请求超时","method":"getUpdates","service":"nas-bot","timestamp":"2026-05-26 20:05:15"}
{"error":"socket hang up","level":"error","message":"Telegram请求失败","method":"getUpdates","service":"nas-bot","timestamp":"2026-05-26 20:05:15"}
{"error":"getaddrinfo EAI_AGAIN api.telegram.org","level":"error","message":"Telegram请求失败","method":"getUpdates","service":"nas-bot","timestamp":"2026-05-26 20:05:21"}
{"error":"getaddrinfo EAI_AGAIN api.telegram.org","level":"error","message":"Telegram请求失败","method":"getUpdates","service":"nas-bot","timestamp":"2026-05-26 20:05:27"}
{"error":"getaddrinfo EAI_AGAIN api.telegram.org","level":"error","message":"Telegram请求失败","method":"getUpdates","service":"nas-bot","timestamp":"2026-05-26 20:05:33"}
{"error":"getaddrinfo EAI_AGAIN api.telegram.org","level":"error","message":"Telegram请求失败","method":"getUpdates","service":"nas-bot","timestamp":"2026-05-26 20:05:39"}
{"level":"warn","message":"Telegram请求超时","method":"getUpdates","service":"nas-bot","timestamp":"2026-05-26 20:05:45"}
{"error":"socket hang up","level":"error","message":"Telegram请求失败","method":"getUpdates","service":"nas-bot","timestamp":"2026-05-26 20:05:45"}
{"level":"warn","message":"Telegram请求超时","method":"getUpdates","service":"nas-bot","timestamp":"2026-05-26 20:05:51"}
{"error":"socket hang up","level":"error","message":"Telegram请求失败","method":"getUpdates","service":"nas-bot","timestamp":"2026-05-26 20:05:51"}
{"level":"warn","message":"Telegram请求超时","method":"getUpdates","service":"nas-bot","timestamp":"2026-05-26 20:05:57"}
{"error":"socket hang up","level":"error","message":"Telegram请求失败","method":"getUpdates","service":"nas-bot","timestamp":"2026-05-26 20:05:57"}
{"level":"warn","message":"Telegram请求超时","method":"getUpdates","service":"nas-bot","timestamp":"2026-05-26 20:06:03"}
{"error":"socket hang up","level":"error","message":"Telegram请求失败","method":"getUpdates","service":"nas-bot","timestamp":"2026-05-26 20:06:03"}
{"error":"getaddrinfo EAI_AGAIN api.telegram.org","level":"error","message":"Telegram请求失败","method":"getUpdates","service":"nas-bot","timestamp":"2026-05-26 20:06:09"}
{"level":"warn","message":"Telegram请求超时","method":"getUpdates","service":"nas-bot","timestamp":"2026-05-26 20:06:15"}
{"error":"socket hang up","level":"error","message":"Telegram请求失败","method":"getUpdates","service":"nas-bot","timestamp":"2026-05-26 20:06:15"}
{"error":"getaddrinfo EAI_AGAIN api.telegram.org","level":"error","message":"Telegram请求失败","method":"getUpdates","service":"nas-bot","timestamp":"2026-05-26 20:06:21"}
{"level":"warn","message":"Telegram请求超时","method":"getUpdates","service":"nas-bot","timestamp":"2026-05-26 20:06:27"}
{"error":"socket hang up","level":"error","message":"Telegram请求失败","method":"getUpdates","service":"nas-bot","timestamp":"2026-05-26 20:06:27"}
{"error":"getaddrinfo EAI_AGAIN api.telegram.org","level":"error","message":"Telegram请求失败","method":"getUpdates","service":"nas-bot","timestamp":"2026-05-26 20:06:33"}
{"level":"warn","message":"Telegram请求超时","method":"getUpdates","service":"nas-bot","timestamp":"2026-05-26 20:06:39"}
{"error":"socket hang up","level":"error","message":"Telegram请求失败","method":"getUpdates","service":"nas-bot","timestamp":"2026-05-26 20:06:39"}
{"level":"warn","message":"Telegram请求超时","method":"getUpdates","service":"nas-bot","timestamp":"2026-05-26 20:06:45"}
{"error":"socket hang up","level":"error","message":"Telegram请求失败","method":"getUpdates","service":"nas-bot","timestamp":"2026-05-26 20:06:45"}
{"level":"warn","message":"Telegram请求超时","method":"getUpdates","service":"nas-bot","timestamp":"2026-05-26 20:06:51"}
{"error":"socket hang up","level":"error","message":"Telegram请求失败","method":"getUpdates","service":"nas-bot","timestamp":"2026-05-26 20:06:51"}
{"level":"warn","message":"Telegram请求超时","method":"getUpdates","service":"nas-bot","timestamp":"2026-05-26 20:06:57"}
{"error":"socket hang up","level":"error","message":"Telegram请求失败","method":"getUpdates","service":"nas-bot","timestamp":"2026-05-26 20:06:57"}
{"level":"warn","message":"Telegram请求超时","method":"getUpdates","service":"nas-bot","timestamp":"2026-05-26 20:07:03"}
{"error":"socket hang up","level":"error","message":"Telegram请求失败","method":"getUpdates","service":"nas-bot","timestamp":"2026-05-26 20:07:03"}
{"level":"warn","message":"Telegram请求超时","method":"getUpdates","service":"nas-bot","timestamp":"2026-05-26 20:07:09"}
{"error":"socket hang up","level":"error","message":"Telegram请求失败","method":"getUpdates","service":"nas-bot","timestamp":"2026-05-26 20:07:09"}
{"level":"warn","message":"Telegram请求超时","method":"getUpdates","service":"nas-bot","timestamp":"2026-05-26 20:07:15"}
{"error":"socket hang up","level":"error","message":"Telegram请求失败","method":"getUpdates","service":"nas-bot","timestamp":"2026-05-26 20:07:15"}
{"error":"getaddrinfo EAI_AGAIN api.telegram.org","level":"error","message":"Telegram请求失败","method":"getUpdates","service":"nas-bot","timestamp":"2026-05-26 20:07:21"}
{"error":"getaddrinfo EAI_AGAIN api.telegram.org","level":"error","message":"Telegram请求失败","method":"getUpdates","service":"nas-bot","timestamp":"2026-05-26 20:07:27"}
{"level":"warn","message":"Telegram请求超时","method":"getUpdates","service":"nas-bot","timestamp":"2026-05-26 20:07:33"}
{"error":"socket hang up","level":"error","message":"Telegram请求失败","method":"getUpdates","service":"nas-bot","timestamp":"2026-05-26 20:07:33"}
{"error":"getaddrinfo EAI_AGAIN api.telegram.org","level":"error","message":"Telegram请求失败","method":"getUpdates","service":"nas-bot","timestamp":"2026-05-26 20:07:39"}
{"level":"warn","message":"Telegram请求超时","method":"getUpdates","service":"nas-bot","timestamp":"2026-05-26 20:07:45"}
{"error":"socket hang up","level":"error","message":"Telegram请求失败","method":"getUpdates","service":"nas-bot","timestamp":"2026-05-26 20:07:45"}
{"error":"getaddrinfo EAI_AGAIN api.telegram.org","level":"error","message":"Telegram请求失败","method":"getUpdates","service":"nas-bot","timestamp":"2026-05-26 20:07:51"}
{"level":"warn","message":"Telegram请求超时","method":"getUpdates","service":"nas-bot","timestamp":"2026-05-26 20:07:57"}
{"error":"socket hang up","level":"error","message":"Telegram请求失败","method":"getUpdates","service":"nas-bot","timestamp":"2026-05-26 20:07:57"}
{"level":"warn","message":"Telegram请求超时","method":"getUpdates","service":"nas-bot","timestamp":"2026-05-26 20:08:03"}
{"error":"socket hang up","level":"error","message":"Telegram请求失败","method":"getUpdates","service":"nas-bot","timestamp":"2026-05-26 20:08:03"}
{"level":"warn","message":"Telegram请求超时","method":"getUpdates","service":"nas-bot","timestamp":"2026-05-26 20:08:09"}
{"error":"socket hang up","level":"error","message":"Telegram请求失败","method":"getUpdates","service":"nas-bot","timestamp":"2026-05-26 20:08:09"}
{"level":"warn","message":"Telegram请求超时","method":"getUpdates","service":"nas-bot","timestamp":"2026-05-26 20:08:15"}
{"error":"socket hang up","level":"error","message":"Telegram请求失败","method":"getUpdates","service":"nas-bot","timestamp":"2026-05-26 20:08:15"}
{"error":"getaddrinfo EAI_AGAIN api.telegram.org","level":"error","message":"Telegram请求失败","method":"getUpdates","service":"nas-bot","timestamp":"2026-05-26 20:08:21"}
{"error":"getaddrinfo EAI_AGAIN api.telegram.org","level":"error","message":"Telegram请求失败","method":"getUpdates","service":"nas-bot","timestamp":"2026-05-26 20:08:27"}
{"level":"warn","message":"Telegram请求超时","method":"getUpdates","service":"nas-bot","timestamp":"2026-05-26 20:08:33"}
{"error":"socket hang up","level":"error","message":"Telegram请求失败","method":"getUpdates","service":"nas-bot","timestamp":"2026-05-26 20:08:33"}
{"level":"warn","message":"Telegram请求超时","method":"getUpdates","service":"nas-bot","timestamp":"2026-05-26 20:08:39"}
{"error":"socket hang up","level":"error","message":"Telegram请求失败","method":"getUpdates","service":"nas-bot","timestamp":"2026-05-26 20:08:39"}
{"level":"warn","message":"Telegram请求超时","method":"getUpdates","service":"nas-bot","timestamp":"2026-05-26 20:08:45"}
{"error":"socket hang up","level":"error","message":"Telegram请求失败","method":"getUpdates","service":"nas-bot","timestamp":"2026-05-26 20:08:45"}
{"error":"getaddrinfo EAI_AGAIN api.telegram.org","level":"error","message":"Telegram请求失败","method":"getUpdates","service":"nas-bot","timestamp":"2026-05-26 20:08:51"}
{"error":"getaddrinfo EAI_AGAIN api.telegram.org","level":"error","message":"Telegram请求失败","method":"getUpdates","service":"nas-bot","timestamp":"2026-05-26 20:08:57"}
{"level":"warn","message":"Telegram请求超时","method":"getUpdates","service":"nas-bot","timestamp":"2026-05-26 20:09:03"}
{"error":"socket hang up","level":"error","message":"Telegram请求失败","method":"getUpdates","service":"nas-bot","timestamp":"2026-05-26 20:09:03"}
{"error":"getaddrinfo EAI_AGAIN api.telegram.org","level":"error","message":"Telegram请求失败","method":"getUpdates","service":"nas-bot","timestamp":"2026-05-26 20:09:09"}
{"level":"warn","message":"Telegram请求超时","method":"getUpdates","service":"nas-bot","timestamp":"2026-05-26 20:09:15"}
{"error":"socket hang up","level":"error","message":"Telegram请求失败","method":"getUpdates","service":"nas-bot","timestamp":"2026-05-26 20:09:15"}
{"level":"warn","message":"Telegram请求超时","method":"getUpdates","service":"nas-bot","timestamp":"2026-05-26 20:09:21"}
{"error":"socket hang up","level":"error","message":"Telegram请求失败","method":"getUpdates","service":"nas-bot","timestamp":"2026-05-26 20:09:21"}
{"level":"warn","message":"Telegram请求超时","method":"getUpdates","service":"nas-bot","timestamp":"2026-05-26 20:09:27"}
{"error":"socket hang up","level":"error","message":"Telegram请求失败","method":"getUpdates","service":"nas-bot","timestamp":"2026-05-26 20:09:27"}
{"level":"warn","message":"Telegram请求超时","method":"getUpdates","service":"nas-bot","timestamp":"2026-05-26 20:09:33"}
{"error":"socket hang up","level":"error","message":"Telegram请求失败","method":"getUpdates","service":"nas-bot","timestamp":"2026-05-26 20:09:33"}
{"level":"warn","message":"Telegram请求超时","method":"getUpdates","service":"nas-bot","timestamp":"2026-05-26 20:09:39"}
{"error":"socket hang up","level":"error","message":"Telegram请求失败","method":"getUpdates","service":"nas-bot","timestamp":"2026-05-26 20:09:39"}
{"error":"getaddrinfo EAI_AGAIN api.telegram.org","level":"error","message":"Telegram请求失败","method":"getUpdates","service":"nas-bot","timestamp":"2026-05-26 20:09:45"}
{"error":"","level":"error","message":"Telegram请求失败","method":"getUpdates","service":"nas-bot","timestamp":"2026-05-26 21:10:44"}
{"error":"","level":"error","message":"Telegram请求失败","method":"getUpdates","service":"nas-bot","timestamp":"2026-05-26 22:11:43"}
{"error":"","level":"error","message":"Telegram请求失败","method":"getUpdates","service":"nas-bot","timestamp":"2026-05-26 22:11:44"}
{"error":"","level":"error","message":"Telegram请求失败","method":"getUpdates","service":"nas-bot","timestamp":"2026-05-26 22:11:45"}
{"error":"","level":"error","message":"Telegram请求失败","method":"getUpdates","service":"nas-bot","timestamp":"2026-05-26 23:12:44"}
{"args":"","command":"查看LOG","level":"info","message":"收到指令","service":"nas-bot","timestamp":"2026-05-26 23:23:47","userId":"6423823321"}
{"command":"查看LOG","elapsed":6682,"level":"info","message":"指令处理完成","service":"nas-bot","timestamp":"2026-05-26 23:23:54"}
{"args":"","command":"股票监控","level":"info","message":"收到指令","service":"nas-bot","timestamp":"2026-05-26 23:23:59","userId":"6423823321"}
{"command":"股票监控","elapsed":883,"level":"info","message":"指令处理完成","service":"nas-bot","timestamp":"2026-05-26 23:24:00"}
{"args":"","command":"股票开启","level":"info","message":"收到指令","service":"nas-bot","timestamp":"2026-05-26 23:24:10","userId":"6423823321"}
{"command":"股票开启","elapsed":892,"level":"info","message":"指令处理完成","service":"nas-bot","timestamp":"2026-05-26 23:24:10"}
{"args":"","command":"股票监控","level":"info","message":"收到指令","service":"nas-bot","timestamp":"2026-05-26 23:24:12","userId":"6423823321"}
{"command":"股票监控","elapsed":869,"level":"info","message":"指令处理完成","service":"nas-bot","timestamp":"2026-05-26 23:24:13"}
{"args":"","command":"今日天气","level":"info","message":"收到指令","service":"nas-bot","timestamp":"2026-05-26 23:24:17","userId":"6423823321"}
{"command":"今日天气","elapsed":1165,"level":"info","message":"指令处理完成","service":"nas-bot","timestamp":"2026-05-26 23:24:18"}
{"error":"","level":"error","message":"Telegram请求失败","method":"getUpdates","service":"nas-bot","timestamp":"2026-05-26 23:24:19"}
{"args":"","command":"明日天气","level":"info","message":"收到指令","service":"nas-bot","timestamp":"2026-05-26 23:24:27","userId":"6423823321"}
{"command":"明日天气","elapsed":1203,"level":"info","message":"指令处理完成","service":"nas-bot","timestamp":"2026-05-26 23:24:29"}
{"error":"","level":"error","message":"Telegram请求失败","method":"getUpdates","service":"nas-bot","timestamp":"2026-05-26 23:24:29"}
{"args":"","command":"收盘简报","level":"info","message":"收到指令","service":"nas-bot","timestamp":"2026-05-26 23:24:51","userId":"6423823321"}
{"command":"收盘简报","elapsed":1030,"level":"info","message":"指令处理完成","service":"nas-bot","timestamp":"2026-05-26 23:24:52"}
{"error":"","level":"error","message":"Telegram请求失败","method":"getUpdates","service":"nas-bot","timestamp":"2026-05-26 23:24:52"}
{"args":"","command":"磁盘状态","level":"info","message":"收到指令","service":"nas-bot","timestamp":"2026-05-26 23:25:00","userId":"6423823321"}
{"command":"磁盘状态","elapsed":906,"level":"info","message":"指令处理完成","service":"nas-bot","timestamp":"2026-05-26 23:25:01"}
{"args":"","command":"系统状态","level":"info","message":"收到指令","service":"nas-bot","timestamp":"2026-05-26 23:25:05","userId":"6423823321"}
{"command":"系统状态","elapsed":878,"level":"info","message":"指令处理完成","service":"nas-bot","timestamp":"2026-05-26 23:25:05"}
{"args":"","command":"股票开启","level":"info","message":"收到指令","service":"nas-bot","timestamp":"2026-05-26 23:33:46","userId":"6423823321"}
{"command":"股票开启","elapsed":915,"level":"info","message":"指令处理完成","service":"nas-bot","timestamp":"2026-05-26 23:33:47"}
{"args":"","command":"股票监控","level":"info","message":"收到指令","service":"nas-bot","timestamp":"2026-05-26 23:34:26","userId":"6423823321"}
{"command":"股票监控","elapsed":869,"level":"info","message":"指令处理完成","service":"nas-bot","timestamp":"2026-05-26 23:34:27"}
{"args":"","command":"容器列表","level":"info","message":"收到指令","service":"nas-bot","timestamp":"2026-05-26 23:35:36","userId":"6423823321"}
{"command":"容器列表","elapsed":905,"level":"info","message":"指令处理完成","service":"nas-bot","timestamp":"2026-05-26 23:35:37"}
{"args":"","command":"股票监控","level":"info","message":"收到指令","service":"nas-bot","timestamp":"2026-05-26 23:35:38","userId":"6423823321"}
{"command":"股票监控","elapsed":871,"level":"info","message":"指令处理完成","service":"nas-bot","timestamp":"2026-05-26 23:35:39"}
{"args":"","command":"股票开启","level":"info","message":"收到指令","service":"nas-bot","timestamp":"2026-05-26 23:35:41","userId":"6423823321"}
{"command":"股票开启","elapsed":905,"level":"info","message":"指令处理完成","service":"nas-bot","timestamp":"2026-05-26 23:35:42"}
{"args":"","command":"重建股票监控","level":"info","message":"收到指令","service":"nas-bot","timestamp":"2026-05-26 23:36:03","userId":"6423823321"}
{"command":"重建股票监控","elapsed":882,"level":"info","message":"指令处理完成","service":"nas-bot","timestamp":"2026-05-26 23:36:04"}
{"error":"","level":"error","message":"Telegram请求失败","method":"getUpdates","service":"nas-bot","timestamp":"2026-05-27 00:13:34"}
{"error":"","level":"error","message":"Telegram请求失败","method":"getUpdates","service":"nas-bot","timestamp":"2026-05-27 01:14:33"}
{"error":"","level":"error","message":"Telegram请求失败","method":"getUpdates","service":"nas-bot","timestamp":"2026-05-27 01:14:34"}
{"error":"","level":"error","message":"Telegram请求失败","method":"getUpdates","service":"nas-bot","timestamp":"2026-05-27 01:14:35"}
{"error":"","level":"error","message":"Telegram请求失败","method":"getUpdates","service":"nas-bot","timestamp":"2026-05-27 01:14:37"}
{"args":"","command":"重建股票监控","level":"info","message":"收到指令","service":"nas-bot","timestamp":"2026-05-27 03:58:29","userId":"6423823321"}
{"command":"重建股票监控","elapsed":903,"level":"info","message":"指令处理完成","service":"nas-bot","timestamp":"2026-05-27 03:58:30"}
{"error":"","level":"error","message":"Telegram请求失败","method":"getUpdates","service":"nas-bot","timestamp":"2026-05-27 04:17:15"}
{"error":"","level":"error","message":"Telegram请求失败","method":"getUpdates","service":"nas-bot","timestamp":"2026-05-27 06:19:11"}
{"error":"connect ECONNREFUSED 192.168.0.3:3000","level":"error","message":"获取股票数据失败","service":"nas-bot","timestamp":"2026-05-27 09:00:49"}
{"error":"connect ECONNREFUSED 192.168.0.3:3000","level":"error","message":"获取股票数据失败","service":"nas-bot","timestamp":"2026-05-27 09:05:49"}
{"error":"connect ECONNREFUSED 192.168.0.3:3000","level":"error","message":"获取股票数据失败","service":"nas-bot","timestamp":"2026-05-27 09:10:49"}
{"error":"connect ECONNREFUSED 192.168.0.3:3000","level":"error","message":"获取股票数据失败","service":"nas-bot","timestamp":"2026-05-27 09:15:49"}
{"error":"connect ECONNREFUSED 192.168.0.3:3000","level":"error","message":"获取股票数据失败","service":"nas-bot","timestamp":"2026-05-27 09:20:49"}
{"error":"","level":"error","message":"Telegram请求失败","method":"getUpdates","service":"nas-bot","timestamp":"2026-05-27 09:22:03"}
{"error":"","level":"error","message":"Telegram请求失败","method":"getUpdates","service":"nas-bot","timestamp":"2026-05-27 09:22:05"}
{"error":"","level":"error","message":"Telegram请求失败","method":"getUpdates","service":"nas-bot","timestamp":"2026-05-27 09:22:06"}
{"error":"","level":"error","message":"Telegram请求失败","method":"getUpdates","service":"nas-bot","timestamp":"2026-05-27 09:22:07"}
{"error":"","level":"error","message":"Telegram请求失败","method":"getUpdates","service":"nas-bot","timestamp":"2026-05-27 09:22:08"}
{"error":"","level":"error","message":"Telegram请求失败","method":"getUpdates","service":"nas-bot","timestamp":"2026-05-27 09:22:10"}
{"error":"","level":"error","message":"Telegram请求失败","method":"getUpdates","service":"nas-bot","timestamp":"2026-05-27 09:22:11"}
{"error":"","level":"error","message":"Telegram请求失败","method":"getUpdates","service":"nas-bot","timestamp":"2026-05-27 09:22:12"}
{"error":"","level":"error","message":"Telegram请求失败","method":"getUpdates","service":"nas-bot","timestamp":"2026-05-27 09:22:13"}
{"error":"","level":"error","message":"Telegram请求失败","method":"getUpdates","service":"nas-bot","timestamp":"2026-05-27 09:22:15"}
{"error":"","level":"error","message":"Telegram请求失败","method":"getUpdates","service":"nas-bot","timestamp":"2026-05-27 09:22:16"}
{"error":"","level":"error","message":"Telegram请求失败","method":"getUpdates","service":"nas-bot","timestamp":"2026-05-27 09:22:17"}
{"error":"","level":"error","message":"Telegram请求失败","method":"getUpdates","service":"nas-bot","timestamp":"2026-05-27 09:22:18"}
{"error":"connect ECONNREFUSED 192.168.0.3:3000","level":"error","message":"获取股票数据失败","service":"nas-bot","timestamp":"2026-05-27 09:25:49"}
{"error":"connect ECONNREFUSED 192.168.0.3:3000","level":"error","message":"获取股票数据失败","service":"nas-bot","timestamp":"2026-05-27 09:30:49"}
{"error":"connect ECONNREFUSED 192.168.0.3:3000","level":"error","message":"获取股票数据失败","service":"nas-bot","timestamp":"2026-05-27 09:35:49"}
{"error":"connect ECONNREFUSED 192.168.0.3:3000","level":"error","message":"获取股票数据失败","service":"nas-bot","timestamp":"2026-05-27 09:40:49"}
{"error":"connect ECONNREFUSED 192.168.0.3:3000","level":"error","message":"获取股票数据失败","service":"nas-bot","timestamp":"2026-05-27 09:45:49"}
{"error":"connect ECONNREFUSED 192.168.0.3:3000","level":"error","message":"获取股票数据失败","service":"nas-bot","timestamp":"2026-05-27 09:50:49"}
{"error":"connect ECONNREFUSED 192.168.0.3:3000","level":"error","message":"获取股票数据失败","service":"nas-bot","timestamp":"2026-05-27 09:55:49"}
{"error":"connect ECONNREFUSED 192.168.0.3:3000","level":"error","message":"获取股票数据失败","service":"nas-bot","timestamp":"2026-05-27 10:00:49"}
{"error":"connect ECONNREFUSED 192.168.0.3:3000","level":"error","message":"获取股票数据失败","service":"nas-bot","timestamp":"2026-05-27 10:05:49"}
{"error":"connect ECONNREFUSED 192.168.0.3:3000","level":"error","message":"获取股票数据失败","service":"nas-bot","timestamp":"2026-05-27 10:10:49"}
{"error":"connect ECONNREFUSED 192.168.0.3:3000","level":"error","message":"获取股票数据失败","service":"nas-bot","timestamp":"2026-05-27 10:15:49"}
{"error":"connect ECONNREFUSED 192.168.0.3:3000","level":"error","message":"获取股票数据失败","service":"nas-bot","timestamp":"2026-05-27 10:20:49"}
{"error":"","level":"error","message":"Telegram请求失败","method":"getUpdates","service":"nas-bot","timestamp":"2026-05-27 10:23:16"}
{"error":"","level":"error","message":"Telegram请求失败","method":"getUpdates","service":"nas-bot","timestamp":"2026-05-27 10:23:17"}
{"error":"","level":"error","message":"Telegram请求失败","method":"getUpdates","service":"nas-bot","timestamp":"2026-05-27 10:23:19"}
{"error":"connect ECONNREFUSED 192.168.0.3:3000","level":"error","message":"获取股票数据失败","service":"nas-bot","timestamp":"2026-05-27 10:25:50"}
{"error":"connect ECONNREFUSED 192.168.0.3:3000","level":"error","message":"获取股票数据失败","service":"nas-bot","timestamp":"2026-05-27 10:30:50"}
{"error":"connect ECONNREFUSED 192.168.0.3:3000","level":"error","message":"获取股票数据失败","service":"nas-bot","timestamp":"2026-05-27 10:35:50"}
{"error":"connect ECONNREFUSED 192.168.0.3:3000","level":"error","message":"获取股票数据失败","service":"nas-bot","timestamp":"2026-05-27 10:40:50"}
{"error":"connect ECONNREFUSED 192.168.0.3:3000","level":"error","message":"获取股票数据失败","service":"nas-bot","timestamp":"2026-05-27 10:45:50"}
{"error":"connect ECONNREFUSED 192.168.0.3:3000","level":"error","message":"获取股票数据失败","service":"nas-bot","timestamp":"2026-05-27 10:50:50"}
{"error":"connect ECONNREFUSED 192.168.0.3:3000","level":"error","message":"获取股票数据失败","service":"nas-bot","timestamp":"2026-05-27 10:55:50"}
{"error":"connect ECONNREFUSED 192.168.0.3:3000","level":"error","message":"获取股票数据失败","service":"nas-bot","timestamp":"2026-05-27 11:00:50"}
{"error":"connect ECONNREFUSED 192.168.0.3:3000","level":"error","message":"获取股票数据失败","service":"nas-bot","timestamp":"2026-05-27 11:05:50"}
{"error":"connect ECONNREFUSED 192.168.0.3:3000","level":"error","message":"获取股票数据失败","service":"nas-bot","timestamp":"2026-05-27 11:10:50"}
{"error":"connect ECONNREFUSED 192.168.0.3:3000","level":"error","message":"获取股票数据失败","service":"nas-bot","timestamp":"2026-05-27 11:15:50"}
{"error":"connect ECONNREFUSED 192.168.0.3:3000","level":"error","message":"获取股票数据失败","service":"nas-bot","timestamp":"2026-05-27 11:20:50"}
{"level":"info","message":"收到信号 SIGTERM，正在关闭...","service":"nas-bot","timestamp":"2026-05-27 11:34:02"}
{"level":"info","message":"IOC容器构建完成","service":"nas-bot","timestamp":"2026-05-27 11:34:04"}
{"level":"info","message":"定时调度器启动","service":"nas-bot","summaryTime":"15:35","timestamp":"2026-05-27 11:34:04","weatherCheck":"15:00 ~ 21:00 毎時"}
{"level":"info","message":"Bot启动","service":"nas-bot","timestamp":"2026-05-27 11:34:04"}
{"level":"info","message":"NAS Bot 已启动 🚀","service":"nas-bot","timestamp":"2026-05-27 11:34:04"}
{"count":17,"level":"info","message":"Dashboard按钮已加载","service":"nas-bot","timestamp":"2026-05-27 11:34:06"}
{"level":"info","message":"Dashboard按钮加载完成，重建键盘","service":"nas-bot","timestamp":"2026-05-27 11:34:06"}
{"args":"","command":"/start","level":"info","message":"收到指令","service":"nas-bot","timestamp":"2026-05-27 11:36:14","userId":"6423823321"}
{"command":"/start","elapsed":439,"level":"info","message":"指令处理完成","service":"nas-bot","timestamp":"2026-05-27 11:36:14"}
{"args":"","command":"打开股票监控","level":"info","message":"收到指令","service":"nas-bot","timestamp":"2026-05-27 11:36:17","userId":"6423823321"}
{"command":"打开股票监控","elapsed":878,"level":"info","message":"指令处理完成","service":"nas-bot","timestamp":"2026-05-27 11:36:18"}
{"args":"","command":"股票监控","level":"info","message":"收到指令","service":"nas-bot","timestamp":"2026-05-27 11:36:25","userId":"6423823321"}
{"command":"股票监控","elapsed":869,"level":"info","message":"指令处理完成","service":"nas-bot","timestamp":"2026-05-27 11:36:26"}
{"args":"","command":"/start","level":"info","message":"收到指令","service":"nas-bot","timestamp":"2026-05-27 11:37:47","userId":"6423823321"}
{"command":"/start","elapsed":447,"level":"info","message":"指令处理完成","service":"nas-bot","timestamp":"2026-05-27 11:37:47"}
{"args":"","command":"打开股票监控","level":"info","message":"收到指令","service":"nas-bot","timestamp":"2026-05-27 11:37:49","userId":"6423823321"}
{"command":"打开股票监控","elapsed":932,"level":"info","message":"指令处理完成","service":"nas-bot","timestamp":"2026-05-27 11:37:50"}
{"args":"","command":"重启Bot","level":"info","message":"收到指令","service":"nas-bot","timestamp":"2026-05-27 11:37:57","userId":"6423823321"}
{"level":"info","message":"收到信号 SIGTERM，正在关闭...","service":"nas-bot","timestamp":"2026-05-27 11:37:58"}
{"level":"info","message":"IOC容器构建完成","service":"nas-bot","timestamp":"2026-05-27 11:37:59"}
{"level":"info","message":"定时调度器启动","service":"nas-bot","summaryTime":"15:35","timestamp":"2026-05-27 11:37:59","weatherCheck":"15:00 ~ 21:00 毎時"}
{"level":"info","message":"Bot启动","service":"nas-bot","timestamp":"2026-05-27 11:37:59"}
{"level":"info","message":"NAS Bot 已启动 🚀","service":"nas-bot","timestamp":"2026-05-27 11:37:59"}
{"args":"重启Bot","command":"🤖","level":"info","message":"收到指令","service":"nas-bot","timestamp":"2026-05-27 11:38:00","userId":"6423823321"}
{"command":"🤖","elapsed":485,"level":"info","message":"指令处理完成","service":"nas-bot","timestamp":"2026-05-27 11:38:01"}
{"count":17,"level":"info","message":"Dashboard按钮已加载","service":"nas-bot","timestamp":"2026-05-27 11:38:01"}
{"level":"info","message":"Dashboard按钮加载完成，重建键盘","service":"nas-bot","timestamp":"2026-05-27 11:38:01"}
{"args":"","command":"/start","level":"info","message":"收到指令","service":"nas-bot","timestamp":"2026-05-27 11:38:04","userId":"6423823321"}
{"command":"/start","elapsed":477,"level":"info","message":"指令处理完成","service":"nas-bot","timestamp":"2026-05-27 11:38:05"}
{"args":"","command":"打开股票监控","level":"info","message":"收到指令","service":"nas-bot","timestamp":"2026-05-27 11:38:06","userId":"6423823321"}
{"command":"打开股票监控","elapsed":902,"level":"info","message":"指令处理完成","service":"nas-bot","timestamp":"2026-05-27 11:38:07"}
{"level":"info","message":"收到信号 SIGTERM，正在关闭...","service":"nas-bot","timestamp":"2026-05-27 11:38:55"}
{"level":"info","message":"IOC容器构建完成","service":"nas-bot","timestamp":"2026-05-27 11:38:56"}
{"level":"info","message":"定时调度器启动","service":"nas-bot","summaryTime":"15:35","timestamp":"2026-05-27 11:38:56","weatherCheck":"15:00 ~ 21:00 毎時"}
{"level":"info","message":"Bot启动","service":"nas-bot","timestamp":"2026-05-27 11:38:56"}
{"level":"info","message":"NAS Bot 已启动 🚀","service":"nas-bot","timestamp":"2026-05-27 11:38:57"}
{"error":"","level":"error","message":"Telegram请求失败","method":"getUpdates","service":"nas-bot","timestamp":"2026-05-27 11:38:57"}
{"error":"","level":"error","message":"Telegram请求失败","method":"getUpdates","service":"nas-bot","timestamp":"2026-05-27 11:38:58"}
{"count":17,"level":"info","message":"Dashboard按钮已加载","service":"nas-bot","timestamp":"2026-05-27 11:38:58"}
{"level":"info","message":"Dashboard按钮加载完成，重建键盘","service":"nas-bot","timestamp":"2026-05-27 11:38:58"}
{"error":"","level":"error","message":"Telegram请求失败","method":"getUpdates","service":"nas-bot","timestamp":"2026-05-27 11:38:59"}
{"error":"","level":"error","message":"Telegram请求失败","method":"getUpdates","service":"nas-bot","timestamp":"2026-05-27 11:39:01"}
{"error":"","level":"error","message":"Telegram请求失败","method":"getUpdates","service":"nas-bot","timestamp":"2026-05-27 11:39:02"}
{"error":"","level":"error","message":"Telegram请求失败","method":"getUpdates","service":"nas-bot","timestamp":"2026-05-27 11:39:03"}
{"args":"","command":"/start","level":"info","message":"收到指令","service":"nas-bot","timestamp":"2026-05-27 11:39:05","userId":"6423823321"}
{"command":"/start","elapsed":494,"level":"info","message":"指令处理完成","service":"nas-bot","timestamp":"2026-05-27 11:39:05"}
{"args":"","command":"股票监控","level":"info","message":"收到指令","service":"nas-bot","timestamp":"2026-05-27 11:39:07","userId":"6423823321"}
{"command":"股票监控","elapsed":1093,"level":"info","message":"指令处理完成","service":"nas-bot","timestamp":"2026-05-27 11:39:09"}
{"error":"","level":"error","message":"Telegram请求失败","method":"getUpdates","service":"nas-bot","timestamp":"2026-05-27 11:39:09"}
{"args":"","command":"今日天气","level":"info","message":"收到指令","service":"nas-bot","timestamp":"2026-05-27 11:40:45","userId":"6423823321"}
{"command":"今日天气","elapsed":1233,"level":"info","message":"指令处理完成","service":"nas-bot","timestamp":"2026-05-27 11:40:46"}
{"args":"","command":"打开股票监控","level":"info","message":"收到指令","service":"nas-bot","timestamp":"2026-05-27 11:40:50","userId":"6423823321"}
{"command":"打开股票监控","elapsed":1050,"level":"info","message":"指令处理完成","service":"nas-bot","timestamp":"2026-05-27 11:40:51"}
{"level":"info","message":"收到信号 SIGTERM，正在关闭...","service":"nas-bot","timestamp":"2026-05-27 11:42:35"}
{"level":"info","message":"IOC容器构建完成","service":"nas-bot","timestamp":"2026-05-27 11:42:36"}
{"level":"info","message":"定时调度器启动","service":"nas-bot","summaryTime":"15:35","timestamp":"2026-05-27 11:42:36","weatherCheck":"15:00 ~ 21:00 毎時"}
{"level":"info","message":"Bot启动","service":"nas-bot","timestamp":"2026-05-27 11:42:36"}
{"level":"info","message":"NAS Bot 已启动 🚀","service":"nas-bot","timestamp":"2026-05-27 11:42:36"}
{"error":"","level":"error","message":"Telegram请求失败","method":"getUpdates","service":"nas-bot","timestamp":"2026-05-27 11:42:37"}
{"error":"","level":"error","message":"Telegram请求失败","method":"getUpdates","service":"nas-bot","timestamp":"2026-05-27 11:42:38"}
{"count":17,"level":"info","message":"Dashboard按钮已加载","service":"nas-bot","timestamp":"2026-05-27 11:42:38"}
{"level":"info","message":"Dashboard按钮加载完成，重建键盘","service":"nas-bot","timestamp":"2026-05-27 11:42:38"}
{"error":"","level":"error","message":"Telegram请求失败","method":"getUpdates","service":"nas-bot","timestamp":"2026-05-27 11:42:39"}
{"error":"","level":"error","message":"Telegram请求失败","method":"getUpdates","service":"nas-bot","timestamp":"2026-05-27 11:42:40"}
{"error":"","level":"error","message":"Telegram请求失败","method":"getUpdates","service":"nas-bot","timestamp":"2026-05-27 11:42:42"}
{"error":"","level":"error","message":"Telegram请求失败","method":"getUpdates","service":"nas-bot","timestamp":"2026-05-27 11:42:43"}
{"error":"","level":"error","message":"Telegram请求失败","method":"getUpdates","service":"nas-bot","timestamp":"2026-05-27 11:42:44"}
{"args":"","command":"/start","level":"info","message":"收到指令","service":"nas-bot","timestamp":"2026-05-27 11:42:48","userId":"6423823321"}
{"command":"/start","elapsed":479,"level":"info","message":"指令处理完成","service":"nas-bot","timestamp":"2026-05-27 11:42:48"}
{"args":"","command":"股票监控","level":"info","message":"收到指令","service":"nas-bot","timestamp":"2026-05-27 11:42:50","userId":"6423823321"}
{"command":"股票监控","elapsed":911,"level":"info","message":"指令处理完成","service":"nas-bot","timestamp":"2026-05-27 11:42:51"}
{"args":"","command":"打开股票监控","level":"info","message":"收到指令","service":"nas-bot","timestamp":"2026-05-27 11:42:54","userId":"6423823321"}
{"command":"打开股票监控","elapsed":926,"level":"info","message":"指令处理完成","service":"nas-bot","timestamp":"2026-05-27 11:42:55"}
{"args":"","command":"/start","level":"info","message":"收到指令","service":"nas-bot","timestamp":"2026-05-27 11:43:46","userId":"6423823321"}
{"command":"/start","elapsed":531,"level":"info","message":"指令处理完成","service":"nas-bot","timestamp":"2026-05-27 11:43:47"}
{"args":"","command":"打开股票监控","level":"info","message":"收到指令","service":"nas-bot","timestamp":"2026-05-27 11:43:48","userId":"6423823321"}
{"command":"打开股票监控","elapsed":1066,"level":"info","message":"指令处理完成","service":"nas-bot","timestamp":"2026-05-27 11:43:49"}
{"error":"","level":"error","message":"Telegram请求失败","method":"getUpdates","service":"nas-bot","timestamp":"2026-05-27 11:43:49"}
{"args":"","command":"/start","level":"info","message":"收到指令","service":"nas-bot","timestamp":"2026-05-27 11:45:20","userId":"6423823321"}
{"command":"/start","elapsed":461,"level":"info","message":"指令处理完成","service":"nas-bot","timestamp":"2026-05-27 11:45:20"}
{"args":"","command":"打开股票监控","level":"info","message":"收到指令","service":"nas-bot","timestamp":"2026-05-27 11:45:22","userId":"6423823321"}
{"command":"打开股票监控","elapsed":1007,"level":"info","message":"指令处理完成","service":"nas-bot","timestamp":"2026-05-27 11:45:23"}
{"error":"","level":"error","message":"Telegram请求失败","method":"getUpdates","service":"nas-bot","timestamp":"2026-05-27 11:45:23"}
{"args":"","command":"股票监控","level":"info","message":"收到指令","service":"nas-bot","timestamp":"2026-05-27 11:45:27","userId":"6423823321"}
{"command":"股票监控","elapsed":1035,"level":"info","message":"指令处理完成","service":"nas-bot","timestamp":"2026-05-27 11:45:28"}
{"error":"","level":"error","message":"Telegram请求失败","method":"getUpdates","service":"nas-bot","timestamp":"2026-05-27 11:45:28"}
{"args":"","command":"今日天气","level":"info","message":"收到指令","service":"nas-bot","timestamp":"2026-05-27 11:45:30","userId":"6423823321"}
{"error":"","level":"error","message":"Telegram请求失败","method":"getUpdates","service":"nas-bot","timestamp":"2026-05-27 11:45:31"}
{"command":"今日天气","elapsed":1261,"level":"info","message":"指令处理完成","service":"nas-bot","timestamp":"2026-05-27 11:45:31"}
{"args":"","command":"天气设置","level":"info","message":"收到指令","service":"nas-bot","timestamp":"2026-05-27 11:45:40","userId":"6423823321"}
{"command":"天气设置","elapsed":905,"level":"info","message":"指令处理完成","service":"nas-bot","timestamp":"2026-05-27 11:45:41"}
{"args":"","command":"/start","level":"info","message":"收到指令","service":"nas-bot","timestamp":"2026-05-27 11:46:21","userId":"6423823321"}
{"command":"/start","elapsed":453,"level":"info","message":"指令处理完成","service":"nas-bot","timestamp":"2026-05-27 11:46:21"}
{"args":"","command":"天气设置","level":"info","message":"收到指令","service":"nas-bot","timestamp":"2026-05-27 11:46:24","userId":"6423823321"}
{"command":"天气设置","elapsed":945,"level":"info","message":"指令处理完成","service":"nas-bot","timestamp":"2026-05-27 11:46:25"}
{"args":"","command":"/start","level":"info","message":"收到指令","service":"nas-bot","timestamp":"2026-05-27 11:49:09","userId":"6423823321"}
{"command":"/start","elapsed":457,"level":"info","message":"指令处理完成","service":"nas-bot","timestamp":"2026-05-27 11:49:09"}
{"args":"","command":"重启Bot","level":"info","message":"收到指令","service":"nas-bot","timestamp":"2026-05-27 11:49:16","userId":"6423823321"}
{"level":"info","message":"收到信号 SIGTERM，正在关闭...","service":"nas-bot","timestamp":"2026-05-27 11:49:17"}
{"level":"info","message":"IOC容器构建完成","service":"nas-bot","timestamp":"2026-05-27 11:49:18"}
{"level":"info","message":"定时调度器启动","service":"nas-bot","summaryTime":"15:35","timestamp":"2026-05-27 11:49:18","weatherCheck":"15:00 ~ 21:00 毎時"}
{"level":"info","message":"Bot启动","service":"nas-bot","timestamp":"2026-05-27 11:49:18"}
{"level":"info","message":"NAS Bot 已启动 🚀","service":"nas-bot","timestamp":"2026-05-27 11:49:18"}
{"args":"重启Bot","command":"🤖","level":"info","message":"收到指令","service":"nas-bot","timestamp":"2026-05-27 11:49:19","userId":"6423823321"}
{"command":"🤖","elapsed":479,"level":"info","message":"指令处理完成","service":"nas-bot","timestamp":"2026-05-27 11:49:19"}
{"count":17,"level":"info","message":"Dashboard按钮已加载","service":"nas-bot","timestamp":"2026-05-27 11:49:20"}
{"level":"info","message":"Dashboard按钮加载完成，重建键盘","service":"nas-bot","timestamp":"2026-05-27 11:49:20"}
{"args":"","command":"/start","level":"info","message":"收到指令","service":"nas-bot","timestamp":"2026-05-27 11:49:21","userId":"6423823321"}
{"command":"/start","elapsed":463,"level":"info","message":"指令处理完成","service":"nas-bot","timestamp":"2026-05-27 11:49:22"}
{"args":"","command":"打开股票监控","level":"info","message":"收到指令","service":"nas-bot","timestamp":"2026-05-27 11:49:24","userId":"6423823321"}
{"command":"打开股票监控","elapsed":924,"level":"info","message":"指令处理完成","service":"nas-bot","timestamp":"2026-05-27 11:49:25"}
{"level":"info","message":"收到信号 SIGTERM，正在关闭...","service":"nas-bot","timestamp":"2026-05-27 11:51:12"}
{"level":"info","message":"IOC容器构建完成","service":"nas-bot","timestamp":"2026-05-27 11:51:13"}
{"level":"info","message":"定时调度器启动","service":"nas-bot","summaryTime":"15:35","timestamp":"2026-05-27 11:51:13","weatherCheck":"15:00 ~ 21:00 毎時"}
{"level":"info","message":"Bot启动","service":"nas-bot","timestamp":"2026-05-27 11:51:13"}
{"level":"info","message":"NAS Bot 已启动 🚀","service":"nas-bot","timestamp":"2026-05-27 11:51:13"}
{"count":18,"level":"info","message":"Dashboard按钮已加载","service":"nas-bot","timestamp":"2026-05-27 11:51:15"}
{"level":"info","message":"Dashboard按钮加载完成，重建键盘","service":"nas-bot","timestamp":"2026-05-27 11:51:15"}
{"args":"","command":"/start","level":"info","message":"收到指令","service":"nas-bot","timestamp":"2026-05-27 11:51:18","userId":"6423823321"}
{"command":"/start","elapsed":545,"level":"info","message":"指令处理完成","service":"nas-bot","timestamp":"2026-05-27 11:51:19"}
{"args":"","command":"一周天气","level":"info","message":"收到指令","service":"nas-bot","timestamp":"2026-05-27 11:51:22","userId":"6423823321"}
{"command":"一周天气","elapsed":1205,"level":"info","message":"指令处理完成","service":"nas-bot","timestamp":"2026-05-27 11:51:23"}
{"error":"","level":"error","message":"Telegram请求失败","method":"getUpdates","service":"nas-bot","timestamp":"2026-05-27 11:51:23"}
{"args":"","command":"/start","level":"info","message":"收到指令","service":"nas-bot","timestamp":"2026-05-27 11:55:41","userId":"6423823321"}
{"command":"/start","elapsed":466,"level":"info","message":"指令处理完成","service":"nas-bot","timestamp":"2026-05-27 11:55:41"}
{"args":"","command":"Bot日志","level":"info","message":"收到指令","service":"nas-bot","timestamp":"2026-05-27 11:55:48","userId":"6423823321"}
{"command":"Bot日志","elapsed":953,"level":"info","message":"指令处理完成","service":"nas-bot","timestamp":"2026-05-27 11:55:49"}
{"args":"","command":"重启Bot","level":"info","message":"收到指令","service":"nas-bot","timestamp":"2026-05-27 11:55:52","userId":"6423823321"}
{"level":"info","message":"收到信号 SIGTERM，正在关闭...","service":"nas-bot","timestamp":"2026-05-27 11:55:53"}
{"level":"info","message":"IOC容器构建完成","service":"nas-bot","timestamp":"2026-05-27 11:55:54"}
{"level":"info","message":"定时调度器启动","service":"nas-bot","summaryTime":"15:35","timestamp":"2026-05-27 11:55:54","weatherCheck":"15:00 ~ 21:00 毎時"}
{"level":"info","message":"Bot启动","service":"nas-bot","timestamp":"2026-05-27 11:55:54"}
{"level":"info","message":"NAS Bot 已启动 🚀","service":"nas-bot","timestamp":"2026-05-27 11:55:54"}
{"error":"","level":"error","message":"Telegram请求失败","method":"getUpdates","service":"nas-bot","timestamp":"2026-05-27 11:55:54"}
{"error":"","level":"error","message":"Telegram请求失败","method":"getUpdates","service":"nas-bot","timestamp":"2026-05-27 11:55:56"}
{"count":19,"level":"info","message":"Dashboard按钮已加载","service":"nas-bot","timestamp":"2026-05-27 11:55:56"}
{"level":"info","message":"Dashboard按钮加载完成，重建键盘","service":"nas-bot","timestamp":"2026-05-27 11:55:56"}
{"error":"","level":"error","message":"Telegram请求失败","method":"getUpdates","service":"nas-bot","timestamp":"2026-05-27 11:55:57"}
{"error":"","level":"error","message":"Telegram请求失败","method":"getUpdates","service":"nas-bot","timestamp":"2026-05-27 11:55:58"}
{"error":"","level":"error","message":"Telegram请求失败","method":"getUpdates","service":"nas-bot","timestamp":"2026-05-27 11:55:59"}
{"error":"","level":"error","message":"Telegram请求失败","method":"getUpdates","service":"nas-bot","timestamp":"2026-05-27 11:56:01"}
{"error":"","level":"error","message":"Telegram请求失败","method":"getUpdates","service":"nas-bot","timestamp":"2026-05-27 11:56:02"}
{"args":"","command":"重启Bot","level":"info","message":"收到指令","service":"nas-bot","timestamp":"2026-05-27 11:56:04","userId":"6423823321"}
{"level":"info","message":"收到信号 SIGTERM，正在关闭...","service":"nas-bot","timestamp":"2026-05-27 11:56:04"}
{"level":"info","message":"IOC容器构建完成","service":"nas-bot","timestamp":"2026-05-27 11:56:05"}
{"level":"info","message":"定时调度器启动","service":"nas-bot","summaryTime":"15:35","timestamp":"2026-05-27 11:56:05","weatherCheck":"15:00 ~ 21:00 毎時"}
{"level":"info","message":"Bot启动","service":"nas-bot","timestamp":"2026-05-27 11:56:05"}
{"level":"info","message":"NAS Bot 已启动 🚀","service":"nas-bot","timestamp":"2026-05-27 11:56:05"}
{"error":"","level":"error","message":"Telegram请求失败","method":"getUpdates","service":"nas-bot","timestamp":"2026-05-27 11:56:06"}
{"error":"","level":"error","message":"Telegram请求失败","method":"getUpdates","service":"nas-bot","timestamp":"2026-05-27 11:56:07"}
{"count":19,"level":"info","message":"Dashboard按钮已加载","service":"nas-bot","timestamp":"2026-05-27 11:56:07"}
{"level":"info","message":"Dashboard按钮加载完成，重建键盘","service":"nas-bot","timestamp":"2026-05-27 11:56:07"}
{"error":"","level":"error","message":"Telegram请求失败","method":"getUpdates","service":"nas-bot","timestamp":"2026-05-27 11:56:08"}
{"error":"","level":"error","message":"Telegram请求失败","method":"getUpdates","service":"nas-bot","timestamp":"2026-05-27 11:56:09"}
{"args":"","command":"重启Bot","level":"info","message":"收到指令","service":"nas-bot","timestamp":"2026-05-27 11:56:11","userId":"6423823321"}
{"level":"info","message":"收到信号 SIGTERM，正在关闭...","service":"nas-bot","timestamp":"2026-05-27 11:56:12"}
{"level":"info","message":"IOC容器构建完成","service":"nas-bot","timestamp":"2026-05-27 11:56:13"}
{"level":"info","message":"定时调度器启动","service":"nas-bot","summaryTime":"15:35","timestamp":"2026-05-27 11:56:13","weatherCheck":"15:00 ~ 21:00 毎時"}
{"level":"info","message":"Bot启动","service":"nas-bot","timestamp":"2026-05-27 11:56:13"}
{"level":"info","message":"NAS Bot 已启动 🚀","service":"nas-bot","timestamp":"2026-05-27 11:56:13"}
{"error":"","level":"error","message":"Telegram请求失败","method":"getUpdates","service":"nas-bot","timestamp":"2026-05-27 11:56:13"}
{"error":"","level":"error","message":"Telegram请求失败","method":"getUpdates","service":"nas-bot","timestamp":"2026-05-27 11:56:15"}
{"count":19,"level":"info","message":"Dashboard按钮已加载","service":"nas-bot","timestamp":"2026-05-27 11:56:15"}
{"level":"info","message":"Dashboard按钮加载完成，重建键盘","service":"nas-bot","timestamp":"2026-05-27 11:56:15"}
{"error":"","level":"error","message":"Telegram请求失败","method":"getUpdates","service":"nas-bot","timestamp":"2026-05-27 11:56:16"}
{"error":"","level":"error","message":"Telegram请求失败","method":"getUpdates","service":"nas-bot","timestamp":"2026-05-27 11:56:17"}
{"error":"","level":"error","message":"Telegram请求失败","method":"getUpdates","service":"nas-bot","timestamp":"2026-05-27 11:56:18"}
{"error":"","level":"error","message":"Telegram请求失败","method":"getUpdates","service":"nas-bot","timestamp":"2026-05-27 11:56:20"}
{"error":"","level":"error","message":"Telegram请求失败","method":"getUpdates","service":"nas-bot","timestamp":"2026-05-27 11:56:21"}
{"error":"","level":"error","message":"Telegram请求失败","method":"getUpdates","service":"nas-bot","timestamp":"2026-05-27 11:56:22"}
{"args":"","command":"重启Bot","level":"info","message":"收到指令","service":"nas-bot","timestamp":"2026-05-27 11:56:24","userId":"6423823321"}
{"args":"","command":"打开百度","level":"info","message":"收到指令","service":"nas-bot","timestamp":"2026-05-27 11:56:24","userId":"6423823321"}
{"args":"","command":"打开百度","level":"info","message":"收到指令","service":"nas-bot","timestamp":"2026-05-27 11:56:24","userId":"6423823321"}
{"level":"warn","message":"Telegram请求失败，重试中","method":"sendMessage","remaining":2,"service":"nas-bot","timestamp":"2026-05-27 11:56:24"}
{"level":"warn","message":"Telegram请求失败，重试中","method":"sendMessage","remaining":2,"service":"nas-bot","timestamp":"2026-05-27 11:56:24"}
{"level":"info","message":"收到信号 SIGTERM，正在关闭...","service":"nas-bot","timestamp":"2026-05-27 11:56:25"}
{"level":"info","message":"IOC容器构建完成","service":"nas-bot","timestamp":"2026-05-27 11:56:26"}
{"level":"info","message":"定时调度器启动","service":"nas-bot","summaryTime":"15:35","timestamp":"2026-05-27 11:56:26","weatherCheck":"15:00 ~ 21:00 毎時"}
{"level":"info","message":"Bot启动","service":"nas-bot","timestamp":"2026-05-27 11:56:26"}
{"level":"info","message":"NAS Bot 已启动 🚀","service":"nas-bot","timestamp":"2026-05-27 11:56:26"}
{"error":"","level":"error","message":"Telegram请求失败","method":"getUpdates","service":"nas-bot","timestamp":"2026-05-27 11:56:26"}
{"error":"","level":"error","message":"Telegram请求失败","method":"getUpdates","service":"nas-bot","timestamp":"2026-05-27 11:56:27"}
{"count":19,"level":"info","message":"Dashboard按钮已加载","service":"nas-bot","timestamp":"2026-05-27 11:56:28"}
{"level":"info","message":"Dashboard按钮加载完成，重建键盘","service":"nas-bot","timestamp":"2026-05-27 11:56:28"}
{"error":"","level":"error","message":"Telegram请求失败","method":"getUpdates","service":"nas-bot","timestamp":"2026-05-27 11:56:29"}
{"level":"info","message":"收到信号 SIGTERM，正在关闭...","service":"nas-bot","timestamp":"2026-05-27 11:56:29"}
{"level":"info","message":"IOC容器构建完成","service":"nas-bot","timestamp":"2026-05-27 11:56:30"}
{"level":"info","message":"定时调度器启动","service":"nas-bot","summaryTime":"15:35","timestamp":"2026-05-27 11:56:30","weatherCheck":"15:00 ~ 21:00 毎時"}
{"level":"info","message":"Bot启动","service":"nas-bot","timestamp":"2026-05-27 11:56:30"}
{"level":"info","message":"NAS Bot 已启动 🚀","service":"nas-bot","timestamp":"2026-05-27 11:56:30"}
{"args":"重启Bot","command":"🤖","level":"info","message":"收到指令","service":"nas-bot","timestamp":"2026-05-27 11:56:31","userId":"6423823321"}
{"args":"打开百度","command":"🌐","level":"info","message":"收到指令","service":"nas-bot","timestamp":"2026-05-27 11:56:31","userId":"6423823321"}
{"args":"打开百度","command":"🌐","level":"info","message":"收到指令","service":"nas-bot","timestamp":"2026-05-27 11:56:31","userId":"6423823321"}
{"level":"warn","message":"Telegram请求失败，重试中","method":"sendMessage","remaining":2,"service":"nas-bot","timestamp":"2026-05-27 11:56:31"}
{"command":"🤖","elapsed":443,"level":"info","message":"指令处理完成","service":"nas-bot","timestamp":"2026-05-27 11:56:32"}
{"command":"🌐","elapsed":986,"level":"info","message":"指令处理完成","service":"nas-bot","timestamp":"2026-05-27 11:56:32"}
{"count":19,"level":"info","message":"Dashboard按钮已加载","service":"nas-bot","timestamp":"2026-05-27 11:56:32"}
{"level":"info","message":"Dashboard按钮加载完成，重建键盘","service":"nas-bot","timestamp":"2026-05-27 11:56:32"}
{"command":"🌐","elapsed":1699,"level":"info","message":"指令处理完成","service":"nas-bot","timestamp":"2026-05-27 11:56:33"}
{"args":"","command":"帮助","level":"info","message":"收到指令","service":"nas-bot","timestamp":"2026-05-27 11:56:37","userId":"6423823321"}
{"command":"帮助","elapsed":454,"level":"info","message":"指令处理完成","service":"nas-bot","timestamp":"2026-05-27 11:56:37"}
{"args":"","command":"打开百度","level":"info","message":"收到指令","service":"nas-bot","timestamp":"2026-05-27 11:56:40","userId":"6423823321"}
{"command":"打开百度","elapsed":934,"level":"info","message":"指令处理完成","service":"nas-bot","timestamp":"2026-05-27 11:56:41"}
{"level":"info","message":"收到信号 SIGTERM，正在关闭...","service":"nas-bot","timestamp":"2026-05-27 11:57:47"}
{"level":"info","message":"IOC容器构建完成","service":"nas-bot","timestamp":"2026-05-27 11:57:48"}
{"level":"info","message":"定时调度器启动","service":"nas-bot","summaryTime":"15:35","timestamp":"2026-05-27 11:57:48","weatherCheck":"15:00 ~ 21:00 毎時"}
{"level":"info","message":"Bot启动","service":"nas-bot","timestamp":"2026-05-27 11:57:48"}
{"level":"info","message":"NAS Bot 已启动 🚀","service":"nas-bot","timestamp":"2026-05-27 11:57:48"}
{"error":"","level":"error","message":"Telegram请求失败","method":"getUpdates","service":"nas-bot","timestamp":"2026-05-27 11:57:48"}
{"error":"","level":"error","message":"Telegram请求失败","method":"getUpdates","service":"nas-bot","timestamp":"2026-05-27 11:57:50"}
{"count":20,"level":"info","message":"Dashboard按钮已加载","service":"nas-bot","timestamp":"2026-05-27 11:57:50"}
{"level":"info","message":"Dashboard按钮加载完成，重建键盘","service":"nas-bot","timestamp":"2026-05-27 11:57:50"}
{"error":"","level":"error","message":"Telegram请求失败","method":"getUpdates","service":"nas-bot","timestamp":"2026-05-27 11:57:51"}
{"error":"","level":"error","message":"Telegram请求失败","method":"getUpdates","service":"nas-bot","timestamp":"2026-05-27 11:57:52"}
{"error":"","level":"error","message":"Telegram请求失败","method":"getUpdates","service":"nas-bot","timestamp":"2026-05-27 11:57:53"}
{"error":"","level":"error","message":"Telegram请求失败","method":"getUpdates","service":"nas-bot","timestamp":"2026-05-27 11:57:55"}
{"error":"","level":"error","message":"Telegram请求失败","method":"getUpdates","service":"nas-bot","timestamp":"2026-05-27 11:57:56"}
{"error":"","level":"error","message":"Telegram请求失败","method":"getUpdates","service":"nas-bot","timestamp":"2026-05-27 11:57:57"}
{"error":"","level":"error","message":"Telegram请求失败","method":"getUpdates","service":"nas-bot","timestamp":"2026-05-27 11:57:58"}
{"error":"","level":"error","message":"Telegram请求失败","method":"getUpdates","service":"nas-bot","timestamp":"2026-05-27 11:58:00"}
{"error":"","level":"error","message":"Telegram请求失败","method":"getUpdates","service":"nas-bot","timestamp":"2026-05-27 11:58:01"}
{"error":"","level":"error","message":"Telegram请求失败","method":"getUpdates","service":"nas-bot","timestamp":"2026-05-27 11:58:02"}
{"args":"","command":"帮助","level":"info","message":"收到指令","service":"nas-bot","timestamp":"2026-05-27 11:58:07","userId":"6423823321"}
{"command":"帮助","elapsed":448,"level":"info","message":"指令处理完成","service":"nas-bot","timestamp":"2026-05-27 11:58:08"}
{"args":"","command":"打开shehua","level":"info","message":"收到指令","service":"nas-bot","timestamp":"2026-05-27 11:58:09","userId":"6423823321"}
{"command":"打开shehua","elapsed":971,"level":"info","message":"指令处理完成","service":"nas-bot","timestamp":"2026-05-27 11:58:10"}
{"args":"","command":"今日天气","level":"info","message":"收到指令","service":"nas-bot","timestamp":"2026-05-27 11:58:33","userId":"6423823321"}
{"error":"","level":"error","message":"Telegram请求失败","method":"getUpdates","service":"nas-bot","timestamp":"2026-05-27 11:58:34"}
{"command":"今日天气","elapsed":1392,"level":"info","message":"指令处理完成","service":"nas-bot","timestamp":"2026-05-27 11:58:34"}
{"args":"","command":"股票监控","level":"info","message":"收到指令","service":"nas-bot","timestamp":"2026-05-27 11:58:39","userId":"6423823321"}
{"command":"股票监控","elapsed":943,"level":"info","message":"指令处理完成","service":"nas-bot","timestamp":"2026-05-27 11:58:40"}
{"args":"","command":"股票监控","level":"info","message":"收到指令","service":"nas-bot","timestamp":"2026-05-27 12:00:28","userId":"6423823321"}
{"command":"股票监控","elapsed":908,"level":"info","message":"指令处理完成","service":"nas-bot","timestamp":"2026-05-27 12:00:29"}
{"args":"","command":"今日天气","level":"info","message":"收到指令","service":"nas-bot","timestamp":"2026-05-27 12:00:37","userId":"6423823321"}
{"command":"今日天气","elapsed":1132,"level":"info","message":"指令处理完成","service":"nas-bot","timestamp":"2026-05-27 12:00:38"}
{"error":"","level":"error","message":"Telegram请求失败","method":"getUpdates","service":"nas-bot","timestamp":"2026-05-27 12:00:38"}
{"args":"","command":"收盘简报","level":"info","message":"收到指令","service":"nas-bot","timestamp":"2026-05-27 12:00:42","userId":"6423823321"}
{"command":"收盘简报","elapsed":929,"level":"info","message":"指令处理完成","service":"nas-bot","timestamp":"2026-05-27 12:00:43"}
{"args":"","command":"一周天气","level":"info","message":"收到指令","service":"nas-bot","timestamp":"2026-05-27 12:00:48","userId":"6423823321"}
{"error":"","level":"error","message":"Telegram请求失败","method":"getUpdates","service":"nas-bot","timestamp":"2026-05-27 12:00:49"}
{"command":"一周天气","elapsed":1340,"level":"info","message":"指令处理完成","service":"nas-bot","timestamp":"2026-05-27 12:00:49"}
{"args":"","command":"天气设置","level":"info","message":"收到指令","service":"nas-bot","timestamp":"2026-05-27 12:00:50","userId":"6423823321"}
{"command":"天气设置","elapsed":905,"level":"info","message":"指令处理完成","service":"nas-bot","timestamp":"2026-05-27 12:00:51"}
{"error":"","level":"error","message":"Telegram请求失败","method":"getUpdates","service":"nas-bot","timestamp":"2026-05-27 12:58:41"}
{"hour":15,"level":"info","message":"触发天气检测","service":"nas-bot","timestamp":"2026-05-27 15:00:50"}
{"desc":"多云","level":"info","message":"天气基准快照已记录","service":"nas-bot","temp":23,"timestamp":"2026-05-27 15:00:50"}
{"level":"info","message":"触发收盘简报","service":"nas-bot","timestamp":"2026-05-27 15:35:50"}
{"count":4,"level":"info","message":"收盘简报生成成功","service":"nas-bot","timestamp":"2026-05-27 15:35:50"}
{"elapsed":42212,"level":"info","message":"Ollama响应完成","model":"qwen2.5:1.5b","service":"nas-bot","timestamp":"2026-05-27 15:36:34"}
{"hour":16,"level":"info","message":"触发天气检测","service":"nas-bot","timestamp":"2026-05-27 16:00:50"}
{"hour":17,"level":"info","message":"触发天气检测","service":"nas-bot","timestamp":"2026-05-27 17:00:51"}
{"hour":18,"level":"info","message":"触发天气检测","service":"nas-bot","timestamp":"2026-05-27 18:00:51"}
{"hour":19,"level":"info","message":"触发天气检测","service":"nas-bot","timestamp":"2026-05-27 19:00:51"}
{"error":"read ETIMEDOUT","level":"error","message":"Telegram请求失败","method":"getUpdates","service":"nas-bot","timestamp":"2026-05-27 20:00:14"}
{"level":"warn","message":"Telegram请求超时","method":"getUpdates","service":"nas-bot","timestamp":"2026-05-27 20:00:20"}
{"error":"socket hang up","level":"error","message":"Telegram请求失败","method":"getUpdates","service":"nas-bot","timestamp":"2026-05-27 20:00:20"}
{"error":"getaddrinfo EAI_AGAIN api.telegram.org","level":"error","message":"Telegram请求失败","method":"getUpdates","service":"nas-bot","timestamp":"2026-05-27 20:00:26"}
{"level":"warn","message":"Telegram请求超时","method":"getUpdates","service":"nas-bot","timestamp":"2026-05-27 20:00:32"}
{"error":"socket hang up","level":"error","message":"Telegram请求失败","method":"getUpdates","service":"nas-bot","timestamp":"2026-05-27 20:00:32"}
{"error":"getaddrinfo EAI_AGAIN api.telegram.org","level":"error","message":"Telegram请求失败","method":"getUpdates","service":"nas-bot","timestamp":"2026-05-27 20:00:38"}
{"level":"warn","message":"Telegram请求超时","method":"getUpdates","service":"nas-bot","timestamp":"2026-05-27 20:00:44"}
{"error":"socket hang up","level":"error","message":"Telegram请求失败","method":"getUpdates","service":"nas-bot","timestamp":"2026-05-27 20:00:44"}
{"error":"getaddrinfo EAI_AGAIN api.telegram.org","level":"error","message":"Telegram请求失败","method":"getUpdates","service":"nas-bot","timestamp":"2026-05-27 20:00:50"}
{"hour":20,"level":"info","message":"触发天气检测","service":"nas-bot","timestamp":"2026-05-27 20:00:51"}
{"level":"warn","message":"Telegram请求超时","method":"getUpdates","service":"nas-bot","timestamp":"2026-05-27 20:00:56"}
{"error":"socket hang up","level":"error","message":"Telegram请求失败","method":"getUpdates","service":"nas-bot","timestamp":"2026-05-27 20:00:56"}
{"level":"warn","message":"Telegram请求超时","method":"getUpdates","service":"nas-bot","timestamp":"2026-05-27 20:01:02"}
{"error":"socket hang up","level":"error","message":"Telegram请求失败","method":"getUpdates","service":"nas-bot","timestamp":"2026-05-27 20:01:02"}
{"error":"getaddrinfo EAI_AGAIN api.telegram.org","level":"error","message":"Telegram请求失败","method":"getUpdates","service":"nas-bot","timestamp":"2026-05-27 20:01:08"}
{"level":"warn","message":"Telegram请求超时","method":"getUpdates","service":"nas-bot","timestamp":"2026-05-27 20:01:14"}
{"error":"socket hang up","level":"error","message":"Telegram请求失败","method":"getUpdates","service":"nas-bot","timestamp":"2026-05-27 20:01:14"}
{"level":"warn","message":"Telegram请求超时","method":"getUpdates","service":"nas-bot","timestamp":"2026-05-27 20:01:20"}
{"error":"socket hang up","level":"error","message":"Telegram请求失败","method":"getUpdates","service":"nas-bot","timestamp":"2026-05-27 20:01:20"}
{"error":"getaddrinfo EAI_AGAIN api.telegram.org","level":"error","message":"Telegram请求失败","method":"getUpdates","service":"nas-bot","timestamp":"2026-05-27 20:01:26"}
{"error":"getaddrinfo EAI_AGAIN api.telegram.org","level":"error","message":"Telegram请求失败","method":"getUpdates","service":"nas-bot","timestamp":"2026-05-27 20:01:32"}
{"level":"warn","message":"Telegram请求超时","method":"getUpdates","service":"nas-bot","timestamp":"2026-05-27 20:01:38"}
{"error":"socket hang up","level":"error","message":"Telegram请求失败","method":"getUpdates","service":"nas-bot","timestamp":"2026-05-27 20:01:38"}
{"level":"warn","message":"Telegram请求超时","method":"getUpdates","service":"nas-bot","timestamp":"2026-05-27 20:01:44"}
{"error":"socket hang up","level":"error","message":"Telegram请求失败","method":"getUpdates","service":"nas-bot","timestamp":"2026-05-27 20:01:44"}
{"level":"warn","message":"Telegram请求超时","method":"getUpdates","service":"nas-bot","timestamp":"2026-05-27 20:01:50"}
{"error":"socket hang up","level":"error","message":"Telegram请求失败","method":"getUpdates","service":"nas-bot","timestamp":"2026-05-27 20:01:50"}
{"error":"getaddrinfo EAI_AGAIN api.telegram.org","level":"error","message":"Telegram请求失败","method":"getUpdates","service":"nas-bot","timestamp":"2026-05-27 20:01:56"}
{"error":"getaddrinfo EAI_AGAIN api.telegram.org","level":"error","message":"Telegram请求失败","method":"getUpdates","service":"nas-bot","timestamp":"2026-05-27 20:02:02"}
{"level":"warn","message":"Telegram请求超时","method":"getUpdates","service":"nas-bot","timestamp":"2026-05-27 20:02:08"}
{"error":"socket hang up","level":"error","message":"Telegram请求失败","method":"getUpdates","service":"nas-bot","timestamp":"2026-05-27 20:02:08"}
{"level":"warn","message":"Telegram请求超时","method":"getUpdates","service":"nas-bot","timestamp":"2026-05-27 20:02:14"}
{"error":"socket hang up","level":"error","message":"Telegram请求失败","method":"getUpdates","service":"nas-bot","timestamp":"2026-05-27 20:02:14"}
{"level":"warn","message":"Telegram请求超时","method":"getUpdates","service":"nas-bot","timestamp":"2026-05-27 20:02:20"}
{"error":"socket hang up","level":"error","message":"Telegram请求失败","method":"getUpdates","service":"nas-bot","timestamp":"2026-05-27 20:02:20"}
{"error":"getaddrinfo EAI_AGAIN api.telegram.org","level":"error","message":"Telegram请求失败","method":"getUpdates","service":"nas-bot","timestamp":"2026-05-27 20:02:26"}
{"level":"warn","message":"Telegram请求超时","method":"getUpdates","service":"nas-bot","timestamp":"2026-05-27 20:02:32"}
{"error":"socket hang up","level":"error","message":"Telegram请求失败","method":"getUpdates","service":"nas-bot","timestamp":"2026-05-27 20:02:32"}
{"level":"warn","message":"Telegram请求超时","method":"getUpdates","service":"nas-bot","timestamp":"2026-05-27 20:02:38"}
{"error":"socket hang up","level":"error","message":"Telegram请求失败","method":"getUpdates","service":"nas-bot","timestamp":"2026-05-27 20:02:38"}
{"level":"warn","message":"Telegram请求超时","method":"getUpdates","service":"nas-bot","timestamp":"2026-05-27 20:02:44"}
{"error":"socket hang up","level":"error","message":"Telegram请求失败","method":"getUpdates","service":"nas-bot","timestamp":"2026-05-27 20:02:44"}
{"level":"warn","message":"Telegram请求超时","method":"getUpdates","service":"nas-bot","timestamp":"2026-05-27 20:02:50"}
{"error":"socket hang up","level":"error","message":"Telegram请求失败","method":"getUpdates","service":"nas-bot","timestamp":"2026-05-27 20:02:50"}
{"level":"warn","message":"Telegram请求超时","method":"getUpdates","service":"nas-bot","timestamp":"2026-05-27 20:02:56"}
{"error":"socket hang up","level":"error","message":"Telegram请求失败","method":"getUpdates","service":"nas-bot","timestamp":"2026-05-27 20:02:56"}
{"error":"getaddrinfo EAI_AGAIN api.telegram.org","level":"error","message":"Telegram请求失败","method":"getUpdates","service":"nas-bot","timestamp":"2026-05-27 20:03:02"}
{"level":"warn","message":"Telegram请求超时","method":"getUpdates","service":"nas-bot","timestamp":"2026-05-27 20:03:08"}
{"error":"socket hang up","level":"error","message":"Telegram请求失败","method":"getUpdates","service":"nas-bot","timestamp":"2026-05-27 20:03:08"}
{"level":"warn","message":"Telegram请求超时","method":"getUpdates","service":"nas-bot","timestamp":"2026-05-27 20:03:14"}
{"error":"socket hang up","level":"error","message":"Telegram请求失败","method":"getUpdates","service":"nas-bot","timestamp":"2026-05-27 20:03:14"}
{"level":"warn","message":"Telegram请求超时","method":"getUpdates","service":"nas-bot","timestamp":"2026-05-27 20:03:20"}
{"error":"socket hang up","level":"error","message":"Telegram请求失败","method":"getUpdates","service":"nas-bot","timestamp":"2026-05-27 20:03:20"}
{"error":"getaddrinfo EAI_AGAIN api.telegram.org","level":"error","message":"Telegram请求失败","method":"getUpdates","service":"nas-bot","timestamp":"2026-05-27 20:03:26"}
{"error":"getaddrinfo EAI_AGAIN api.telegram.org","level":"error","message":"Telegram请求失败","method":"getUpdates","service":"nas-bot","timestamp":"2026-05-27 20:03:32"}
{"level":"warn","message":"Telegram请求超时","method":"getUpdates","service":"nas-bot","timestamp":"2026-05-27 20:03:38"}
{"error":"socket hang up","level":"error","message":"Telegram请求失败","method":"getUpdates","service":"nas-bot","timestamp":"2026-05-27 20:03:38"}
{"level":"warn","message":"Telegram请求超时","method":"getUpdates","service":"nas-bot","timestamp":"2026-05-27 20:03:44"}
{"error":"socket hang up","level":"error","message":"Telegram请求失败","method":"getUpdates","service":"nas-bot","timestamp":"2026-05-27 20:03:44"}
{"error":"getaddrinfo EAI_AGAIN api.telegram.org","level":"error","message":"Telegram请求失败","method":"getUpdates","service":"nas-bot","timestamp":"2026-05-27 20:03:50"}
{"level":"warn","message":"Telegram请求超时","method":"getUpdates","service":"nas-bot","timestamp":"2026-05-27 20:03:56"}
{"error":"socket hang up","level":"error","message":"Telegram请求失败","method":"getUpdates","service":"nas-bot","timestamp":"2026-05-27 20:03:56"}
{"level":"warn","message":"Telegram请求超时","method":"getUpdates","service":"nas-bot","timestamp":"2026-05-27 20:04:02"}
{"error":"socket hang up","level":"error","message":"Telegram请求失败","method":"getUpdates","service":"nas-bot","timestamp":"2026-05-27 20:04:02"}
{"level":"warn","message":"Telegram请求超时","method":"getUpdates","service":"nas-bot","timestamp":"2026-05-27 20:04:08"}
{"error":"socket hang up","level":"error","message":"Telegram请求失败","method":"getUpdates","service":"nas-bot","timestamp":"2026-05-27 20:04:08"}
{"level":"warn","message":"Telegram请求超时","method":"getUpdates","service":"nas-bot","timestamp":"2026-05-27 20:04:14"}
{"error":"socket hang up","level":"error","message":"Telegram请求失败","method":"getUpdates","service":"nas-bot","timestamp":"2026-05-27 20:04:14"}
{"error":"getaddrinfo EAI_AGAIN api.telegram.org","level":"error","message":"Telegram请求失败","method":"getUpdates","service":"nas-bot","timestamp":"2026-05-27 20:04:20"}
{"error":"getaddrinfo EAI_AGAIN api.telegram.org","level":"error","message":"Telegram请求失败","method":"getUpdates","service":"nas-bot","timestamp":"2026-05-27 20:04:26"}
{"error":"getaddrinfo EAI_AGAIN api.telegram.org","level":"error","message":"Telegram请求失败","method":"getUpdates","service":"nas-bot","timestamp":"2026-05-27 20:04:32"}
{"level":"warn","message":"Telegram请求超时","method":"getUpdates","service":"nas-bot","timestamp":"2026-05-27 20:04:38"}
{"error":"socket hang up","level":"error","message":"Telegram请求失败","method":"getUpdates","service":"nas-bot","timestamp":"2026-05-27 20:04:38"}
{"error":"getaddrinfo EAI_AGAIN api.telegram.org","level":"error","message":"Telegram请求失败","method":"getUpdates","service":"nas-bot","timestamp":"2026-05-27 20:04:44"}
{"level":"warn","message":"Telegram请求超时","method":"getUpdates","service":"nas-bot","timestamp":"2026-05-27 20:04:50"}
{"error":"socket hang up","level":"error","message":"Telegram请求失败","method":"getUpdates","service":"nas-bot","timestamp":"2026-05-27 20:04:50"}
{"error":"getaddrinfo EAI_AGAIN api.telegram.org","level":"error","message":"Telegram请求失败","method":"getUpdates","service":"nas-bot","timestamp":"2026-05-27 20:04:56"}
{"level":"warn","message":"Telegram请求超时","method":"getUpdates","service":"nas-bot","timestamp":"2026-05-27 20:05:02"}
{"error":"socket hang up","level":"error","message":"Telegram请求失败","method":"getUpdates","service":"nas-bot","timestamp":"2026-05-27 20:05:02"}
{"level":"warn","message":"Telegram请求超时","method":"getUpdates","service":"nas-bot","timestamp":"2026-05-27 20:05:08"}
{"error":"socket hang up","level":"error","message":"Telegram请求失败","method":"getUpdates","service":"nas-bot","timestamp":"2026-05-27 20:05:08"}
{"error":"getaddrinfo EAI_AGAIN api.telegram.org","level":"error","message":"Telegram请求失败","method":"getUpdates","service":"nas-bot","timestamp":"2026-05-27 20:05:14"}
{"level":"warn","message":"Telegram请求超时","method":"getUpdates","service":"nas-bot","timestamp":"2026-05-27 20:05:20"}
{"error":"socket hang up","level":"error","message":"Telegram请求失败","method":"getUpdates","service":"nas-bot","timestamp":"2026-05-27 20:05:20"}
{"level":"warn","message":"Telegram请求超时","method":"getUpdates","service":"nas-bot","timestamp":"2026-05-27 20:05:26"}
{"error":"socket hang up","level":"error","message":"Telegram请求失败","method":"getUpdates","service":"nas-bot","timestamp":"2026-05-27 20:05:26"}
{"level":"warn","message":"Telegram请求超时","method":"getUpdates","service":"nas-bot","timestamp":"2026-05-27 20:05:32"}
{"error":"socket hang up","level":"error","message":"Telegram请求失败","method":"getUpdates","service":"nas-bot","timestamp":"2026-05-27 20:05:32"}
{"level":"warn","message":"Telegram请求超时","method":"getUpdates","service":"nas-bot","timestamp":"2026-05-27 20:05:38"}
{"error":"socket hang up","level":"error","message":"Telegram请求失败","method":"getUpdates","service":"nas-bot","timestamp":"2026-05-27 20:05:38"}
{"error":"getaddrinfo EAI_AGAIN api.telegram.org","level":"error","message":"Telegram请求失败","method":"getUpdates","service":"nas-bot","timestamp":"2026-05-27 20:05:44"}
{"level":"warn","message":"Telegram请求超时","method":"getUpdates","service":"nas-bot","timestamp":"2026-05-27 20:05:50"}
{"error":"socket hang up","level":"error","message":"Telegram请求失败","method":"getUpdates","service":"nas-bot","timestamp":"2026-05-27 20:05:50"}
{"level":"warn","message":"Telegram请求超时","method":"getUpdates","service":"nas-bot","timestamp":"2026-05-27 20:05:56"}
{"error":"socket hang up","level":"error","message":"Telegram请求失败","method":"getUpdates","service":"nas-bot","timestamp":"2026-05-27 20:05:56"}
{"level":"warn","message":"Telegram请求超时","method":"getUpdates","service":"nas-bot","timestamp":"2026-05-27 20:06:02"}
{"error":"socket hang up","level":"error","message":"Telegram请求失败","method":"getUpdates","service":"nas-bot","timestamp":"2026-05-27 20:06:02"}
{"level":"warn","message":"Telegram请求超时","method":"getUpdates","service":"nas-bot","timestamp":"2026-05-27 20:06:08"}
{"error":"socket hang up","level":"error","message":"Telegram请求失败","method":"getUpdates","service":"nas-bot","timestamp":"2026-05-27 20:06:08"}
{"level":"warn","message":"Telegram请求超时","method":"getUpdates","service":"nas-bot","timestamp":"2026-05-27 20:06:14"}
{"error":"socket hang up","level":"error","message":"Telegram请求失败","method":"getUpdates","service":"nas-bot","timestamp":"2026-05-27 20:06:14"}
{"level":"warn","message":"Telegram请求超时","method":"getUpdates","service":"nas-bot","timestamp":"2026-05-27 20:06:20"}
{"error":"socket hang up","level":"error","message":"Telegram请求失败","method":"getUpdates","service":"nas-bot","timestamp":"2026-05-27 20:06:20"}
{"error":"getaddrinfo EAI_AGAIN api.telegram.org","level":"error","message":"Telegram请求失败","method":"getUpdates","service":"nas-bot","timestamp":"2026-05-27 20:06:26"}
{"level":"warn","message":"Telegram请求超时","method":"getUpdates","service":"nas-bot","timestamp":"2026-05-27 20:06:32"}
{"error":"socket hang up","level":"error","message":"Telegram请求失败","method":"getUpdates","service":"nas-bot","timestamp":"2026-05-27 20:06:32"}
{"error":"getaddrinfo EAI_AGAIN api.telegram.org","level":"error","message":"Telegram请求失败","method":"getUpdates","service":"nas-bot","timestamp":"2026-05-27 20:06:38"}
{"level":"warn","message":"Telegram请求超时","method":"getUpdates","service":"nas-bot","timestamp":"2026-05-27 20:06:44"}
{"error":"socket hang up","level":"error","message":"Telegram请求失败","method":"getUpdates","service":"nas-bot","timestamp":"2026-05-27 20:06:44"}
{"level":"warn","message":"Telegram请求超时","method":"getUpdates","service":"nas-bot","timestamp":"2026-05-27 20:06:50"}
{"error":"socket hang up","level":"error","message":"Telegram请求失败","method":"getUpdates","service":"nas-bot","timestamp":"2026-05-27 20:06:50"}
{"error":"getaddrinfo EAI_AGAIN api.telegram.org","level":"error","message":"Telegram请求失败","method":"getUpdates","service":"nas-bot","timestamp":"2026-05-27 20:06:56"}
{"level":"warn","message":"Telegram请求超时","method":"getUpdates","service":"nas-bot","timestamp":"2026-05-27 20:07:02"}
{"error":"socket hang up","level":"error","message":"Telegram请求失败","method":"getUpdates","service":"nas-bot","timestamp":"2026-05-27 20:07:02"}
{"level":"warn","message":"Telegram请求超时","method":"getUpdates","service":"nas-bot","timestamp":"2026-05-27 20:07:08"}
{"error":"socket hang up","level":"error","message":"Telegram请求失败","method":"getUpdates","service":"nas-bot","timestamp":"2026-05-27 20:07:08"}
{"error":"getaddrinfo EAI_AGAIN api.telegram.org","level":"error","message":"Telegram请求失败","method":"getUpdates","service":"nas-bot","timestamp":"2026-05-27 20:07:14"}
{"error":"getaddrinfo EAI_AGAIN api.telegram.org","level":"error","message":"Telegram请求失败","method":"getUpdates","service":"nas-bot","timestamp":"2026-05-27 20:07:20"}
{"error":"getaddrinfo EAI_AGAIN api.telegram.org","level":"error","message":"Telegram请求失败","method":"getUpdates","service":"nas-bot","timestamp":"2026-05-27 20:07:26"}
{"level":"warn","message":"Telegram请求超时","method":"getUpdates","service":"nas-bot","timestamp":"2026-05-27 20:07:32"}
{"error":"socket hang up","level":"error","message":"Telegram请求失败","method":"getUpdates","service":"nas-bot","timestamp":"2026-05-27 20:07:32"}
{"level":"warn","message":"Telegram请求超时","method":"getUpdates","service":"nas-bot","timestamp":"2026-05-27 20:07:38"}
{"error":"socket hang up","level":"error","message":"Telegram请求失败","method":"getUpdates","service":"nas-bot","timestamp":"2026-05-27 20:07:38"}
{"error":"getaddrinfo EAI_AGAIN api.telegram.org","level":"error","message":"Telegram请求失败","method":"getUpdates","service":"nas-bot","timestamp":"2026-05-27 20:07:44"}
{"error":"getaddrinfo EAI_AGAIN api.telegram.org","level":"error","message":"Telegram请求失败","method":"getUpdates","service":"nas-bot","timestamp":"2026-05-27 20:07:50"}
{"error":"getaddrinfo EAI_AGAIN api.telegram.org","level":"error","message":"Telegram请求失败","method":"getUpdates","service":"nas-bot","timestamp":"2026-05-27 20:07:56"}
{"level":"warn","message":"Telegram请求超时","method":"getUpdates","service":"nas-bot","timestamp":"2026-05-27 20:08:02"}
{"error":"socket hang up","level":"error","message":"Telegram请求失败","method":"getUpdates","service":"nas-bot","timestamp":"2026-05-27 20:08:02"}
{"error":"getaddrinfo EAI_AGAIN api.telegram.org","level":"error","message":"Telegram请求失败","method":"getUpdates","service":"nas-bot","timestamp":"2026-05-27 20:08:08"}
{"error":"getaddrinfo EAI_AGAIN api.telegram.org","level":"error","message":"Telegram请求失败","method":"getUpdates","service":"nas-bot","timestamp":"2026-05-27 20:08:14"}
{"error":"getaddrinfo EAI_AGAIN api.telegram.org","level":"error","message":"Telegram请求失败","method":"getUpdates","service":"nas-bot","timestamp":"2026-05-27 20:08:20"}
{"level":"warn","message":"Telegram请求超时","method":"getUpdates","service":"nas-bot","timestamp":"2026-05-27 20:08:26"}
{"error":"socket hang up","level":"error","message":"Telegram请求失败","method":"getUpdates","service":"nas-bot","timestamp":"2026-05-27 20:08:26"}
{"level":"warn","message":"Telegram请求超时","method":"getUpdates","service":"nas-bot","timestamp":"2026-05-27 20:08:32"}
{"error":"socket hang up","level":"error","message":"Telegram请求失败","method":"getUpdates","service":"nas-bot","timestamp":"2026-05-27 20:08:32"}
{"level":"warn","message":"Telegram请求超时","method":"getUpdates","service":"nas-bot","timestamp":"2026-05-27 20:08:38"}
{"error":"socket hang up","level":"error","message":"Telegram请求失败","method":"getUpdates","service":"nas-bot","timestamp":"2026-05-27 20:08:38"}
{"error":"getaddrinfo EAI_AGAIN api.telegram.org","level":"error","message":"Telegram请求失败","method":"getUpdates","service":"nas-bot","timestamp":"2026-05-27 20:08:44"}
{"level":"warn","message":"Telegram请求超时","method":"getUpdates","service":"nas-bot","timestamp":"2026-05-27 20:08:50"}
{"error":"socket hang up","level":"error","message":"Telegram请求失败","method":"getUpdates","service":"nas-bot","timestamp":"2026-05-27 20:08:50"}
{"level":"warn","message":"Telegram请求超时","method":"getUpdates","service":"nas-bot","timestamp":"2026-05-27 20:08:56"}
{"error":"socket hang up","level":"error","message":"Telegram请求失败","method":"getUpdates","service":"nas-bot","timestamp":"2026-05-27 20:08:56"}
{"error":"getaddrinfo EAI_AGAIN api.telegram.org","level":"error","message":"Telegram请求失败","method":"getUpdates","service":"nas-bot","timestamp":"2026-05-27 20:09:02"}
{"level":"warn","message":"Telegram请求超时","method":"getUpdates","service":"nas-bot","timestamp":"2026-05-27 20:09:08"}
{"error":"socket hang up","level":"error","message":"Telegram请求失败","method":"getUpdates","service":"nas-bot","timestamp":"2026-05-27 20:09:08"}
{"error":"getaddrinfo EAI_AGAIN api.telegram.org","level":"error","message":"Telegram请求失败","method":"getUpdates","service":"nas-bot","timestamp":"2026-05-27 20:09:14"}
{"level":"warn","message":"Telegram请求超时","method":"getUpdates","service":"nas-bot","timestamp":"2026-05-27 20:09:20"}
{"error":"socket hang up","level":"error","message":"Telegram请求失败","method":"getUpdates","service":"nas-bot","timestamp":"2026-05-27 20:09:20"}
{"error":"getaddrinfo EAI_AGAIN api.telegram.org","level":"error","message":"Telegram请求失败","method":"getUpdates","service":"nas-bot","timestamp":"2026-05-27 20:09:26"}
{"error":"getaddrinfo EAI_AGAIN api.telegram.org","level":"error","message":"Telegram请求失败","method":"getUpdates","service":"nas-bot","timestamp":"2026-05-27 20:09:32"}
{"error":"getaddrinfo EAI_AGAIN api.telegram.org","level":"error","message":"Telegram请求失败","method":"getUpdates","service":"nas-bot","timestamp":"2026-05-27 20:09:38"}
{"level":"warn","message":"Telegram请求超时","method":"getUpdates","service":"nas-bot","timestamp":"2026-05-27 20:09:44"}
{"error":"socket hang up","level":"error","message":"Telegram请求失败","method":"getUpdates","service":"nas-bot","timestamp":"2026-05-27 20:09:44"}
{"error":"getaddrinfo EAI_AGAIN api.telegram.org","level":"error","message":"Telegram请求失败","method":"getUpdates","service":"nas-bot","timestamp":"2026-05-27 20:09:50"}
{"error":"getaddrinfo EAI_AGAIN api.telegram.org","level":"error","message":"Telegram请求失败","method":"getUpdates","service":"nas-bot","timestamp":"2026-05-27 20:09:56"}
{"error":"getaddrinfo EAI_AGAIN api.telegram.org","level":"error","message":"Telegram请求失败","method":"getUpdates","service":"nas-bot","timestamp":"2026-05-27 20:10:02"}
{"error":"getaddrinfo EAI_AGAIN api.telegram.org","level":"error","message":"Telegram请求失败","method":"getUpdates","service":"nas-bot","timestamp":"2026-05-27 20:10:08"}
{"error":"getaddrinfo EAI_AGAIN api.telegram.org","level":"error","message":"Telegram请求失败","method":"getUpdates","service":"nas-bot","timestamp":"2026-05-27 20:10:14"}
{"args":"","command":"打开shehua","level":"info","message":"收到指令","service":"nas-bot","timestamp":"2026-05-27 23:17:48","userId":"6423823321"}
{"command":"打开shehua","elapsed":891,"level":"info","message":"指令处理完成","service":"nas-bot","timestamp":"2026-05-27 23:17:49"}
{"error":"","level":"error","message":"Telegram请求失败","method":"getUpdates","service":"nas-bot","timestamp":"2026-05-28 00:14:04"}
{"error":"","level":"error","message":"Telegram请求失败","method":"getUpdates","service":"nas-bot","timestamp":"2026-05-28 00:14:06"}
{"args":"","command":"今日天气","level":"info","message":"收到指令","service":"nas-bot","timestamp":"2026-05-28 03:37:54","userId":"6423823321"}
{"command":"今日天气","elapsed":1193,"level":"info","message":"指令处理完成","service":"nas-bot","timestamp":"2026-05-28 03:37:55"}
{"args":"","command":"明日天气","level":"info","message":"收到指令","service":"nas-bot","timestamp":"2026-05-28 03:38:00","userId":"6423823321"}
{"command":"明日天气","elapsed":1203,"level":"info","message":"指令处理完成","service":"nas-bot","timestamp":"2026-05-28 03:38:02"}
{"error":"","level":"error","message":"Telegram请求失败","method":"getUpdates","service":"nas-bot","timestamp":"2026-05-28 03:38:02"}
{"args":"","command":"容器列表","level":"info","message":"收到指令","service":"nas-bot","timestamp":"2026-05-28 03:54:54","userId":"6423823321"}
{"command":"容器列表","elapsed":1162,"level":"info","message":"指令处理完成","service":"nas-bot","timestamp":"2026-05-28 03:54:56"}
{"args":"","command":"天气设置","level":"info","message":"收到指令","service":"nas-bot","timestamp":"2026-05-28 03:54:58","userId":"6423823321"}
{"command":"天气设置","elapsed":899,"level":"info","message":"指令处理完成","service":"nas-bot","timestamp":"2026-05-28 03:54:58"}
{"args":"","command":"今日天气","level":"info","message":"收到指令","service":"nas-bot","timestamp":"2026-05-28 03:55:23","userId":"6423823321"}
{"command":"今日天气","elapsed":1198,"level":"info","message":"指令处理完成","service":"nas-bot","timestamp":"2026-05-28 03:55:24"}
{"error":"","level":"error","message":"Telegram请求失败","method":"getUpdates","service":"nas-bot","timestamp":"2026-05-28 03:55:24"}
{"args":"","command":"天气设置","level":"info","message":"收到指令","service":"nas-bot","timestamp":"2026-05-28 03:55:33","userId":"6423823321"}
{"command":"天气设置","elapsed":899,"level":"info","message":"指令处理完成","service":"nas-bot","timestamp":"2026-05-28 03:55:33"}
{"args":"","command":"明日天气","level":"info","message":"收到指令","service":"nas-bot","timestamp":"2026-05-28 03:55:43","userId":"6423823321"}
{"command":"明日天气","elapsed":1169,"level":"info","message":"指令处理完成","service":"nas-bot","timestamp":"2026-05-28 03:55:45"}
{"args":"","command":"重启控制面板","level":"info","message":"收到指令","service":"nas-bot","timestamp":"2026-05-28 03:55:52","userId":"6423823321"}
{"command":"重启控制面板","elapsed":896,"level":"info","message":"指令处理完成","service":"nas-bot","timestamp":"2026-05-28 03:55:52"}
{"args":"","command":"查看LOG","level":"info","message":"收到指令","service":"nas-bot","timestamp":"2026-05-28 03:56:04","userId":"6423823321"}
{"command":"查看LOG","elapsed":898,"level":"info","message":"指令处理完成","service":"nas-bot","timestamp":"2026-05-28 03:56:05"}
{"args":"","command":"磁盘状态","level":"info","message":"收到指令","service":"nas-bot","timestamp":"2026-05-28 03:56:12","userId":"6423823321"}
{"command":"磁盘状态","elapsed":894,"level":"info","message":"指令处理完成","service":"nas-bot","timestamp":"2026-05-28 03:56:13"}
{"args":"","command":"容器列表","level":"info","message":"收到指令","service":"nas-bot","timestamp":"2026-05-28 03:56:16","userId":"6423823321"}
{"command":"容器列表","elapsed":906,"level":"info","message":"指令处理完成","service":"nas-bot","timestamp":"2026-05-28 03:56:17"}
{"args":"","command":"Bot日志","level":"info","message":"收到指令","service":"nas-bot","timestamp":"2026-05-28 03:56:23","userId":"6423823321"}
{"command":"Bot日志","elapsed":893,"level":"info","message":"指令处理完成","service":"nas-bot","timestamp":"2026-05-28 03:56:24"}
{"args":"","command":"打开shehua","level":"info","message":"收到指令","service":"nas-bot","timestamp":"2026-05-28 03:56:43","userId":"6423823321"}
{"error":"","level":"error","message":"Telegram请求失败","method":"getUpdates","service":"nas-bot","timestamp":"2026-05-28 03:56:45"}
{"command":"打开shehua","elapsed":1405,"level":"info","message":"指令处理完成","service":"nas-bot","timestamp":"2026-05-28 03:56:45"}
{"args":"","command":"查看LOG","level":"info","message":"收到指令","service":"nas-bot","timestamp":"2026-05-28 03:56:47","userId":"6423823321"}
{"command":"查看LOG","elapsed":988,"level":"info","message":"指令处理完成","service":"nas-bot","timestamp":"2026-05-28 03:56:48"}
{"args":"","command":"查看LOG","level":"info","message":"收到指令","service":"nas-bot","timestamp":"2026-05-28 03:57:57","userId":"6423823321"}
{"command":"查看LOG","elapsed":891,"level":"info","message":"指令处理完成","service":"nas-bot","timestamp":"2026-05-28 03:57:58"}
{"args":"","command":"股票监控","level":"info","message":"收到指令","service":"nas-bot","timestamp":"2026-05-28 04:59:54","userId":"6423823321"}
{"command":"股票监控","elapsed":993,"level":"info","message":"指令处理完成","service":"nas-bot","timestamp":"2026-05-28 04:59:55"}
{"args":"","command":"/start","level":"info","message":"收到指令","service":"nas-bot","timestamp":"2026-05-28 05:01:04","userId":"6423823321"}
{"command":"/start","elapsed":445,"level":"info","message":"指令处理完成","service":"nas-bot","timestamp":"2026-05-28 05:01:04"}
{"args":"","command":"重启控制面板","level":"info","message":"收到指令","service":"nas-bot","timestamp":"2026-05-28 05:01:07","userId":"6423823321"}
{"command":"重启控制面板","elapsed":904,"level":"info","message":"指令处理完成","service":"nas-bot","timestamp":"2026-05-28 05:01:08"}
{"args":"","command":"查看LOG","level":"info","message":"收到指令","service":"nas-bot","timestamp":"2026-05-28 05:01:22","userId":"6423823321"}
{"command":"查看LOG","elapsed":915,"level":"info","message":"指令处理完成","service":"nas-bot","timestamp":"2026-05-28 05:01:23"}
{"args":"","command":"查看LOG","level":"info","message":"收到指令","service":"nas-bot","timestamp":"2026-05-28 05:01:31","userId":"6423823321"}
{"command":"查看LOG","elapsed":934,"level":"info","message":"指令处理完成","service":"nas-bot","timestamp":"2026-05-28 05:01:32"}
{"args":"","command":"查看LOG","level":"info","message":"收到指令","service":"nas-bot","timestamp":"2026-05-28 05:02:14","userId":"6423823321"}
{"command":"查看LOG","elapsed":1047,"level":"info","message":"指令处理完成","service":"nas-bot","timestamp":"2026-05-28 05:02:15"}
{"args":"","command":"重启控制面板","level":"info","message":"收到指令","service":"nas-bot","timestamp":"2026-05-28 05:02:18","userId":"6423823321"}
{"command":"重启控制面板","elapsed":903,"level":"info","message":"指令处理完成","service":"nas-bot","timestamp":"2026-05-28 05:02:19"}
{"args":"","command":"查看LOG","level":"info","message":"收到指令","service":"nas-bot","timestamp":"2026-05-28 05:02:26","userId":"6423823321"}
{"command":"查看LOG","elapsed":933,"level":"info","message":"指令处理完成","service":"nas-bot","timestamp":"2026-05-28 05:02:27"}
{"args":"","command":"打开股票监控","level":"info","message":"收到指令","service":"nas-bot","timestamp":"2026-05-28 05:02:32","userId":"6423823321"}
{"command":"打开股票监控","elapsed":916,"level":"info","message":"指令处理完成","service":"nas-bot","timestamp":"2026-05-28 05:02:33"}
{"args":"","command":"查看LOG","level":"info","message":"收到指令","service":"nas-bot","timestamp":"2026-05-28 05:02:36","userId":"6423823321"}
{"command":"查看LOG","elapsed":900,"level":"info","message":"指令处理完成","service":"nas-bot","timestamp":"2026-05-28 05:02:37"}
{"args":"","command":"重启控制面板","level":"info","message":"收到指令","service":"nas-bot","timestamp":"2026-05-28 05:02:39","userId":"6423823321"}
{"command":"重启控制面板","elapsed":899,"level":"info","message":"指令处理完成","service":"nas-bot","timestamp":"2026-05-28 05:02:40"}
{"args":"","command":"查看LOG","level":"info","message":"收到指令","service":"nas-bot","timestamp":"2026-05-28 05:06:26","userId":"6423823321"}
{"command":"查看LOG","elapsed":895,"level":"info","message":"指令处理完成","service":"nas-bot","timestamp":"2026-05-28 05:06:27"}
{"args":"","command":"查看LOG","level":"info","message":"收到指令","service":"nas-bot","timestamp":"2026-05-28 05:06:45","userId":"6423823321"}
{"command":"查看LOG","elapsed":970,"level":"info","message":"指令处理完成","service":"nas-bot","timestamp":"2026-05-28 05:06:46"}
{"args":"","command":"重启控制面板","level":"info","message":"收到指令","service":"nas-bot","timestamp":"2026-05-28 05:06:48","userId":"6423823321"}
{"command":"重启控制面板","elapsed":906,"level":"info","message":"指令处理完成","service":"nas-bot","timestamp":"2026-05-28 05:06:49"}
{"args":"","command":"查看LOG","level":"info","message":"收到指令","service":"nas-bot","timestamp":"2026-05-28 05:07:01","userId":"6423823321"}
{"command":"查看LOG","elapsed":988,"level":"info","message":"指令处理完成","service":"nas-bot","timestamp":"2026-05-28 05:07:02"}
{"args":"","command":"查看LOG","level":"info","message":"收到指令","service":"nas-bot","timestamp":"2026-05-28 05:16:42","userId":"6423823321"}
{"command":"查看LOG","elapsed":916,"level":"info","message":"指令处理完成","service":"nas-bot","timestamp":"2026-05-28 05:16:43"}
{"args":"","command":"查看LOG","level":"info","message":"收到指令","service":"nas-bot","timestamp":"2026-05-28 05:16:45","userId":"6423823321"}
{"command":"查看LOG","elapsed":909,"level":"info","message":"指令处理完成","service":"nas-bot","timestamp":"2026-05-28 05:16:46"}
{"args":"","command":"查看LOG","level":"info","message":"收到指令","service":"nas-bot","timestamp":"2026-05-28 05:16:59","userId":"6423823321"}
{"command":"查看LOG","elapsed":949,"level":"info","message":"指令处理完成","service":"nas-bot","timestamp":"2026-05-28 05:17:00"}
{"args":"","command":"明日天气","level":"info","message":"收到指令","service":"nas-bot","timestamp":"2026-05-28 05:17:04","userId":"6423823321"}
{"command":"明日天气","elapsed":1283,"level":"info","message":"指令处理完成","service":"nas-bot","timestamp":"2026-05-28 05:17:05"}
{"args":"","command":"重启控制面板","level":"info","message":"收到指令","service":"nas-bot","timestamp":"2026-05-28 05:17:08","userId":"6423823321"}
{"command":"重启控制面板","elapsed":901,"level":"info","message":"指令处理完成","service":"nas-bot","timestamp":"2026-05-28 05:17:09"}
{"args":"","command":"查看LOG","level":"info","message":"收到指令","service":"nas-bot","timestamp":"2026-05-28 05:17:13","userId":"6423823321"}
{"command":"查看LOG","elapsed":942,"level":"info","message":"指令处理完成","service":"nas-bot","timestamp":"2026-05-28 05:17:14"}
{"args":"","command":"查看LOG","level":"info","message":"收到指令","service":"nas-bot","timestamp":"2026-05-28 05:17:15","userId":"6423823321"}
{"command":"查看LOG","elapsed":941,"level":"info","message":"指令处理完成","service":"nas-bot","timestamp":"2026-05-28 05:17:16"}
{"args":"","command":"查看LOG","level":"info","message":"收到指令","service":"nas-bot","timestamp":"2026-05-28 05:17:17","userId":"6423823321"}
{"command":"查看LOG","elapsed":951,"level":"info","message":"指令处理完成","service":"nas-bot","timestamp":"2026-05-28 05:17:18"}
{"args":"","command":"明日天气","level":"info","message":"收到指令","service":"nas-bot","timestamp":"2026-05-28 05:17:20","userId":"6423823321"}
{"command":"明日天气","elapsed":886,"level":"info","message":"指令处理完成","service":"nas-bot","timestamp":"2026-05-28 05:17:21"}
{"args":"","command":"查看LOG","level":"info","message":"收到指令","service":"nas-bot","timestamp":"2026-05-28 05:17:23","userId":"6423823321"}
{"command":"查看LOG","elapsed":879,"level":"info","message":"指令处理完成","service":"nas-bot","timestamp":"2026-05-28 05:17:23"}
{"args":"","command":"重启控制面板","level":"info","message":"收到指令","service":"nas-bot","timestamp":"2026-05-28 05:20:56","userId":"6423823321"}
{"command":"重启控制面板","elapsed":895,"level":"info","message":"指令处理完成","service":"nas-bot","timestamp":"2026-05-28 05:20:56"}
{"args":"","command":"查看LOG","level":"info","message":"收到指令","service":"nas-bot","timestamp":"2026-05-28 05:21:22","userId":"6423823321"}
{"command":"查看LOG","elapsed":1073,"level":"info","message":"指令处理完成","service":"nas-bot","timestamp":"2026-05-28 05:21:23"}
{"args":"","command":"明日天气","level":"info","message":"收到指令","service":"nas-bot","timestamp":"2026-05-28 05:21:25","userId":"6423823321"}
{"command":"明日天气","elapsed":1321,"level":"info","message":"指令处理完成","service":"nas-bot","timestamp":"2026-05-28 05:21:27"}
{"args":"","command":"查看LOG","level":"info","message":"收到指令","service":"nas-bot","timestamp":"2026-05-28 05:21:28","userId":"6423823321"}
{"command":"查看LOG","elapsed":945,"level":"info","message":"指令处理完成","service":"nas-bot","timestamp":"2026-05-28 05:21:29"}
{"args":"","command":"重启控制面板","level":"info","message":"收到指令","service":"nas-bot","timestamp":"2026-05-28 05:22:50","userId":"6423823321"}
{"command":"重启控制面板","elapsed":905,"level":"info","message":"指令处理完成","service":"nas-bot","timestamp":"2026-05-28 05:22:51"}
{"args":"","command":"查看LOG","level":"info","message":"收到指令","service":"nas-bot","timestamp":"2026-05-28 05:23:15","userId":"6423823321"}
{"command":"查看LOG","elapsed":975,"level":"info","message":"指令处理完成","service":"nas-bot","timestamp":"2026-05-28 05:23:16"}
{"error":"","level":"error","message":"Telegram请求失败","method":"getUpdates","service":"nas-bot","timestamp":"2026-05-28 06:17:57"}
{"error":"","level":"error","message":"Telegram请求失败","method":"getUpdates","service":"nas-bot","timestamp":"2026-05-28 06:17:58"}
{"error":"","level":"error","message":"Telegram请求失败","method":"getUpdates","service":"nas-bot","timestamp":"2026-05-28 07:18:58"}
{"error":"","level":"error","message":"Telegram请求失败","method":"getUpdates","service":"nas-bot","timestamp":"2026-05-28 10:21:53"}
{"error":"","level":"error","message":"Telegram请求失败","method":"getUpdates","service":"nas-bot","timestamp":"2026-05-28 10:21:54"}
{"error":"","level":"error","message":"Telegram请求失败","method":"getUpdates","service":"nas-bot","timestamp":"2026-05-28 10:21:55"}
{"error":"","level":"error","message":"Telegram请求失败","method":"getUpdates","service":"nas-bot","timestamp":"2026-05-28 10:21:57"}
{"error":"","level":"error","message":"Telegram请求失败","method":"getUpdates","service":"nas-bot","timestamp":"2026-05-28 10:21:58"}
{"error":"","level":"error","message":"Telegram请求失败","method":"getUpdates","service":"nas-bot","timestamp":"2026-05-28 10:21:59"}
{"error":"","level":"error","message":"Telegram请求失败","method":"getUpdates","service":"nas-bot","timestamp":"2026-05-28 10:22:00"}
{"error":"","level":"error","message":"Telegram请求失败","method":"getUpdates","service":"nas-bot","timestamp":"2026-05-28 10:22:02"}
{"error":"","level":"error","message":"Telegram请求失败","method":"getUpdates","service":"nas-bot","timestamp":"2026-05-28 11:23:03"}
{"args":"","command":"股票监控","level":"info","message":"收到指令","service":"nas-bot","timestamp":"2026-05-28 11:40:10","userId":"6423823321"}
{"command":"股票监控","elapsed":897,"level":"info","message":"指令处理完成","service":"nas-bot","timestamp":"2026-05-28 11:40:11"}
{"error":"","level":"error","message":"Telegram请求失败","method":"getUpdates","service":"nas-bot","timestamp":"2026-05-28 12:23:57"}
{"error":"","level":"error","message":"Telegram请求失败","method":"getUpdates","service":"nas-bot","timestamp":"2026-05-28 12:23:59"}
{"error":"","level":"error","message":"Telegram请求失败","method":"getUpdates","service":"nas-bot","timestamp":"2026-05-28 12:24:00"}
{"error":"","level":"error","message":"Telegram请求失败","method":"getUpdates","service":"nas-bot","timestamp":"2026-05-28 12:24:01"}
{"error":"","level":"error","message":"Telegram请求失败","method":"getUpdates","service":"nas-bot","timestamp":"2026-05-28 12:24:02"}
{"error":"","level":"error","message":"Telegram请求失败","method":"getUpdates","service":"nas-bot","timestamp":"2026-05-28 13:25:00"}
{"args":"","command":"重启控制面板","level":"info","message":"收到指令","service":"nas-bot","timestamp":"2026-05-28 13:52:39","userId":"6423823321"}
{"command":"重启控制面板","elapsed":891,"level":"info","message":"指令处理完成","service":"nas-bot","timestamp":"2026-05-28 13:52:40"}
{"args":"","command":"Bot日志","level":"info","message":"收到指令","service":"nas-bot","timestamp":"2026-05-28 13:52:42","userId":"6423823321"}
{"command":"Bot日志","elapsed":941,"level":"info","message":"指令处理完成","service":"nas-bot","timestamp":"2026-05-28 13:52:43"}
{"args":"","command":"重启Bot","level":"info","message":"收到指令","service":"nas-bot","timestamp":"2026-05-28 13:52:44","userId":"6423823321"}
{"level":"info","message":"收到信号 SIGTERM，正在关闭...","service":"nas-bot","timestamp":"2026-05-28 13:52:45"}
{"level":"info","message":"IOC容器构建完成","service":"nas-bot","timestamp":"2026-05-28 13:52:48"}
{"level":"info","message":"定时调度器启动","service":"nas-bot","summaryTime":"15:35","timestamp":"2026-05-28 13:52:48","weatherCheck":"15:00 ~ 21:00 毎時"}
{"level":"info","message":"Bot启动","service":"nas-bot","timestamp":"2026-05-28 13:52:48"}
{"level":"info","message":"NAS Bot 已启动 🚀","service":"nas-bot","timestamp":"2026-05-28 13:52:48"}
{"error":"","level":"error","message":"Telegram请求失败","method":"getUpdates","service":"nas-bot","timestamp":"2026-05-28 13:52:48"}
{"count":21,"level":"info","message":"Dashboard按钮已加载","service":"nas-bot","timestamp":"2026-05-28 13:52:50"}
{"level":"info","message":"Dashboard按钮加载完成，重建键盘","service":"nas-bot","timestamp":"2026-05-28 13:52:50"}
{"args":"","command":"重启Bot","level":"info","message":"收到指令","service":"nas-bot","timestamp":"2026-05-28 13:52:50","userId":"6423823321"}
{"command":"重启Bot","elapsed":900,"level":"info","message":"指令处理完成","service":"nas-bot","timestamp":"2026-05-28 13:52:51"}
{"args":"","command":"同步配置","level":"info","message":"收到指令","service":"nas-bot","timestamp":"2026-05-28 13:52:55","userId":"6423823321"}
{"command":"同步配置","elapsed":1087,"level":"info","message":"指令处理完成","service":"nas-bot","timestamp":"2026-05-28 13:52:56"}
{"args":"","command":"股票监控","level":"info","message":"收到指令","service":"nas-bot","timestamp":"2026-05-28 13:52:59","userId":"6423823321"}
{"command":"股票监控","elapsed":945,"level":"info","message":"指令处理完成","service":"nas-bot","timestamp":"2026-05-28 13:53:00"}
{"args":"","command":"同步配置","level":"info","message":"收到指令","service":"nas-bot","timestamp":"2026-05-28 13:53:03","userId":"6423823321"}
{"command":"同步配置","elapsed":939,"level":"info","message":"指令处理完成","service":"nas-bot","timestamp":"2026-05-28 13:53:04"}
{"args":"","command":"明日天气","level":"info","message":"收到指令","service":"nas-bot","timestamp":"2026-05-28 13:53:27","userId":"6423823321"}
{"command":"明日天气","elapsed":1303,"level":"info","message":"指令处理完成","service":"nas-bot","timestamp":"2026-05-28 13:53:28"}
{"args":"","command":"天气设置","level":"info","message":"收到指令","service":"nas-bot","timestamp":"2026-05-28 13:53:36","userId":"6423823321"}
{"command":"天气设置","elapsed":1015,"level":"info","message":"指令处理完成","service":"nas-bot","timestamp":"2026-05-28 13:53:37"}
{"error":"","level":"error","message":"Telegram请求失败","method":"getUpdates","service":"nas-bot","timestamp":"2026-05-28 13:53:37"}
{"args":"","command":"一周天气","level":"info","message":"收到指令","service":"nas-bot","timestamp":"2026-05-28 13:53:43","userId":"6423823321"}
{"command":"一周天气","elapsed":1192,"level":"info","message":"指令处理完成","service":"nas-bot","timestamp":"2026-05-28 13:53:44"}
{"error":"","level":"error","message":"Telegram请求失败","method":"getUpdates","service":"nas-bot","timestamp":"2026-05-28 13:53:45"}
{"hour":15,"level":"info","message":"触发天气检测","service":"nas-bot","timestamp":"2026-05-28 15:00:49"}
{"desc":"多云","level":"info","message":"天气基准快照已记录","service":"nas-bot","temp":24,"timestamp":"2026-05-28 15:00:49"}
{"level":"info","message":"触发收盘简报","service":"nas-bot","timestamp":"2026-05-28 15:35:49"}
{"count":4,"level":"info","message":"收盘简报生成成功","service":"nas-bot","timestamp":"2026-05-28 15:35:49"}
{"level":"warn","message":"Telegram请求失败，重试中","method":"sendMessage","remaining":2,"service":"nas-bot","timestamp":"2026-05-28 15:35:49"}
{"elapsed":41855,"level":"info","message":"Ollama响应完成","model":"qwen2.5:1.5b","service":"nas-bot","timestamp":"2026-05-28 15:36:33"}
{"hour":16,"level":"info","message":"触发天气检测","service":"nas-bot","timestamp":"2026-05-28 16:00:49"}
{"hour":17,"level":"info","message":"触发天气检测","service":"nas-bot","timestamp":"2026-05-28 17:00:50"}
{"error":"","level":"error","message":"Telegram请求失败","method":"getUpdates","service":"nas-bot","timestamp":"2026-05-28 17:37:46"}
{"hour":18,"level":"info","message":"触发天气检测","service":"nas-bot","timestamp":"2026-05-28 18:00:50"}
{"hour":19,"level":"info","message":"触发天气检测","service":"nas-bot","timestamp":"2026-05-28 19:00:50"}
{"error":"read ETIMEDOUT","level":"error","message":"Telegram请求失败","method":"getUpdates","service":"nas-bot","timestamp":"2026-05-28 20:00:14"}
{"error":"getaddrinfo EAI_AGAIN api.telegram.org","level":"error","message":"Telegram请求失败","method":"getUpdates","service":"nas-bot","timestamp":"2026-05-28 20:00:20"}
{"error":"getaddrinfo EAI_AGAIN api.telegram.org","level":"error","message":"Telegram请求失败","method":"getUpdates","service":"nas-bot","timestamp":"2026-05-28 20:00:26"}
{"level":"warn","message":"Telegram请求超时","method":"getUpdates","service":"nas-bot","timestamp":"2026-05-28 20:00:32"}
{"error":"socket hang up","level":"error","message":"Telegram请求失败","method":"getUpdates","service":"nas-bot","timestamp":"2026-05-28 20:00:32"}
{"level":"warn","message":"Telegram请求超时","method":"getUpdates","service":"nas-bot","timestamp":"2026-05-28 20:00:38"}
{"error":"socket hang up","level":"error","message":"Telegram请求失败","method":"getUpdates","service":"nas-bot","timestamp":"2026-05-28 20:00:38"}
{"error":"getaddrinfo EAI_AGAIN api.telegram.org","level":"error","message":"Telegram请求失败","method":"getUpdates","service":"nas-bot","timestamp":"2026-05-28 20:00:44"}
{"level":"warn","message":"Telegram请求超时","method":"getUpdates","service":"nas-bot","timestamp":"2026-05-28 20:00:50"}
{"error":"socket hang up","level":"error","message":"Telegram请求失败","method":"getUpdates","service":"nas-bot","timestamp":"2026-05-28 20:00:50"}
{"hour":20,"level":"info","message":"触发天气检测","service":"nas-bot","timestamp":"2026-05-28 20:00:51"}
{"level":"warn","message":"Telegram请求超时","method":"getUpdates","service":"nas-bot","timestamp":"2026-05-28 20:00:56"}
{"error":"socket hang up","level":"error","message":"Telegram请求失败","method":"getUpdates","service":"nas-bot","timestamp":"2026-05-28 20:00:56"}
{"level":"warn","message":"Telegram请求超时","method":"getUpdates","service":"nas-bot","timestamp":"2026-05-28 20:01:02"}
{"error":"socket hang up","level":"error","message":"Telegram请求失败","method":"getUpdates","service":"nas-bot","timestamp":"2026-05-28 20:01:02"}
{"level":"warn","message":"Telegram请求超时","method":"getUpdates","service":"nas-bot","timestamp":"2026-05-28 20:01:08"}
{"error":"socket hang up","level":"error","message":"Telegram请求失败","method":"getUpdates","service":"nas-bot","timestamp":"2026-05-28 20:01:08"}
{"level":"warn","message":"Telegram请求超时","method":"getUpdates","service":"nas-bot","timestamp":"2026-05-28 20:01:14"}
{"error":"socket hang up","level":"error","message":"Telegram请求失败","method":"getUpdates","service":"nas-bot","timestamp":"2026-05-28 20:01:14"}
{"error":"getaddrinfo EAI_AGAIN api.telegram.org","level":"error","message":"Telegram请求失败","method":"getUpdates","service":"nas-bot","timestamp":"2026-05-28 20:01:20"}
{"error":"getaddrinfo EAI_AGAIN api.telegram.org","level":"error","message":"Telegram请求失败","method":"getUpdates","service":"nas-bot","timestamp":"2026-05-28 20:01:26"}
{"level":"warn","message":"Telegram请求超时","method":"getUpdates","service":"nas-bot","timestamp":"2026-05-28 20:01:32"}
{"error":"socket hang up","level":"error","message":"Telegram请求失败","method":"getUpdates","service":"nas-bot","timestamp":"2026-05-28 20:01:32"}
{"level":"warn","message":"Telegram请求超时","method":"getUpdates","service":"nas-bot","timestamp":"2026-05-28 20:01:38"}
{"error":"socket hang up","level":"error","message":"Telegram请求失败","method":"getUpdates","service":"nas-bot","timestamp":"2026-05-28 20:01:38"}
{"level":"warn","message":"Telegram请求超时","method":"getUpdates","service":"nas-bot","timestamp":"2026-05-28 20:01:44"}
{"error":"socket hang up","level":"error","message":"Telegram请求失败","method":"getUpdates","service":"nas-bot","timestamp":"2026-05-28 20:01:44"}
{"error":"getaddrinfo EAI_AGAIN api.telegram.org","level":"error","message":"Telegram请求失败","method":"getUpdates","service":"nas-bot","timestamp":"2026-05-28 20:01:50"}
{"level":"warn","message":"Telegram请求超时","method":"getUpdates","service":"nas-bot","timestamp":"2026-05-28 20:01:56"}
{"error":"socket hang up","level":"error","message":"Telegram请求失败","method":"getUpdates","service":"nas-bot","timestamp":"2026-05-28 20:01:56"}
{"error":"getaddrinfo EAI_AGAIN api.telegram.org","level":"error","message":"Telegram请求失败","method":"getUpdates","service":"nas-bot","timestamp":"2026-05-28 20:02:02"}
{"level":"warn","message":"Telegram请求超时","method":"getUpdates","service":"nas-bot","timestamp":"2026-05-28 20:02:08"}
{"error":"socket hang up","level":"error","message":"Telegram请求失败","method":"getUpdates","service":"nas-bot","timestamp":"2026-05-28 20:02:08"}
{"level":"warn","message":"Telegram请求超时","method":"getUpdates","service":"nas-bot","timestamp":"2026-05-28 20:02:14"}
{"error":"socket hang up","level":"error","message":"Telegram请求失败","method":"getUpdates","service":"nas-bot","timestamp":"2026-05-28 20:02:14"}
{"level":"warn","message":"Telegram请求超时","method":"getUpdates","service":"nas-bot","timestamp":"2026-05-28 20:02:20"}
{"error":"socket hang up","level":"error","message":"Telegram请求失败","method":"getUpdates","service":"nas-bot","timestamp":"2026-05-28 20:02:20"}
{"error":"getaddrinfo EAI_AGAIN api.telegram.org","level":"error","message":"Telegram请求失败","method":"getUpdates","service":"nas-bot","timestamp":"2026-05-28 20:02:26"}
{"level":"warn","message":"Telegram请求超时","method":"getUpdates","service":"nas-bot","timestamp":"2026-05-28 20:02:32"}
{"error":"socket hang up","level":"error","message":"Telegram请求失败","method":"getUpdates","service":"nas-bot","timestamp":"2026-05-28 20:02:32"}
{"level":"warn","message":"Telegram请求超时","method":"getUpdates","service":"nas-bot","timestamp":"2026-05-28 20:02:38"}
{"error":"socket hang up","level":"error","message":"Telegram请求失败","method":"getUpdates","service":"nas-bot","timestamp":"2026-05-28 20:02:38"}
{"level":"warn","message":"Telegram请求超时","method":"getUpdates","service":"nas-bot","timestamp":"2026-05-28 20:02:44"}
{"error":"socket hang up","level":"error","message":"Telegram请求失败","method":"getUpdates","service":"nas-bot","timestamp":"2026-05-28 20:02:44"}
{"level":"warn","message":"Telegram请求超时","method":"getUpdates","service":"nas-bot","timestamp":"2026-05-28 20:02:50"}
{"error":"socket hang up","level":"error","message":"Telegram请求失败","method":"getUpdates","service":"nas-bot","timestamp":"2026-05-28 20:02:50"}
{"level":"warn","message":"Telegram请求超时","method":"getUpdates","service":"nas-bot","timestamp":"2026-05-28 20:02:56"}
{"error":"socket hang up","level":"error","message":"Telegram请求失败","method":"getUpdates","service":"nas-bot","timestamp":"2026-05-28 20:02:56"}
{"level":"warn","message":"Telegram请求超时","method":"getUpdates","service":"nas-bot","timestamp":"2026-05-28 20:03:02"}
{"error":"socket hang up","level":"error","message":"Telegram请求失败","method":"getUpdates","service":"nas-bot","timestamp":"2026-05-28 20:03:02"}
{"level":"warn","message":"Telegram请求超时","method":"getUpdates","service":"nas-bot","timestamp":"2026-05-28 20:03:08"}
{"error":"socket hang up","level":"error","message":"Telegram请求失败","method":"getUpdates","service":"nas-bot","timestamp":"2026-05-28 20:03:08"}
{"error":"getaddrinfo EAI_AGAIN api.telegram.org","level":"error","message":"Telegram请求失败","method":"getUpdates","service":"nas-bot","timestamp":"2026-05-28 20:03:14"}
{"error":"getaddrinfo EAI_AGAIN api.telegram.org","level":"error","message":"Telegram请求失败","method":"getUpdates","service":"nas-bot","timestamp":"2026-05-28 20:03:20"}
{"error":"getaddrinfo EAI_AGAIN api.telegram.org","level":"error","message":"Telegram请求失败","method":"getUpdates","service":"nas-bot","timestamp":"2026-05-28 20:03:26"}
{"level":"warn","message":"Telegram请求超时","method":"getUpdates","service":"nas-bot","timestamp":"2026-05-28 20:03:32"}
{"error":"socket hang up","level":"error","message":"Telegram请求失败","method":"getUpdates","service":"nas-bot","timestamp":"2026-05-28 20:03:32"}
{"level":"warn","message":"Telegram请求超时","method":"getUpdates","service":"nas-bot","timestamp":"2026-05-28 20:03:38"}
{"error":"socket hang up","level":"error","message":"Telegram请求失败","method":"getUpdates","service":"nas-bot","timestamp":"2026-05-28 20:03:38"}
{"level":"warn","message":"Telegram请求超时","method":"getUpdates","service":"nas-bot","timestamp":"2026-05-28 20:03:44"}
{"error":"socket hang up","level":"error","message":"Telegram请求失败","method":"getUpdates","service":"nas-bot","timestamp":"2026-05-28 20:03:44"}
{"level":"warn","message":"Telegram请求超时","method":"getUpdates","service":"nas-bot","timestamp":"2026-05-28 20:03:50"}
{"error":"socket hang up","level":"error","message":"Telegram请求失败","method":"getUpdates","service":"nas-bot","timestamp":"2026-05-28 20:03:50"}
{"level":"warn","message":"Telegram请求超时","method":"getUpdates","service":"nas-bot","timestamp":"2026-05-28 20:03:56"}
{"error":"socket hang up","level":"error","message":"Telegram请求失败","method":"getUpdates","service":"nas-bot","timestamp":"2026-05-28 20:03:56"}
{"level":"warn","message":"Telegram请求超时","method":"getUpdates","service":"nas-bot","timestamp":"2026-05-28 20:04:02"}
{"error":"socket hang up","level":"error","message":"Telegram请求失败","method":"getUpdates","service":"nas-bot","timestamp":"2026-05-28 20:04:02"}
{"level":"warn","message":"Telegram请求超时","method":"getUpdates","service":"nas-bot","timestamp":"2026-05-28 20:04:08"}
{"error":"socket hang up","level":"error","message":"Telegram请求失败","method":"getUpdates","service":"nas-bot","timestamp":"2026-05-28 20:04:08"}
{"error":"getaddrinfo EAI_AGAIN api.telegram.org","level":"error","message":"Telegram请求失败","method":"getUpdates","service":"nas-bot","timestamp":"2026-05-28 20:04:14"}
{"error":"getaddrinfo EAI_AGAIN api.telegram.org","level":"error","message":"Telegram请求失败","method":"getUpdates","service":"nas-bot","timestamp":"2026-05-28 20:04:20"}
{"level":"warn","message":"Telegram请求超时","method":"getUpdates","service":"nas-bot","timestamp":"2026-05-28 20:04:26"}
{"error":"socket hang up","level":"error","message":"Telegram请求失败","method":"getUpdates","service":"nas-bot","timestamp":"2026-05-28 20:04:26"}
{"level":"warn","message":"Telegram请求超时","method":"getUpdates","service":"nas-bot","timestamp":"2026-05-28 20:04:32"}
{"error":"socket hang up","level":"error","message":"Telegram请求失败","method":"getUpdates","service":"nas-bot","timestamp":"2026-05-28 20:04:32"}
{"level":"warn","message":"Telegram请求超时","method":"getUpdates","service":"nas-bot","timestamp":"2026-05-28 20:04:38"}
{"error":"socket hang up","level":"error","message":"Telegram请求失败","method":"getUpdates","service":"nas-bot","timestamp":"2026-05-28 20:04:38"}
{"level":"warn","message":"Telegram请求超时","method":"getUpdates","service":"nas-bot","timestamp":"2026-05-28 20:04:44"}
{"error":"socket hang up","level":"error","message":"Telegram请求失败","method":"getUpdates","service":"nas-bot","timestamp":"2026-05-28 20:04:44"}
{"error":"getaddrinfo EAI_AGAIN api.telegram.org","level":"error","message":"Telegram请求失败","method":"getUpdates","service":"nas-bot","timestamp":"2026-05-28 20:04:50"}
{"error":"getaddrinfo EAI_AGAIN api.telegram.org","level":"error","message":"Telegram请求失败","method":"getUpdates","service":"nas-bot","timestamp":"2026-05-28 20:04:56"}
{"error":"getaddrinfo EAI_AGAIN api.telegram.org","level":"error","message":"Telegram请求失败","method":"getUpdates","service":"nas-bot","timestamp":"2026-05-28 20:05:02"}
{"error":"getaddrinfo EAI_AGAIN api.telegram.org","level":"error","message":"Telegram请求失败","method":"getUpdates","service":"nas-bot","timestamp":"2026-05-28 20:05:08"}
{"error":"getaddrinfo EAI_AGAIN api.telegram.org","level":"error","message":"Telegram请求失败","method":"getUpdates","service":"nas-bot","timestamp":"2026-05-28 20:05:14"}
{"error":"getaddrinfo EAI_AGAIN api.telegram.org","level":"error","message":"Telegram请求失败","method":"getUpdates","service":"nas-bot","timestamp":"2026-05-28 20:05:20"}
{"level":"warn","message":"Telegram请求超时","method":"getUpdates","service":"nas-bot","timestamp":"2026-05-28 20:05:26"}
{"error":"socket hang up","level":"error","message":"Telegram请求失败","method":"getUpdates","service":"nas-bot","timestamp":"2026-05-28 20:05:26"}
{"level":"warn","message":"Telegram请求超时","method":"getUpdates","service":"nas-bot","timestamp":"2026-05-28 20:05:32"}
{"error":"socket hang up","level":"error","message":"Telegram请求失败","method":"getUpdates","service":"nas-bot","timestamp":"2026-05-28 20:05:32"}
{"level":"warn","message":"Telegram请求超时","method":"getUpdates","service":"nas-bot","timestamp":"2026-05-28 20:05:38"}
{"error":"socket hang up","level":"error","message":"Telegram请求失败","method":"getUpdates","service":"nas-bot","timestamp":"2026-05-28 20:05:38"}
{"level":"warn","message":"Telegram请求超时","method":"getUpdates","service":"nas-bot","timestamp":"2026-05-28 20:05:44"}
{"error":"socket hang up","level":"error","message":"Telegram请求失败","method":"getUpdates","service":"nas-bot","timestamp":"2026-05-28 20:05:44"}
{"error":"getaddrinfo EAI_AGAIN api.telegram.org","level":"error","message":"Telegram请求失败","method":"getUpdates","service":"nas-bot","timestamp":"2026-05-28 20:05:50"}
{"level":"warn","message":"Telegram请求超时","method":"getUpdates","service":"nas-bot","timestamp":"2026-05-28 20:05:56"}
{"error":"socket hang up","level":"error","message":"Telegram请求失败","method":"getUpdates","service":"nas-bot","timestamp":"2026-05-28 20:05:56"}
{"error":"getaddrinfo EAI_AGAIN api.telegram.org","level":"error","message":"Telegram请求失败","method":"getUpdates","service":"nas-bot","timestamp":"2026-05-28 20:06:02"}
{"level":"warn","message":"Telegram请求超时","method":"getUpdates","service":"nas-bot","timestamp":"2026-05-28 20:06:08"}
{"error":"socket hang up","level":"error","message":"Telegram请求失败","method":"getUpdates","service":"nas-bot","timestamp":"2026-05-28 20:06:08"}
{"error":"getaddrinfo EAI_AGAIN api.telegram.org","level":"error","message":"Telegram请求失败","method":"getUpdates","service":"nas-bot","timestamp":"2026-05-28 20:06:14"}
{"level":"warn","message":"Telegram请求超时","method":"getUpdates","service":"nas-bot","timestamp":"2026-05-28 20:06:20"}
{"error":"socket hang up","level":"error","message":"Telegram请求失败","method":"getUpdates","service":"nas-bot","timestamp":"2026-05-28 20:06:20"}
{"level":"warn","message":"Telegram请求超时","method":"getUpdates","service":"nas-bot","timestamp":"2026-05-28 20:06:26"}
{"error":"socket hang up","level":"error","message":"Telegram请求失败","method":"getUpdates","service":"nas-bot","timestamp":"2026-05-28 20:06:26"}
{"level":"warn","message":"Telegram请求超时","method":"getUpdates","service":"nas-bot","timestamp":"2026-05-28 20:06:32"}
{"error":"socket hang up","level":"error","message":"Telegram请求失败","method":"getUpdates","service":"nas-bot","timestamp":"2026-05-28 20:06:32"}
{"error":"getaddrinfo EAI_AGAIN api.telegram.org","level":"error","message":"Telegram请求失败","method":"getUpdates","service":"nas-bot","timestamp":"2026-05-28 20:06:38"}
{"level":"warn","message":"Telegram请求超时","method":"getUpdates","service":"nas-bot","timestamp":"2026-05-28 20:06:44"}
{"error":"socket hang up","level":"error","message":"Telegram请求失败","method":"getUpdates","service":"nas-bot","timestamp":"2026-05-28 20:06:44"}
{"level":"warn","message":"Telegram请求超时","method":"getUpdates","service":"nas-bot","timestamp":"2026-05-28 20:06:50"}
{"error":"socket hang up","level":"error","message":"Telegram请求失败","method":"getUpdates","service":"nas-bot","timestamp":"2026-05-28 20:06:50"}
{"level":"warn","message":"Telegram请求超时","method":"getUpdates","service":"nas-bot","timestamp":"2026-05-28 20:06:56"}
{"error":"socket hang up","level":"error","message":"Telegram请求失败","method":"getUpdates","service":"nas-bot","timestamp":"2026-05-28 20:06:56"}
{"error":"getaddrinfo EAI_AGAIN api.telegram.org","level":"error","message":"Telegram请求失败","method":"getUpdates","service":"nas-bot","timestamp":"2026-05-28 20:07:02"}
{"level":"warn","message":"Telegram请求超时","method":"getUpdates","service":"nas-bot","timestamp":"2026-05-28 20:07:08"}
{"error":"socket hang up","level":"error","message":"Telegram请求失败","method":"getUpdates","service":"nas-bot","timestamp":"2026-05-28 20:07:08"}
{"error":"getaddrinfo EAI_AGAIN api.telegram.org","level":"error","message":"Telegram请求失败","method":"getUpdates","service":"nas-bot","timestamp":"2026-05-28 20:07:14"}
{"error":"getaddrinfo EAI_AGAIN api.telegram.org","level":"error","message":"Telegram请求失败","method":"getUpdates","service":"nas-bot","timestamp":"2026-05-28 20:07:20"}
{"level":"warn","message":"Telegram请求超时","method":"getUpdates","service":"nas-bot","timestamp":"2026-05-28 20:07:26"}
{"error":"socket hang up","level":"error","message":"Telegram请求失败","method":"getUpdates","service":"nas-bot","timestamp":"2026-05-28 20:07:26"}
{"level":"warn","message":"Telegram请求超时","method":"getUpdates","service":"nas-bot","timestamp":"2026-05-28 20:07:32"}
{"error":"socket hang up","level":"error","message":"Telegram请求失败","method":"getUpdates","service":"nas-bot","timestamp":"2026-05-28 20:07:32"}
{"level":"warn","message":"Telegram请求超时","method":"getUpdates","service":"nas-bot","timestamp":"2026-05-28 20:07:38"}
{"error":"socket hang up","level":"error","message":"Telegram请求失败","method":"getUpdates","service":"nas-bot","timestamp":"2026-05-28 20:07:38"}
{"level":"warn","message":"Telegram请求超时","method":"getUpdates","service":"nas-bot","timestamp":"2026-05-28 20:07:44"}
{"error":"socket hang up","level":"error","message":"Telegram请求失败","method":"getUpdates","service":"nas-bot","timestamp":"2026-05-28 20:07:44"}
{"error":"getaddrinfo EAI_AGAIN api.telegram.org","level":"error","message":"Telegram请求失败","method":"getUpdates","service":"nas-bot","timestamp":"2026-05-28 20:07:50"}
{"error":"getaddrinfo EAI_AGAIN api.telegram.org","level":"error","message":"Telegram请求失败","method":"getUpdates","service":"nas-bot","timestamp":"2026-05-28 20:07:56"}
{"level":"warn","message":"Telegram请求超时","method":"getUpdates","service":"nas-bot","timestamp":"2026-05-28 20:08:02"}
{"error":"socket hang up","level":"error","message":"Telegram请求失败","method":"getUpdates","service":"nas-bot","timestamp":"2026-05-28 20:08:02"}
{"error":"getaddrinfo EAI_AGAIN api.telegram.org","level":"error","message":"Telegram请求失败","method":"getUpdates","service":"nas-bot","timestamp":"2026-05-28 20:08:08"}
{"level":"warn","message":"Telegram请求超时","method":"getUpdates","service":"nas-bot","timestamp":"2026-05-28 20:08:14"}
{"error":"socket hang up","level":"error","message":"Telegram请求失败","method":"getUpdates","service":"nas-bot","timestamp":"2026-05-28 20:08:14"}
{"level":"warn","message":"Telegram请求超时","method":"getUpdates","service":"nas-bot","timestamp":"2026-05-28 20:08:20"}
{"error":"socket hang up","level":"error","message":"Telegram请求失败","method":"getUpdates","service":"nas-bot","timestamp":"2026-05-28 20:08:20"}
{"error":"getaddrinfo EAI_AGAIN api.telegram.org","level":"error","message":"Telegram请求失败","method":"getUpdates","service":"nas-bot","timestamp":"2026-05-28 20:08:26"}
{"level":"warn","message":"Telegram请求超时","method":"getUpdates","service":"nas-bot","timestamp":"2026-05-28 20:08:32"}
{"error":"socket hang up","level":"error","message":"Telegram请求失败","method":"getUpdates","service":"nas-bot","timestamp":"2026-05-28 20:08:32"}
{"level":"warn","message":"Telegram请求超时","method":"getUpdates","service":"nas-bot","timestamp":"2026-05-28 20:08:38"}
{"error":"socket hang up","level":"error","message":"Telegram请求失败","method":"getUpdates","service":"nas-bot","timestamp":"2026-05-28 20:08:38"}
{"level":"warn","message":"Telegram请求超时","method":"getUpdates","service":"nas-bot","timestamp":"2026-05-28 20:08:44"}
{"error":"socket hang up","level":"error","message":"Telegram请求失败","method":"getUpdates","service":"nas-bot","timestamp":"2026-05-28 20:08:44"}
{"level":"warn","message":"Telegram请求超时","method":"getUpdates","service":"nas-bot","timestamp":"2026-05-28 20:08:50"}
{"error":"socket hang up","level":"error","message":"Telegram请求失败","method":"getUpdates","service":"nas-bot","timestamp":"2026-05-28 20:08:50"}
{"level":"warn","message":"Telegram请求超时","method":"getUpdates","service":"nas-bot","timestamp":"2026-05-28 20:08:56"}
{"error":"socket hang up","level":"error","message":"Telegram请求失败","method":"getUpdates","service":"nas-bot","timestamp":"2026-05-28 20:08:56"}
{"level":"warn","message":"Telegram请求超时","method":"getUpdates","service":"nas-bot","timestamp":"2026-05-28 20:09:02"}
{"error":"socket hang up","level":"error","message":"Telegram请求失败","method":"getUpdates","service":"nas-bot","timestamp":"2026-05-28 20:09:02"}
{"error":"getaddrinfo EAI_AGAIN api.telegram.org","level":"error","message":"Telegram请求失败","method":"getUpdates","service":"nas-bot","timestamp":"2026-05-28 20:09:08"}
{"level":"warn","message":"Telegram请求超时","method":"getUpdates","service":"nas-bot","timestamp":"2026-05-28 20:09:14"}
{"error":"socket hang up","level":"error","message":"Telegram请求失败","method":"getUpdates","service":"nas-bot","timestamp":"2026-05-28 20:09:14"}
{"level":"warn","message":"Telegram请求超时","method":"getUpdates","service":"nas-bot","timestamp":"2026-05-28 20:09:20"}
{"error":"socket hang up","level":"error","message":"Telegram请求失败","method":"getUpdates","service":"nas-bot","timestamp":"2026-05-28 20:09:20"}
{"error":"getaddrinfo EAI_AGAIN api.telegram.org","level":"error","message":"Telegram请求失败","method":"getUpdates","service":"nas-bot","timestamp":"2026-05-28 20:09:26"}
{"level":"warn","message":"Telegram请求超时","method":"getUpdates","service":"nas-bot","timestamp":"2026-05-28 20:09:32"}
{"error":"socket hang up","level":"error","message":"Telegram请求失败","method":"getUpdates","service":"nas-bot","timestamp":"2026-05-28 20:09:32"}
{"level":"warn","message":"Telegram请求超时","method":"getUpdates","service":"nas-bot","timestamp":"2026-05-28 20:09:38"}
{"error":"socket hang up","level":"error","message":"Telegram请求失败","method":"getUpdates","service":"nas-bot","timestamp":"2026-05-28 20:09:38"}
{"level":"warn","message":"Telegram请求超时","method":"getUpdates","service":"nas-bot","timestamp":"2026-05-28 20:09:44"}
{"error":"socket hang up","level":"error","message":"Telegram请求失败","method":"getUpdates","service":"nas-bot","timestamp":"2026-05-28 20:09:44"}
{"level":"warn","message":"Telegram请求超时","method":"getUpdates","service":"nas-bot","timestamp":"2026-05-28 20:09:50"}
{"error":"socket hang up","level":"error","message":"Telegram请求失败","method":"getUpdates","service":"nas-bot","timestamp":"2026-05-28 20:09:50"}
{"error":"getaddrinfo EAI_AGAIN api.telegram.org","level":"error","message":"Telegram请求失败","method":"getUpdates","service":"nas-bot","timestamp":"2026-05-28 20:09:56"}
{"level":"warn","message":"Telegram请求超时","method":"getUpdates","service":"nas-bot","timestamp":"2026-05-28 20:10:02"}
{"error":"socket hang up","level":"error","message":"Telegram请求失败","method":"getUpdates","service":"nas-bot","timestamp":"2026-05-28 20:10:02"}
{"error":"getaddrinfo EAI_AGAIN api.telegram.org","level":"error","message":"Telegram请求失败","method":"getUpdates","service":"nas-bot","timestamp":"2026-05-28 20:10:08"}
{"level":"warn","message":"Telegram请求超时","method":"getUpdates","service":"nas-bot","timestamp":"2026-05-28 20:10:14"}
{"error":"socket hang up","level":"error","message":"Telegram请求失败","method":"getUpdates","service":"nas-bot","timestamp":"2026-05-28 20:10:14"}
{"level":"warn","message":"Telegram请求超时","method":"getUpdates","service":"nas-bot","timestamp":"2026-05-28 20:10:20"}
{"error":"socket hang up","level":"error","message":"Telegram请求失败","method":"getUpdates","service":"nas-bot","timestamp":"2026-05-28 20:10:20"}
{"error":"getaddrinfo EAI_AGAIN api.telegram.org","level":"error","message":"Telegram请求失败","method":"getUpdates","service":"nas-bot","timestamp":"2026-05-28 20:10:26"}
{"error":"getaddrinfo EAI_AGAIN api.telegram.org","level":"error","message":"Telegram请求失败","method":"getUpdates","service":"nas-bot","timestamp":"2026-05-28 20:10:32"}
{"level":"warn","message":"Telegram请求超时","method":"getUpdates","service":"nas-bot","timestamp":"2026-05-28 20:10:38"}
{"error":"socket hang up","level":"error","message":"Telegram请求失败","method":"getUpdates","service":"nas-bot","timestamp":"2026-05-28 20:10:38"}
{"level":"warn","message":"Telegram请求超时","method":"getUpdates","service":"nas-bot","timestamp":"2026-05-28 20:10:44"}
{"error":"socket hang up","level":"error","message":"Telegram请求失败","method":"getUpdates","service":"nas-bot","timestamp":"2026-05-28 20:10:44"}
{"error":"getaddrinfo EAI_AGAIN api.telegram.org","level":"error","message":"Telegram请求失败","method":"getUpdates","service":"nas-bot","timestamp":"2026-05-28 20:10:50"}
{"error":"getaddrinfo EAI_AGAIN api.telegram.org","level":"error","message":"Telegram请求失败","method":"getUpdates","service":"nas-bot","timestamp":"2026-05-28 20:10:56"}
{"level":"warn","message":"Telegram请求超时","method":"getUpdates","service":"nas-bot","timestamp":"2026-05-28 20:11:02"}
{"error":"socket hang up","level":"error","message":"Telegram请求失败","method":"getUpdates","service":"nas-bot","timestamp":"2026-05-28 20:11:02"}
{"level":"warn","message":"Telegram请求超时","method":"getUpdates","service":"nas-bot","timestamp":"2026-05-28 20:11:08"}
{"error":"socket hang up","level":"error","message":"Telegram请求失败","method":"getUpdates","service":"nas-bot","timestamp":"2026-05-28 20:11:08"}
{"args":"","command":"收盘简报","level":"info","message":"收到指令","service":"nas-bot","timestamp":"2026-05-28 23:21:02","userId":"6423823321"}
{"level":"warn","message":"Telegram请求失败，重试中","method":"sendMessage","remaining":2,"service":"nas-bot","timestamp":"2026-05-28 23:21:03"}
{"command":"收盘简报","elapsed":3599,"level":"info","message":"指令处理完成","service":"nas-bot","timestamp":"2026-05-28 23:21:05"}
{"args":"","command":"股票监控","level":"info","message":"收到指令","service":"nas-bot","timestamp":"2026-05-29 00:46:00","userId":"6423823321"}
{"command":"股票监控","elapsed":886,"level":"info","message":"指令处理完成","service":"nas-bot","timestamp":"2026-05-29 00:46:01"}
{"error":"","level":"error","message":"Telegram请求失败","method":"getUpdates","service":"nas-bot","timestamp":"2026-05-29 02:16:42"}
{"error":"","level":"error","message":"Telegram请求失败","method":"getUpdates","service":"nas-bot","timestamp":"2026-05-29 02:16:43"}
{"error":"","level":"error","message":"Telegram请求失败","method":"getUpdates","service":"nas-bot","timestamp":"2026-05-29 02:16:44"}
{"args":"","command":"同步配置","level":"info","message":"收到指令","service":"nas-bot","timestamp":"2026-05-29 02:57:22","userId":"6423823321"}
{"command":"同步配置","elapsed":885,"level":"info","message":"指令处理完成","service":"nas-bot","timestamp":"2026-05-29 02:57:23"}
{"args":"","command":"同步配置","level":"info","message":"收到指令","service":"nas-bot","timestamp":"2026-05-29 02:57:44","userId":"6423823321"}
{"command":"同步配置","elapsed":933,"level":"info","message":"指令处理完成","service":"nas-bot","timestamp":"2026-05-29 02:57:45"}
{"error":"","level":"error","message":"Telegram请求失败","method":"getUpdates","service":"nas-bot","timestamp":"2026-05-29 06:20:25"}
{"error":"","level":"error","message":"Telegram请求失败","method":"getUpdates","service":"nas-bot","timestamp":"2026-05-29 06:20:26"}
{"error":"","level":"error","message":"Telegram请求失败","method":"getUpdates","service":"nas-bot","timestamp":"2026-05-29 06:20:28"}
{"error":"read ETIMEDOUT","level":"error","message":"Telegram请求失败","method":"getUpdates","service":"nas-bot","timestamp":"2026-05-29 07:29:09"}
{"level":"warn","message":"Telegram请求超时","method":"getUpdates","service":"nas-bot","timestamp":"2026-05-29 07:29:15"}
{"error":"socket hang up","level":"error","message":"Telegram请求失败","method":"getUpdates","service":"nas-bot","timestamp":"2026-05-29 07:29:15"}
{"level":"warn","message":"Telegram请求超时","method":"getUpdates","service":"nas-bot","timestamp":"2026-05-29 07:29:21"}
{"error":"socket hang up","level":"error","message":"Telegram请求失败","method":"getUpdates","service":"nas-bot","timestamp":"2026-05-29 07:29:21"}
{"error":"getaddrinfo EAI_AGAIN api.telegram.org","level":"error","message":"Telegram请求失败","method":"getUpdates","service":"nas-bot","timestamp":"2026-05-29 07:29:27"}
{"level":"warn","message":"Telegram请求超时","method":"getUpdates","service":"nas-bot","timestamp":"2026-05-29 07:29:33"}
{"error":"socket hang up","level":"error","message":"Telegram请求失败","method":"getUpdates","service":"nas-bot","timestamp":"2026-05-29 07:29:33"}
{"level":"warn","message":"Telegram请求超时","method":"getUpdates","service":"nas-bot","timestamp":"2026-05-29 07:29:39"}
{"error":"socket hang up","level":"error","message":"Telegram请求失败","method":"getUpdates","service":"nas-bot","timestamp":"2026-05-29 07:29:39"}
{"error":"","level":"error","message":"Telegram请求失败","method":"getUpdates","service":"nas-bot","timestamp":"2026-05-29 07:29:40"}
{"error":"","level":"error","message":"Telegram请求失败","method":"getUpdates","service":"nas-bot","timestamp":"2026-05-29 07:29:41"}
{"error":"","level":"error","message":"Telegram请求失败","method":"getUpdates","service":"nas-bot","timestamp":"2026-05-29 07:29:42"}
{"error":"","level":"error","message":"Telegram请求失败","method":"getUpdates","service":"nas-bot","timestamp":"2026-05-29 07:29:43"}
{"error":"","level":"error","message":"Telegram请求失败","method":"getUpdates","service":"nas-bot","timestamp":"2026-05-29 07:29:44"}
{"error":"","level":"error","message":"Telegram请求失败","method":"getUpdates","service":"nas-bot","timestamp":"2026-05-29 07:29:45"}
{"error":"","level":"error","message":"Telegram请求失败","method":"getUpdates","service":"nas-bot","timestamp":"2026-05-29 07:29:46"}
{"error":"","level":"error","message":"Telegram请求失败","method":"getUpdates","service":"nas-bot","timestamp":"2026-05-29 07:29:47"}
{"error":"","level":"error","message":"Telegram请求失败","method":"getUpdates","service":"nas-bot","timestamp":"2026-05-29 07:29:48"}
{"error":"","level":"error","message":"Telegram请求失败","method":"getUpdates","service":"nas-bot","timestamp":"2026-05-29 07:29:49"}
{"error":"","level":"error","message":"Telegram请求失败","method":"getUpdates","service":"nas-bot","timestamp":"2026-05-29 07:29:50"}
{"error":"","level":"error","message":"Telegram请求失败","method":"getUpdates","service":"nas-bot","timestamp":"2026-05-29 07:29:51"}
{"error":"","level":"error","message":"Telegram请求失败","method":"getUpdates","service":"nas-bot","timestamp":"2026-05-29 07:29:52"}
{"error":"","level":"error","message":"Telegram请求失败","method":"getUpdates","service":"nas-bot","timestamp":"2026-05-29 07:29:53"}
{"error":"","level":"error","message":"Telegram请求失败","method":"getUpdates","service":"nas-bot","timestamp":"2026-05-29 07:29:54"}
{"error":"","level":"error","message":"Telegram请求失败","method":"getUpdates","service":"nas-bot","timestamp":"2026-05-29 09:31:51"}
{"error":"","level":"error","message":"Telegram请求失败","method":"getUpdates","service":"nas-bot","timestamp":"2026-05-29 12:17:03"}
