{"error":"","level":"error","message":"Telegram请求失败","method":"getUpdates","service":"nas-bot","timestamp":"2026-05-24 06:52:25"}
{"error":"","level":"error","message":"Telegram请求失败","method":"getUpdates","service":"nas-bot","timestamp":"2026-05-24 06:52:27"}
{"error":"","level":"error","message":"Telegram请求失败","method":"getUpdates","service":"nas-bot","timestamp":"2026-05-24 07:29:38"}
{"error":"","level":"error","message":"Telegram请求失败","method":"sendMessage","service":"nas-bot","timestamp":"2026-05-24 07:38:26"}
{"error":"","level":"error","message":"Telegram请求失败","method":"sendMessage","service":"nas-bot","timestamp":"2026-05-24 07:48:36"}
{"error":"","level":"error","message":"Telegram请求失败","method":"getUpdates","service":"nas-bot","timestamp":"2026-05-24 07:50:42"}
{"error":"connect ECONNREFUSED 192.168.0.3:3000","level":"error","message":"获取股票数据失败","service":"nas-bot","timestamp":"2026-05-24 07:50:43"}
{"error":"","level":"error","message":"Telegram请求失败","method":"sendMessage","service":"nas-bot","timestamp":"2026-05-24 07:50:46"}
{"error":"","level":"error","message":"Telegram请求失败","method":"getUpdates","service":"nas-bot","timestamp":"2026-05-24 07:53:21"}
{"error":"","level":"error","message":"Telegram请求失败","method":"getUpdates","service":"nas-bot","timestamp":"2026-05-24 07:53:22"}
{"error":"","level":"error","message":"Telegram请求失败","method":"getUpdates","service":"nas-bot","timestamp":"2026-05-24 07:53:23"}
{"error":"","level":"error","message":"Telegram请求失败","method":"getUpdates","service":"nas-bot","timestamp":"2026-05-24 07:53:25"}
{"args":[],"bin":"/ping","error":"spawnSync /ping ENOENT","level":"error","message":"命令执行失败","service":"nas-bot","timestamp":"2026-05-24 08:12:07"}
{"error":"connect ECONNREFUSED 192.168.0.3:3000","level":"error","message":"获取股票数据失败","service":"nas-bot","timestamp":"2026-05-24 09:00:27"}
{"error":"connect ECONNREFUSED 192.168.0.3:3000","level":"error","message":"获取股票数据失败","service":"nas-bot","timestamp":"2026-05-24 09:05:27"}
{"error":"connect ECONNREFUSED 192.168.0.3:3000","level":"error","message":"获取股票数据失败","service":"nas-bot","timestamp":"2026-05-24 09:10:28"}
{"error":"connect ECONNREFUSED 192.168.0.3:3000","level":"error","message":"获取股票数据失败","service":"nas-bot","timestamp":"2026-05-24 09:15:28"}
{"error":"connect ECONNREFUSED 192.168.0.3:3000","level":"error","message":"获取股票数据失败","service":"nas-bot","timestamp":"2026-05-24 09:20:28"}
{"error":"connect ECONNREFUSED 192.168.0.3:3000","level":"error","message":"获取股票数据失败","service":"nas-bot","timestamp":"2026-05-24 09:25:28"}
{"error":"connect ECONNREFUSED 192.168.0.3:3000","level":"error","message":"获取股票数据失败","service":"nas-bot","timestamp":"2026-05-24 09:30:28"}
{"error":"connect ECONNREFUSED 192.168.0.3:3000","level":"error","message":"获取股票数据失败","service":"nas-bot","timestamp":"2026-05-24 09:35:28"}
{"error":"connect ECONNREFUSED 192.168.0.3:3000","level":"error","message":"获取股票数据失败","service":"nas-bot","timestamp":"2026-05-24 09:40:28"}
{"error":"connect ECONNREFUSED 192.168.0.3:3000","level":"error","message":"获取股票数据失败","service":"nas-bot","timestamp":"2026-05-24 09:45:28"}
{"error":"connect ECONNREFUSED 192.168.0.3:3000","level":"error","message":"获取股票数据失败","service":"nas-bot","timestamp":"2026-05-24 09:50:28"}
{"error":"","level":"error","message":"Telegram请求失败","method":"getUpdates","service":"nas-bot","timestamp":"2026-05-24 09:55:00"}
{"error":"","level":"error","message":"Telegram请求失败","method":"getUpdates","service":"nas-bot","timestamp":"2026-05-24 09:55:01"}
{"error":"","level":"error","message":"Telegram请求失败","method":"getUpdates","service":"nas-bot","timestamp":"2026-05-24 09:55:03"}
{"error":"","level":"error","message":"Telegram请求失败","method":"getUpdates","service":"nas-bot","timestamp":"2026-05-24 09:55:04"}
{"error":"","level":"error","message":"Telegram请求失败","method":"getUpdates","service":"nas-bot","timestamp":"2026-05-24 09:55:05"}
{"error":"","level":"error","message":"Telegram请求失败","method":"getUpdates","service":"nas-bot","timestamp":"2026-05-24 09:55:06"}
{"error":"","level":"error","message":"Telegram请求失败","method":"getUpdates","service":"nas-bot","timestamp":"2026-05-24 09:55:08"}
{"error":"","level":"error","message":"Telegram请求失败","method":"getUpdates","service":"nas-bot","timestamp":"2026-05-24 09:55:09"}
{"error":"connect ECONNREFUSED 192.168.0.3:3000","level":"error","message":"获取股票数据失败","service":"nas-bot","timestamp":"2026-05-24 09:55:28"}
{"error":"connect ECONNREFUSED 192.168.0.3:3000","level":"error","message":"获取股票数据失败","service":"nas-bot","timestamp":"2026-05-24 10:00:28"}
{"error":"connect ECONNREFUSED 192.168.0.3:3000","level":"error","message":"获取股票数据失败","service":"nas-bot","timestamp":"2026-05-24 10:05:28"}
{"error":"connect ECONNREFUSED 192.168.0.3:3000","level":"error","message":"获取股票数据失败","service":"nas-bot","timestamp":"2026-05-24 10:10:28"}
{"error":"connect ECONNREFUSED 192.168.0.3:3000","level":"error","message":"获取股票数据失败","service":"nas-bot","timestamp":"2026-05-24 10:15:28"}
{"error":"connect ECONNREFUSED 192.168.0.3:3000","level":"error","message":"获取股票数据失败","service":"nas-bot","timestamp":"2026-05-24 10:20:28"}
{"error":"connect ECONNREFUSED 192.168.0.3:3000","level":"error","message":"获取股票数据失败","service":"nas-bot","timestamp":"2026-05-24 10:25:28"}
{"error":"connect ECONNREFUSED 192.168.0.3:3000","level":"error","message":"获取股票数据失败","service":"nas-bot","timestamp":"2026-05-24 10:30:28"}
{"error":"connect ECONNREFUSED 192.168.0.3:3000","level":"error","message":"获取股票数据失败","service":"nas-bot","timestamp":"2026-05-24 10:35:28"}
{"error":"connect ECONNREFUSED 192.168.0.3:3000","level":"error","message":"获取股票数据失败","service":"nas-bot","timestamp":"2026-05-24 10:40:28"}
{"error":"connect ECONNREFUSED 192.168.0.3:3000","level":"error","message":"获取股票数据失败","service":"nas-bot","timestamp":"2026-05-24 10:45:28"}
{"error":"connect ECONNREFUSED 192.168.0.3:3000","level":"error","message":"获取股票数据失败","service":"nas-bot","timestamp":"2026-05-24 10:50:28"}
{"error":"connect ECONNREFUSED 192.168.0.3:3000","level":"error","message":"获取股票数据失败","service":"nas-bot","timestamp":"2026-05-24 10:55:28"}
{"error":"","level":"error","message":"Telegram请求失败","method":"getUpdates","service":"nas-bot","timestamp":"2026-05-24 10:56:09"}
{"error":"connect ECONNREFUSED 192.168.0.3:3000","level":"error","message":"获取股票数据失败","service":"nas-bot","timestamp":"2026-05-24 11:00:28"}
{"error":"connect ECONNREFUSED 192.168.0.3:3000","level":"error","message":"获取股票数据失败","service":"nas-bot","timestamp":"2026-05-24 11:05:28"}
{"error":"connect ECONNREFUSED 192.168.0.3:3000","level":"error","message":"获取股票数据失败","service":"nas-bot","timestamp":"2026-05-24 11:10:29"}
{"error":"connect ECONNREFUSED 192.168.0.3:3000","level":"error","message":"获取股票数据失败","service":"nas-bot","timestamp":"2026-05-24 11:15:29"}
{"error":"connect ECONNREFUSED 192.168.0.3:3000","level":"error","message":"获取股票数据失败","service":"nas-bot","timestamp":"2026-05-24 11:20:29"}
{"error":"connect ECONNREFUSED 192.168.0.3:3000","level":"error","message":"获取股票数据失败","service":"nas-bot","timestamp":"2026-05-24 11:25:29"}
{"error":"connect ECONNREFUSED 192.168.0.3:3000","level":"error","message":"获取股票数据失败","service":"nas-bot","timestamp":"2026-05-24 11:30:29"}
{"error":"","level":"error","message":"Telegram请求失败","method":"getUpdates","service":"nas-bot","timestamp":"2026-05-24 11:57:09"}
{"error":"","level":"error","message":"Telegram请求失败","method":"getUpdates","service":"nas-bot","timestamp":"2026-05-24 11:57:11"}
{"error":"","level":"error","message":"Telegram请求失败","method":"getUpdates","service":"nas-bot","timestamp":"2026-05-24 12:01:27"}
{"error":"","level":"error","message":"Telegram请求失败","method":"sendMessage","service":"nas-bot","timestamp":"2026-05-24 12:02:18"}
{"error":"","level":"error","message":"Telegram请求失败","method":"getUpdates","service":"nas-bot","timestamp":"2026-05-24 12:18:45"}
{"error":"","level":"error","message":"Telegram请求失败","method":"getUpdates","service":"nas-bot","timestamp":"2026-05-24 12:18:46"}
{"error":"","level":"error","message":"Telegram请求失败","method":"getUpdates","service":"nas-bot","timestamp":"2026-05-24 12:18:48"}
{"error":"","level":"error","message":"Telegram请求失败","method":"getUpdates","service":"nas-bot","timestamp":"2026-05-24 12:18:49"}
{"error":"","level":"error","message":"Telegram请求失败","method":"getUpdates","service":"nas-bot","timestamp":"2026-05-24 12:18:50"}
{"error":"","level":"error","message":"Telegram请求失败","method":"getUpdates","service":"nas-bot","timestamp":"2026-05-24 12:18:51"}
{"error":"","level":"error","message":"Telegram请求失败","method":"getUpdates","service":"nas-bot","timestamp":"2026-05-24 12:18:53"}
{"error":"","level":"error","message":"Telegram请求失败","method":"getUpdates","service":"nas-bot","timestamp":"2026-05-24 12:18:54"}
{"error":"","level":"error","message":"Telegram请求失败","method":"getUpdates","service":"nas-bot","timestamp":"2026-05-24 12:18:55"}
{"error":"","level":"error","message":"Telegram请求失败","method":"getUpdates","service":"nas-bot","timestamp":"2026-05-24 12:18:56"}
{"error":"","level":"error","message":"Telegram请求失败","method":"getUpdates","service":"nas-bot","timestamp":"2026-05-24 12:18:58"}
{"error":"","level":"error","message":"Telegram请求失败","method":"getUpdates","service":"nas-bot","timestamp":"2026-05-24 12:18:59"}
{"error":"","level":"error","message":"Telegram请求失败","method":"getUpdates","service":"nas-bot","timestamp":"2026-05-24 12:19:00"}
{"error":"","level":"error","message":"Telegram请求失败","method":"getUpdates","service":"nas-bot","timestamp":"2026-05-24 12:19:01"}
{"error":"","level":"error","message":"Telegram请求失败","method":"getUpdates","service":"nas-bot","timestamp":"2026-05-24 12:19:03"}
{"error":"","level":"error","message":"Telegram请求失败","method":"getUpdates","service":"nas-bot","timestamp":"2026-05-24 12:19:04"}
{"error":"","level":"error","message":"Telegram请求失败","method":"getUpdates","service":"nas-bot","timestamp":"2026-05-24 12:19:05"}
{"error":"","level":"error","message":"Telegram请求失败","method":"getUpdates","service":"nas-bot","timestamp":"2026-05-24 12:19:07"}
{"error":"","level":"error","message":"Telegram请求失败","method":"getUpdates","service":"nas-bot","timestamp":"2026-05-24 12:19:08"}
{"error":"","level":"error","message":"Telegram请求失败","method":"getUpdates","service":"nas-bot","timestamp":"2026-05-24 12:19:09"}
{"error":"","level":"error","message":"Telegram请求失败","method":"getUpdates","service":"nas-bot","timestamp":"2026-05-24 12:19:10"}
{"error":"","level":"error","message":"Telegram请求失败","method":"getUpdates","service":"nas-bot","timestamp":"2026-05-24 12:19:12"}
{"error":"","level":"error","message":"Telegram请求失败","method":"getUpdates","service":"nas-bot","timestamp":"2026-05-24 12:19:13"}
{"error":"","level":"error","message":"Telegram请求失败","method":"getUpdates","service":"nas-bot","timestamp":"2026-05-24 12:19:14"}
{"error":"","level":"error","message":"Telegram请求失败","method":"getUpdates","service":"nas-bot","timestamp":"2026-05-24 12:19:15"}
{"error":"","level":"error","message":"Telegram请求失败","method":"getUpdates","service":"nas-bot","timestamp":"2026-05-24 12:19:17"}
{"error":"","level":"error","message":"Telegram请求失败","method":"getUpdates","service":"nas-bot","timestamp":"2026-05-24 12:19:18"}
{"error":"","level":"error","message":"Telegram请求失败","method":"getUpdates","service":"nas-bot","timestamp":"2026-05-24 12:19:19"}
{"error":"","level":"error","message":"Telegram请求失败","method":"getUpdates","service":"nas-bot","timestamp":"2026-05-24 12:19:20"}
{"error":"","level":"error","message":"Telegram请求失败","method":"getUpdates","service":"nas-bot","timestamp":"2026-05-24 12:19:22"}
{"error":"","level":"error","message":"Telegram请求失败","method":"getUpdates","service":"nas-bot","timestamp":"2026-05-24 12:19:23"}
{"error":"","level":"error","message":"Telegram请求失败","method":"getUpdates","service":"nas-bot","timestamp":"2026-05-24 12:19:24"}
{"error":"","level":"error","message":"Telegram请求失败","method":"getUpdates","service":"nas-bot","timestamp":"2026-05-24 12:19:25"}
{"error":"","level":"error","message":"Telegram请求失败","method":"getUpdates","service":"nas-bot","timestamp":"2026-05-24 12:19:27"}
{"error":"","level":"error","message":"Telegram请求失败","method":"getUpdates","service":"nas-bot","timestamp":"2026-05-24 12:19:28"}
{"error":"","level":"error","message":"Telegram请求失败","method":"getUpdates","service":"nas-bot","timestamp":"2026-05-24 12:19:29"}
{"error":"","level":"error","message":"Telegram请求失败","method":"getUpdates","service":"nas-bot","timestamp":"2026-05-24 12:19:30"}
{"error":"","level":"error","message":"Telegram请求失败","method":"getUpdates","service":"nas-bot","timestamp":"2026-05-24 12:19:32"}
{"error":"","level":"error","message":"Telegram请求失败","method":"getUpdates","service":"nas-bot","timestamp":"2026-05-24 12:19:33"}
{"error":"","level":"error","message":"Telegram请求失败","method":"getUpdates","service":"nas-bot","timestamp":"2026-05-24 12:19:34"}
{"error":"","level":"error","message":"Telegram请求失败","method":"getUpdates","service":"nas-bot","timestamp":"2026-05-24 12:19:35"}
{"error":"","level":"error","message":"Telegram请求失败","method":"getUpdates","service":"nas-bot","timestamp":"2026-05-24 12:19:37"}
{"error":"","level":"error","message":"Telegram请求失败","method":"getUpdates","service":"nas-bot","timestamp":"2026-05-24 12:19:38"}
{"error":"","level":"error","message":"Telegram请求失败","method":"getUpdates","service":"nas-bot","timestamp":"2026-05-24 12:19:39"}
{"error":"","level":"error","message":"Telegram请求失败","method":"getUpdates","service":"nas-bot","timestamp":"2026-05-24 12:19:40"}
{"error":"","level":"error","message":"Telegram请求失败","method":"getUpdates","service":"nas-bot","timestamp":"2026-05-24 12:19:42"}
{"error":"","level":"error","message":"Telegram请求失败","method":"getUpdates","service":"nas-bot","timestamp":"2026-05-24 12:19:43"}
{"error":"","level":"error","message":"Telegram请求失败","method":"getUpdates","service":"nas-bot","timestamp":"2026-05-24 12:19:44"}
{"error":"","level":"error","message":"Telegram请求失败","method":"getUpdates","service":"nas-bot","timestamp":"2026-05-24 12:19:45"}
{"error":"","level":"error","message":"Telegram请求失败","method":"getUpdates","service":"nas-bot","timestamp":"2026-05-24 12:19:47"}
{"error":"","level":"error","message":"Telegram请求失败","method":"getUpdates","service":"nas-bot","timestamp":"2026-05-24 12:19:48"}
{"error":"","level":"error","message":"Telegram请求失败","method":"getUpdates","service":"nas-bot","timestamp":"2026-05-24 12:19:49"}
{"error":"","level":"error","message":"Telegram请求失败","method":"getUpdates","service":"nas-bot","timestamp":"2026-05-24 12:19:50"}
{"error":"","level":"error","message":"Telegram请求失败","method":"getUpdates","service":"nas-bot","timestamp":"2026-05-24 12:19:52"}
{"error":"","level":"error","message":"Telegram请求失败","method":"getUpdates","service":"nas-bot","timestamp":"2026-05-24 12:19:53"}
{"error":"","level":"error","message":"Telegram请求失败","method":"getUpdates","service":"nas-bot","timestamp":"2026-05-24 12:19:54"}
{"error":"","level":"error","message":"Telegram请求失败","method":"getUpdates","service":"nas-bot","timestamp":"2026-05-24 12:19:56"}
{"error":"","level":"error","message":"Telegram请求失败","method":"getUpdates","service":"nas-bot","timestamp":"2026-05-24 12:19:57"}
{"error":"","level":"error","message":"Telegram请求失败","method":"getUpdates","service":"nas-bot","timestamp":"2026-05-24 12:19:58"}
{"error":"","level":"error","message":"Telegram请求失败","method":"getUpdates","service":"nas-bot","timestamp":"2026-05-24 12:19:59"}
{"error":"","level":"error","message":"Telegram请求失败","method":"getUpdates","service":"nas-bot","timestamp":"2026-05-24 12:20:01"}
{"error":"","level":"error","message":"Telegram请求失败","method":"getUpdates","service":"nas-bot","timestamp":"2026-05-24 12:20:02"}
{"error":"","level":"error","message":"Telegram请求失败","method":"getUpdates","service":"nas-bot","timestamp":"2026-05-24 12:20:03"}
{"error":"","level":"error","message":"Telegram请求失败","method":"getUpdates","service":"nas-bot","timestamp":"2026-05-24 12:20:04"}
{"error":"","level":"error","message":"Telegram请求失败","method":"getUpdates","service":"nas-bot","timestamp":"2026-05-24 12:20:06"}
{"error":"","level":"error","message":"Telegram请求失败","method":"getUpdates","service":"nas-bot","timestamp":"2026-05-24 12:20:07"}
{"error":"","level":"error","message":"Telegram请求失败","method":"getUpdates","service":"nas-bot","timestamp":"2026-05-24 12:20:08"}
{"error":"","level":"error","message":"Telegram请求失败","method":"getUpdates","service":"nas-bot","timestamp":"2026-05-24 12:20:09"}
{"error":"","level":"error","message":"Telegram请求失败","method":"getUpdates","service":"nas-bot","timestamp":"2026-05-24 12:20:11"}
{"error":"","level":"error","message":"Telegram请求失败","method":"getUpdates","service":"nas-bot","timestamp":"2026-05-24 12:20:12"}
{"error":"","level":"error","message":"Telegram请求失败","method":"getUpdates","service":"nas-bot","timestamp":"2026-05-24 12:20:13"}
{"error":"","level":"error","message":"Telegram请求失败","method":"getUpdates","service":"nas-bot","timestamp":"2026-05-24 12:20:14"}
{"error":"","level":"error","message":"Telegram请求失败","method":"getUpdates","service":"nas-bot","timestamp":"2026-05-24 12:20:16"}
{"error":"","level":"error","message":"Telegram请求失败","method":"getUpdates","service":"nas-bot","timestamp":"2026-05-24 12:20:17"}
{"error":"","level":"error","message":"Telegram请求失败","method":"getUpdates","service":"nas-bot","timestamp":"2026-05-24 12:20:18"}
{"error":"","level":"error","message":"Telegram请求失败","method":"getUpdates","service":"nas-bot","timestamp":"2026-05-24 12:20:19"}
{"error":"","level":"error","message":"Telegram请求失败","method":"getUpdates","service":"nas-bot","timestamp":"2026-05-24 12:20:21"}
{"error":"","level":"error","message":"Telegram请求失败","method":"getUpdates","service":"nas-bot","timestamp":"2026-05-24 12:20:22"}
{"error":"","level":"error","message":"Telegram请求失败","method":"getUpdates","service":"nas-bot","timestamp":"2026-05-24 12:20:23"}
{"error":"","level":"error","message":"Telegram请求失败","method":"getUpdates","service":"nas-bot","timestamp":"2026-05-24 12:20:24"}
{"error":"","level":"error","message":"Telegram请求失败","method":"getUpdates","service":"nas-bot","timestamp":"2026-05-24 12:20:26"}
{"error":"","level":"error","message":"Telegram请求失败","method":"getUpdates","service":"nas-bot","timestamp":"2026-05-24 12:20:27"}
{"error":"","level":"error","message":"Telegram请求失败","method":"getUpdates","service":"nas-bot","timestamp":"2026-05-24 12:20:28"}
{"error":"","level":"error","message":"Telegram请求失败","method":"getUpdates","service":"nas-bot","timestamp":"2026-05-24 12:20:29"}
{"error":"","level":"error","message":"Telegram请求失败","method":"getUpdates","service":"nas-bot","timestamp":"2026-05-24 12:20:31"}
{"error":"","level":"error","message":"Telegram请求失败","method":"getUpdates","service":"nas-bot","timestamp":"2026-05-24 12:20:32"}
{"error":"","level":"error","message":"Telegram请求失败","method":"getUpdates","service":"nas-bot","timestamp":"2026-05-24 12:20:33"}
{"error":"","level":"error","message":"Telegram请求失败","method":"getUpdates","service":"nas-bot","timestamp":"2026-05-24 12:20:34"}
{"error":"","level":"error","message":"Telegram请求失败","method":"getUpdates","service":"nas-bot","timestamp":"2026-05-24 12:20:36"}
{"error":"","level":"error","message":"Telegram请求失败","method":"getUpdates","service":"nas-bot","timestamp":"2026-05-24 12:20:37"}
{"error":"","level":"error","message":"Telegram请求失败","method":"getUpdates","service":"nas-bot","timestamp":"2026-05-24 12:20:38"}
{"error":"","level":"error","message":"Telegram请求失败","method":"getUpdates","service":"nas-bot","timestamp":"2026-05-24 12:20:39"}
{"error":"","level":"error","message":"Telegram请求失败","method":"getUpdates","service":"nas-bot","timestamp":"2026-05-24 12:20:41"}
{"error":"","level":"error","message":"Telegram请求失败","method":"getUpdates","service":"nas-bot","timestamp":"2026-05-24 12:20:42"}
{"error":"","level":"error","message":"Telegram请求失败","method":"getUpdates","service":"nas-bot","timestamp":"2026-05-24 12:20:43"}
{"error":"","level":"error","message":"Telegram请求失败","method":"getUpdates","service":"nas-bot","timestamp":"2026-05-24 12:20:44"}
{"error":"","level":"error","message":"Telegram请求失败","method":"getUpdates","service":"nas-bot","timestamp":"2026-05-24 12:20:46"}
{"error":"","level":"error","message":"Telegram请求失败","method":"getUpdates","service":"nas-bot","timestamp":"2026-05-24 12:20:47"}
{"error":"","level":"error","message":"Telegram请求失败","method":"getUpdates","service":"nas-bot","timestamp":"2026-05-24 12:20:48"}
{"error":"","level":"error","message":"Telegram请求失败","method":"getUpdates","service":"nas-bot","timestamp":"2026-05-24 12:20:49"}
{"error":"","level":"error","message":"Telegram请求失败","method":"getUpdates","service":"nas-bot","timestamp":"2026-05-24 12:20:51"}
{"error":"","level":"error","message":"Telegram请求失败","method":"getUpdates","service":"nas-bot","timestamp":"2026-05-24 12:20:52"}
{"error":"","level":"error","message":"Telegram请求失败","method":"getUpdates","service":"nas-bot","timestamp":"2026-05-24 12:20:53"}
{"error":"","level":"error","message":"Telegram请求失败","method":"getUpdates","service":"nas-bot","timestamp":"2026-05-24 12:20:54"}
{"error":"","level":"error","message":"Telegram请求失败","method":"getUpdates","service":"nas-bot","timestamp":"2026-05-24 12:20:56"}
{"error":"","level":"error","message":"Telegram请求失败","method":"getUpdates","service":"nas-bot","timestamp":"2026-05-24 12:20:57"}
{"error":"","level":"error","message":"Telegram请求失败","method":"getUpdates","service":"nas-bot","timestamp":"2026-05-24 12:20:58"}
{"error":"","level":"error","message":"Telegram请求失败","method":"getUpdates","service":"nas-bot","timestamp":"2026-05-24 12:21:00"}
{"error":"","level":"error","message":"Telegram请求失败","method":"getUpdates","service":"nas-bot","timestamp":"2026-05-24 12:21:01"}
{"error":"","level":"error","message":"Telegram请求失败","method":"getUpdates","service":"nas-bot","timestamp":"2026-05-24 12:21:02"}
{"error":"","level":"error","message":"Telegram请求失败","method":"getUpdates","service":"nas-bot","timestamp":"2026-05-24 12:21:03"}
{"error":"","level":"error","message":"Telegram请求失败","method":"getUpdates","service":"nas-bot","timestamp":"2026-05-24 12:21:05"}
{"error":"","level":"error","message":"Telegram请求失败","method":"getUpdates","service":"nas-bot","timestamp":"2026-05-24 12:21:06"}
{"error":"","level":"error","message":"Telegram请求失败","method":"getUpdates","service":"nas-bot","timestamp":"2026-05-24 12:21:07"}
{"error":"","level":"error","message":"Telegram请求失败","method":"getUpdates","service":"nas-bot","timestamp":"2026-05-24 12:21:08"}
{"error":"","level":"error","message":"Telegram请求失败","method":"getUpdates","service":"nas-bot","timestamp":"2026-05-24 12:21:10"}
{"error":"","level":"error","message":"Telegram请求失败","method":"getUpdates","service":"nas-bot","timestamp":"2026-05-24 12:21:11"}
{"error":"","level":"error","message":"Telegram请求失败","method":"getUpdates","service":"nas-bot","timestamp":"2026-05-24 12:21:12"}
{"error":"","level":"error","message":"Telegram请求失败","method":"getUpdates","service":"nas-bot","timestamp":"2026-05-24 12:21:13"}
{"error":"","level":"error","message":"Telegram请求失败","method":"getUpdates","service":"nas-bot","timestamp":"2026-05-24 12:21:15"}
{"error":"","level":"error","message":"Telegram请求失败","method":"getUpdates","service":"nas-bot","timestamp":"2026-05-24 12:21:16"}
{"error":"","level":"error","message":"Telegram请求失败","method":"getUpdates","service":"nas-bot","timestamp":"2026-05-24 12:21:17"}
{"error":"","level":"error","message":"Telegram请求失败","method":"getUpdates","service":"nas-bot","timestamp":"2026-05-24 12:21:18"}
{"error":"","level":"error","message":"Telegram请求失败","method":"getUpdates","service":"nas-bot","timestamp":"2026-05-24 12:21:20"}
{"error":"","level":"error","message":"Telegram请求失败","method":"getUpdates","service":"nas-bot","timestamp":"2026-05-24 12:21:21"}
{"error":"","level":"error","message":"Telegram请求失败","method":"getUpdates","service":"nas-bot","timestamp":"2026-05-24 12:21:22"}
{"error":"","level":"error","message":"Telegram请求失败","method":"getUpdates","service":"nas-bot","timestamp":"2026-05-24 12:21:23"}
{"error":"","level":"error","message":"Telegram请求失败","method":"getUpdates","service":"nas-bot","timestamp":"2026-05-24 12:21:25"}
{"error":"","level":"error","message":"Telegram请求失败","method":"getUpdates","service":"nas-bot","timestamp":"2026-05-24 12:21:26"}
{"error":"","level":"error","message":"Telegram请求失败","method":"getUpdates","service":"nas-bot","timestamp":"2026-05-24 12:21:27"}
{"error":"","level":"error","message":"Telegram请求失败","method":"getUpdates","service":"nas-bot","timestamp":"2026-05-24 12:21:28"}
{"error":"","level":"error","message":"Telegram请求失败","method":"getUpdates","service":"nas-bot","timestamp":"2026-05-24 12:21:30"}
{"error":"","level":"error","message":"Telegram请求失败","method":"getUpdates","service":"nas-bot","timestamp":"2026-05-24 12:21:31"}
{"error":"","level":"error","message":"Telegram请求失败","method":"getUpdates","service":"nas-bot","timestamp":"2026-05-24 12:21:32"}
{"error":"","level":"error","message":"Telegram请求失败","method":"getUpdates","service":"nas-bot","timestamp":"2026-05-24 12:21:33"}
{"error":"","level":"error","message":"Telegram请求失败","method":"getUpdates","service":"nas-bot","timestamp":"2026-05-24 12:21:35"}
{"error":"","level":"error","message":"Telegram请求失败","method":"getUpdates","service":"nas-bot","timestamp":"2026-05-24 12:21:36"}
{"error":"","level":"error","message":"Telegram请求失败","method":"getUpdates","service":"nas-bot","timestamp":"2026-05-24 12:21:37"}
{"error":"","level":"error","message":"Telegram请求失败","method":"getUpdates","service":"nas-bot","timestamp":"2026-05-24 12:21:38"}
{"error":"","level":"error","message":"Telegram请求失败","method":"getUpdates","service":"nas-bot","timestamp":"2026-05-24 12:21:40"}
{"error":"","level":"error","message":"Telegram请求失败","method":"getUpdates","service":"nas-bot","timestamp":"2026-05-24 12:21:41"}
{"error":"","level":"error","message":"Telegram请求失败","method":"getUpdates","service":"nas-bot","timestamp":"2026-05-24 12:21:42"}
{"error":"","level":"error","message":"Telegram请求失败","method":"getUpdates","service":"nas-bot","timestamp":"2026-05-24 12:21:43"}
{"error":"","level":"error","message":"Telegram请求失败","method":"getUpdates","service":"nas-bot","timestamp":"2026-05-24 12:21:45"}
{"error":"","level":"error","message":"Telegram请求失败","method":"getUpdates","service":"nas-bot","timestamp":"2026-05-24 12:21:46"}
{"error":"","level":"error","message":"Telegram请求失败","method":"getUpdates","service":"nas-bot","timestamp":"2026-05-24 12:21:47"}
{"error":"","level":"error","message":"Telegram请求失败","method":"getUpdates","service":"nas-bot","timestamp":"2026-05-24 12:21:48"}
{"error":"","level":"error","message":"Telegram请求失败","method":"getUpdates","service":"nas-bot","timestamp":"2026-05-24 12:21:50"}
{"error":"","level":"error","message":"Telegram请求失败","method":"getUpdates","service":"nas-bot","timestamp":"2026-05-24 12:21:51"}
{"error":"","level":"error","message":"Telegram请求失败","method":"getUpdates","service":"nas-bot","timestamp":"2026-05-24 12:21:52"}
{"error":"","level":"error","message":"Telegram请求失败","method":"getUpdates","service":"nas-bot","timestamp":"2026-05-24 12:21:54"}
{"error":"","level":"error","message":"Telegram请求失败","method":"getUpdates","service":"nas-bot","timestamp":"2026-05-24 12:21:55"}
{"error":"","level":"error","message":"Telegram请求失败","method":"getUpdates","service":"nas-bot","timestamp":"2026-05-24 12:21:56"}
{"error":"","level":"error","message":"Telegram请求失败","method":"getUpdates","service":"nas-bot","timestamp":"2026-05-24 12:21:58"}
{"error":"","level":"error","message":"Telegram请求失败","method":"getUpdates","service":"nas-bot","timestamp":"2026-05-24 12:21:59"}
{"error":"","level":"error","message":"Telegram请求失败","method":"getUpdates","service":"nas-bot","timestamp":"2026-05-24 12:22:00"}
{"error":"","level":"error","message":"Telegram请求失败","method":"getUpdates","service":"nas-bot","timestamp":"2026-05-24 12:22:01"}
{"error":"","level":"error","message":"Telegram请求失败","method":"getUpdates","service":"nas-bot","timestamp":"2026-05-24 12:22:03"}
{"error":"","level":"error","message":"Telegram请求失败","method":"getUpdates","service":"nas-bot","timestamp":"2026-05-24 12:22:04"}
{"error":"","level":"error","message":"Telegram请求失败","method":"getUpdates","service":"nas-bot","timestamp":"2026-05-24 12:22:05"}
{"error":"","level":"error","message":"Telegram请求失败","method":"getUpdates","service":"nas-bot","timestamp":"2026-05-24 12:22:06"}
{"error":"","level":"error","message":"Telegram请求失败","method":"getUpdates","service":"nas-bot","timestamp":"2026-05-24 12:22:08"}
{"error":"","level":"error","message":"Telegram请求失败","method":"getUpdates","service":"nas-bot","timestamp":"2026-05-24 12:22:09"}
{"error":"","level":"error","message":"Telegram请求失败","method":"getUpdates","service":"nas-bot","timestamp":"2026-05-24 12:22:10"}
{"error":"","level":"error","message":"Telegram请求失败","method":"getUpdates","service":"nas-bot","timestamp":"2026-05-24 12:22:11"}
{"error":"","level":"error","message":"Telegram请求失败","method":"getUpdates","service":"nas-bot","timestamp":"2026-05-24 12:22:13"}
{"error":"","level":"error","message":"Telegram请求失败","method":"getUpdates","service":"nas-bot","timestamp":"2026-05-24 12:22:14"}
{"error":"","level":"error","message":"Telegram请求失败","method":"getUpdates","service":"nas-bot","timestamp":"2026-05-24 12:22:15"}
{"error":"","level":"error","message":"Telegram请求失败","method":"getUpdates","service":"nas-bot","timestamp":"2026-05-24 12:22:16"}
{"error":"","level":"error","message":"Telegram请求失败","method":"getUpdates","service":"nas-bot","timestamp":"2026-05-24 12:22:18"}
{"error":"","level":"error","message":"Telegram请求失败","method":"getUpdates","service":"nas-bot","timestamp":"2026-05-24 12:22:19"}
{"error":"","level":"error","message":"Telegram请求失败","method":"getUpdates","service":"nas-bot","timestamp":"2026-05-24 12:22:20"}
{"error":"","level":"error","message":"Telegram请求失败","method":"getUpdates","service":"nas-bot","timestamp":"2026-05-24 12:22:22"}
{"error":"","level":"error","message":"Telegram请求失败","method":"getUpdates","service":"nas-bot","timestamp":"2026-05-24 12:22:23"}
{"error":"","level":"error","message":"Telegram请求失败","method":"getUpdates","service":"nas-bot","timestamp":"2026-05-24 12:22:24"}
{"error":"","level":"error","message":"Telegram请求失败","method":"getUpdates","service":"nas-bot","timestamp":"2026-05-24 12:22:25"}
{"error":"","level":"error","message":"Telegram请求失败","method":"getUpdates","service":"nas-bot","timestamp":"2026-05-24 12:22:27"}
{"error":"","level":"error","message":"Telegram请求失败","method":"getUpdates","service":"nas-bot","timestamp":"2026-05-24 12:22:28"}
{"error":"","level":"error","message":"Telegram请求失败","method":"getUpdates","service":"nas-bot","timestamp":"2026-05-24 12:22:29"}
{"error":"","level":"error","message":"Telegram请求失败","method":"getUpdates","service":"nas-bot","timestamp":"2026-05-24 12:22:30"}
{"error":"","level":"error","message":"Telegram请求失败","method":"getUpdates","service":"nas-bot","timestamp":"2026-05-24 12:22:32"}
{"error":"","level":"error","message":"Telegram请求失败","method":"getUpdates","service":"nas-bot","timestamp":"2026-05-24 12:22:33"}
{"error":"","level":"error","message":"Telegram请求失败","method":"getUpdates","service":"nas-bot","timestamp":"2026-05-24 12:22:34"}
{"error":"","level":"error","message":"Telegram请求失败","method":"getUpdates","service":"nas-bot","timestamp":"2026-05-24 12:22:35"}
{"error":"","level":"error","message":"Telegram请求失败","method":"getUpdates","service":"nas-bot","timestamp":"2026-05-24 12:22:37"}
{"error":"","level":"error","message":"Telegram请求失败","method":"getUpdates","service":"nas-bot","timestamp":"2026-05-24 12:22:38"}
{"error":"","level":"error","message":"Telegram请求失败","method":"getUpdates","service":"nas-bot","timestamp":"2026-05-24 12:22:39"}
{"error":"","level":"error","message":"Telegram请求失败","method":"getUpdates","service":"nas-bot","timestamp":"2026-05-24 12:22:40"}
{"error":"","level":"error","message":"Telegram请求失败","method":"getUpdates","service":"nas-bot","timestamp":"2026-05-24 12:22:42"}
{"error":"","level":"error","message":"Telegram请求失败","method":"getUpdates","service":"nas-bot","timestamp":"2026-05-24 12:22:43"}
{"error":"","level":"error","message":"Telegram请求失败","method":"getUpdates","service":"nas-bot","timestamp":"2026-05-24 12:22:44"}
{"error":"","level":"error","message":"Telegram请求失败","method":"getUpdates","service":"nas-bot","timestamp":"2026-05-24 12:22:45"}
{"error":"","level":"error","message":"Telegram请求失败","method":"getUpdates","service":"nas-bot","timestamp":"2026-05-24 12:22:47"}
{"error":"","level":"error","message":"Telegram请求失败","method":"getUpdates","service":"nas-bot","timestamp":"2026-05-24 12:22:48"}
{"error":"","level":"error","message":"Telegram请求失败","method":"getUpdates","service":"nas-bot","timestamp":"2026-05-24 12:22:49"}
{"error":"","level":"error","message":"Telegram请求失败","method":"getUpdates","service":"nas-bot","timestamp":"2026-05-24 12:22:50"}
{"error":"","level":"error","message":"Telegram请求失败","method":"getUpdates","service":"nas-bot","timestamp":"2026-05-24 12:22:52"}
{"error":"","level":"error","message":"Telegram请求失败","method":"getUpdates","service":"nas-bot","timestamp":"2026-05-24 12:22:53"}
{"error":"","level":"error","message":"Telegram请求失败","method":"getUpdates","service":"nas-bot","timestamp":"2026-05-24 12:22:54"}
{"error":"","level":"error","message":"Telegram请求失败","method":"getUpdates","service":"nas-bot","timestamp":"2026-05-24 12:22:55"}
{"error":"","level":"error","message":"Telegram请求失败","method":"getUpdates","service":"nas-bot","timestamp":"2026-05-24 12:22:57"}
{"error":"","level":"error","message":"Telegram请求失败","method":"getUpdates","service":"nas-bot","timestamp":"2026-05-24 12:22:58"}
{"error":"","level":"error","message":"Telegram请求失败","method":"getUpdates","service":"nas-bot","timestamp":"2026-05-24 12:22:59"}
{"error":"","level":"error","message":"Telegram请求失败","method":"getUpdates","service":"nas-bot","timestamp":"2026-05-24 12:23:00"}
{"error":"","level":"error","message":"Telegram请求失败","method":"getUpdates","service":"nas-bot","timestamp":"2026-05-24 12:23:02"}
{"error":"","level":"error","message":"Telegram请求失败","method":"getUpdates","service":"nas-bot","timestamp":"2026-05-24 12:23:03"}
{"error":"","level":"error","message":"Telegram请求失败","method":"getUpdates","service":"nas-bot","timestamp":"2026-05-24 12:23:04"}
{"error":"","level":"error","message":"Telegram请求失败","method":"getUpdates","service":"nas-bot","timestamp":"2026-05-24 12:23:05"}
{"error":"","level":"error","message":"Telegram请求失败","method":"getUpdates","service":"nas-bot","timestamp":"2026-05-24 12:23:07"}
{"error":"","level":"error","message":"Telegram请求失败","method":"getUpdates","service":"nas-bot","timestamp":"2026-05-24 12:23:08"}
{"error":"","level":"error","message":"Telegram请求失败","method":"getUpdates","service":"nas-bot","timestamp":"2026-05-24 12:23:09"}
{"error":"","level":"error","message":"Telegram请求失败","method":"getUpdates","service":"nas-bot","timestamp":"2026-05-24 12:23:11"}
{"error":"","level":"error","message":"Telegram请求失败","method":"getUpdates","service":"nas-bot","timestamp":"2026-05-24 12:23:12"}
{"error":"","level":"error","message":"Telegram请求失败","method":"getUpdates","service":"nas-bot","timestamp":"2026-05-24 12:23:13"}
{"error":"","level":"error","message":"Telegram请求失败","method":"getUpdates","service":"nas-bot","timestamp":"2026-05-24 12:23:14"}
{"error":"","level":"error","message":"Telegram请求失败","method":"getUpdates","service":"nas-bot","timestamp":"2026-05-24 12:23:16"}
{"error":"","level":"error","message":"Telegram请求失败","method":"getUpdates","service":"nas-bot","timestamp":"2026-05-24 12:23:17"}
{"error":"","level":"error","message":"Telegram请求失败","method":"getUpdates","service":"nas-bot","timestamp":"2026-05-24 12:23:18"}
{"error":"","level":"error","message":"Telegram请求失败","method":"getUpdates","service":"nas-bot","timestamp":"2026-05-24 12:23:19"}
{"error":"","level":"error","message":"Telegram请求失败","method":"getUpdates","service":"nas-bot","timestamp":"2026-05-24 12:23:21"}
{"error":"","level":"error","message":"Telegram请求失败","method":"getUpdates","service":"nas-bot","timestamp":"2026-05-24 12:23:22"}
{"error":"","level":"error","message":"Telegram请求失败","method":"getUpdates","service":"nas-bot","timestamp":"2026-05-24 12:23:23"}
{"error":"","level":"error","message":"Telegram请求失败","method":"getUpdates","service":"nas-bot","timestamp":"2026-05-24 12:23:24"}
{"error":"","level":"error","message":"Telegram请求失败","method":"getUpdates","service":"nas-bot","timestamp":"2026-05-24 12:23:26"}
{"error":"","level":"error","message":"Telegram请求失败","method":"getUpdates","service":"nas-bot","timestamp":"2026-05-24 12:23:27"}
{"error":"","level":"error","message":"Telegram请求失败","method":"getUpdates","service":"nas-bot","timestamp":"2026-05-24 12:23:28"}
{"error":"","level":"error","message":"Telegram请求失败","method":"getUpdates","service":"nas-bot","timestamp":"2026-05-24 12:23:29"}
{"error":"","level":"error","message":"Telegram请求失败","method":"getUpdates","service":"nas-bot","timestamp":"2026-05-24 12:23:31"}
{"error":"","level":"error","message":"Telegram请求失败","method":"getUpdates","service":"nas-bot","timestamp":"2026-05-24 12:23:32"}
{"error":"","level":"error","message":"Telegram请求失败","method":"getUpdates","service":"nas-bot","timestamp":"2026-05-24 12:23:33"}
{"error":"","level":"error","message":"Telegram请求失败","method":"getUpdates","service":"nas-bot","timestamp":"2026-05-24 12:23:34"}
{"error":"","level":"error","message":"Telegram请求失败","method":"getUpdates","service":"nas-bot","timestamp":"2026-05-24 12:23:36"}
{"error":"","level":"error","message":"Telegram请求失败","method":"getUpdates","service":"nas-bot","timestamp":"2026-05-24 12:23:37"}
{"error":"","level":"error","message":"Telegram请求失败","method":"getUpdates","service":"nas-bot","timestamp":"2026-05-24 12:23:38"}
{"error":"","level":"error","message":"Telegram请求失败","method":"getUpdates","service":"nas-bot","timestamp":"2026-05-24 12:23:39"}
{"error":"","level":"error","message":"Telegram请求失败","method":"getUpdates","service":"nas-bot","timestamp":"2026-05-24 12:23:41"}
{"error":"","level":"error","message":"Telegram请求失败","method":"getUpdates","service":"nas-bot","timestamp":"2026-05-24 12:23:42"}
{"error":"","level":"error","message":"Telegram请求失败","method":"getUpdates","service":"nas-bot","timestamp":"2026-05-24 12:23:43"}
{"error":"","level":"error","message":"Telegram请求失败","method":"getUpdates","service":"nas-bot","timestamp":"2026-05-24 12:23:44"}
{"error":"","level":"error","message":"Telegram请求失败","method":"getUpdates","service":"nas-bot","timestamp":"2026-05-24 12:23:46"}
{"error":"","level":"error","message":"Telegram请求失败","method":"getUpdates","service":"nas-bot","timestamp":"2026-05-24 12:23:47"}
{"error":"","level":"error","message":"Telegram请求失败","method":"getUpdates","service":"nas-bot","timestamp":"2026-05-24 12:23:48"}
{"error":"","level":"error","message":"Telegram请求失败","method":"getUpdates","service":"nas-bot","timestamp":"2026-05-24 12:23:49"}
{"error":"","level":"error","message":"Telegram请求失败","method":"getUpdates","service":"nas-bot","timestamp":"2026-05-24 12:23:51"}
{"error":"","level":"error","message":"Telegram请求失败","method":"getUpdates","service":"nas-bot","timestamp":"2026-05-24 12:23:52"}
{"error":"","level":"error","message":"Telegram请求失败","method":"getUpdates","service":"nas-bot","timestamp":"2026-05-24 12:23:53"}
{"error":"","level":"error","message":"Telegram请求失败","method":"getUpdates","service":"nas-bot","timestamp":"2026-05-24 12:23:54"}
{"error":"","level":"error","message":"Telegram请求失败","method":"getUpdates","service":"nas-bot","timestamp":"2026-05-24 12:23:56"}
{"error":"","level":"error","message":"Telegram请求失败","method":"getUpdates","service":"nas-bot","timestamp":"2026-05-24 12:23:57"}
{"error":"","level":"error","message":"Telegram请求失败","method":"getUpdates","service":"nas-bot","timestamp":"2026-05-24 12:23:58"}
{"error":"","level":"error","message":"Telegram请求失败","method":"getUpdates","service":"nas-bot","timestamp":"2026-05-24 12:24:00"}
{"error":"","level":"error","message":"Telegram请求失败","method":"getUpdates","service":"nas-bot","timestamp":"2026-05-24 12:24:01"}
{"error":"","level":"error","message":"Telegram请求失败","method":"getUpdates","service":"nas-bot","timestamp":"2026-05-24 12:24:02"}
{"error":"","level":"error","message":"Telegram请求失败","method":"getUpdates","service":"nas-bot","timestamp":"2026-05-24 12:24:03"}
{"error":"","level":"error","message":"Telegram请求失败","method":"getUpdates","service":"nas-bot","timestamp":"2026-05-24 12:24:05"}
{"error":"","level":"error","message":"Telegram请求失败","method":"getUpdates","service":"nas-bot","timestamp":"2026-05-24 12:24:06"}
{"error":"","level":"error","message":"Telegram请求失败","method":"getUpdates","service":"nas-bot","timestamp":"2026-05-24 12:24:07"}
{"error":"","level":"error","message":"Telegram请求失败","method":"getUpdates","service":"nas-bot","timestamp":"2026-05-24 12:24:08"}
{"error":"","level":"error","message":"Telegram请求失败","method":"getUpdates","service":"nas-bot","timestamp":"2026-05-24 12:24:10"}
{"error":"","level":"error","message":"Telegram请求失败","method":"getUpdates","service":"nas-bot","timestamp":"2026-05-24 12:24:11"}
{"error":"","level":"error","message":"Telegram请求失败","method":"getUpdates","service":"nas-bot","timestamp":"2026-05-24 12:24:12"}
{"error":"","level":"error","message":"Telegram请求失败","method":"getUpdates","service":"nas-bot","timestamp":"2026-05-24 12:24:13"}
{"error":"","level":"error","message":"Telegram请求失败","method":"getUpdates","service":"nas-bot","timestamp":"2026-05-24 12:24:15"}
{"error":"","level":"error","message":"Telegram请求失败","method":"getUpdates","service":"nas-bot","timestamp":"2026-05-24 12:24:16"}
{"error":"","level":"error","message":"Telegram请求失败","method":"getUpdates","service":"nas-bot","timestamp":"2026-05-24 12:24:17"}
{"error":"","level":"error","message":"Telegram请求失败","method":"getUpdates","service":"nas-bot","timestamp":"2026-05-24 12:24:18"}
{"error":"","level":"error","message":"Telegram请求失败","method":"getUpdates","service":"nas-bot","timestamp":"2026-05-24 12:24:20"}
{"error":"","level":"error","message":"Telegram请求失败","method":"getUpdates","service":"nas-bot","timestamp":"2026-05-24 12:24:21"}
{"error":"","level":"error","message":"Telegram请求失败","method":"getUpdates","service":"nas-bot","timestamp":"2026-05-24 12:24:22"}
{"error":"","level":"error","message":"Telegram请求失败","method":"getUpdates","service":"nas-bot","timestamp":"2026-05-24 12:24:23"}
{"error":"","level":"error","message":"Telegram请求失败","method":"getUpdates","service":"nas-bot","timestamp":"2026-05-24 12:24:25"}
{"error":"","level":"error","message":"Telegram请求失败","method":"getUpdates","service":"nas-bot","timestamp":"2026-05-24 12:24:26"}
{"error":"","level":"error","message":"Telegram请求失败","method":"getUpdates","service":"nas-bot","timestamp":"2026-05-24 12:24:27"}
{"error":"","level":"error","message":"Telegram请求失败","method":"getUpdates","service":"nas-bot","timestamp":"2026-05-24 12:24:28"}
{"error":"","level":"error","message":"Telegram请求失败","method":"getUpdates","service":"nas-bot","timestamp":"2026-05-24 12:24:30"}
{"error":"","level":"error","message":"Telegram请求失败","method":"getUpdates","service":"nas-bot","timestamp":"2026-05-24 12:24:31"}
{"error":"","level":"error","message":"Telegram请求失败","method":"getUpdates","service":"nas-bot","timestamp":"2026-05-24 12:24:32"}
{"error":"","level":"error","message":"Telegram请求失败","method":"getUpdates","service":"nas-bot","timestamp":"2026-05-24 12:24:33"}
{"error":"","level":"error","message":"Telegram请求失败","method":"getUpdates","service":"nas-bot","timestamp":"2026-05-24 12:24:35"}
{"error":"","level":"error","message":"Telegram请求失败","method":"getUpdates","service":"nas-bot","timestamp":"2026-05-24 12:24:36"}
{"error":"","level":"error","message":"Telegram请求失败","method":"getUpdates","service":"nas-bot","timestamp":"2026-05-24 12:24:37"}
{"error":"","level":"error","message":"Telegram请求失败","method":"getUpdates","service":"nas-bot","timestamp":"2026-05-24 12:24:39"}
{"error":"","level":"error","message":"Telegram请求失败","method":"getUpdates","service":"nas-bot","timestamp":"2026-05-24 12:24:40"}
{"error":"","level":"error","message":"Telegram请求失败","method":"getUpdates","service":"nas-bot","timestamp":"2026-05-24 12:24:41"}
{"error":"","level":"error","message":"Telegram请求失败","method":"getUpdates","service":"nas-bot","timestamp":"2026-05-24 12:24:42"}
{"error":"","level":"error","message":"Telegram请求失败","method":"getUpdates","service":"nas-bot","timestamp":"2026-05-24 12:24:44"}
{"error":"","level":"error","message":"Telegram请求失败","method":"getUpdates","service":"nas-bot","timestamp":"2026-05-24 12:24:45"}
{"error":"","level":"error","message":"Telegram请求失败","method":"getUpdates","service":"nas-bot","timestamp":"2026-05-24 12:24:46"}
{"error":"","level":"error","message":"Telegram请求失败","method":"getUpdates","service":"nas-bot","timestamp":"2026-05-24 12:24:47"}
{"error":"","level":"error","message":"Telegram请求失败","method":"getUpdates","service":"nas-bot","timestamp":"2026-05-24 12:24:49"}
{"error":"","level":"error","message":"Telegram请求失败","method":"getUpdates","service":"nas-bot","timestamp":"2026-05-24 12:24:50"}
{"error":"","level":"error","message":"Telegram请求失败","method":"getUpdates","service":"nas-bot","timestamp":"2026-05-24 12:24:51"}
{"error":"","level":"error","message":"Telegram请求失败","method":"getUpdates","service":"nas-bot","timestamp":"2026-05-24 12:24:52"}
{"error":"","level":"error","message":"Telegram请求失败","method":"getUpdates","service":"nas-bot","timestamp":"2026-05-24 12:24:54"}
{"error":"","level":"error","message":"Telegram请求失败","method":"getUpdates","service":"nas-bot","timestamp":"2026-05-24 12:24:55"}
{"error":"","level":"error","message":"Telegram请求失败","method":"getUpdates","service":"nas-bot","timestamp":"2026-05-24 12:24:56"}
{"error":"","level":"error","message":"Telegram请求失败","method":"getUpdates","service":"nas-bot","timestamp":"2026-05-24 12:24:58"}
{"error":"","level":"error","message":"Telegram请求失败","method":"getUpdates","service":"nas-bot","timestamp":"2026-05-24 12:24:59"}
{"error":"","level":"error","message":"Telegram请求失败","method":"getUpdates","service":"nas-bot","timestamp":"2026-05-24 12:25:00"}
{"error":"","level":"error","message":"Telegram请求失败","method":"getUpdates","service":"nas-bot","timestamp":"2026-05-24 12:25:01"}
{"error":"","level":"error","message":"Telegram请求失败","method":"getUpdates","service":"nas-bot","timestamp":"2026-05-24 12:25:03"}
{"error":"","level":"error","message":"Telegram请求失败","method":"getUpdates","service":"nas-bot","timestamp":"2026-05-24 12:25:04"}
{"error":"","level":"error","message":"Telegram请求失败","method":"getUpdates","service":"nas-bot","timestamp":"2026-05-24 12:25:05"}
{"error":"","level":"error","message":"Telegram请求失败","method":"getUpdates","service":"nas-bot","timestamp":"2026-05-24 12:25:06"}
{"error":"","level":"error","message":"Telegram请求失败","method":"getUpdates","service":"nas-bot","timestamp":"2026-05-24 12:25:08"}
{"error":"","level":"error","message":"Telegram请求失败","method":"getUpdates","service":"nas-bot","timestamp":"2026-05-24 12:25:09"}
{"error":"","level":"error","message":"Telegram请求失败","method":"getUpdates","service":"nas-bot","timestamp":"2026-05-24 12:25:10"}
{"error":"","level":"error","message":"Telegram请求失败","method":"getUpdates","service":"nas-bot","timestamp":"2026-05-24 12:25:11"}
{"error":"","level":"error","message":"Telegram请求失败","method":"getUpdates","service":"nas-bot","timestamp":"2026-05-24 12:25:13"}
{"error":"","level":"error","message":"Telegram请求失败","method":"getUpdates","service":"nas-bot","timestamp":"2026-05-24 12:25:14"}
{"error":"","level":"error","message":"Telegram请求失败","method":"getUpdates","service":"nas-bot","timestamp":"2026-05-24 12:25:15"}
{"error":"","level":"error","message":"Telegram请求失败","method":"getUpdates","service":"nas-bot","timestamp":"2026-05-24 12:25:16"}
{"error":"","level":"error","message":"Telegram请求失败","method":"getUpdates","service":"nas-bot","timestamp":"2026-05-24 12:25:18"}
{"error":"","level":"error","message":"Telegram请求失败","method":"getUpdates","service":"nas-bot","timestamp":"2026-05-24 12:25:19"}
{"error":"","level":"error","message":"Telegram请求失败","method":"getUpdates","service":"nas-bot","timestamp":"2026-05-24 12:25:20"}
{"error":"","level":"error","message":"Telegram请求失败","method":"getUpdates","service":"nas-bot","timestamp":"2026-05-24 12:25:21"}
{"error":"","level":"error","message":"Telegram请求失败","method":"getUpdates","service":"nas-bot","timestamp":"2026-05-24 12:25:23"}
{"error":"","level":"error","message":"Telegram请求失败","method":"getUpdates","service":"nas-bot","timestamp":"2026-05-24 12:25:24"}
{"error":"","level":"error","message":"Telegram请求失败","method":"getUpdates","service":"nas-bot","timestamp":"2026-05-24 12:25:25"}
{"error":"","level":"error","message":"Telegram请求失败","method":"getUpdates","service":"nas-bot","timestamp":"2026-05-24 12:25:26"}
{"error":"","level":"error","message":"Telegram请求失败","method":"getUpdates","service":"nas-bot","timestamp":"2026-05-24 12:25:28"}
{"error":"","level":"error","message":"Telegram请求失败","method":"getUpdates","service":"nas-bot","timestamp":"2026-05-24 12:25:29"}
{"error":"","level":"error","message":"Telegram请求失败","method":"getUpdates","service":"nas-bot","timestamp":"2026-05-24 12:25:30"}
{"error":"","level":"error","message":"Telegram请求失败","method":"getUpdates","service":"nas-bot","timestamp":"2026-05-24 12:25:31"}
{"error":"","level":"error","message":"Telegram请求失败","method":"getUpdates","service":"nas-bot","timestamp":"2026-05-24 12:25:33"}
{"error":"","level":"error","message":"Telegram请求失败","method":"getUpdates","service":"nas-bot","timestamp":"2026-05-24 12:25:34"}
{"error":"","level":"error","message":"Telegram请求失败","method":"getUpdates","service":"nas-bot","timestamp":"2026-05-24 12:25:35"}
{"error":"","level":"error","message":"Telegram请求失败","method":"getUpdates","service":"nas-bot","timestamp":"2026-05-24 12:25:36"}
{"error":"","level":"error","message":"Telegram请求失败","method":"getUpdates","service":"nas-bot","timestamp":"2026-05-24 12:25:38"}
{"error":"","level":"error","message":"Telegram请求失败","method":"getUpdates","service":"nas-bot","timestamp":"2026-05-24 12:25:39"}
{"error":"","level":"error","message":"Telegram请求失败","method":"getUpdates","service":"nas-bot","timestamp":"2026-05-24 12:25:40"}
{"error":"","level":"error","message":"Telegram请求失败","method":"getUpdates","service":"nas-bot","timestamp":"2026-05-24 12:25:41"}
{"error":"","level":"error","message":"Telegram请求失败","method":"getUpdates","service":"nas-bot","timestamp":"2026-05-24 12:25:43"}
{"error":"","level":"error","message":"Telegram请求失败","method":"getUpdates","service":"nas-bot","timestamp":"2026-05-24 12:25:44"}
{"error":"","level":"error","message":"Telegram请求失败","method":"getUpdates","service":"nas-bot","timestamp":"2026-05-24 12:25:45"}
{"error":"","level":"error","message":"Telegram请求失败","method":"getUpdates","service":"nas-bot","timestamp":"2026-05-24 12:25:46"}
{"error":"","level":"error","message":"Telegram请求失败","method":"getUpdates","service":"nas-bot","timestamp":"2026-05-24 12:25:48"}
{"error":"","level":"error","message":"Telegram请求失败","method":"getUpdates","service":"nas-bot","timestamp":"2026-05-24 12:25:49"}
{"error":"","level":"error","message":"Telegram请求失败","method":"getUpdates","service":"nas-bot","timestamp":"2026-05-24 12:25:50"}
{"error":"","level":"error","message":"Telegram请求失败","method":"getUpdates","service":"nas-bot","timestamp":"2026-05-24 12:25:52"}
{"error":"","level":"error","message":"Telegram请求失败","method":"getUpdates","service":"nas-bot","timestamp":"2026-05-24 12:25:53"}
{"error":"","level":"error","message":"Telegram请求失败","method":"getUpdates","service":"nas-bot","timestamp":"2026-05-24 12:25:54"}
{"error":"","level":"error","message":"Telegram请求失败","method":"getUpdates","service":"nas-bot","timestamp":"2026-05-24 12:25:55"}
{"error":"","level":"error","message":"Telegram请求失败","method":"getUpdates","service":"nas-bot","timestamp":"2026-05-24 12:25:57"}
{"error":"","level":"error","message":"Telegram请求失败","method":"getUpdates","service":"nas-bot","timestamp":"2026-05-24 12:25:58"}
{"error":"","level":"error","message":"Telegram请求失败","method":"getUpdates","service":"nas-bot","timestamp":"2026-05-24 12:25:59"}
{"error":"","level":"error","message":"Telegram请求失败","method":"getUpdates","service":"nas-bot","timestamp":"2026-05-24 12:26:01"}
{"error":"","level":"error","message":"Telegram请求失败","method":"getUpdates","service":"nas-bot","timestamp":"2026-05-24 12:26:02"}
{"error":"","level":"error","message":"Telegram请求失败","method":"getUpdates","service":"nas-bot","timestamp":"2026-05-24 12:26:03"}
{"error":"","level":"error","message":"Telegram请求失败","method":"getUpdates","service":"nas-bot","timestamp":"2026-05-24 12:26:04"}
{"error":"","level":"error","message":"Telegram请求失败","method":"getUpdates","service":"nas-bot","timestamp":"2026-05-24 12:26:06"}
{"error":"","level":"error","message":"Telegram请求失败","method":"getUpdates","service":"nas-bot","timestamp":"2026-05-24 12:26:07"}
{"error":"","level":"error","message":"Telegram请求失败","method":"getUpdates","service":"nas-bot","timestamp":"2026-05-24 12:26:08"}
{"error":"","level":"error","message":"Telegram请求失败","method":"getUpdates","service":"nas-bot","timestamp":"2026-05-24 12:26:09"}
{"error":"","level":"error","message":"Telegram请求失败","method":"getUpdates","service":"nas-bot","timestamp":"2026-05-24 12:26:11"}
{"error":"","level":"error","message":"Telegram请求失败","method":"getUpdates","service":"nas-bot","timestamp":"2026-05-24 12:26:12"}
{"error":"","level":"error","message":"Telegram请求失败","method":"getUpdates","service":"nas-bot","timestamp":"2026-05-24 12:26:13"}
{"error":"","level":"error","message":"Telegram请求失败","method":"getUpdates","service":"nas-bot","timestamp":"2026-05-24 12:26:14"}
{"error":"","level":"error","message":"Telegram请求失败","method":"getUpdates","service":"nas-bot","timestamp":"2026-05-24 12:26:16"}
{"error":"","level":"error","message":"Telegram请求失败","method":"getUpdates","service":"nas-bot","timestamp":"2026-05-24 12:26:17"}
{"error":"","level":"error","message":"Telegram请求失败","method":"getUpdates","service":"nas-bot","timestamp":"2026-05-24 12:26:18"}
{"error":"","level":"error","message":"Telegram请求失败","method":"getUpdates","service":"nas-bot","timestamp":"2026-05-24 12:26:19"}
{"error":"","level":"error","message":"Telegram请求失败","method":"getUpdates","service":"nas-bot","timestamp":"2026-05-24 12:26:21"}
{"error":"","level":"error","message":"Telegram请求失败","method":"getUpdates","service":"nas-bot","timestamp":"2026-05-24 12:26:22"}
{"error":"","level":"error","message":"Telegram请求失败","method":"getUpdates","service":"nas-bot","timestamp":"2026-05-24 12:26:23"}
{"error":"","level":"error","message":"Telegram请求失败","method":"getUpdates","service":"nas-bot","timestamp":"2026-05-24 12:26:24"}
{"error":"","level":"error","message":"Telegram请求失败","method":"getUpdates","service":"nas-bot","timestamp":"2026-05-24 12:26:26"}
{"error":"","level":"error","message":"Telegram请求失败","method":"getUpdates","service":"nas-bot","timestamp":"2026-05-24 12:26:27"}
{"error":"","level":"error","message":"Telegram请求失败","method":"getUpdates","service":"nas-bot","timestamp":"2026-05-24 12:26:28"}
{"error":"","level":"error","message":"Telegram请求失败","method":"getUpdates","service":"nas-bot","timestamp":"2026-05-24 12:26:29"}
{"error":"","level":"error","message":"Telegram请求失败","method":"getUpdates","service":"nas-bot","timestamp":"2026-05-24 12:26:31"}
{"error":"","level":"error","message":"Telegram请求失败","method":"getUpdates","service":"nas-bot","timestamp":"2026-05-24 12:26:32"}
{"error":"","level":"error","message":"Telegram请求失败","method":"getUpdates","service":"nas-bot","timestamp":"2026-05-24 12:26:33"}
{"error":"","level":"error","message":"Telegram请求失败","method":"getUpdates","service":"nas-bot","timestamp":"2026-05-24 12:26:34"}
{"error":"","level":"error","message":"Telegram请求失败","method":"getUpdates","service":"nas-bot","timestamp":"2026-05-24 12:26:36"}
{"error":"","level":"error","message":"Telegram请求失败","method":"getUpdates","service":"nas-bot","timestamp":"2026-05-24 12:26:37"}
{"error":"","level":"error","message":"Telegram请求失败","method":"getUpdates","service":"nas-bot","timestamp":"2026-05-24 12:26:38"}
{"error":"","level":"error","message":"Telegram请求失败","method":"getUpdates","service":"nas-bot","timestamp":"2026-05-24 12:26:39"}
{"error":"","level":"error","message":"Telegram请求失败","method":"getUpdates","service":"nas-bot","timestamp":"2026-05-24 12:26:41"}
{"error":"","level":"error","message":"Telegram请求失败","method":"getUpdates","service":"nas-bot","timestamp":"2026-05-24 12:26:42"}
{"error":"","level":"error","message":"Telegram请求失败","method":"getUpdates","service":"nas-bot","timestamp":"2026-05-24 12:26:43"}
{"error":"","level":"error","message":"Telegram请求失败","method":"getUpdates","service":"nas-bot","timestamp":"2026-05-24 12:26:44"}
{"error":"","level":"error","message":"Telegram请求失败","method":"getUpdates","service":"nas-bot","timestamp":"2026-05-24 12:26:46"}
{"error":"","level":"error","message":"Telegram请求失败","method":"getUpdates","service":"nas-bot","timestamp":"2026-05-24 12:26:47"}
{"error":"","level":"error","message":"Telegram请求失败","method":"getUpdates","service":"nas-bot","timestamp":"2026-05-24 12:26:48"}
{"error":"","level":"error","message":"Telegram请求失败","method":"getUpdates","service":"nas-bot","timestamp":"2026-05-24 12:26:49"}
{"error":"","level":"error","message":"Telegram请求失败","method":"getUpdates","service":"nas-bot","timestamp":"2026-05-24 12:26:51"}
{"error":"","level":"error","message":"Telegram请求失败","method":"getUpdates","service":"nas-bot","timestamp":"2026-05-24 12:26:52"}
{"error":"","level":"error","message":"Telegram请求失败","method":"getUpdates","service":"nas-bot","timestamp":"2026-05-24 12:26:53"}
{"error":"","level":"error","message":"Telegram请求失败","method":"getUpdates","service":"nas-bot","timestamp":"2026-05-24 12:26:54"}
{"error":"","level":"error","message":"Telegram请求失败","method":"getUpdates","service":"nas-bot","timestamp":"2026-05-24 12:26:56"}
{"error":"","level":"error","message":"Telegram请求失败","method":"getUpdates","service":"nas-bot","timestamp":"2026-05-24 12:26:57"}
{"error":"","level":"error","message":"Telegram请求失败","method":"getUpdates","service":"nas-bot","timestamp":"2026-05-24 12:26:58"}
{"error":"","level":"error","message":"Telegram请求失败","method":"getUpdates","service":"nas-bot","timestamp":"2026-05-24 12:27:00"}
{"error":"","level":"error","message":"Telegram请求失败","method":"getUpdates","service":"nas-bot","timestamp":"2026-05-24 12:27:01"}
{"error":"","level":"error","message":"Telegram请求失败","method":"getUpdates","service":"nas-bot","timestamp":"2026-05-24 12:27:02"}
{"error":"","level":"error","message":"Telegram请求失败","method":"getUpdates","service":"nas-bot","timestamp":"2026-05-24 12:27:03"}
{"error":"","level":"error","message":"Telegram请求失败","method":"getUpdates","service":"nas-bot","timestamp":"2026-05-24 12:27:05"}
{"error":"","level":"error","message":"Telegram请求失败","method":"getUpdates","service":"nas-bot","timestamp":"2026-05-24 12:27:06"}
{"error":"","level":"error","message":"Telegram请求失败","method":"getUpdates","service":"nas-bot","timestamp":"2026-05-24 12:27:07"}
{"error":"","level":"error","message":"Telegram请求失败","method":"getUpdates","service":"nas-bot","timestamp":"2026-05-24 12:27:09"}
{"error":"","level":"error","message":"Telegram请求失败","method":"getUpdates","service":"nas-bot","timestamp":"2026-05-24 12:27:10"}
{"error":"","level":"error","message":"Telegram请求失败","method":"getUpdates","service":"nas-bot","timestamp":"2026-05-24 12:27:11"}
{"error":"","level":"error","message":"Telegram请求失败","method":"getUpdates","service":"nas-bot","timestamp":"2026-05-24 12:27:12"}
{"error":"","level":"error","message":"Telegram请求失败","method":"getUpdates","service":"nas-bot","timestamp":"2026-05-24 12:27:14"}
{"error":"","level":"error","message":"Telegram请求失败","method":"getUpdates","service":"nas-bot","timestamp":"2026-05-24 12:27:15"}
{"error":"","level":"error","message":"Telegram请求失败","method":"getUpdates","service":"nas-bot","timestamp":"2026-05-24 12:27:16"}
{"error":"","level":"error","message":"Telegram请求失败","method":"getUpdates","service":"nas-bot","timestamp":"2026-05-24 12:27:17"}
{"error":"","level":"error","message":"Telegram请求失败","method":"getUpdates","service":"nas-bot","timestamp":"2026-05-24 12:27:19"}
{"error":"","level":"error","message":"Telegram请求失败","method":"getUpdates","service":"nas-bot","timestamp":"2026-05-24 12:27:20"}
{"error":"","level":"error","message":"Telegram请求失败","method":"getUpdates","service":"nas-bot","timestamp":"2026-05-24 12:27:21"}
{"error":"","level":"error","message":"Telegram请求失败","method":"getUpdates","service":"nas-bot","timestamp":"2026-05-24 12:27:22"}
{"error":"","level":"error","message":"Telegram请求失败","method":"getUpdates","service":"nas-bot","timestamp":"2026-05-24 12:27:24"}
{"error":"","level":"error","message":"Telegram请求失败","method":"getUpdates","service":"nas-bot","timestamp":"2026-05-24 12:27:25"}
{"error":"","level":"error","message":"Telegram请求失败","method":"getUpdates","service":"nas-bot","timestamp":"2026-05-24 12:27:26"}
{"error":"","level":"error","message":"Telegram请求失败","method":"getUpdates","service":"nas-bot","timestamp":"2026-05-24 12:27:27"}
{"error":"","level":"error","message":"Telegram请求失败","method":"getUpdates","service":"nas-bot","timestamp":"2026-05-24 12:27:29"}
{"error":"","level":"error","message":"Telegram请求失败","method":"getUpdates","service":"nas-bot","timestamp":"2026-05-24 12:27:30"}
{"error":"","level":"error","message":"Telegram请求失败","method":"getUpdates","service":"nas-bot","timestamp":"2026-05-24 12:27:31"}
{"error":"","level":"error","message":"Telegram请求失败","method":"getUpdates","service":"nas-bot","timestamp":"2026-05-24 12:27:33"}
{"error":"","level":"error","message":"Telegram请求失败","method":"getUpdates","service":"nas-bot","timestamp":"2026-05-24 12:27:34"}
{"error":"","level":"error","message":"Telegram请求失败","method":"getUpdates","service":"nas-bot","timestamp":"2026-05-24 12:27:35"}
{"error":"","level":"error","message":"Telegram请求失败","method":"getUpdates","service":"nas-bot","timestamp":"2026-05-24 12:27:36"}
{"error":"","level":"error","message":"Telegram请求失败","method":"getUpdates","service":"nas-bot","timestamp":"2026-05-24 12:27:38"}
{"error":"","level":"error","message":"Telegram请求失败","method":"getUpdates","service":"nas-bot","timestamp":"2026-05-24 12:27:39"}
{"error":"","level":"error","message":"Telegram请求失败","method":"getUpdates","service":"nas-bot","timestamp":"2026-05-24 12:27:40"}
{"error":"","level":"error","message":"Telegram请求失败","method":"getUpdates","service":"nas-bot","timestamp":"2026-05-24 12:27:41"}
{"error":"","level":"error","message":"Telegram请求失败","method":"getUpdates","service":"nas-bot","timestamp":"2026-05-24 12:27:43"}
{"error":"","level":"error","message":"Telegram请求失败","method":"getUpdates","service":"nas-bot","timestamp":"2026-05-24 12:27:44"}
{"error":"","level":"error","message":"Telegram请求失败","method":"getUpdates","service":"nas-bot","timestamp":"2026-05-24 12:27:45"}
{"error":"","level":"error","message":"Telegram请求失败","method":"getUpdates","service":"nas-bot","timestamp":"2026-05-24 12:27:46"}
{"error":"","level":"error","message":"Telegram请求失败","method":"getUpdates","service":"nas-bot","timestamp":"2026-05-24 12:27:48"}
{"error":"","level":"error","message":"Telegram请求失败","method":"getUpdates","service":"nas-bot","timestamp":"2026-05-24 12:27:49"}
{"error":"","level":"error","message":"Telegram请求失败","method":"getUpdates","service":"nas-bot","timestamp":"2026-05-24 12:27:50"}
{"error":"","level":"error","message":"Telegram请求失败","method":"getUpdates","service":"nas-bot","timestamp":"2026-05-24 12:27:51"}
{"error":"","level":"error","message":"Telegram请求失败","method":"getUpdates","service":"nas-bot","timestamp":"2026-05-24 12:27:53"}
{"error":"","level":"error","message":"Telegram请求失败","method":"getUpdates","service":"nas-bot","timestamp":"2026-05-24 12:27:54"}
{"error":"","level":"error","message":"Telegram请求失败","method":"getUpdates","service":"nas-bot","timestamp":"2026-05-24 12:27:55"}
{"error":"","level":"error","message":"Telegram请求失败","method":"getUpdates","service":"nas-bot","timestamp":"2026-05-24 12:27:56"}
{"error":"","level":"error","message":"Telegram请求失败","method":"getUpdates","service":"nas-bot","timestamp":"2026-05-24 12:27:58"}
{"error":"","level":"error","message":"Telegram请求失败","method":"getUpdates","service":"nas-bot","timestamp":"2026-05-24 12:27:59"}
{"error":"","level":"error","message":"Telegram请求失败","method":"getUpdates","service":"nas-bot","timestamp":"2026-05-24 12:28:00"}
{"error":"","level":"error","message":"Telegram请求失败","method":"getUpdates","service":"nas-bot","timestamp":"2026-05-24 12:28:01"}
{"error":"","level":"error","message":"Telegram请求失败","method":"getUpdates","service":"nas-bot","timestamp":"2026-05-24 12:28:03"}
{"error":"","level":"error","message":"Telegram请求失败","method":"getUpdates","service":"nas-bot","timestamp":"2026-05-24 12:28:04"}
{"error":"","level":"error","message":"Telegram请求失败","method":"getUpdates","service":"nas-bot","timestamp":"2026-05-24 12:28:05"}
{"error":"","level":"error","message":"Telegram请求失败","method":"getUpdates","service":"nas-bot","timestamp":"2026-05-24 12:28:06"}
{"error":"","level":"error","message":"Telegram请求失败","method":"getUpdates","service":"nas-bot","timestamp":"2026-05-24 12:28:08"}
{"error":"","level":"error","message":"Telegram请求失败","method":"getUpdates","service":"nas-bot","timestamp":"2026-05-24 12:28:09"}
{"error":"","level":"error","message":"Telegram请求失败","method":"getUpdates","service":"nas-bot","timestamp":"2026-05-24 12:28:10"}
{"error":"","level":"error","message":"Telegram请求失败","method":"getUpdates","service":"nas-bot","timestamp":"2026-05-24 12:28:11"}
{"error":"","level":"error","message":"Telegram请求失败","method":"getUpdates","service":"nas-bot","timestamp":"2026-05-24 12:28:13"}
{"error":"","level":"error","message":"Telegram请求失败","method":"getUpdates","service":"nas-bot","timestamp":"2026-05-24 12:28:14"}
{"error":"","level":"error","message":"Telegram请求失败","method":"getUpdates","service":"nas-bot","timestamp":"2026-05-24 12:28:15"}
{"error":"","level":"error","message":"Telegram请求失败","method":"getUpdates","service":"nas-bot","timestamp":"2026-05-24 12:28:16"}
{"error":"","level":"error","message":"Telegram请求失败","method":"getUpdates","service":"nas-bot","timestamp":"2026-05-24 12:28:18"}
{"error":"","level":"error","message":"Telegram请求失败","method":"getUpdates","service":"nas-bot","timestamp":"2026-05-24 12:28:19"}
{"error":"","level":"error","message":"Telegram请求失败","method":"getUpdates","service":"nas-bot","timestamp":"2026-05-24 12:28:20"}
{"error":"","level":"error","message":"Telegram请求失败","method":"getUpdates","service":"nas-bot","timestamp":"2026-05-24 12:28:22"}
{"error":"","level":"error","message":"Telegram请求失败","method":"getUpdates","service":"nas-bot","timestamp":"2026-05-24 12:28:23"}
{"error":"","level":"error","message":"Telegram请求失败","method":"getUpdates","service":"nas-bot","timestamp":"2026-05-24 12:28:24"}
{"error":"","level":"error","message":"Telegram请求失败","method":"getUpdates","service":"nas-bot","timestamp":"2026-05-24 12:28:25"}
{"error":"","level":"error","message":"Telegram请求失败","method":"getUpdates","service":"nas-bot","timestamp":"2026-05-24 12:28:27"}
{"error":"","level":"error","message":"Telegram请求失败","method":"getUpdates","service":"nas-bot","timestamp":"2026-05-24 12:28:28"}
{"error":"","level":"error","message":"Telegram请求失败","method":"getUpdates","service":"nas-bot","timestamp":"2026-05-24 12:28:29"}
{"error":"","level":"error","message":"Telegram请求失败","method":"getUpdates","service":"nas-bot","timestamp":"2026-05-24 12:28:30"}
{"error":"","level":"error","message":"Telegram请求失败","method":"getUpdates","service":"nas-bot","timestamp":"2026-05-24 12:28:32"}
{"error":"","level":"error","message":"Telegram请求失败","method":"getUpdates","service":"nas-bot","timestamp":"2026-05-24 12:28:33"}
{"error":"","level":"error","message":"Telegram请求失败","method":"getUpdates","service":"nas-bot","timestamp":"2026-05-24 12:28:34"}
{"error":"","level":"error","message":"Telegram请求失败","method":"getUpdates","service":"nas-bot","timestamp":"2026-05-24 12:28:35"}
{"error":"","level":"error","message":"Telegram请求失败","method":"getUpdates","service":"nas-bot","timestamp":"2026-05-24 12:28:37"}
{"error":"","level":"error","message":"Telegram请求失败","method":"getUpdates","service":"nas-bot","timestamp":"2026-05-24 12:28:38"}
{"error":"","level":"error","message":"Telegram请求失败","method":"getUpdates","service":"nas-bot","timestamp":"2026-05-24 12:28:39"}
{"error":"","level":"error","message":"Telegram请求失败","method":"getUpdates","service":"nas-bot","timestamp":"2026-05-24 12:28:40"}
{"error":"","level":"error","message":"Telegram请求失败","method":"getUpdates","service":"nas-bot","timestamp":"2026-05-24 12:28:42"}
{"error":"","level":"error","message":"Telegram请求失败","method":"getUpdates","service":"nas-bot","timestamp":"2026-05-24 12:28:43"}
{"error":"","level":"error","message":"Telegram请求失败","method":"getUpdates","service":"nas-bot","timestamp":"2026-05-24 12:28:44"}
{"error":"","level":"error","message":"Telegram请求失败","method":"getUpdates","service":"nas-bot","timestamp":"2026-05-24 12:28:45"}
{"error":"","level":"error","message":"Telegram请求失败","method":"getUpdates","service":"nas-bot","timestamp":"2026-05-24 12:28:47"}
{"error":"","level":"error","message":"Telegram请求失败","method":"getUpdates","service":"nas-bot","timestamp":"2026-05-24 12:28:48"}
{"error":"","level":"error","message":"Telegram请求失败","method":"getUpdates","service":"nas-bot","timestamp":"2026-05-24 12:28:49"}
{"error":"","level":"error","message":"Telegram请求失败","method":"getUpdates","service":"nas-bot","timestamp":"2026-05-24 12:28:50"}
{"error":"","level":"error","message":"Telegram请求失败","method":"getUpdates","service":"nas-bot","timestamp":"2026-05-24 12:28:52"}
{"error":"","level":"error","message":"Telegram请求失败","method":"getUpdates","service":"nas-bot","timestamp":"2026-05-24 12:28:53"}
{"error":"","level":"error","message":"Telegram请求失败","method":"getUpdates","service":"nas-bot","timestamp":"2026-05-24 12:28:54"}
{"error":"","level":"error","message":"Telegram请求失败","method":"getUpdates","service":"nas-bot","timestamp":"2026-05-24 12:28:55"}
{"error":"","level":"error","message":"Telegram请求失败","method":"getUpdates","service":"nas-bot","timestamp":"2026-05-24 12:28:57"}
{"error":"","level":"error","message":"Telegram请求失败","method":"getUpdates","service":"nas-bot","timestamp":"2026-05-24 12:28:58"}
{"error":"","level":"error","message":"Telegram请求失败","method":"getUpdates","service":"nas-bot","timestamp":"2026-05-24 12:28:59"}
{"error":"","level":"error","message":"Telegram请求失败","method":"getUpdates","service":"nas-bot","timestamp":"2026-05-24 12:29:00"}
{"error":"","level":"error","message":"Telegram请求失败","method":"getUpdates","service":"nas-bot","timestamp":"2026-05-24 12:29:02"}
{"error":"","level":"error","message":"Telegram请求失败","method":"getUpdates","service":"nas-bot","timestamp":"2026-05-24 12:29:03"}
{"error":"","level":"error","message":"Telegram请求失败","method":"getUpdates","service":"nas-bot","timestamp":"2026-05-24 12:29:04"}
{"error":"","level":"error","message":"Telegram请求失败","method":"getUpdates","service":"nas-bot","timestamp":"2026-05-24 12:29:05"}
{"error":"","level":"error","message":"Telegram请求失败","method":"getUpdates","service":"nas-bot","timestamp":"2026-05-24 12:29:07"}
{"error":"","level":"error","message":"Telegram请求失败","method":"getUpdates","service":"nas-bot","timestamp":"2026-05-24 12:29:08"}
{"error":"","level":"error","message":"Telegram请求失败","method":"getUpdates","service":"nas-bot","timestamp":"2026-05-24 12:29:09"}
{"error":"","level":"error","message":"Telegram请求失败","method":"getUpdates","service":"nas-bot","timestamp":"2026-05-24 12:29:10"}
{"error":"","level":"error","message":"Telegram请求失败","method":"getUpdates","service":"nas-bot","timestamp":"2026-05-24 12:29:12"}
{"error":"","level":"error","message":"Telegram请求失败","method":"getUpdates","service":"nas-bot","timestamp":"2026-05-24 12:29:13"}
{"error":"","level":"error","message":"Telegram请求失败","method":"getUpdates","service":"nas-bot","timestamp":"2026-05-24 12:29:14"}
{"error":"","level":"error","message":"Telegram请求失败","method":"getUpdates","service":"nas-bot","timestamp":"2026-05-24 12:29:15"}
{"error":"","level":"error","message":"Telegram请求失败","method":"getUpdates","service":"nas-bot","timestamp":"2026-05-24 12:29:17"}
{"error":"","level":"error","message":"Telegram请求失败","method":"getUpdates","service":"nas-bot","timestamp":"2026-05-24 12:29:18"}
{"error":"","level":"error","message":"Telegram请求失败","method":"getUpdates","service":"nas-bot","timestamp":"2026-05-24 12:29:19"}
{"error":"","level":"error","message":"Telegram请求失败","method":"getUpdates","service":"nas-bot","timestamp":"2026-05-24 12:29:20"}
{"error":"","level":"error","message":"Telegram请求失败","method":"getUpdates","service":"nas-bot","timestamp":"2026-05-24 12:29:22"}
{"error":"","level":"error","message":"Telegram请求失败","method":"getUpdates","service":"nas-bot","timestamp":"2026-05-24 12:29:23"}
{"error":"","level":"error","message":"Telegram请求失败","method":"getUpdates","service":"nas-bot","timestamp":"2026-05-24 12:29:24"}
{"error":"","level":"error","message":"Telegram请求失败","method":"getUpdates","service":"nas-bot","timestamp":"2026-05-24 12:29:25"}
{"error":"","level":"error","message":"Telegram请求失败","method":"getUpdates","service":"nas-bot","timestamp":"2026-05-24 12:29:27"}
{"error":"","level":"error","message":"Telegram请求失败","method":"getUpdates","service":"nas-bot","timestamp":"2026-05-24 12:29:28"}
{"error":"","level":"error","message":"Telegram请求失败","method":"getUpdates","service":"nas-bot","timestamp":"2026-05-24 12:29:29"}
{"error":"","level":"error","message":"Telegram请求失败","method":"getUpdates","service":"nas-bot","timestamp":"2026-05-24 12:29:30"}
{"error":"","level":"error","message":"Telegram请求失败","method":"getUpdates","service":"nas-bot","timestamp":"2026-05-24 12:29:32"}
{"error":"","level":"error","message":"Telegram请求失败","method":"getUpdates","service":"nas-bot","timestamp":"2026-05-24 12:29:33"}
{"error":"","level":"error","message":"Telegram请求失败","method":"getUpdates","service":"nas-bot","timestamp":"2026-05-24 12:29:34"}
{"error":"","level":"error","message":"Telegram请求失败","method":"getUpdates","service":"nas-bot","timestamp":"2026-05-24 12:29:36"}
{"error":"","level":"error","message":"Telegram请求失败","method":"getUpdates","service":"nas-bot","timestamp":"2026-05-24 12:29:37"}
{"error":"","level":"error","message":"Telegram请求失败","method":"getUpdates","service":"nas-bot","timestamp":"2026-05-24 12:29:38"}
{"error":"","level":"error","message":"Telegram请求失败","method":"getUpdates","service":"nas-bot","timestamp":"2026-05-24 12:29:39"}
{"error":"","level":"error","message":"Telegram请求失败","method":"getUpdates","service":"nas-bot","timestamp":"2026-05-24 12:29:41"}
{"error":"","level":"error","message":"Telegram请求失败","method":"getUpdates","service":"nas-bot","timestamp":"2026-05-24 12:29:42"}
{"error":"","level":"error","message":"Telegram请求失败","method":"getUpdates","service":"nas-bot","timestamp":"2026-05-24 12:29:43"}
{"error":"","level":"error","message":"Telegram请求失败","method":"getUpdates","service":"nas-bot","timestamp":"2026-05-24 12:29:44"}
{"error":"","level":"error","message":"Telegram请求失败","method":"getUpdates","service":"nas-bot","timestamp":"2026-05-24 12:29:46"}
{"error":"","level":"error","message":"Telegram请求失败","method":"getUpdates","service":"nas-bot","timestamp":"2026-05-24 12:29:47"}
{"error":"","level":"error","message":"Telegram请求失败","method":"getUpdates","service":"nas-bot","timestamp":"2026-05-24 12:29:48"}
{"error":"","level":"error","message":"Telegram请求失败","method":"getUpdates","service":"nas-bot","timestamp":"2026-05-24 12:29:49"}
{"error":"","level":"error","message":"Telegram请求失败","method":"getUpdates","service":"nas-bot","timestamp":"2026-05-24 12:29:51"}
{"error":"","level":"error","message":"Telegram请求失败","method":"getUpdates","service":"nas-bot","timestamp":"2026-05-24 12:29:52"}
{"error":"","level":"error","message":"Telegram请求失败","method":"getUpdates","service":"nas-bot","timestamp":"2026-05-24 12:29:53"}
{"error":"","level":"error","message":"Telegram请求失败","method":"getUpdates","service":"nas-bot","timestamp":"2026-05-24 12:29:54"}
{"error":"","level":"error","message":"Telegram请求失败","method":"getUpdates","service":"nas-bot","timestamp":"2026-05-24 12:29:56"}
{"error":"","level":"error","message":"Telegram请求失败","method":"getUpdates","service":"nas-bot","timestamp":"2026-05-24 12:29:57"}
{"error":"","level":"error","message":"Telegram请求失败","method":"getUpdates","service":"nas-bot","timestamp":"2026-05-24 12:29:58"}
{"error":"","level":"error","message":"Telegram请求失败","method":"getUpdates","service":"nas-bot","timestamp":"2026-05-24 12:29:59"}
{"error":"","level":"error","message":"Telegram请求失败","method":"getUpdates","service":"nas-bot","timestamp":"2026-05-24 12:30:01"}
{"error":"","level":"error","message":"Telegram请求失败","method":"getUpdates","service":"nas-bot","timestamp":"2026-05-24 12:30:02"}
{"error":"","level":"error","message":"Telegram请求失败","method":"getUpdates","service":"nas-bot","timestamp":"2026-05-24 12:30:03"}
{"error":"","level":"error","message":"Telegram请求失败","method":"getUpdates","service":"nas-bot","timestamp":"2026-05-24 12:30:04"}
{"error":"","level":"error","message":"Telegram请求失败","method":"getUpdates","service":"nas-bot","timestamp":"2026-05-24 12:30:06"}
{"error":"","level":"error","message":"Telegram请求失败","method":"getUpdates","service":"nas-bot","timestamp":"2026-05-24 12:30:07"}
{"error":"","level":"error","message":"Telegram请求失败","method":"getUpdates","service":"nas-bot","timestamp":"2026-05-24 12:30:08"}
{"error":"","level":"error","message":"Telegram请求失败","method":"getUpdates","service":"nas-bot","timestamp":"2026-05-24 12:30:09"}
{"error":"","level":"error","message":"Telegram请求失败","method":"getUpdates","service":"nas-bot","timestamp":"2026-05-24 12:30:11"}
{"error":"","level":"error","message":"Telegram请求失败","method":"getUpdates","service":"nas-bot","timestamp":"2026-05-24 12:30:12"}
{"error":"","level":"error","message":"Telegram请求失败","method":"getUpdates","service":"nas-bot","timestamp":"2026-05-24 12:30:13"}
{"error":"","level":"error","message":"Telegram请求失败","method":"getUpdates","service":"nas-bot","timestamp":"2026-05-24 12:30:14"}
{"error":"","level":"error","message":"Telegram请求失败","method":"getUpdates","service":"nas-bot","timestamp":"2026-05-24 12:30:16"}
{"error":"","level":"error","message":"Telegram请求失败","method":"getUpdates","service":"nas-bot","timestamp":"2026-05-24 12:30:17"}
{"error":"","level":"error","message":"Telegram请求失败","method":"getUpdates","service":"nas-bot","timestamp":"2026-05-24 12:30:18"}
{"error":"","level":"error","message":"Telegram请求失败","method":"getUpdates","service":"nas-bot","timestamp":"2026-05-24 12:30:19"}
{"error":"","level":"error","message":"Telegram请求失败","method":"getUpdates","service":"nas-bot","timestamp":"2026-05-24 12:30:21"}
{"error":"","level":"error","message":"Telegram请求失败","method":"getUpdates","service":"nas-bot","timestamp":"2026-05-24 12:30:22"}
{"error":"","level":"error","message":"Telegram请求失败","method":"getUpdates","service":"nas-bot","timestamp":"2026-05-24 12:30:23"}
{"error":"","level":"error","message":"Telegram请求失败","method":"getUpdates","service":"nas-bot","timestamp":"2026-05-24 12:30:24"}
{"error":"","level":"error","message":"Telegram请求失败","method":"getUpdates","service":"nas-bot","timestamp":"2026-05-24 12:30:26"}
{"error":"","level":"error","message":"Telegram请求失败","method":"getUpdates","service":"nas-bot","timestamp":"2026-05-24 12:30:27"}
{"error":"","level":"error","message":"Telegram请求失败","method":"getUpdates","service":"nas-bot","timestamp":"2026-05-24 12:30:28"}
{"error":"","level":"error","message":"Telegram请求失败","method":"getUpdates","service":"nas-bot","timestamp":"2026-05-24 12:30:29"}
{"error":"","level":"error","message":"Telegram请求失败","method":"getUpdates","service":"nas-bot","timestamp":"2026-05-24 12:30:31"}
{"error":"","level":"error","message":"Telegram请求失败","method":"getUpdates","service":"nas-bot","timestamp":"2026-05-24 12:30:32"}
{"error":"","level":"error","message":"Telegram请求失败","method":"sendMessage","service":"nas-bot","timestamp":"2026-05-24 12:30:37"}
{"error":"","level":"error","message":"Telegram请求失败","method":"sendMessage","service":"nas-bot","timestamp":"2026-05-24 12:30:37"}
{"error":"","level":"error","message":"Telegram请求失败","method":"sendMessage","service":"nas-bot","timestamp":"2026-05-24 12:30:37"}
{"error":"","level":"error","message":"Telegram请求失败","method":"sendMessage","service":"nas-bot","timestamp":"2026-05-24 12:30:37"}
{"error":"","level":"error","message":"Telegram请求失败","method":"sendMessage","service":"nas-bot","timestamp":"2026-05-24 12:30:37"}
{"error":"","level":"error","message":"Telegram请求失败","method":"sendMessage","service":"nas-bot","timestamp":"2026-05-24 12:30:37"}
{"error":"","level":"error","message":"Telegram请求失败","method":"sendMessage","service":"nas-bot","timestamp":"2026-05-24 12:30:39"}
{"error":"","level":"error","message":"Telegram请求失败","method":"sendMessage","service":"nas-bot","timestamp":"2026-05-24 12:30:57"}
{"error":"","level":"error","message":"Telegram请求失败","method":"sendMessage","service":"nas-bot","timestamp":"2026-05-24 12:31:15"}
{"error":"","level":"error","message":"Telegram请求失败","method":"getUpdates","service":"nas-bot","timestamp":"2026-05-24 12:36:45"}
{"error":"","level":"error","message":"Telegram请求失败","method":"getUpdates","service":"nas-bot","timestamp":"2026-05-24 12:37:33"}
{"error":"","level":"error","message":"Telegram请求失败","method":"getUpdates","service":"nas-bot","timestamp":"2026-05-24 12:39:51"}
{"error":"","level":"error","message":"Telegram请求失败","method":"getUpdates","service":"nas-bot","timestamp":"2026-05-24 12:39:53"}
{"error":"","level":"error","message":"Telegram请求失败","method":"getUpdates","service":"nas-bot","timestamp":"2026-05-24 12:39:54"}
{"error":"","level":"error","message":"Telegram请求失败","method":"getUpdates","service":"nas-bot","timestamp":"2026-05-24 12:39:55"}
{"error":"","level":"error","message":"Telegram请求失败","method":"getUpdates","service":"nas-bot","timestamp":"2026-05-24 12:39:56"}
{"error":"","level":"error","message":"Telegram请求失败","method":"getUpdates","service":"nas-bot","timestamp":"2026-05-24 12:39:58"}
{"error":"","level":"error","message":"Telegram请求失败","method":"getUpdates","service":"nas-bot","timestamp":"2026-05-24 12:39:59"}
{"error":"","level":"error","message":"Telegram请求失败","method":"getUpdates","service":"nas-bot","timestamp":"2026-05-24 12:40:00"}
{"error":"","level":"error","message":"Telegram请求失败","method":"getUpdates","service":"nas-bot","timestamp":"2026-05-24 12:40:01"}
{"error":"","level":"error","message":"Telegram请求失败","method":"getUpdates","service":"nas-bot","timestamp":"2026-05-24 12:40:03"}
{"error":"","level":"error","message":"Telegram请求失败","method":"getUpdates","service":"nas-bot","timestamp":"2026-05-24 12:40:04"}
{"error":"","level":"error","message":"Telegram请求失败","method":"getUpdates","service":"nas-bot","timestamp":"2026-05-24 12:40:05"}
{"error":"","level":"error","message":"Telegram请求失败","method":"getUpdates","service":"nas-bot","timestamp":"2026-05-24 12:40:07"}
{"error":"","level":"error","message":"Telegram请求失败","method":"getUpdates","service":"nas-bot","timestamp":"2026-05-24 12:40:08"}
{"error":"","level":"error","message":"Telegram请求失败","method":"getUpdates","service":"nas-bot","timestamp":"2026-05-24 12:40:09"}
{"error":"","level":"error","message":"Telegram请求失败","method":"getUpdates","service":"nas-bot","timestamp":"2026-05-24 12:40:10"}
{"error":"","level":"error","message":"Telegram请求失败","method":"getUpdates","service":"nas-bot","timestamp":"2026-05-24 12:40:12"}
{"error":"","level":"error","message":"Telegram请求失败","method":"getUpdates","service":"nas-bot","timestamp":"2026-05-24 12:40:13"}
{"error":"","level":"error","message":"Telegram请求失败","method":"getUpdates","service":"nas-bot","timestamp":"2026-05-24 12:40:14"}
{"error":"","level":"error","message":"Telegram请求失败","method":"getUpdates","service":"nas-bot","timestamp":"2026-05-24 12:40:15"}
{"error":"","level":"error","message":"Telegram请求失败","method":"getUpdates","service":"nas-bot","timestamp":"2026-05-24 12:40:17"}
{"error":"","level":"error","message":"Telegram请求失败","method":"getUpdates","service":"nas-bot","timestamp":"2026-05-24 12:40:18"}
{"error":"","level":"error","message":"Telegram请求失败","method":"getUpdates","service":"nas-bot","timestamp":"2026-05-24 12:40:19"}
{"error":"","level":"error","message":"Telegram请求失败","method":"getUpdates","service":"nas-bot","timestamp":"2026-05-24 12:40:20"}
{"error":"","level":"error","message":"Telegram请求失败","method":"getUpdates","service":"nas-bot","timestamp":"2026-05-24 12:40:22"}
{"error":"","level":"error","message":"Telegram请求失败","method":"getUpdates","service":"nas-bot","timestamp":"2026-05-24 12:40:23"}
{"error":"","level":"error","message":"Telegram请求失败","method":"getUpdates","service":"nas-bot","timestamp":"2026-05-24 12:40:24"}
{"error":"","level":"error","message":"Telegram请求失败","method":"getUpdates","service":"nas-bot","timestamp":"2026-05-24 12:40:25"}
{"error":"","level":"error","message":"Telegram请求失败","method":"getUpdates","service":"nas-bot","timestamp":"2026-05-24 12:40:27"}
{"error":"","level":"error","message":"Telegram请求失败","method":"getUpdates","service":"nas-bot","timestamp":"2026-05-24 12:40:28"}
{"error":"","level":"error","message":"Telegram请求失败","method":"getUpdates","service":"nas-bot","timestamp":"2026-05-24 12:40:29"}
{"error":"","level":"error","message":"Telegram请求失败","method":"getUpdates","service":"nas-bot","timestamp":"2026-05-24 12:40:30"}
{"error":"","level":"error","message":"Telegram请求失败","method":"getUpdates","service":"nas-bot","timestamp":"2026-05-24 12:40:32"}
{"error":"","level":"error","message":"Telegram请求失败","method":"getUpdates","service":"nas-bot","timestamp":"2026-05-24 12:40:33"}
{"error":"","level":"error","message":"Telegram请求失败","method":"getUpdates","service":"nas-bot","timestamp":"2026-05-24 12:40:34"}
{"error":"","level":"error","message":"Telegram请求失败","method":"getUpdates","service":"nas-bot","timestamp":"2026-05-24 12:40:35"}
{"error":"","level":"error","message":"Telegram请求失败","method":"getUpdates","service":"nas-bot","timestamp":"2026-05-24 12:40:37"}
{"error":"","level":"error","message":"Telegram请求失败","method":"getUpdates","service":"nas-bot","timestamp":"2026-05-24 12:40:38"}
{"error":"","level":"error","message":"Telegram请求失败","method":"getUpdates","service":"nas-bot","timestamp":"2026-05-24 12:40:39"}
{"error":"","level":"error","message":"Telegram请求失败","method":"getUpdates","service":"nas-bot","timestamp":"2026-05-24 12:40:40"}
{"error":"","level":"error","message":"Telegram请求失败","method":"getUpdates","service":"nas-bot","timestamp":"2026-05-24 12:40:42"}
{"error":"","level":"error","message":"Telegram请求失败","method":"getUpdates","service":"nas-bot","timestamp":"2026-05-24 12:40:43"}
{"error":"","level":"error","message":"Telegram请求失败","method":"getUpdates","service":"nas-bot","timestamp":"2026-05-24 12:40:44"}
{"error":"","level":"error","message":"Telegram请求失败","method":"getUpdates","service":"nas-bot","timestamp":"2026-05-24 12:40:45"}
{"error":"","level":"error","message":"Telegram请求失败","method":"getUpdates","service":"nas-bot","timestamp":"2026-05-24 12:40:47"}
{"error":"","level":"error","message":"Telegram请求失败","method":"getUpdates","service":"nas-bot","timestamp":"2026-05-24 12:40:48"}
{"error":"","level":"error","message":"Telegram请求失败","method":"getUpdates","service":"nas-bot","timestamp":"2026-05-24 12:40:49"}
{"error":"","level":"error","message":"Telegram请求失败","method":"getUpdates","service":"nas-bot","timestamp":"2026-05-24 12:40:50"}
{"error":"","level":"error","message":"Telegram请求失败","method":"getUpdates","service":"nas-bot","timestamp":"2026-05-24 12:40:52"}
{"error":"","level":"error","message":"Telegram请求失败","method":"getUpdates","service":"nas-bot","timestamp":"2026-05-24 12:40:53"}
{"error":"","level":"error","message":"Telegram请求失败","method":"getUpdates","service":"nas-bot","timestamp":"2026-05-24 12:40:54"}
{"error":"","level":"error","message":"Telegram请求失败","method":"sendMessage","service":"nas-bot","timestamp":"2026-05-24 12:40:54"}
{"error":"","level":"error","message":"Telegram请求失败","method":"getUpdates","service":"nas-bot","timestamp":"2026-05-24 12:40:55"}
{"error":"","level":"error","message":"Telegram请求失败","method":"getUpdates","service":"nas-bot","timestamp":"2026-05-24 12:40:57"}
{"error":"","level":"error","message":"Telegram请求失败","method":"getUpdates","service":"nas-bot","timestamp":"2026-05-24 12:40:58"}
{"error":"","level":"error","message":"Telegram请求失败","method":"getUpdates","service":"nas-bot","timestamp":"2026-05-24 12:40:59"}
{"error":"","level":"error","message":"Telegram请求失败","method":"getUpdates","service":"nas-bot","timestamp":"2026-05-24 12:41:00"}
{"error":"","level":"error","message":"Telegram请求失败","method":"getUpdates","service":"nas-bot","timestamp":"2026-05-24 12:41:02"}
{"error":"","level":"error","message":"Telegram请求失败","method":"sendMessage","service":"nas-bot","timestamp":"2026-05-24 12:41:10"}
{"error":"","level":"error","message":"Telegram请求失败","method":"getUpdates","service":"nas-bot","timestamp":"2026-05-24 12:41:56"}
{"error":"","level":"error","message":"Telegram请求失败","method":"sendMessage","service":"nas-bot","timestamp":"2026-05-24 13:05:39"}
{"error":"","level":"error","message":"Telegram请求失败","method":"getUpdates","service":"nas-bot","timestamp":"2026-05-24 13:41:39"}
{"error":"","level":"error","message":"Telegram请求失败","method":"getUpdates","service":"nas-bot","timestamp":"2026-05-24 13:41:40"}
{"error":"","level":"error","message":"Telegram请求失败","method":"getUpdates","service":"nas-bot","timestamp":"2026-05-24 13:41:42"}
{"error":"","level":"error","message":"Telegram请求失败","method":"getUpdates","service":"nas-bot","timestamp":"2026-05-24 13:41:43"}
{"error":"","level":"error","message":"Telegram请求失败","method":"getUpdates","service":"nas-bot","timestamp":"2026-05-24 13:41:44"}
{"error":"","level":"error","message":"Telegram请求失败","method":"getUpdates","service":"nas-bot","timestamp":"2026-05-24 13:41:45"}
{"error":"","level":"error","message":"Telegram请求失败","method":"getUpdates","service":"nas-bot","timestamp":"2026-05-24 13:41:47"}
{"error":"","level":"error","message":"Telegram请求失败","method":"getUpdates","service":"nas-bot","timestamp":"2026-05-24 13:41:48"}
{"error":"","level":"error","message":"Telegram请求失败","method":"getUpdates","service":"nas-bot","timestamp":"2026-05-24 13:41:49"}
{"error":"","level":"error","message":"Telegram请求失败","method":"getUpdates","service":"nas-bot","timestamp":"2026-05-24 13:41:50"}
{"error":"","level":"error","message":"Telegram请求失败","method":"getUpdates","service":"nas-bot","timestamp":"2026-05-24 13:41:52"}
{"error":"","level":"error","message":"Telegram请求失败","method":"getUpdates","service":"nas-bot","timestamp":"2026-05-24 13:41:53"}
{"error":"","level":"error","message":"Telegram请求失败","method":"getUpdates","service":"nas-bot","timestamp":"2026-05-24 13:41:54"}
{"error":"","level":"error","message":"Telegram请求失败","method":"getUpdates","service":"nas-bot","timestamp":"2026-05-24 13:41:55"}
{"error":"","level":"error","message":"Telegram请求失败","method":"getUpdates","service":"nas-bot","timestamp":"2026-05-24 13:41:57"}
{"error":"","level":"error","message":"Telegram请求失败","method":"getUpdates","service":"nas-bot","timestamp":"2026-05-24 13:41:58"}
{"error":"","level":"error","message":"Telegram请求失败","method":"getUpdates","service":"nas-bot","timestamp":"2026-05-24 13:41:59"}
{"error":"","level":"error","message":"Telegram请求失败","method":"getUpdates","service":"nas-bot","timestamp":"2026-05-24 13:42:00"}
{"error":"","level":"error","message":"Telegram请求失败","method":"getUpdates","service":"nas-bot","timestamp":"2026-05-24 13:42:02"}
{"error":"","level":"error","message":"Telegram请求失败","method":"getUpdates","service":"nas-bot","timestamp":"2026-05-24 13:42:03"}
{"error":"","level":"error","message":"Telegram请求失败","method":"getUpdates","service":"nas-bot","timestamp":"2026-05-24 13:42:04"}
{"error":"","level":"error","message":"Telegram请求失败","method":"getUpdates","service":"nas-bot","timestamp":"2026-05-24 13:42:05"}
{"error":"","level":"error","message":"Telegram请求失败","method":"getUpdates","service":"nas-bot","timestamp":"2026-05-24 13:42:07"}
{"error":"","level":"error","message":"Telegram请求失败","method":"getUpdates","service":"nas-bot","timestamp":"2026-05-24 13:42:08"}
{"error":"","level":"error","message":"Telegram请求失败","method":"getUpdates","service":"nas-bot","timestamp":"2026-05-24 13:42:09"}
{"error":"","level":"error","message":"Telegram请求失败","method":"getUpdates","service":"nas-bot","timestamp":"2026-05-24 13:42:10"}
{"error":"","level":"error","message":"Telegram请求失败","method":"getUpdates","service":"nas-bot","timestamp":"2026-05-24 13:42:12"}
{"error":"","level":"error","message":"Telegram请求失败","method":"getUpdates","service":"nas-bot","timestamp":"2026-05-24 13:42:13"}
{"error":"","level":"error","message":"Telegram请求失败","method":"getUpdates","service":"nas-bot","timestamp":"2026-05-24 13:42:14"}
{"error":"","level":"error","message":"Telegram请求失败","method":"getUpdates","service":"nas-bot","timestamp":"2026-05-24 13:42:16"}
{"error":"","level":"error","message":"Telegram请求失败","method":"getUpdates","service":"nas-bot","timestamp":"2026-05-24 13:42:17"}
{"error":"","level":"error","message":"Telegram请求失败","method":"getUpdates","service":"nas-bot","timestamp":"2026-05-24 13:42:18"}
{"error":"","level":"error","message":"Telegram请求失败","method":"getUpdates","service":"nas-bot","timestamp":"2026-05-24 13:42:19"}
{"error":"","level":"error","message":"Telegram请求失败","method":"getUpdates","service":"nas-bot","timestamp":"2026-05-24 13:42:21"}
{"error":"","level":"error","message":"Telegram请求失败","method":"getUpdates","service":"nas-bot","timestamp":"2026-05-24 13:42:22"}
{"error":"","level":"error","message":"Telegram请求失败","method":"getUpdates","service":"nas-bot","timestamp":"2026-05-24 13:42:23"}
{"error":"","level":"error","message":"Telegram请求失败","method":"getUpdates","service":"nas-bot","timestamp":"2026-05-24 13:42:24"}
{"error":"","level":"error","message":"Telegram请求失败","method":"getUpdates","service":"nas-bot","timestamp":"2026-05-24 13:42:26"}
{"error":"","level":"error","message":"Telegram请求失败","method":"getUpdates","service":"nas-bot","timestamp":"2026-05-24 13:42:27"}
{"error":"","level":"error","message":"Telegram请求失败","method":"getUpdates","service":"nas-bot","timestamp":"2026-05-24 13:42:28"}
{"error":"","level":"error","message":"Telegram请求失败","method":"getUpdates","service":"nas-bot","timestamp":"2026-05-24 13:42:29"}
{"error":"","level":"error","message":"Telegram请求失败","method":"getUpdates","service":"nas-bot","timestamp":"2026-05-24 13:42:31"}
{"error":"","level":"error","message":"Telegram请求失败","method":"getUpdates","service":"nas-bot","timestamp":"2026-05-24 13:42:32"}
{"error":"","level":"error","message":"Telegram请求失败","method":"getUpdates","service":"nas-bot","timestamp":"2026-05-24 13:42:33"}
{"error":"","level":"error","message":"Telegram请求失败","method":"getUpdates","service":"nas-bot","timestamp":"2026-05-24 13:42:34"}
{"error":"","level":"error","message":"Telegram请求失败","method":"getUpdates","service":"nas-bot","timestamp":"2026-05-24 13:42:36"}
{"error":"","level":"error","message":"Telegram请求失败","method":"getUpdates","service":"nas-bot","timestamp":"2026-05-24 13:42:37"}
{"error":"","level":"error","message":"Telegram请求失败","method":"getUpdates","service":"nas-bot","timestamp":"2026-05-24 13:42:38"}
{"error":"","level":"error","message":"Telegram请求失败","method":"getUpdates","service":"nas-bot","timestamp":"2026-05-24 13:42:39"}
{"error":"","level":"error","message":"Telegram请求失败","method":"getUpdates","service":"nas-bot","timestamp":"2026-05-24 13:42:41"}
{"error":"","level":"error","message":"Telegram请求失败","method":"getUpdates","service":"nas-bot","timestamp":"2026-05-24 13:42:42"}
{"error":"","level":"error","message":"Telegram请求失败","method":"getUpdates","service":"nas-bot","timestamp":"2026-05-24 13:42:43"}
{"error":"","level":"error","message":"Telegram请求失败","method":"getUpdates","service":"nas-bot","timestamp":"2026-05-24 13:42:44"}
{"error":"","level":"error","message":"Telegram请求失败","method":"getUpdates","service":"nas-bot","timestamp":"2026-05-24 13:42:46"}
{"error":"","level":"error","message":"Telegram请求失败","method":"getUpdates","service":"nas-bot","timestamp":"2026-05-24 13:42:47"}
{"error":"","level":"error","message":"Telegram请求失败","method":"getUpdates","service":"nas-bot","timestamp":"2026-05-24 13:42:48"}
{"error":"","level":"error","message":"Telegram请求失败","method":"getUpdates","service":"nas-bot","timestamp":"2026-05-24 13:42:49"}
{"error":"","level":"error","message":"Telegram请求失败","method":"getUpdates","service":"nas-bot","timestamp":"2026-05-24 13:42:51"}
{"error":"","level":"error","message":"Telegram请求失败","method":"getUpdates","service":"nas-bot","timestamp":"2026-05-24 13:42:52"}
{"error":"","level":"error","message":"Telegram请求失败","method":"getUpdates","service":"nas-bot","timestamp":"2026-05-24 13:42:53"}
{"error":"","level":"error","message":"Telegram请求失败","method":"getUpdates","service":"nas-bot","timestamp":"2026-05-24 13:42:54"}
{"error":"","level":"error","message":"Telegram请求失败","method":"getUpdates","service":"nas-bot","timestamp":"2026-05-24 13:42:56"}
{"error":"","level":"error","message":"Telegram请求失败","method":"getUpdates","service":"nas-bot","timestamp":"2026-05-24 13:42:57"}
{"error":"","level":"error","message":"Telegram请求失败","method":"getUpdates","service":"nas-bot","timestamp":"2026-05-24 13:42:58"}
{"error":"","level":"error","message":"Telegram请求失败","method":"getUpdates","service":"nas-bot","timestamp":"2026-05-24 13:42:59"}
{"error":"","level":"error","message":"Telegram请求失败","method":"getUpdates","service":"nas-bot","timestamp":"2026-05-24 13:43:01"}
{"error":"","level":"error","message":"Telegram请求失败","method":"getUpdates","service":"nas-bot","timestamp":"2026-05-24 13:43:02"}
{"error":"","level":"error","message":"Telegram请求失败","method":"getUpdates","service":"nas-bot","timestamp":"2026-05-24 13:43:03"}
{"error":"","level":"error","message":"Telegram请求失败","method":"getUpdates","service":"nas-bot","timestamp":"2026-05-24 13:43:04"}
{"error":"","level":"error","message":"Telegram请求失败","method":"getUpdates","service":"nas-bot","timestamp":"2026-05-24 13:43:06"}
{"error":"","level":"error","message":"Telegram请求失败","method":"getUpdates","service":"nas-bot","timestamp":"2026-05-24 13:43:07"}
{"error":"","level":"error","message":"Telegram请求失败","method":"getUpdates","service":"nas-bot","timestamp":"2026-05-24 13:43:08"}
{"error":"","level":"error","message":"Telegram请求失败","method":"getUpdates","service":"nas-bot","timestamp":"2026-05-24 13:43:09"}
{"error":"","level":"error","message":"Telegram请求失败","method":"getUpdates","service":"nas-bot","timestamp":"2026-05-24 13:43:11"}
{"error":"","level":"error","message":"Telegram请求失败","method":"getUpdates","service":"nas-bot","timestamp":"2026-05-24 13:43:12"}
{"error":"","level":"error","message":"Telegram请求失败","method":"getUpdates","service":"nas-bot","timestamp":"2026-05-24 13:43:13"}
{"error":"","level":"error","message":"Telegram请求失败","method":"getUpdates","service":"nas-bot","timestamp":"2026-05-24 13:43:15"}
{"error":"","level":"error","message":"Telegram请求失败","method":"getUpdates","service":"nas-bot","timestamp":"2026-05-24 13:43:16"}
{"error":"","level":"error","message":"Telegram请求失败","method":"getUpdates","service":"nas-bot","timestamp":"2026-05-24 13:43:17"}
{"error":"","level":"error","message":"Telegram请求失败","method":"getUpdates","service":"nas-bot","timestamp":"2026-05-24 13:43:18"}
{"error":"","level":"error","message":"Telegram请求失败","method":"getUpdates","service":"nas-bot","timestamp":"2026-05-24 13:43:20"}
{"error":"","level":"error","message":"Telegram请求失败","method":"getUpdates","service":"nas-bot","timestamp":"2026-05-24 13:43:21"}
{"error":"","level":"error","message":"Telegram请求失败","method":"getUpdates","service":"nas-bot","timestamp":"2026-05-24 13:43:22"}
{"error":"","level":"error","message":"Telegram请求失败","method":"getUpdates","service":"nas-bot","timestamp":"2026-05-24 13:43:23"}
{"error":"","level":"error","message":"Telegram请求失败","method":"getUpdates","service":"nas-bot","timestamp":"2026-05-24 13:43:25"}
{"error":"","level":"error","message":"Telegram请求失败","method":"getUpdates","service":"nas-bot","timestamp":"2026-05-24 13:43:26"}
{"error":"","level":"error","message":"Telegram请求失败","method":"getUpdates","service":"nas-bot","timestamp":"2026-05-24 13:43:27"}
{"error":"","level":"error","message":"Telegram请求失败","method":"getUpdates","service":"nas-bot","timestamp":"2026-05-24 13:43:28"}
{"error":"","level":"error","message":"Telegram请求失败","method":"getUpdates","service":"nas-bot","timestamp":"2026-05-24 13:43:30"}
{"error":"","level":"error","message":"Telegram请求失败","method":"getUpdates","service":"nas-bot","timestamp":"2026-05-24 13:43:31"}
{"error":"","level":"error","message":"Telegram请求失败","method":"getUpdates","service":"nas-bot","timestamp":"2026-05-24 13:43:32"}
{"error":"","level":"error","message":"Telegram请求失败","method":"getUpdates","service":"nas-bot","timestamp":"2026-05-24 13:43:33"}
{"error":"","level":"error","message":"Telegram请求失败","method":"getUpdates","service":"nas-bot","timestamp":"2026-05-24 13:43:35"}
{"error":"","level":"error","message":"Telegram请求失败","method":"getUpdates","service":"nas-bot","timestamp":"2026-05-24 13:43:36"}
{"error":"","level":"error","message":"Telegram请求失败","method":"getUpdates","service":"nas-bot","timestamp":"2026-05-24 13:43:37"}
{"error":"","level":"error","message":"Telegram请求失败","method":"getUpdates","service":"nas-bot","timestamp":"2026-05-24 13:43:38"}
{"error":"","level":"error","message":"Telegram请求失败","method":"getUpdates","service":"nas-bot","timestamp":"2026-05-24 13:43:40"}
{"error":"","level":"error","message":"Telegram请求失败","method":"getUpdates","service":"nas-bot","timestamp":"2026-05-24 13:43:41"}
{"error":"","level":"error","message":"Telegram请求失败","method":"getUpdates","service":"nas-bot","timestamp":"2026-05-24 13:43:42"}
{"error":"","level":"error","message":"Telegram请求失败","method":"getUpdates","service":"nas-bot","timestamp":"2026-05-24 13:43:43"}
{"error":"","level":"error","message":"Telegram请求失败","method":"getUpdates","service":"nas-bot","timestamp":"2026-05-24 13:43:45"}
{"error":"","level":"error","message":"Telegram请求失败","method":"getUpdates","service":"nas-bot","timestamp":"2026-05-24 13:43:46"}
{"error":"","level":"error","message":"Telegram请求失败","method":"getUpdates","service":"nas-bot","timestamp":"2026-05-24 13:43:47"}
{"error":"","level":"error","message":"Telegram请求失败","method":"getUpdates","service":"nas-bot","timestamp":"2026-05-24 13:43:48"}
{"error":"","level":"error","message":"Telegram请求失败","method":"getUpdates","service":"nas-bot","timestamp":"2026-05-24 13:43:50"}
{"error":"","level":"error","message":"Telegram请求失败","method":"getUpdates","service":"nas-bot","timestamp":"2026-05-24 13:43:51"}
{"error":"","level":"error","message":"Telegram请求失败","method":"getUpdates","service":"nas-bot","timestamp":"2026-05-24 13:43:52"}
{"error":"","level":"error","message":"Telegram请求失败","method":"getUpdates","service":"nas-bot","timestamp":"2026-05-24 13:43:54"}
{"error":"","level":"error","message":"Telegram请求失败","method":"getUpdates","service":"nas-bot","timestamp":"2026-05-24 13:43:55"}
{"error":"","level":"error","message":"Telegram请求失败","method":"getUpdates","service":"nas-bot","timestamp":"2026-05-24 13:43:56"}
{"error":"","level":"error","message":"Telegram请求失败","method":"getUpdates","service":"nas-bot","timestamp":"2026-05-24 13:43:57"}
{"error":"","level":"error","message":"Telegram请求失败","method":"getUpdates","service":"nas-bot","timestamp":"2026-05-24 13:43:59"}
{"error":"","level":"error","message":"Telegram请求失败","method":"getUpdates","service":"nas-bot","timestamp":"2026-05-24 13:44:00"}
{"error":"","level":"error","message":"Telegram请求失败","method":"getUpdates","service":"nas-bot","timestamp":"2026-05-24 13:44:01"}
{"error":"","level":"error","message":"Telegram请求失败","method":"getUpdates","service":"nas-bot","timestamp":"2026-05-24 13:44:02"}
{"error":"","level":"error","message":"Telegram请求失败","method":"getUpdates","service":"nas-bot","timestamp":"2026-05-24 13:44:04"}
{"error":"","level":"error","message":"Telegram请求失败","method":"getUpdates","service":"nas-bot","timestamp":"2026-05-24 14:45:05"}
{"error":"","level":"error","message":"Telegram请求失败","method":"getUpdates","service":"nas-bot","timestamp":"2026-05-24 14:45:06"}
{"error":"","level":"error","message":"Telegram请求失败","method":"getUpdates","service":"nas-bot","timestamp":"2026-05-24 14:45:07"}
{"error":"","level":"error","message":"Telegram请求失败","method":"getUpdates","service":"nas-bot","timestamp":"2026-05-24 14:45:09"}
{"error":"","level":"error","message":"Telegram请求失败","method":"getUpdates","service":"nas-bot","timestamp":"2026-05-24 14:45:10"}
{"error":"","level":"error","message":"Telegram请求失败","method":"getUpdates","service":"nas-bot","timestamp":"2026-05-24 14:45:11"}
{"error":"","level":"error","message":"Telegram请求失败","method":"getUpdates","service":"nas-bot","timestamp":"2026-05-24 14:45:12"}
{"error":"","level":"error","message":"Telegram请求失败","method":"getUpdates","service":"nas-bot","timestamp":"2026-05-24 14:45:14"}
{"error":"","level":"error","message":"Telegram请求失败","method":"getUpdates","service":"nas-bot","timestamp":"2026-05-24 14:45:15"}
{"error":"","level":"error","message":"Telegram请求失败","method":"getUpdates","service":"nas-bot","timestamp":"2026-05-24 14:45:16"}
{"error":"","level":"error","message":"Telegram请求失败","method":"getUpdates","service":"nas-bot","timestamp":"2026-05-24 14:45:17"}
{"error":"","level":"error","message":"Telegram请求失败","method":"getUpdates","service":"nas-bot","timestamp":"2026-05-24 14:45:19"}
{"error":"","level":"error","message":"Telegram请求失败","method":"getUpdates","service":"nas-bot","timestamp":"2026-05-24 14:45:20"}
{"error":"","level":"error","message":"Telegram请求失败","method":"getUpdates","service":"nas-bot","timestamp":"2026-05-24 14:45:21"}
{"error":"","level":"error","message":"Telegram请求失败","method":"getUpdates","service":"nas-bot","timestamp":"2026-05-24 14:45:23"}
{"error":"","level":"error","message":"Telegram请求失败","method":"getUpdates","service":"nas-bot","timestamp":"2026-05-24 14:45:24"}
{"error":"","level":"error","message":"Telegram请求失败","method":"getUpdates","service":"nas-bot","timestamp":"2026-05-24 14:45:25"}
{"error":"","level":"error","message":"Telegram请求失败","method":"getUpdates","service":"nas-bot","timestamp":"2026-05-24 14:45:26"}
{"error":"","level":"error","message":"Telegram请求失败","method":"getUpdates","service":"nas-bot","timestamp":"2026-05-24 14:45:28"}
{"error":"","level":"error","message":"Telegram请求失败","method":"getUpdates","service":"nas-bot","timestamp":"2026-05-24 14:45:29"}
{"error":"","level":"error","message":"Telegram请求失败","method":"getUpdates","service":"nas-bot","timestamp":"2026-05-24 14:45:30"}
{"error":"","level":"error","message":"Telegram请求失败","method":"getUpdates","service":"nas-bot","timestamp":"2026-05-24 14:45:31"}
{"error":"","level":"error","message":"Telegram请求失败","method":"getUpdates","service":"nas-bot","timestamp":"2026-05-24 14:45:33"}
{"error":"","level":"error","message":"Telegram请求失败","method":"getUpdates","service":"nas-bot","timestamp":"2026-05-24 14:45:34"}
{"error":"","level":"error","message":"Telegram请求失败","method":"getUpdates","service":"nas-bot","timestamp":"2026-05-24 14:45:35"}
{"error":"","level":"error","message":"Telegram请求失败","method":"getUpdates","service":"nas-bot","timestamp":"2026-05-24 14:45:36"}
{"error":"","level":"error","message":"Telegram请求失败","method":"getUpdates","service":"nas-bot","timestamp":"2026-05-24 14:45:38"}
{"error":"","level":"error","message":"Telegram请求失败","method":"getUpdates","service":"nas-bot","timestamp":"2026-05-24 14:45:39"}
{"error":"","level":"error","message":"Telegram请求失败","method":"getUpdates","service":"nas-bot","timestamp":"2026-05-24 14:45:40"}
{"error":"","level":"error","message":"Telegram请求失败","method":"getUpdates","service":"nas-bot","timestamp":"2026-05-24 14:45:41"}
{"error":"","level":"error","message":"Telegram请求失败","method":"getUpdates","service":"nas-bot","timestamp":"2026-05-24 14:45:43"}
{"error":"","level":"error","message":"Telegram请求失败","method":"getUpdates","service":"nas-bot","timestamp":"2026-05-24 14:45:44"}
{"error":"","level":"error","message":"Telegram请求失败","method":"getUpdates","service":"nas-bot","timestamp":"2026-05-24 14:45:45"}
{"error":"","level":"error","message":"Telegram请求失败","method":"getUpdates","service":"nas-bot","timestamp":"2026-05-24 14:45:46"}
{"error":"","level":"error","message":"Telegram请求失败","method":"getUpdates","service":"nas-bot","timestamp":"2026-05-24 14:45:48"}
{"error":"","level":"error","message":"Telegram请求失败","method":"getUpdates","service":"nas-bot","timestamp":"2026-05-24 14:45:49"}
{"error":"","level":"error","message":"Telegram请求失败","method":"getUpdates","service":"nas-bot","timestamp":"2026-05-24 14:45:50"}
{"error":"","level":"error","message":"Telegram请求失败","method":"getUpdates","service":"nas-bot","timestamp":"2026-05-24 14:45:51"}
{"error":"","level":"error","message":"Telegram请求失败","method":"getUpdates","service":"nas-bot","timestamp":"2026-05-24 14:45:53"}
{"error":"","level":"error","message":"Telegram请求失败","method":"getUpdates","service":"nas-bot","timestamp":"2026-05-24 14:45:54"}
{"error":"","level":"error","message":"Telegram请求失败","method":"getUpdates","service":"nas-bot","timestamp":"2026-05-24 14:45:55"}
{"error":"","level":"error","message":"Telegram请求失败","method":"getUpdates","service":"nas-bot","timestamp":"2026-05-24 14:45:56"}
{"error":"","level":"error","message":"Telegram请求失败","method":"getUpdates","service":"nas-bot","timestamp":"2026-05-24 14:45:58"}
{"error":"","level":"error","message":"Telegram请求失败","method":"getUpdates","service":"nas-bot","timestamp":"2026-05-24 14:45:59"}
{"error":"","level":"error","message":"Telegram请求失败","method":"getUpdates","service":"nas-bot","timestamp":"2026-05-24 14:46:00"}
{"error":"","level":"error","message":"Telegram请求失败","method":"getUpdates","service":"nas-bot","timestamp":"2026-05-24 14:46:01"}
{"error":"","level":"error","message":"Telegram请求失败","method":"getUpdates","service":"nas-bot","timestamp":"2026-05-24 14:46:03"}
{"error":"","level":"error","message":"Telegram请求失败","method":"getUpdates","service":"nas-bot","timestamp":"2026-05-24 14:46:04"}
{"error":"","level":"error","message":"Telegram请求失败","method":"getUpdates","service":"nas-bot","timestamp":"2026-05-24 14:46:05"}
{"error":"","level":"error","message":"Telegram请求失败","method":"getUpdates","service":"nas-bot","timestamp":"2026-05-24 14:46:06"}
{"error":"","level":"error","message":"Telegram请求失败","method":"getUpdates","service":"nas-bot","timestamp":"2026-05-24 14:46:08"}
{"error":"","level":"error","message":"Telegram请求失败","method":"getUpdates","service":"nas-bot","timestamp":"2026-05-24 14:46:09"}
{"error":"","level":"error","message":"Telegram请求失败","method":"getUpdates","service":"nas-bot","timestamp":"2026-05-24 14:46:10"}
{"error":"","level":"error","message":"Telegram请求失败","method":"getUpdates","service":"nas-bot","timestamp":"2026-05-24 14:46:11"}
{"error":"","level":"error","message":"Telegram请求失败","method":"getUpdates","service":"nas-bot","timestamp":"2026-05-24 14:46:13"}
{"error":"","level":"error","message":"Telegram请求失败","method":"getUpdates","service":"nas-bot","timestamp":"2026-05-24 14:46:14"}
{"error":"","level":"error","message":"Telegram请求失败","method":"getUpdates","service":"nas-bot","timestamp":"2026-05-24 14:46:15"}
{"error":"","level":"error","message":"Telegram请求失败","method":"getUpdates","service":"nas-bot","timestamp":"2026-05-24 14:46:16"}
{"error":"","level":"error","message":"Telegram请求失败","method":"getUpdates","service":"nas-bot","timestamp":"2026-05-24 14:46:18"}
{"error":"","level":"error","message":"Telegram请求失败","method":"getUpdates","service":"nas-bot","timestamp":"2026-05-24 14:46:19"}
{"error":"","level":"error","message":"Telegram请求失败","method":"getUpdates","service":"nas-bot","timestamp":"2026-05-24 14:46:20"}
{"error":"","level":"error","message":"Telegram请求失败","method":"getUpdates","service":"nas-bot","timestamp":"2026-05-24 14:46:22"}
{"error":"","level":"error","message":"Telegram请求失败","method":"getUpdates","service":"nas-bot","timestamp":"2026-05-24 14:46:23"}
{"error":"","level":"error","message":"Telegram请求失败","method":"getUpdates","service":"nas-bot","timestamp":"2026-05-24 14:46:24"}
{"error":"","level":"error","message":"Telegram请求失败","method":"getUpdates","service":"nas-bot","timestamp":"2026-05-24 14:46:25"}
{"error":"","level":"error","message":"Telegram请求失败","method":"getUpdates","service":"nas-bot","timestamp":"2026-05-24 14:46:27"}
{"error":"","level":"error","message":"Telegram请求失败","method":"getUpdates","service":"nas-bot","timestamp":"2026-05-24 14:46:28"}
{"error":"","level":"error","message":"Telegram请求失败","method":"getUpdates","service":"nas-bot","timestamp":"2026-05-24 14:46:29"}
{"error":"","level":"error","message":"Telegram请求失败","method":"getUpdates","service":"nas-bot","timestamp":"2026-05-24 14:46:30"}
{"error":"","level":"error","message":"Telegram请求失败","method":"getUpdates","service":"nas-bot","timestamp":"2026-05-24 14:46:32"}
{"error":"","level":"error","message":"Telegram请求失败","method":"getUpdates","service":"nas-bot","timestamp":"2026-05-24 14:46:33"}
{"error":"","level":"error","message":"Telegram请求失败","method":"getUpdates","service":"nas-bot","timestamp":"2026-05-24 14:46:34"}
{"error":"","level":"error","message":"Telegram请求失败","method":"getUpdates","service":"nas-bot","timestamp":"2026-05-24 14:46:35"}
{"error":"","level":"error","message":"Telegram请求失败","method":"getUpdates","service":"nas-bot","timestamp":"2026-05-24 14:46:37"}
{"error":"","level":"error","message":"Telegram请求失败","method":"getUpdates","service":"nas-bot","timestamp":"2026-05-24 14:46:38"}
{"error":"","level":"error","message":"Telegram请求失败","method":"getUpdates","service":"nas-bot","timestamp":"2026-05-24 14:46:39"}
{"error":"","level":"error","message":"Telegram请求失败","method":"getUpdates","service":"nas-bot","timestamp":"2026-05-24 14:46:40"}
{"error":"","level":"error","message":"Telegram请求失败","method":"getUpdates","service":"nas-bot","timestamp":"2026-05-24 14:46:42"}
{"error":"","level":"error","message":"Telegram请求失败","method":"getUpdates","service":"nas-bot","timestamp":"2026-05-24 14:46:43"}
{"error":"","level":"error","message":"Telegram请求失败","method":"getUpdates","service":"nas-bot","timestamp":"2026-05-24 14:46:44"}
{"error":"","level":"error","message":"Telegram请求失败","method":"getUpdates","service":"nas-bot","timestamp":"2026-05-24 14:46:45"}
{"error":"","level":"error","message":"Telegram请求失败","method":"getUpdates","service":"nas-bot","timestamp":"2026-05-24 14:46:47"}
{"error":"","level":"error","message":"Telegram请求失败","method":"getUpdates","service":"nas-bot","timestamp":"2026-05-24 14:46:48"}
{"error":"","level":"error","message":"Telegram请求失败","method":"getUpdates","service":"nas-bot","timestamp":"2026-05-24 14:46:49"}
{"error":"","level":"error","message":"Telegram请求失败","method":"getUpdates","service":"nas-bot","timestamp":"2026-05-24 14:46:50"}
{"error":"","level":"error","message":"Telegram请求失败","method":"getUpdates","service":"nas-bot","timestamp":"2026-05-24 14:46:52"}
{"error":"","level":"error","message":"Telegram请求失败","method":"getUpdates","service":"nas-bot","timestamp":"2026-05-24 14:46:53"}
{"error":"","level":"error","message":"Telegram请求失败","method":"getUpdates","service":"nas-bot","timestamp":"2026-05-24 14:46:54"}
{"error":"","level":"error","message":"Telegram请求失败","method":"getUpdates","service":"nas-bot","timestamp":"2026-05-24 14:46:55"}
{"error":"","level":"error","message":"Telegram请求失败","method":"getUpdates","service":"nas-bot","timestamp":"2026-05-24 14:46:57"}
{"error":"","level":"error","message":"Telegram请求失败","method":"getUpdates","service":"nas-bot","timestamp":"2026-05-24 14:46:58"}
{"error":"","level":"error","message":"Telegram请求失败","method":"getUpdates","service":"nas-bot","timestamp":"2026-05-24 14:46:59"}
{"error":"","level":"error","message":"Telegram请求失败","method":"getUpdates","service":"nas-bot","timestamp":"2026-05-24 14:47:00"}
{"error":"","level":"error","message":"Telegram请求失败","method":"getUpdates","service":"nas-bot","timestamp":"2026-05-24 14:47:02"}
{"error":"","level":"error","message":"Telegram请求失败","method":"getUpdates","service":"nas-bot","timestamp":"2026-05-24 14:47:03"}
{"error":"","level":"error","message":"Telegram请求失败","method":"getUpdates","service":"nas-bot","timestamp":"2026-05-24 14:47:04"}
{"error":"","level":"error","message":"Telegram请求失败","method":"getUpdates","service":"nas-bot","timestamp":"2026-05-24 14:47:05"}
{"error":"","level":"error","message":"Telegram请求失败","method":"getUpdates","service":"nas-bot","timestamp":"2026-05-24 14:47:07"}
{"error":"","level":"error","message":"Telegram请求失败","method":"getUpdates","service":"nas-bot","timestamp":"2026-05-24 14:47:08"}
{"error":"","level":"error","message":"Telegram请求失败","method":"getUpdates","service":"nas-bot","timestamp":"2026-05-24 14:47:09"}
{"error":"","level":"error","message":"Telegram请求失败","method":"getUpdates","service":"nas-bot","timestamp":"2026-05-24 14:47:10"}
{"error":"","level":"error","message":"Telegram请求失败","method":"getUpdates","service":"nas-bot","timestamp":"2026-05-24 14:47:12"}
{"error":"","level":"error","message":"Telegram请求失败","method":"getUpdates","service":"nas-bot","timestamp":"2026-05-24 14:47:13"}
{"error":"","level":"error","message":"Telegram请求失败","method":"getUpdates","service":"nas-bot","timestamp":"2026-05-24 14:47:14"}
{"error":"","level":"error","message":"Telegram请求失败","method":"getUpdates","service":"nas-bot","timestamp":"2026-05-24 14:47:15"}
{"error":"","level":"error","message":"Telegram请求失败","method":"getUpdates","service":"nas-bot","timestamp":"2026-05-24 14:47:17"}
{"error":"","level":"error","message":"Telegram请求失败","method":"getUpdates","service":"nas-bot","timestamp":"2026-05-24 14:47:18"}
{"error":"","level":"error","message":"Telegram请求失败","method":"getUpdates","service":"nas-bot","timestamp":"2026-05-24 14:47:19"}
{"error":"","level":"error","message":"Telegram请求失败","method":"getUpdates","service":"nas-bot","timestamp":"2026-05-24 14:47:21"}
{"error":"","level":"error","message":"Telegram请求失败","method":"getUpdates","service":"nas-bot","timestamp":"2026-05-24 14:47:22"}
{"error":"","level":"error","message":"Telegram请求失败","method":"getUpdates","service":"nas-bot","timestamp":"2026-05-24 14:47:23"}
{"error":"","level":"error","message":"Telegram请求失败","method":"getUpdates","service":"nas-bot","timestamp":"2026-05-24 14:47:24"}
{"error":"","level":"error","message":"Telegram请求失败","method":"getUpdates","service":"nas-bot","timestamp":"2026-05-24 14:47:26"}
{"error":"","level":"error","message":"Telegram请求失败","method":"getUpdates","service":"nas-bot","timestamp":"2026-05-24 14:47:27"}
{"error":"","level":"error","message":"Telegram请求失败","method":"getUpdates","service":"nas-bot","timestamp":"2026-05-24 14:47:28"}
{"error":"","level":"error","message":"Telegram请求失败","method":"getUpdates","service":"nas-bot","timestamp":"2026-05-24 14:47:29"}
{"error":"","level":"error","message":"Telegram请求失败","method":"getUpdates","service":"nas-bot","timestamp":"2026-05-24 14:47:31"}
{"error":"","level":"error","message":"Telegram请求失败","method":"getUpdates","service":"nas-bot","timestamp":"2026-05-24 14:47:32"}
{"error":"","level":"error","message":"Telegram请求失败","method":"getUpdates","service":"nas-bot","timestamp":"2026-05-24 14:47:33"}
{"error":"","level":"error","message":"Telegram请求失败","method":"getUpdates","service":"nas-bot","timestamp":"2026-05-24 14:47:34"}
{"error":"","level":"error","message":"Telegram请求失败","method":"getUpdates","service":"nas-bot","timestamp":"2026-05-24 14:47:36"}
{"error":"","level":"error","message":"Telegram请求失败","method":"getUpdates","service":"nas-bot","timestamp":"2026-05-24 14:47:37"}
{"error":"","level":"error","message":"Telegram请求失败","method":"getUpdates","service":"nas-bot","timestamp":"2026-05-24 14:47:38"}
{"error":"","level":"error","message":"Telegram请求失败","method":"getUpdates","service":"nas-bot","timestamp":"2026-05-24 14:47:39"}
{"error":"","level":"error","message":"Telegram请求失败","method":"getUpdates","service":"nas-bot","timestamp":"2026-05-24 14:47:41"}
{"error":"","level":"error","message":"Telegram请求失败","method":"getUpdates","service":"nas-bot","timestamp":"2026-05-24 14:47:42"}
{"error":"","level":"error","message":"Telegram请求失败","method":"getUpdates","service":"nas-bot","timestamp":"2026-05-24 14:47:43"}
{"error":"","level":"error","message":"Telegram请求失败","method":"getUpdates","service":"nas-bot","timestamp":"2026-05-24 14:47:44"}
{"error":"","level":"error","message":"Telegram请求失败","method":"getUpdates","service":"nas-bot","timestamp":"2026-05-24 14:47:46"}
{"error":"","level":"error","message":"Telegram请求失败","method":"getUpdates","service":"nas-bot","timestamp":"2026-05-24 14:47:47"}
{"error":"","level":"error","message":"Telegram请求失败","method":"getUpdates","service":"nas-bot","timestamp":"2026-05-24 14:47:48"}
{"error":"","level":"error","message":"Telegram请求失败","method":"getUpdates","service":"nas-bot","timestamp":"2026-05-24 14:47:49"}
{"error":"","level":"error","message":"Telegram请求失败","method":"getUpdates","service":"nas-bot","timestamp":"2026-05-24 14:47:51"}
{"error":"","level":"error","message":"Telegram请求失败","method":"getUpdates","service":"nas-bot","timestamp":"2026-05-24 14:47:52"}
{"error":"","level":"error","message":"Telegram请求失败","method":"getUpdates","service":"nas-bot","timestamp":"2026-05-24 14:47:53"}
{"error":"","level":"error","message":"Telegram请求失败","method":"getUpdates","service":"nas-bot","timestamp":"2026-05-24 14:47:54"}
{"error":"","level":"error","message":"Telegram请求失败","method":"getUpdates","service":"nas-bot","timestamp":"2026-05-24 14:47:56"}
{"error":"","level":"error","message":"Telegram请求失败","method":"getUpdates","service":"nas-bot","timestamp":"2026-05-24 14:47:57"}
{"error":"","level":"error","message":"Telegram请求失败","method":"getUpdates","service":"nas-bot","timestamp":"2026-05-24 14:47:58"}
{"error":"","level":"error","message":"Telegram请求失败","method":"getUpdates","service":"nas-bot","timestamp":"2026-05-24 14:47:59"}
{"error":"","level":"error","message":"Telegram请求失败","method":"getUpdates","service":"nas-bot","timestamp":"2026-05-24 14:48:01"}
{"error":"","level":"error","message":"Telegram请求失败","method":"getUpdates","service":"nas-bot","timestamp":"2026-05-24 14:48:02"}
{"error":"","level":"error","message":"Telegram请求失败","method":"getUpdates","service":"nas-bot","timestamp":"2026-05-24 14:48:03"}
{"error":"","level":"error","message":"Telegram请求失败","method":"getUpdates","service":"nas-bot","timestamp":"2026-05-24 14:48:04"}
{"error":"","level":"error","message":"Telegram请求失败","method":"getUpdates","service":"nas-bot","timestamp":"2026-05-24 14:48:06"}
{"error":"","level":"error","message":"Telegram请求失败","method":"getUpdates","service":"nas-bot","timestamp":"2026-05-24 14:48:07"}
{"error":"","level":"error","message":"Telegram请求失败","method":"getUpdates","service":"nas-bot","timestamp":"2026-05-24 14:48:08"}
{"error":"","level":"error","message":"Telegram请求失败","method":"getUpdates","service":"nas-bot","timestamp":"2026-05-24 14:48:09"}
{"error":"","level":"error","message":"Telegram请求失败","method":"getUpdates","service":"nas-bot","timestamp":"2026-05-24 14:48:11"}
{"error":"","level":"error","message":"Telegram请求失败","method":"getUpdates","service":"nas-bot","timestamp":"2026-05-24 14:48:12"}
{"error":"","level":"error","message":"Telegram请求失败","method":"getUpdates","service":"nas-bot","timestamp":"2026-05-24 14:48:13"}
{"error":"","level":"error","message":"Telegram请求失败","method":"getUpdates","service":"nas-bot","timestamp":"2026-05-24 14:48:15"}
{"error":"","level":"error","message":"Telegram请求失败","method":"getUpdates","service":"nas-bot","timestamp":"2026-05-24 14:48:16"}
{"error":"","level":"error","message":"Telegram请求失败","method":"getUpdates","service":"nas-bot","timestamp":"2026-05-24 14:48:17"}
{"error":"","level":"error","message":"Telegram请求失败","method":"getUpdates","service":"nas-bot","timestamp":"2026-05-24 14:48:18"}
{"error":"","level":"error","message":"Telegram请求失败","method":"getUpdates","service":"nas-bot","timestamp":"2026-05-24 14:48:20"}
{"error":"","level":"error","message":"Telegram请求失败","method":"getUpdates","service":"nas-bot","timestamp":"2026-05-24 14:48:21"}
{"error":"","level":"error","message":"Telegram请求失败","method":"getUpdates","service":"nas-bot","timestamp":"2026-05-24 14:48:22"}
{"error":"","level":"error","message":"Telegram请求失败","method":"getUpdates","service":"nas-bot","timestamp":"2026-05-24 14:48:23"}
{"error":"","level":"error","message":"Telegram请求失败","method":"getUpdates","service":"nas-bot","timestamp":"2026-05-24 14:48:25"}
{"error":"","level":"error","message":"Telegram请求失败","method":"getUpdates","service":"nas-bot","timestamp":"2026-05-24 14:48:26"}
{"error":"","level":"error","message":"Telegram请求失败","method":"getUpdates","service":"nas-bot","timestamp":"2026-05-24 14:48:27"}
{"error":"","level":"error","message":"Telegram请求失败","method":"getUpdates","service":"nas-bot","timestamp":"2026-05-24 14:48:28"}
{"error":"","level":"error","message":"Telegram请求失败","method":"getUpdates","service":"nas-bot","timestamp":"2026-05-24 14:48:30"}
{"error":"","level":"error","message":"Telegram请求失败","method":"getUpdates","service":"nas-bot","timestamp":"2026-05-24 14:48:31"}
{"error":"","level":"error","message":"Telegram请求失败","method":"getUpdates","service":"nas-bot","timestamp":"2026-05-24 14:48:32"}
{"error":"","level":"error","message":"Telegram请求失败","method":"getUpdates","service":"nas-bot","timestamp":"2026-05-24 14:48:33"}
{"error":"","level":"error","message":"Telegram请求失败","method":"getUpdates","service":"nas-bot","timestamp":"2026-05-24 14:48:35"}
{"error":"","level":"error","message":"Telegram请求失败","method":"getUpdates","service":"nas-bot","timestamp":"2026-05-24 14:48:36"}
{"error":"","level":"error","message":"Telegram请求失败","method":"getUpdates","service":"nas-bot","timestamp":"2026-05-24 14:48:37"}
{"error":"","level":"error","message":"Telegram请求失败","method":"getUpdates","service":"nas-bot","timestamp":"2026-05-24 14:48:38"}
{"error":"","level":"error","message":"Telegram请求失败","method":"getUpdates","service":"nas-bot","timestamp":"2026-05-24 14:48:40"}
{"error":"","level":"error","message":"Telegram请求失败","method":"getUpdates","service":"nas-bot","timestamp":"2026-05-24 14:48:41"}
{"error":"","level":"error","message":"Telegram请求失败","method":"getUpdates","service":"nas-bot","timestamp":"2026-05-24 14:48:42"}
{"error":"","level":"error","message":"Telegram请求失败","method":"getUpdates","service":"nas-bot","timestamp":"2026-05-24 14:48:43"}
{"error":"","level":"error","message":"Telegram请求失败","method":"getUpdates","service":"nas-bot","timestamp":"2026-05-24 14:48:45"}
{"error":"","level":"error","message":"Telegram请求失败","method":"getUpdates","service":"nas-bot","timestamp":"2026-05-24 14:48:46"}
{"error":"","level":"error","message":"Telegram请求失败","method":"getUpdates","service":"nas-bot","timestamp":"2026-05-24 14:48:47"}
{"error":"","level":"error","message":"Telegram请求失败","method":"getUpdates","service":"nas-bot","timestamp":"2026-05-24 14:48:48"}
{"error":"","level":"error","message":"Telegram请求失败","method":"getUpdates","service":"nas-bot","timestamp":"2026-05-24 14:48:50"}
{"error":"","level":"error","message":"Telegram请求失败","method":"getUpdates","service":"nas-bot","timestamp":"2026-05-24 14:48:51"}
{"error":"","level":"error","message":"Telegram请求失败","method":"getUpdates","service":"nas-bot","timestamp":"2026-05-24 14:48:52"}
{"error":"","level":"error","message":"Telegram请求失败","method":"getUpdates","service":"nas-bot","timestamp":"2026-05-24 14:48:53"}
{"error":"","level":"error","message":"Telegram请求失败","method":"getUpdates","service":"nas-bot","timestamp":"2026-05-24 14:48:55"}
{"error":"","level":"error","message":"Telegram请求失败","method":"getUpdates","service":"nas-bot","timestamp":"2026-05-24 14:48:56"}
{"error":"","level":"error","message":"Telegram请求失败","method":"getUpdates","service":"nas-bot","timestamp":"2026-05-24 14:48:57"}
{"error":"","level":"error","message":"Telegram请求失败","method":"getUpdates","service":"nas-bot","timestamp":"2026-05-24 14:48:58"}
{"error":"","level":"error","message":"Telegram请求失败","method":"getUpdates","service":"nas-bot","timestamp":"2026-05-24 14:49:00"}
{"error":"","level":"error","message":"Telegram请求失败","method":"getUpdates","service":"nas-bot","timestamp":"2026-05-24 14:49:01"}
{"error":"","level":"error","message":"Telegram请求失败","method":"getUpdates","service":"nas-bot","timestamp":"2026-05-24 14:49:02"}
{"error":"","level":"error","message":"Telegram请求失败","method":"getUpdates","service":"nas-bot","timestamp":"2026-05-24 14:49:03"}
{"error":"","level":"error","message":"Telegram请求失败","method":"getUpdates","service":"nas-bot","timestamp":"2026-05-24 14:49:05"}
{"error":"","level":"error","message":"Telegram请求失败","method":"getUpdates","service":"nas-bot","timestamp":"2026-05-24 14:49:06"}
{"error":"","level":"error","message":"Telegram请求失败","method":"getUpdates","service":"nas-bot","timestamp":"2026-05-24 14:49:07"}
{"error":"","level":"error","message":"Telegram请求失败","method":"getUpdates","service":"nas-bot","timestamp":"2026-05-24 14:49:09"}
{"error":"","level":"error","message":"Telegram请求失败","method":"getUpdates","service":"nas-bot","timestamp":"2026-05-24 14:49:10"}
{"error":"","level":"error","message":"Telegram请求失败","method":"getUpdates","service":"nas-bot","timestamp":"2026-05-24 14:49:11"}
{"error":"","level":"error","message":"Telegram请求失败","method":"getUpdates","service":"nas-bot","timestamp":"2026-05-24 14:49:12"}
{"error":"","level":"error","message":"Telegram请求失败","method":"getUpdates","service":"nas-bot","timestamp":"2026-05-24 14:49:14"}
{"error":"","level":"error","message":"Telegram请求失败","method":"getUpdates","service":"nas-bot","timestamp":"2026-05-24 14:49:15"}
{"error":"","level":"error","message":"Telegram请求失败","method":"getUpdates","service":"nas-bot","timestamp":"2026-05-24 14:49:16"}
{"error":"","level":"error","message":"Telegram请求失败","method":"getUpdates","service":"nas-bot","timestamp":"2026-05-24 14:49:17"}
{"error":"","level":"error","message":"Telegram请求失败","method":"getUpdates","service":"nas-bot","timestamp":"2026-05-24 14:49:19"}
{"error":"","level":"error","message":"Telegram请求失败","method":"getUpdates","service":"nas-bot","timestamp":"2026-05-24 14:49:20"}
{"error":"","level":"error","message":"Telegram请求失败","method":"getUpdates","service":"nas-bot","timestamp":"2026-05-24 14:49:21"}
{"error":"","level":"error","message":"Telegram请求失败","method":"getUpdates","service":"nas-bot","timestamp":"2026-05-24 14:49:22"}
{"error":"","level":"error","message":"Telegram请求失败","method":"getUpdates","service":"nas-bot","timestamp":"2026-05-24 14:49:24"}
{"error":"","level":"error","message":"Telegram请求失败","method":"getUpdates","service":"nas-bot","timestamp":"2026-05-24 14:49:25"}
{"error":"","level":"error","message":"Telegram请求失败","method":"getUpdates","service":"nas-bot","timestamp":"2026-05-24 14:49:26"}
{"error":"","level":"error","message":"Telegram请求失败","method":"getUpdates","service":"nas-bot","timestamp":"2026-05-24 14:49:27"}
{"error":"","level":"error","message":"Telegram请求失败","method":"getUpdates","service":"nas-bot","timestamp":"2026-05-24 14:49:29"}
{"error":"","level":"error","message":"Telegram请求失败","method":"getUpdates","service":"nas-bot","timestamp":"2026-05-24 14:49:30"}
{"error":"","level":"error","message":"Telegram请求失败","method":"getUpdates","service":"nas-bot","timestamp":"2026-05-24 14:49:31"}
{"error":"","level":"error","message":"Telegram请求失败","method":"getUpdates","service":"nas-bot","timestamp":"2026-05-24 14:49:32"}
{"error":"","level":"error","message":"Telegram请求失败","method":"getUpdates","service":"nas-bot","timestamp":"2026-05-24 14:49:34"}
{"error":"","level":"error","message":"Telegram请求失败","method":"getUpdates","service":"nas-bot","timestamp":"2026-05-24 14:49:35"}
{"error":"","level":"error","message":"Telegram请求失败","method":"getUpdates","service":"nas-bot","timestamp":"2026-05-24 14:49:36"}
{"error":"","level":"error","message":"Telegram请求失败","method":"getUpdates","service":"nas-bot","timestamp":"2026-05-24 14:49:37"}
{"error":"","level":"error","message":"Telegram请求失败","method":"getUpdates","service":"nas-bot","timestamp":"2026-05-24 14:49:39"}
{"error":"","level":"error","message":"Telegram请求失败","method":"getUpdates","service":"nas-bot","timestamp":"2026-05-24 14:49:40"}
{"error":"","level":"error","message":"Telegram请求失败","method":"getUpdates","service":"nas-bot","timestamp":"2026-05-24 14:49:41"}
{"error":"","level":"error","message":"Telegram请求失败","method":"getUpdates","service":"nas-bot","timestamp":"2026-05-24 14:49:42"}
{"error":"","level":"error","message":"Telegram请求失败","method":"getUpdates","service":"nas-bot","timestamp":"2026-05-24 14:49:44"}
{"error":"","level":"error","message":"Telegram请求失败","method":"getUpdates","service":"nas-bot","timestamp":"2026-05-24 14:49:45"}
{"error":"","level":"error","message":"Telegram请求失败","method":"getUpdates","service":"nas-bot","timestamp":"2026-05-24 14:49:46"}
{"error":"","level":"error","message":"Telegram请求失败","method":"getUpdates","service":"nas-bot","timestamp":"2026-05-24 14:49:47"}
{"error":"","level":"error","message":"Telegram请求失败","method":"getUpdates","service":"nas-bot","timestamp":"2026-05-24 14:49:49"}
{"error":"","level":"error","message":"Telegram请求失败","method":"getUpdates","service":"nas-bot","timestamp":"2026-05-24 14:49:50"}
{"error":"","level":"error","message":"Telegram请求失败","method":"getUpdates","service":"nas-bot","timestamp":"2026-05-24 14:49:51"}
{"error":"","level":"error","message":"Telegram请求失败","method":"getUpdates","service":"nas-bot","timestamp":"2026-05-24 14:49:52"}
{"error":"","level":"error","message":"Telegram请求失败","method":"getUpdates","service":"nas-bot","timestamp":"2026-05-24 14:49:54"}
{"error":"","level":"error","message":"Telegram请求失败","method":"getUpdates","service":"nas-bot","timestamp":"2026-05-24 14:49:55"}
{"error":"","level":"error","message":"Telegram请求失败","method":"getUpdates","service":"nas-bot","timestamp":"2026-05-24 14:49:56"}
{"error":"","level":"error","message":"Telegram请求失败","method":"getUpdates","service":"nas-bot","timestamp":"2026-05-24 14:49:57"}
{"error":"","level":"error","message":"Telegram请求失败","method":"getUpdates","service":"nas-bot","timestamp":"2026-05-24 14:49:59"}
{"error":"","level":"error","message":"Telegram请求失败","method":"getUpdates","service":"nas-bot","timestamp":"2026-05-24 14:50:00"}
{"error":"","level":"error","message":"Telegram请求失败","method":"getUpdates","service":"nas-bot","timestamp":"2026-05-24 14:50:01"}
{"error":"","level":"error","message":"Telegram请求失败","method":"getUpdates","service":"nas-bot","timestamp":"2026-05-24 14:50:02"}
{"error":"","level":"error","message":"Telegram请求失败","method":"getUpdates","service":"nas-bot","timestamp":"2026-05-24 14:50:04"}
{"error":"","level":"error","message":"Telegram请求失败","method":"getUpdates","service":"nas-bot","timestamp":"2026-05-24 14:50:05"}
{"error":"","level":"error","message":"Telegram请求失败","method":"getUpdates","service":"nas-bot","timestamp":"2026-05-24 14:50:06"}
{"error":"","level":"error","message":"Telegram请求失败","method":"getUpdates","service":"nas-bot","timestamp":"2026-05-24 14:50:07"}
{"error":"","level":"error","message":"Telegram请求失败","method":"getUpdates","service":"nas-bot","timestamp":"2026-05-24 14:50:09"}
{"error":"","level":"error","message":"Telegram请求失败","method":"getUpdates","service":"nas-bot","timestamp":"2026-05-24 14:50:10"}
{"error":"","level":"error","message":"Telegram请求失败","method":"getUpdates","service":"nas-bot","timestamp":"2026-05-24 14:50:11"}
{"error":"","level":"error","message":"Telegram请求失败","method":"getUpdates","service":"nas-bot","timestamp":"2026-05-24 14:50:13"}
{"error":"","level":"error","message":"Telegram请求失败","method":"getUpdates","service":"nas-bot","timestamp":"2026-05-24 14:50:14"}
{"error":"","level":"error","message":"Telegram请求失败","method":"getUpdates","service":"nas-bot","timestamp":"2026-05-24 14:50:15"}
{"error":"","level":"error","message":"Telegram请求失败","method":"getUpdates","service":"nas-bot","timestamp":"2026-05-24 14:50:16"}
{"error":"","level":"error","message":"Telegram请求失败","method":"getUpdates","service":"nas-bot","timestamp":"2026-05-24 14:50:18"}
{"error":"","level":"error","message":"Telegram请求失败","method":"getUpdates","service":"nas-bot","timestamp":"2026-05-24 14:50:19"}
{"error":"","level":"error","message":"Telegram请求失败","method":"getUpdates","service":"nas-bot","timestamp":"2026-05-24 14:50:20"}
{"error":"","level":"error","message":"Telegram请求失败","method":"getUpdates","service":"nas-bot","timestamp":"2026-05-24 14:50:21"}
{"error":"","level":"error","message":"Telegram请求失败","method":"getUpdates","service":"nas-bot","timestamp":"2026-05-24 14:50:23"}
{"error":"","level":"error","message":"Telegram请求失败","method":"getUpdates","service":"nas-bot","timestamp":"2026-05-24 14:50:24"}
{"error":"","level":"error","message":"Telegram请求失败","method":"getUpdates","service":"nas-bot","timestamp":"2026-05-24 14:50:25"}
{"error":"","level":"error","message":"Telegram请求失败","method":"getUpdates","service":"nas-bot","timestamp":"2026-05-24 14:50:26"}
{"error":"","level":"error","message":"Telegram请求失败","method":"getUpdates","service":"nas-bot","timestamp":"2026-05-24 14:50:28"}
{"error":"","level":"error","message":"Telegram请求失败","method":"getUpdates","service":"nas-bot","timestamp":"2026-05-24 14:50:29"}
{"error":"","level":"error","message":"Telegram请求失败","method":"getUpdates","service":"nas-bot","timestamp":"2026-05-24 14:50:30"}
{"error":"","level":"error","message":"Telegram请求失败","method":"getUpdates","service":"nas-bot","timestamp":"2026-05-24 14:50:31"}
{"error":"","level":"error","message":"Telegram请求失败","method":"getUpdates","service":"nas-bot","timestamp":"2026-05-24 14:50:33"}
{"error":"","level":"error","message":"Telegram请求失败","method":"getUpdates","service":"nas-bot","timestamp":"2026-05-24 14:50:34"}
{"error":"","level":"error","message":"Telegram请求失败","method":"getUpdates","service":"nas-bot","timestamp":"2026-05-24 14:50:35"}
{"error":"","level":"error","message":"Telegram请求失败","method":"getUpdates","service":"nas-bot","timestamp":"2026-05-24 14:50:36"}
{"error":"","level":"error","message":"Telegram请求失败","method":"getUpdates","service":"nas-bot","timestamp":"2026-05-24 14:50:38"}
{"error":"","level":"error","message":"Telegram请求失败","method":"getUpdates","service":"nas-bot","timestamp":"2026-05-24 14:50:39"}
{"error":"","level":"error","message":"Telegram请求失败","method":"getUpdates","service":"nas-bot","timestamp":"2026-05-24 14:50:40"}
{"error":"","level":"error","message":"Telegram请求失败","method":"getUpdates","service":"nas-bot","timestamp":"2026-05-24 14:50:41"}
{"error":"","level":"error","message":"Telegram请求失败","method":"getUpdates","service":"nas-bot","timestamp":"2026-05-24 14:50:43"}
{"error":"","level":"error","message":"Telegram请求失败","method":"getUpdates","service":"nas-bot","timestamp":"2026-05-24 14:50:44"}
{"error":"","level":"error","message":"Telegram请求失败","method":"getUpdates","service":"nas-bot","timestamp":"2026-05-24 14:50:45"}
{"error":"","level":"error","message":"Telegram请求失败","method":"getUpdates","service":"nas-bot","timestamp":"2026-05-24 14:50:46"}
{"error":"","level":"error","message":"Telegram请求失败","method":"getUpdates","service":"nas-bot","timestamp":"2026-05-24 14:50:48"}
{"error":"","level":"error","message":"Telegram请求失败","method":"getUpdates","service":"nas-bot","timestamp":"2026-05-24 14:50:49"}
{"error":"","level":"error","message":"Telegram请求失败","method":"getUpdates","service":"nas-bot","timestamp":"2026-05-24 14:50:50"}
{"error":"","level":"error","message":"Telegram请求失败","method":"getUpdates","service":"nas-bot","timestamp":"2026-05-24 14:50:51"}
{"error":"","level":"error","message":"Telegram请求失败","method":"getUpdates","service":"nas-bot","timestamp":"2026-05-24 14:50:53"}
{"error":"","level":"error","message":"Telegram请求失败","method":"getUpdates","service":"nas-bot","timestamp":"2026-05-24 14:50:54"}
{"error":"","level":"error","message":"Telegram请求失败","method":"getUpdates","service":"nas-bot","timestamp":"2026-05-24 14:50:55"}
{"error":"","level":"error","message":"Telegram请求失败","method":"getUpdates","service":"nas-bot","timestamp":"2026-05-24 14:50:56"}
{"error":"","level":"error","message":"Telegram请求失败","method":"getUpdates","service":"nas-bot","timestamp":"2026-05-24 14:50:58"}
{"error":"","level":"error","message":"Telegram请求失败","method":"getUpdates","service":"nas-bot","timestamp":"2026-05-24 14:50:59"}
{"error":"","level":"error","message":"Telegram请求失败","method":"getUpdates","service":"nas-bot","timestamp":"2026-05-24 14:51:00"}
{"error":"","level":"error","message":"Telegram请求失败","method":"getUpdates","service":"nas-bot","timestamp":"2026-05-24 14:51:01"}
{"error":"","level":"error","message":"Telegram请求失败","method":"getUpdates","service":"nas-bot","timestamp":"2026-05-24 14:51:03"}
{"error":"","level":"error","message":"Telegram请求失败","method":"getUpdates","service":"nas-bot","timestamp":"2026-05-24 14:51:04"}
{"error":"","level":"error","message":"Telegram请求失败","method":"getUpdates","service":"nas-bot","timestamp":"2026-05-24 14:51:05"}
{"error":"","level":"error","message":"Telegram请求失败","method":"getUpdates","service":"nas-bot","timestamp":"2026-05-24 14:51:07"}
{"error":"","level":"error","message":"Telegram请求失败","method":"getUpdates","service":"nas-bot","timestamp":"2026-05-24 14:51:08"}
{"error":"","level":"error","message":"Telegram请求失败","method":"getUpdates","service":"nas-bot","timestamp":"2026-05-24 14:51:09"}
{"error":"","level":"error","message":"Telegram请求失败","method":"getUpdates","service":"nas-bot","timestamp":"2026-05-24 14:51:10"}
{"error":"","level":"error","message":"Telegram请求失败","method":"sendMessage","service":"nas-bot","timestamp":"2026-05-24 15:35:55"}
{"error":"","level":"error","message":"Telegram请求失败","method":"sendMessage","service":"nas-bot","timestamp":"2026-05-24 15:36:44"}
{"error":"","level":"error","message":"Telegram请求失败","method":"getUpdates","service":"nas-bot","timestamp":"2026-05-24 15:52:10"}
{"error":"","level":"error","message":"Telegram请求失败","method":"getUpdates","service":"nas-bot","timestamp":"2026-05-24 15:52:11"}
{"error":"","level":"error","message":"Telegram请求失败","method":"getUpdates","service":"nas-bot","timestamp":"2026-05-24 15:52:12"}
{"error":"","level":"error","message":"Telegram请求失败","method":"getUpdates","service":"nas-bot","timestamp":"2026-05-24 15:52:13"}
{"error":"","level":"error","message":"Telegram请求失败","method":"getUpdates","service":"nas-bot","timestamp":"2026-05-24 15:52:15"}
{"error":"","level":"error","message":"Telegram请求失败","method":"getUpdates","service":"nas-bot","timestamp":"2026-05-24 15:52:16"}
{"error":"","level":"error","message":"Telegram请求失败","method":"getUpdates","service":"nas-bot","timestamp":"2026-05-24 17:54:11"}
{"error":"read ETIMEDOUT","level":"error","message":"Telegram请求失败","method":"getUpdates","service":"nas-bot","timestamp":"2026-05-24 20:00:13"}
{"error":"getaddrinfo EAI_AGAIN api.telegram.org","level":"error","message":"Telegram请求失败","method":"getUpdates","service":"nas-bot","timestamp":"2026-05-24 20:00:19"}
{"error":"socket hang up","level":"error","message":"Telegram请求失败","method":"getUpdates","service":"nas-bot","timestamp":"2026-05-24 20:00:25"}
{"error":"socket hang up","level":"error","message":"Telegram请求失败","method":"getUpdates","service":"nas-bot","timestamp":"2026-05-24 20:00:31"}
{"error":"getaddrinfo EAI_AGAIN api.telegram.org","level":"error","message":"Telegram请求失败","method":"getUpdates","service":"nas-bot","timestamp":"2026-05-24 20:00:37"}
{"error":"getaddrinfo EAI_AGAIN api.telegram.org","level":"error","message":"Telegram请求失败","method":"getUpdates","service":"nas-bot","timestamp":"2026-05-24 20:00:43"}
{"error":"socket hang up","level":"error","message":"Telegram请求失败","method":"getUpdates","service":"nas-bot","timestamp":"2026-05-24 20:00:49"}
{"error":"socket hang up","level":"error","message":"Telegram请求失败","method":"getUpdates","service":"nas-bot","timestamp":"2026-05-24 20:00:55"}
{"error":"socket hang up","level":"error","message":"Telegram请求失败","method":"getUpdates","service":"nas-bot","timestamp":"2026-05-24 20:01:01"}
{"error":"socket hang up","level":"error","message":"Telegram请求失败","method":"getUpdates","service":"nas-bot","timestamp":"2026-05-24 20:01:07"}
{"error":"socket hang up","level":"error","message":"Telegram请求失败","method":"getUpdates","service":"nas-bot","timestamp":"2026-05-24 20:01:13"}
{"error":"getaddrinfo EAI_AGAIN api.telegram.org","level":"error","message":"Telegram请求失败","method":"getUpdates","service":"nas-bot","timestamp":"2026-05-24 20:01:19"}
{"error":"getaddrinfo EAI_AGAIN api.telegram.org","level":"error","message":"Telegram请求失败","method":"getUpdates","service":"nas-bot","timestamp":"2026-05-24 20:01:25"}
{"error":"getaddrinfo EAI_AGAIN api.telegram.org","level":"error","message":"Telegram请求失败","method":"getUpdates","service":"nas-bot","timestamp":"2026-05-24 20:01:31"}
{"error":"socket hang up","level":"error","message":"Telegram请求失败","method":"getUpdates","service":"nas-bot","timestamp":"2026-05-24 20:01:37"}
{"error":"socket hang up","level":"error","message":"Telegram请求失败","method":"getUpdates","service":"nas-bot","timestamp":"2026-05-24 20:01:43"}
{"error":"getaddrinfo EAI_AGAIN api.telegram.org","level":"error","message":"Telegram请求失败","method":"getUpdates","service":"nas-bot","timestamp":"2026-05-24 20:01:49"}
{"error":"socket hang up","level":"error","message":"Telegram请求失败","method":"getUpdates","service":"nas-bot","timestamp":"2026-05-24 20:01:55"}
{"error":"getaddrinfo EAI_AGAIN api.telegram.org","level":"error","message":"Telegram请求失败","method":"getUpdates","service":"nas-bot","timestamp":"2026-05-24 20:02:01"}
{"error":"socket hang up","level":"error","message":"Telegram请求失败","method":"getUpdates","service":"nas-bot","timestamp":"2026-05-24 20:02:07"}
{"error":"getaddrinfo EAI_AGAIN api.telegram.org","level":"error","message":"Telegram请求失败","method":"getUpdates","service":"nas-bot","timestamp":"2026-05-24 20:02:13"}
{"error":"socket hang up","level":"error","message":"Telegram请求失败","method":"getUpdates","service":"nas-bot","timestamp":"2026-05-24 20:02:19"}
{"error":"socket hang up","level":"error","message":"Telegram请求失败","method":"getUpdates","service":"nas-bot","timestamp":"2026-05-24 20:02:25"}
{"error":"socket hang up","level":"error","message":"Telegram请求失败","method":"getUpdates","service":"nas-bot","timestamp":"2026-05-24 20:02:31"}
{"error":"socket hang up","level":"error","message":"Telegram请求失败","method":"getUpdates","service":"nas-bot","timestamp":"2026-05-24 20:02:37"}
{"error":"socket hang up","level":"error","message":"Telegram请求失败","method":"getUpdates","service":"nas-bot","timestamp":"2026-05-24 20:02:43"}
{"error":"getaddrinfo EAI_AGAIN api.telegram.org","level":"error","message":"Telegram请求失败","method":"getUpdates","service":"nas-bot","timestamp":"2026-05-24 20:02:49"}
{"error":"socket hang up","level":"error","message":"Telegram请求失败","method":"getUpdates","service":"nas-bot","timestamp":"2026-05-24 20:02:55"}
{"error":"socket hang up","level":"error","message":"Telegram请求失败","method":"getUpdates","service":"nas-bot","timestamp":"2026-05-24 20:03:01"}
{"error":"getaddrinfo EAI_AGAIN api.telegram.org","level":"error","message":"Telegram请求失败","method":"getUpdates","service":"nas-bot","timestamp":"2026-05-24 20:03:07"}
{"error":"socket hang up","level":"error","message":"Telegram请求失败","method":"getUpdates","service":"nas-bot","timestamp":"2026-05-24 20:03:13"}
{"error":"socket hang up","level":"error","message":"Telegram请求失败","method":"getUpdates","service":"nas-bot","timestamp":"2026-05-24 20:03:19"}
{"error":"socket hang up","level":"error","message":"Telegram请求失败","method":"getUpdates","service":"nas-bot","timestamp":"2026-05-24 20:03:25"}
{"error":"socket hang up","level":"error","message":"Telegram请求失败","method":"getUpdates","service":"nas-bot","timestamp":"2026-05-24 20:03:31"}
{"error":"socket hang up","level":"error","message":"Telegram请求失败","method":"getUpdates","service":"nas-bot","timestamp":"2026-05-24 20:03:37"}
{"error":"socket hang up","level":"error","message":"Telegram请求失败","method":"getUpdates","service":"nas-bot","timestamp":"2026-05-24 20:03:43"}
{"error":"getaddrinfo EAI_AGAIN api.telegram.org","level":"error","message":"Telegram请求失败","method":"getUpdates","service":"nas-bot","timestamp":"2026-05-24 20:03:49"}
{"error":"socket hang up","level":"error","message":"Telegram请求失败","method":"getUpdates","service":"nas-bot","timestamp":"2026-05-24 20:03:55"}
{"error":"getaddrinfo EAI_AGAIN api.telegram.org","level":"error","message":"Telegram请求失败","method":"getUpdates","service":"nas-bot","timestamp":"2026-05-24 20:04:01"}
{"error":"socket hang up","level":"error","message":"Telegram请求失败","method":"getUpdates","service":"nas-bot","timestamp":"2026-05-24 20:04:07"}
{"error":"getaddrinfo EAI_AGAIN api.telegram.org","level":"error","message":"Telegram请求失败","method":"getUpdates","service":"nas-bot","timestamp":"2026-05-24 20:04:13"}
{"error":"getaddrinfo EAI_AGAIN api.telegram.org","level":"error","message":"Telegram请求失败","method":"getUpdates","service":"nas-bot","timestamp":"2026-05-24 20:04:19"}
{"error":"socket hang up","level":"error","message":"Telegram请求失败","method":"getUpdates","service":"nas-bot","timestamp":"2026-05-24 20:04:25"}
{"error":"getaddrinfo EAI_AGAIN api.telegram.org","level":"error","message":"Telegram请求失败","method":"getUpdates","service":"nas-bot","timestamp":"2026-05-24 20:04:31"}
{"error":"getaddrinfo EAI_AGAIN api.telegram.org","level":"error","message":"Telegram请求失败","method":"getUpdates","service":"nas-bot","timestamp":"2026-05-24 20:04:37"}
{"error":"getaddrinfo EAI_AGAIN api.telegram.org","level":"error","message":"Telegram请求失败","method":"getUpdates","service":"nas-bot","timestamp":"2026-05-24 20:04:43"}
{"error":"socket hang up","level":"error","message":"Telegram请求失败","method":"getUpdates","service":"nas-bot","timestamp":"2026-05-24 20:04:49"}
{"error":"socket hang up","level":"error","message":"Telegram请求失败","method":"getUpdates","service":"nas-bot","timestamp":"2026-05-24 20:04:55"}
{"error":"socket hang up","level":"error","message":"Telegram请求失败","method":"getUpdates","service":"nas-bot","timestamp":"2026-05-24 20:05:01"}
{"error":"socket hang up","level":"error","message":"Telegram请求失败","method":"getUpdates","service":"nas-bot","timestamp":"2026-05-24 20:05:07"}
{"error":"socket hang up","level":"error","message":"Telegram请求失败","method":"getUpdates","service":"nas-bot","timestamp":"2026-05-24 20:05:13"}
{"error":"socket hang up","level":"error","message":"Telegram请求失败","method":"getUpdates","service":"nas-bot","timestamp":"2026-05-24 20:05:19"}
{"error":"getaddrinfo EAI_AGAIN api.telegram.org","level":"error","message":"Telegram请求失败","method":"getUpdates","service":"nas-bot","timestamp":"2026-05-24 20:05:25"}
{"error":"socket hang up","level":"error","message":"Telegram请求失败","method":"getUpdates","service":"nas-bot","timestamp":"2026-05-24 20:05:31"}
{"error":"getaddrinfo EAI_AGAIN api.telegram.org","level":"error","message":"Telegram请求失败","method":"getUpdates","service":"nas-bot","timestamp":"2026-05-24 20:05:37"}
{"error":"getaddrinfo EAI_AGAIN api.telegram.org","level":"error","message":"Telegram请求失败","method":"getUpdates","service":"nas-bot","timestamp":"2026-05-24 20:05:43"}
{"error":"socket hang up","level":"error","message":"Telegram请求失败","method":"getUpdates","service":"nas-bot","timestamp":"2026-05-24 20:05:49"}
{"error":"socket hang up","level":"error","message":"Telegram请求失败","method":"getUpdates","service":"nas-bot","timestamp":"2026-05-24 20:05:55"}
{"error":"socket hang up","level":"error","message":"Telegram请求失败","method":"getUpdates","service":"nas-bot","timestamp":"2026-05-24 20:06:01"}
{"error":"socket hang up","level":"error","message":"Telegram请求失败","method":"getUpdates","service":"nas-bot","timestamp":"2026-05-24 20:06:07"}
{"error":"socket hang up","level":"error","message":"Telegram请求失败","method":"getUpdates","service":"nas-bot","timestamp":"2026-05-24 20:06:13"}
{"error":"socket hang up","level":"error","message":"Telegram请求失败","method":"getUpdates","service":"nas-bot","timestamp":"2026-05-24 20:06:19"}
{"error":"getaddrinfo EAI_AGAIN api.telegram.org","level":"error","message":"Telegram请求失败","method":"getUpdates","service":"nas-bot","timestamp":"2026-05-24 20:06:25"}
{"error":"socket hang up","level":"error","message":"Telegram请求失败","method":"getUpdates","service":"nas-bot","timestamp":"2026-05-24 20:06:31"}
{"error":"socket hang up","level":"error","message":"Telegram请求失败","method":"getUpdates","service":"nas-bot","timestamp":"2026-05-24 20:06:37"}
{"error":"socket hang up","level":"error","message":"Telegram请求失败","method":"getUpdates","service":"nas-bot","timestamp":"2026-05-24 20:06:43"}
{"error":"getaddrinfo EAI_AGAIN api.telegram.org","level":"error","message":"Telegram请求失败","method":"getUpdates","service":"nas-bot","timestamp":"2026-05-24 20:06:49"}
{"error":"socket hang up","level":"error","message":"Telegram请求失败","method":"getUpdates","service":"nas-bot","timestamp":"2026-05-24 20:06:55"}
{"error":"socket hang up","level":"error","message":"Telegram请求失败","method":"getUpdates","service":"nas-bot","timestamp":"2026-05-24 20:07:01"}
{"error":"socket hang up","level":"error","message":"Telegram请求失败","method":"getUpdates","service":"nas-bot","timestamp":"2026-05-24 20:07:07"}
{"error":"socket hang up","level":"error","message":"Telegram请求失败","method":"getUpdates","service":"nas-bot","timestamp":"2026-05-24 20:07:13"}
{"error":"socket hang up","level":"error","message":"Telegram请求失败","method":"getUpdates","service":"nas-bot","timestamp":"2026-05-24 20:07:19"}
{"error":"socket hang up","level":"error","message":"Telegram请求失败","method":"getUpdates","service":"nas-bot","timestamp":"2026-05-24 20:07:25"}
{"error":"socket hang up","level":"error","message":"Telegram请求失败","method":"getUpdates","service":"nas-bot","timestamp":"2026-05-24 20:07:31"}
{"error":"getaddrinfo EAI_AGAIN api.telegram.org","level":"error","message":"Telegram请求失败","method":"getUpdates","service":"nas-bot","timestamp":"2026-05-24 20:07:37"}
{"error":"socket hang up","level":"error","message":"Telegram请求失败","method":"getUpdates","service":"nas-bot","timestamp":"2026-05-24 20:07:43"}
{"error":"getaddrinfo EAI_AGAIN api.telegram.org","level":"error","message":"Telegram请求失败","method":"getUpdates","service":"nas-bot","timestamp":"2026-05-24 20:07:49"}
{"error":"socket hang up","level":"error","message":"Telegram请求失败","method":"getUpdates","service":"nas-bot","timestamp":"2026-05-24 20:07:55"}
{"error":"socket hang up","level":"error","message":"Telegram请求失败","method":"getUpdates","service":"nas-bot","timestamp":"2026-05-24 20:08:01"}
{"error":"getaddrinfo EAI_AGAIN api.telegram.org","level":"error","message":"Telegram请求失败","method":"getUpdates","service":"nas-bot","timestamp":"2026-05-24 20:08:07"}
{"error":"socket hang up","level":"error","message":"Telegram请求失败","method":"getUpdates","service":"nas-bot","timestamp":"2026-05-24 20:08:13"}
{"error":"socket hang up","level":"error","message":"Telegram请求失败","method":"getUpdates","service":"nas-bot","timestamp":"2026-05-24 20:08:19"}
{"error":"socket hang up","level":"error","message":"Telegram请求失败","method":"getUpdates","service":"nas-bot","timestamp":"2026-05-24 20:08:25"}
{"error":"socket hang up","level":"error","message":"Telegram请求失败","method":"getUpdates","service":"nas-bot","timestamp":"2026-05-24 20:08:31"}
{"error":"","level":"error","message":"Telegram请求失败","method":"getUpdates","service":"nas-bot","timestamp":"2026-05-24 20:08:32"}
{"error":"","level":"error","message":"Telegram请求失败","method":"getUpdates","service":"nas-bot","timestamp":"2026-05-24 20:08:34"}
{"error":"","level":"error","message":"Telegram请求失败","method":"getUpdates","service":"nas-bot","timestamp":"2026-05-24 20:08:35"}
{"error":"","level":"error","message":"Telegram请求失败","method":"getUpdates","service":"nas-bot","timestamp":"2026-05-24 20:08:36"}
{"error":"","level":"error","message":"Telegram请求失败","method":"getUpdates","service":"nas-bot","timestamp":"2026-05-24 21:09:34"}
{"error":"","level":"error","message":"Telegram请求失败","method":"getUpdates","service":"nas-bot","timestamp":"2026-05-24 21:09:36"}
{"error":"","level":"error","message":"Telegram请求失败","method":"getUpdates","service":"nas-bot","timestamp":"2026-05-24 23:11:31"}
{"error":"","level":"error","message":"Telegram请求失败","method":"getUpdates","service":"nas-bot","timestamp":"2026-05-24 23:11:32"}
{"error":"","level":"error","message":"Telegram请求失败","method":"getUpdates","service":"nas-bot","timestamp":"2026-05-25 01:13:30"}
{"error":"","level":"error","message":"Telegram请求失败","method":"getUpdates","service":"nas-bot","timestamp":"2026-05-25 01:13:31"}
{"error":"","level":"error","message":"Telegram请求失败","method":"getUpdates","service":"nas-bot","timestamp":"2026-05-25 02:14:32"}
{"error":"","level":"error","message":"Telegram请求失败","method":"getUpdates","service":"nas-bot","timestamp":"2026-05-25 02:14:33"}
{"error":"","level":"error","message":"Telegram请求失败","method":"getUpdates","service":"nas-bot","timestamp":"2026-05-25 02:14:34"}
{"error":"","level":"error","message":"Telegram请求失败","method":"getUpdates","service":"nas-bot","timestamp":"2026-05-25 02:14:36"}
{"error":"","level":"error","message":"Telegram请求失败","method":"getUpdates","service":"nas-bot","timestamp":"2026-05-25 02:14:37"}
{"error":"","level":"error","message":"Telegram请求失败","method":"getUpdates","service":"nas-bot","timestamp":"2026-05-25 02:14:38"}
{"error":"","level":"error","message":"Telegram请求失败","method":"getUpdates","service":"nas-bot","timestamp":"2026-05-25 02:14:40"}
{"error":"","level":"error","message":"Telegram请求失败","method":"getUpdates","service":"nas-bot","timestamp":"2026-05-25 02:14:41"}
{"error":"","level":"error","message":"Telegram请求失败","method":"getUpdates","service":"nas-bot","timestamp":"2026-05-25 02:14:42"}
{"error":"","level":"error","message":"Telegram请求失败","method":"getUpdates","service":"nas-bot","timestamp":"2026-05-25 02:14:43"}
{"error":"","level":"error","message":"Telegram请求失败","method":"getUpdates","service":"nas-bot","timestamp":"2026-05-25 02:14:45"}
{"error":"","level":"error","message":"Telegram请求失败","method":"getUpdates","service":"nas-bot","timestamp":"2026-05-25 02:14:46"}
{"error":"","level":"error","message":"Telegram请求失败","method":"getUpdates","service":"nas-bot","timestamp":"2026-05-25 02:14:47"}
{"error":"","level":"error","message":"Telegram请求失败","method":"getUpdates","service":"nas-bot","timestamp":"2026-05-25 02:14:48"}
{"error":"","level":"error","message":"Telegram请求失败","method":"getUpdates","service":"nas-bot","timestamp":"2026-05-25 02:14:50"}
{"error":"","level":"error","message":"Telegram请求失败","method":"getUpdates","service":"nas-bot","timestamp":"2026-05-25 02:14:51"}
{"error":"","level":"error","message":"Telegram请求失败","method":"getUpdates","service":"nas-bot","timestamp":"2026-05-25 02:14:52"}
{"error":"","level":"error","message":"Telegram请求失败","method":"getUpdates","service":"nas-bot","timestamp":"2026-05-25 02:14:53"}
{"error":"","level":"error","message":"Telegram请求失败","method":"getUpdates","service":"nas-bot","timestamp":"2026-05-25 02:14:55"}
{"error":"","level":"error","message":"Telegram请求失败","method":"getUpdates","service":"nas-bot","timestamp":"2026-05-25 02:14:56"}
{"error":"","level":"error","message":"Telegram请求失败","method":"getUpdates","service":"nas-bot","timestamp":"2026-05-25 02:14:57"}
{"error":"","level":"error","message":"Telegram请求失败","method":"getUpdates","service":"nas-bot","timestamp":"2026-05-25 02:14:58"}
{"error":"","level":"error","message":"Telegram请求失败","method":"getUpdates","service":"nas-bot","timestamp":"2026-05-25 02:15:00"}
{"error":"","level":"error","message":"Telegram请求失败","method":"getUpdates","service":"nas-bot","timestamp":"2026-05-25 02:15:01"}
{"error":"","level":"error","message":"Telegram请求失败","method":"getUpdates","service":"nas-bot","timestamp":"2026-05-25 02:15:02"}
{"error":"","level":"error","message":"Telegram请求失败","method":"getUpdates","service":"nas-bot","timestamp":"2026-05-25 02:15:03"}
{"error":"","level":"error","message":"Telegram请求失败","method":"getUpdates","service":"nas-bot","timestamp":"2026-05-25 02:15:05"}
{"error":"","level":"error","message":"Telegram请求失败","method":"getUpdates","service":"nas-bot","timestamp":"2026-05-25 02:15:06"}
{"error":"","level":"error","message":"Telegram请求失败","method":"getUpdates","service":"nas-bot","timestamp":"2026-05-25 02:15:07"}
{"error":"","level":"error","message":"Telegram请求失败","method":"getUpdates","service":"nas-bot","timestamp":"2026-05-25 02:15:08"}
{"error":"","level":"error","message":"Telegram请求失败","method":"getUpdates","service":"nas-bot","timestamp":"2026-05-25 02:15:10"}
{"error":"","level":"error","message":"Telegram请求失败","method":"getUpdates","service":"nas-bot","timestamp":"2026-05-25 05:18:07"}
{"error":"","level":"error","message":"Telegram请求失败","method":"getUpdates","service":"nas-bot","timestamp":"2026-05-25 05:18:09"}
{"error":"","level":"error","message":"Telegram请求失败","method":"getUpdates","service":"nas-bot","timestamp":"2026-05-25 05:18:10"}
{"error":"","level":"error","message":"Telegram请求失败","method":"getUpdates","service":"nas-bot","timestamp":"2026-05-25 06:19:08"}
{"error":"","level":"error","message":"Telegram请求失败","method":"getUpdates","service":"nas-bot","timestamp":"2026-05-25 06:19:09"}
{"error":"","level":"error","message":"Telegram请求失败","method":"getUpdates","service":"nas-bot","timestamp":"2026-05-25 07:20:08"}
{"error":"","level":"error","message":"Telegram请求失败","method":"getUpdates","service":"nas-bot","timestamp":"2026-05-25 07:20:09"}
{"error":"","level":"error","message":"Telegram请求失败","method":"getUpdates","service":"nas-bot","timestamp":"2026-05-25 07:20:10"}
{"error":"","level":"error","message":"Telegram请求失败","method":"getUpdates","service":"nas-bot","timestamp":"2026-05-25 07:20:12"}
{"error":"","level":"error","message":"Telegram请求失败","method":"getUpdates","service":"nas-bot","timestamp":"2026-05-25 07:20:13"}
{"error":"","level":"error","message":"Telegram请求失败","method":"getUpdates","service":"nas-bot","timestamp":"2026-05-25 07:20:14"}
{"error":"","level":"error","message":"Telegram请求失败","method":"getUpdates","service":"nas-bot","timestamp":"2026-05-25 07:20:15"}
{"error":"","level":"error","message":"Telegram请求失败","method":"getUpdates","service":"nas-bot","timestamp":"2026-05-25 07:20:17"}
{"error":"","level":"error","message":"Telegram请求失败","method":"getUpdates","service":"nas-bot","timestamp":"2026-05-25 07:20:18"}
{"error":"","level":"error","message":"Telegram请求失败","method":"getUpdates","service":"nas-bot","timestamp":"2026-05-25 07:20:19"}
{"error":"","level":"error","message":"Telegram请求失败","method":"getUpdates","service":"nas-bot","timestamp":"2026-05-25 07:20:20"}
{"error":"","level":"error","message":"Telegram请求失败","method":"getUpdates","service":"nas-bot","timestamp":"2026-05-25 07:20:22"}
{"error":"","level":"error","message":"Telegram请求失败","method":"getUpdates","service":"nas-bot","timestamp":"2026-05-25 07:20:23"}
{"error":"","level":"error","message":"Telegram请求失败","method":"getUpdates","service":"nas-bot","timestamp":"2026-05-25 08:21:22"}
{"error":"","level":"error","message":"Telegram请求失败","method":"getUpdates","service":"nas-bot","timestamp":"2026-05-25 09:22:21"}
{"error":"","level":"error","message":"Telegram请求失败","method":"getUpdates","service":"nas-bot","timestamp":"2026-05-25 09:22:23"}
{"error":"","level":"error","message":"Telegram请求失败","method":"getUpdates","service":"nas-bot","timestamp":"2026-05-25 10:23:24"}
{"error":"","level":"error","message":"Telegram请求失败","method":"getUpdates","service":"nas-bot","timestamp":"2026-05-25 10:23:25"}
{"error":"","level":"error","message":"Telegram请求失败","method":"getUpdates","service":"nas-bot","timestamp":"2026-05-25 10:23:27"}
{"error":"","level":"error","message":"Telegram请求失败","method":"getUpdates","service":"nas-bot","timestamp":"2026-05-25 10:23:28"}
{"error":"","level":"error","message":"Telegram请求失败","method":"getUpdates","service":"nas-bot","timestamp":"2026-05-25 10:23:29"}
{"error":"","level":"error","message":"Telegram请求失败","method":"getUpdates","service":"nas-bot","timestamp":"2026-05-25 10:23:30"}
{"error":"","level":"error","message":"Telegram请求失败","method":"getUpdates","service":"nas-bot","timestamp":"2026-05-25 10:23:32"}
{"error":"","level":"error","message":"Telegram请求失败","method":"getUpdates","service":"nas-bot","timestamp":"2026-05-25 10:23:33"}
{"error":"","level":"error","message":"Telegram请求失败","method":"getUpdates","service":"nas-bot","timestamp":"2026-05-25 10:23:34"}
{"error":"","level":"error","message":"Telegram请求失败","method":"getUpdates","service":"nas-bot","timestamp":"2026-05-25 10:23:35"}
{"error":"","level":"error","message":"Telegram请求失败","method":"getUpdates","service":"nas-bot","timestamp":"2026-05-25 10:23:37"}
{"error":"","level":"error","message":"Telegram请求失败","method":"getUpdates","service":"nas-bot","timestamp":"2026-05-25 10:23:38"}
{"error":"","level":"error","message":"Telegram请求失败","method":"getUpdates","service":"nas-bot","timestamp":"2026-05-25 10:23:39"}
{"error":"","level":"error","message":"Telegram请求失败","method":"getUpdates","service":"nas-bot","timestamp":"2026-05-25 10:23:40"}
{"error":"","level":"error","message":"Telegram请求失败","method":"getUpdates","service":"nas-bot","timestamp":"2026-05-25 11:24:40"}
{"error":"","level":"error","message":"Telegram请求失败","method":"getUpdates","service":"nas-bot","timestamp":"2026-05-25 11:24:41"}
{"error":"","level":"error","message":"Telegram请求失败","method":"getUpdates","service":"nas-bot","timestamp":"2026-05-25 12:25:43"}
{"error":"","level":"error","message":"Telegram请求失败","method":"getUpdates","service":"nas-bot","timestamp":"2026-05-25 12:25:44"}
{"error":"","level":"error","message":"Telegram请求失败","method":"getUpdates","service":"nas-bot","timestamp":"2026-05-25 12:25:46"}
{"error":"","level":"error","message":"Telegram请求失败","method":"getUpdates","service":"nas-bot","timestamp":"2026-05-25 12:25:47"}
{"error":"","level":"error","message":"Telegram请求失败","method":"getUpdates","service":"nas-bot","timestamp":"2026-05-25 12:25:48"}
{"error":"","level":"error","message":"Telegram请求失败","method":"getUpdates","service":"nas-bot","timestamp":"2026-05-25 12:25:49"}
{"error":"","level":"error","message":"Telegram请求失败","method":"getUpdates","service":"nas-bot","timestamp":"2026-05-25 12:25:51"}
{"error":"","level":"error","message":"Telegram请求失败","method":"getUpdates","service":"nas-bot","timestamp":"2026-05-25 12:25:52"}
{"error":"","level":"error","message":"Telegram请求失败","method":"getUpdates","service":"nas-bot","timestamp":"2026-05-25 12:25:53"}
{"error":"","level":"error","message":"Telegram请求失败","method":"getUpdates","service":"nas-bot","timestamp":"2026-05-25 12:25:54"}
{"error":"","level":"error","message":"Telegram请求失败","method":"getUpdates","service":"nas-bot","timestamp":"2026-05-25 12:25:56"}
{"error":"","level":"error","message":"Telegram请求失败","method":"getUpdates","service":"nas-bot","timestamp":"2026-05-25 12:25:57"}
{"error":"","level":"error","message":"Telegram请求失败","method":"getUpdates","service":"nas-bot","timestamp":"2026-05-25 12:25:58"}
{"error":"","level":"error","message":"Telegram请求失败","method":"getUpdates","service":"nas-bot","timestamp":"2026-05-25 12:25:59"}
{"error":"","level":"error","message":"Telegram请求失败","method":"getUpdates","service":"nas-bot","timestamp":"2026-05-25 12:26:01"}
{"error":"","level":"error","message":"Telegram请求失败","method":"getUpdates","service":"nas-bot","timestamp":"2026-05-25 12:26:02"}
{"error":"","level":"error","message":"Telegram请求失败","method":"getUpdates","service":"nas-bot","timestamp":"2026-05-25 12:26:03"}
{"error":"","level":"error","message":"Telegram请求失败","method":"getUpdates","service":"nas-bot","timestamp":"2026-05-25 12:26:04"}
{"error":"","level":"error","message":"Telegram请求失败","method":"getUpdates","service":"nas-bot","timestamp":"2026-05-25 12:26:06"}
{"error":"","level":"error","message":"Telegram请求失败","method":"getUpdates","service":"nas-bot","timestamp":"2026-05-25 12:26:07"}
{"error":"","level":"error","message":"Telegram请求失败","method":"getUpdates","service":"nas-bot","timestamp":"2026-05-25 12:26:08"}
{"error":"","level":"error","message":"Telegram请求失败","method":"getUpdates","service":"nas-bot","timestamp":"2026-05-25 12:26:09"}
{"error":"","level":"error","message":"Telegram请求失败","method":"getUpdates","service":"nas-bot","timestamp":"2026-05-25 12:26:11"}
{"error":"","level":"error","message":"Telegram请求失败","method":"getUpdates","service":"nas-bot","timestamp":"2026-05-25 12:26:12"}
{"error":"","level":"error","message":"Telegram请求失败","method":"getUpdates","service":"nas-bot","timestamp":"2026-05-25 12:26:13"}
{"error":"","level":"error","message":"Telegram请求失败","method":"getUpdates","service":"nas-bot","timestamp":"2026-05-25 12:26:15"}
{"error":"","level":"error","message":"Telegram请求失败","method":"getUpdates","service":"nas-bot","timestamp":"2026-05-25 13:44:17"}
{"error":"","level":"error","message":"Telegram请求失败","method":"getUpdates","service":"nas-bot","timestamp":"2026-05-25 13:48:36"}
{"error":"","level":"error","message":"Telegram请求失败","method":"getUpdates","service":"nas-bot","timestamp":"2026-05-25 13:48:37"}
{"error":"","level":"error","message":"Telegram请求失败","method":"getUpdates","service":"nas-bot","timestamp":"2026-05-25 13:48:38"}
{"error":"","level":"error","message":"Telegram请求失败","method":"getUpdates","service":"nas-bot","timestamp":"2026-05-25 13:55:02"}
{"error":"","level":"error","message":"Telegram请求失败","method":"getUpdates","service":"nas-bot","timestamp":"2026-05-25 13:57:55"}
{"error":"","level":"error","message":"Telegram请求失败","method":"getUpdates","service":"nas-bot","timestamp":"2026-05-25 13:58:59"}
{"error":"","level":"error","message":"Telegram请求失败","method":"getUpdates","service":"nas-bot","timestamp":"2026-05-25 13:59:00"}
{"error":"","level":"error","message":"Telegram请求失败","method":"getUpdates","service":"nas-bot","timestamp":"2026-05-25 13:59:01"}
{"error":"","level":"error","message":"Telegram请求失败","method":"getUpdates","service":"nas-bot","timestamp":"2026-05-25 13:59:03"}
{"error":"","level":"error","message":"Telegram请求失败","method":"getUpdates","service":"nas-bot","timestamp":"2026-05-25 13:59:04"}
{"error":"","level":"error","message":"Telegram请求失败","method":"getUpdates","service":"nas-bot","timestamp":"2026-05-25 13:59:05"}
{"error":"","level":"error","message":"Telegram请求失败","method":"getUpdates","service":"nas-bot","timestamp":"2026-05-25 13:59:06"}
{"error":"","level":"error","message":"Telegram请求失败","method":"getUpdates","service":"nas-bot","timestamp":"2026-05-25 13:59:08"}
{"error":"","level":"error","message":"Telegram请求失败","method":"getUpdates","service":"nas-bot","timestamp":"2026-05-25 13:59:09"}
{"error":"","level":"error","message":"Telegram请求失败","method":"getUpdates","service":"nas-bot","timestamp":"2026-05-25 13:59:10"}
{"error":"","level":"error","message":"Telegram请求失败","method":"getUpdates","service":"nas-bot","timestamp":"2026-05-25 13:59:11"}
{"error":"","level":"error","message":"Telegram请求失败","method":"getUpdates","service":"nas-bot","timestamp":"2026-05-25 13:59:13"}
{"error":"","level":"error","message":"Telegram请求失败","method":"getUpdates","service":"nas-bot","timestamp":"2026-05-25 13:59:14"}
{"error":"","level":"error","message":"Telegram请求失败","method":"getUpdates","service":"nas-bot","timestamp":"2026-05-25 13:59:15"}
{"error":"","level":"error","message":"Telegram请求失败","method":"getUpdates","service":"nas-bot","timestamp":"2026-05-25 13:59:16"}
{"error":"","level":"error","message":"Telegram请求失败","method":"getUpdates","service":"nas-bot","timestamp":"2026-05-25 13:59:18"}
{"error":"","level":"error","message":"Telegram请求失败","method":"getUpdates","service":"nas-bot","timestamp":"2026-05-25 13:59:19"}
{"error":"","level":"error","message":"Telegram请求失败","method":"getUpdates","service":"nas-bot","timestamp":"2026-05-25 13:59:20"}
{"error":"","level":"error","message":"Telegram请求失败","method":"getUpdates","service":"nas-bot","timestamp":"2026-05-25 13:59:21"}
{"error":"","level":"error","message":"Telegram请求失败","method":"getUpdates","service":"nas-bot","timestamp":"2026-05-25 13:59:23"}
{"error":"","level":"error","message":"Telegram请求失败","method":"sendMessage","service":"nas-bot","timestamp":"2026-05-25 13:59:27"}
{"error":"","level":"error","message":"Telegram请求失败","method":"getUpdates","service":"nas-bot","timestamp":"2026-05-25 13:59:45"}
{"error":"","level":"error","message":"Telegram请求失败","method":"getUpdates","service":"nas-bot","timestamp":"2026-05-25 14:00:31"}
{"error":"","level":"error","message":"Telegram请求失败","method":"sendMessage","service":"nas-bot","timestamp":"2026-05-25 15:35:48"}
{"error":"","level":"error","message":"Telegram请求失败","method":"sendMessage","service":"nas-bot","timestamp":"2026-05-25 15:36:48"}
{"error":"socket hang up","level":"error","message":"Telegram请求失败","method":"getUpdates","service":"nas-bot","timestamp":"2026-05-25 20:00:07"}
{"error":"socket hang up","level":"error","message":"Telegram请求失败","method":"getUpdates","service":"nas-bot","timestamp":"2026-05-25 20:00:13"}
{"error":"socket hang up","level":"error","message":"Telegram请求失败","method":"getUpdates","service":"nas-bot","timestamp":"2026-05-25 20:00:19"}
{"error":"getaddrinfo EAI_AGAIN api.telegram.org","level":"error","message":"Telegram请求失败","method":"getUpdates","service":"nas-bot","timestamp":"2026-05-25 20:00:25"}
{"error":"socket hang up","level":"error","message":"Telegram请求失败","method":"getUpdates","service":"nas-bot","timestamp":"2026-05-25 20:00:31"}
{"error":"getaddrinfo EAI_AGAIN api.telegram.org","level":"error","message":"Telegram请求失败","method":"getUpdates","service":"nas-bot","timestamp":"2026-05-25 20:00:37"}
{"error":"socket hang up","level":"error","message":"Telegram请求失败","method":"getUpdates","service":"nas-bot","timestamp":"2026-05-25 20:00:43"}
{"error":"socket hang up","level":"error","message":"Telegram请求失败","method":"getUpdates","service":"nas-bot","timestamp":"2026-05-25 20:00:49"}
{"error":"socket hang up","level":"error","message":"Telegram请求失败","method":"getUpdates","service":"nas-bot","timestamp":"2026-05-25 20:00:55"}
{"error":"getaddrinfo EAI_AGAIN api.telegram.org","level":"error","message":"Telegram请求失败","method":"getUpdates","service":"nas-bot","timestamp":"2026-05-25 20:01:01"}
{"error":"getaddrinfo EAI_AGAIN api.telegram.org","level":"error","message":"Telegram请求失败","method":"getUpdates","service":"nas-bot","timestamp":"2026-05-25 20:01:07"}
{"error":"socket hang up","level":"error","message":"Telegram请求失败","method":"getUpdates","service":"nas-bot","timestamp":"2026-05-25 20:01:13"}
{"error":"socket hang up","level":"error","message":"Telegram请求失败","method":"getUpdates","service":"nas-bot","timestamp":"2026-05-25 20:01:19"}
{"error":"getaddrinfo EAI_AGAIN api.telegram.org","level":"error","message":"Telegram请求失败","method":"getUpdates","service":"nas-bot","timestamp":"2026-05-25 20:01:25"}
{"error":"getaddrinfo EAI_AGAIN api.telegram.org","level":"error","message":"Telegram请求失败","method":"getUpdates","service":"nas-bot","timestamp":"2026-05-25 20:01:32"}
{"error":"getaddrinfo EAI_AGAIN api.telegram.org","level":"error","message":"Telegram请求失败","method":"getUpdates","service":"nas-bot","timestamp":"2026-05-25 20:01:38"}
{"error":"socket hang up","level":"error","message":"Telegram请求失败","method":"getUpdates","service":"nas-bot","timestamp":"2026-05-25 20:01:44"}
{"error":"socket hang up","level":"error","message":"Telegram请求失败","method":"getUpdates","service":"nas-bot","timestamp":"2026-05-25 20:01:50"}
{"error":"getaddrinfo EAI_AGAIN api.telegram.org","level":"error","message":"Telegram请求失败","method":"getUpdates","service":"nas-bot","timestamp":"2026-05-25 20:01:56"}
{"error":"getaddrinfo EAI_AGAIN api.telegram.org","level":"error","message":"Telegram请求失败","method":"getUpdates","service":"nas-bot","timestamp":"2026-05-25 20:02:02"}
{"error":"socket hang up","level":"error","message":"Telegram请求失败","method":"getUpdates","service":"nas-bot","timestamp":"2026-05-25 20:02:08"}
{"error":"getaddrinfo EAI_AGAIN api.telegram.org","level":"error","message":"Telegram请求失败","method":"getUpdates","service":"nas-bot","timestamp":"2026-05-25 20:02:14"}
{"error":"getaddrinfo EAI_AGAIN api.telegram.org","level":"error","message":"Telegram请求失败","method":"getUpdates","service":"nas-bot","timestamp":"2026-05-25 20:02:20"}
{"error":"socket hang up","level":"error","message":"Telegram请求失败","method":"getUpdates","service":"nas-bot","timestamp":"2026-05-25 20:02:26"}
{"error":"socket hang up","level":"error","message":"Telegram请求失败","method":"getUpdates","service":"nas-bot","timestamp":"2026-05-25 20:02:32"}
{"error":"socket hang up","level":"error","message":"Telegram请求失败","method":"getUpdates","service":"nas-bot","timestamp":"2026-05-25 20:02:38"}
{"error":"socket hang up","level":"error","message":"Telegram请求失败","method":"getUpdates","service":"nas-bot","timestamp":"2026-05-25 20:02:44"}
{"error":"socket hang up","level":"error","message":"Telegram请求失败","method":"getUpdates","service":"nas-bot","timestamp":"2026-05-25 20:02:50"}
{"error":"getaddrinfo EAI_AGAIN api.telegram.org","level":"error","message":"Telegram请求失败","method":"getUpdates","service":"nas-bot","timestamp":"2026-05-25 20:02:56"}
{"error":"socket hang up","level":"error","message":"Telegram请求失败","method":"getUpdates","service":"nas-bot","timestamp":"2026-05-25 20:03:02"}
{"error":"socket hang up","level":"error","message":"Telegram请求失败","method":"getUpdates","service":"nas-bot","timestamp":"2026-05-25 20:03:08"}
{"error":"socket hang up","level":"error","message":"Telegram请求失败","method":"getUpdates","service":"nas-bot","timestamp":"2026-05-25 20:03:14"}
{"error":"socket hang up","level":"error","message":"Telegram请求失败","method":"getUpdates","service":"nas-bot","timestamp":"2026-05-25 20:03:20"}
{"error":"getaddrinfo EAI_AGAIN api.telegram.org","level":"error","message":"Telegram请求失败","method":"getUpdates","service":"nas-bot","timestamp":"2026-05-25 20:03:26"}
{"error":"socket hang up","level":"error","message":"Telegram请求失败","method":"getUpdates","service":"nas-bot","timestamp":"2026-05-25 20:03:32"}
{"error":"socket hang up","level":"error","message":"Telegram请求失败","method":"getUpdates","service":"nas-bot","timestamp":"2026-05-25 20:03:38"}
{"error":"getaddrinfo EAI_AGAIN api.telegram.org","level":"error","message":"Telegram请求失败","method":"getUpdates","service":"nas-bot","timestamp":"2026-05-25 20:03:44"}
{"error":"socket hang up","level":"error","message":"Telegram请求失败","method":"getUpdates","service":"nas-bot","timestamp":"2026-05-25 20:03:50"}
{"error":"socket hang up","level":"error","message":"Telegram请求失败","method":"getUpdates","service":"nas-bot","timestamp":"2026-05-25 20:03:56"}
{"error":"socket hang up","level":"error","message":"Telegram请求失败","method":"getUpdates","service":"nas-bot","timestamp":"2026-05-25 20:04:02"}
{"error":"getaddrinfo EAI_AGAIN api.telegram.org","level":"error","message":"Telegram请求失败","method":"getUpdates","service":"nas-bot","timestamp":"2026-05-25 20:04:08"}
{"error":"socket hang up","level":"error","message":"Telegram请求失败","method":"getUpdates","service":"nas-bot","timestamp":"2026-05-25 20:04:14"}
{"error":"getaddrinfo EAI_AGAIN api.telegram.org","level":"error","message":"Telegram请求失败","method":"getUpdates","service":"nas-bot","timestamp":"2026-05-25 20:04:20"}
{"error":"socket hang up","level":"error","message":"Telegram请求失败","method":"getUpdates","service":"nas-bot","timestamp":"2026-05-25 20:04:26"}
{"error":"socket hang up","level":"error","message":"Telegram请求失败","method":"getUpdates","service":"nas-bot","timestamp":"2026-05-25 20:04:32"}
{"error":"getaddrinfo EAI_AGAIN api.telegram.org","level":"error","message":"Telegram请求失败","method":"getUpdates","service":"nas-bot","timestamp":"2026-05-25 20:04:38"}
{"error":"socket hang up","level":"error","message":"Telegram请求失败","method":"getUpdates","service":"nas-bot","timestamp":"2026-05-25 20:04:44"}
{"error":"socket hang up","level":"error","message":"Telegram请求失败","method":"getUpdates","service":"nas-bot","timestamp":"2026-05-25 20:04:50"}
{"error":"getaddrinfo EAI_AGAIN api.telegram.org","level":"error","message":"Telegram请求失败","method":"getUpdates","service":"nas-bot","timestamp":"2026-05-25 20:04:56"}
{"error":"socket hang up","level":"error","message":"Telegram请求失败","method":"getUpdates","service":"nas-bot","timestamp":"2026-05-25 20:05:02"}
{"error":"getaddrinfo EAI_AGAIN api.telegram.org","level":"error","message":"Telegram请求失败","method":"getUpdates","service":"nas-bot","timestamp":"2026-05-25 20:05:08"}
{"error":"socket hang up","level":"error","message":"Telegram请求失败","method":"getUpdates","service":"nas-bot","timestamp":"2026-05-25 20:05:14"}
{"error":"getaddrinfo EAI_AGAIN api.telegram.org","level":"error","message":"Telegram请求失败","method":"getUpdates","service":"nas-bot","timestamp":"2026-05-25 20:05:20"}
{"error":"getaddrinfo EAI_AGAIN api.telegram.org","level":"error","message":"Telegram请求失败","method":"getUpdates","service":"nas-bot","timestamp":"2026-05-25 20:05:26"}
{"error":"socket hang up","level":"error","message":"Telegram请求失败","method":"getUpdates","service":"nas-bot","timestamp":"2026-05-25 20:05:32"}
{"error":"getaddrinfo EAI_AGAIN api.telegram.org","level":"error","message":"Telegram请求失败","method":"getUpdates","service":"nas-bot","timestamp":"2026-05-25 20:05:38"}
{"error":"socket hang up","level":"error","message":"Telegram请求失败","method":"getUpdates","service":"nas-bot","timestamp":"2026-05-25 20:05:44"}
{"error":"socket hang up","level":"error","message":"Telegram请求失败","method":"getUpdates","service":"nas-bot","timestamp":"2026-05-25 20:05:50"}
{"error":"socket hang up","level":"error","message":"Telegram请求失败","method":"getUpdates","service":"nas-bot","timestamp":"2026-05-25 20:05:56"}
{"error":"getaddrinfo EAI_AGAIN api.telegram.org","level":"error","message":"Telegram请求失败","method":"getUpdates","service":"nas-bot","timestamp":"2026-05-25 20:06:02"}
{"error":"getaddrinfo EAI_AGAIN api.telegram.org","level":"error","message":"Telegram请求失败","method":"getUpdates","service":"nas-bot","timestamp":"2026-05-25 20:06:08"}
{"error":"socket hang up","level":"error","message":"Telegram请求失败","method":"getUpdates","service":"nas-bot","timestamp":"2026-05-25 20:06:14"}
{"error":"getaddrinfo EAI_AGAIN api.telegram.org","level":"error","message":"Telegram请求失败","method":"getUpdates","service":"nas-bot","timestamp":"2026-05-25 20:06:20"}
{"error":"socket hang up","level":"error","message":"Telegram请求失败","method":"getUpdates","service":"nas-bot","timestamp":"2026-05-25 20:06:26"}
{"error":"socket hang up","level":"error","message":"Telegram请求失败","method":"getUpdates","service":"nas-bot","timestamp":"2026-05-25 20:06:32"}
{"error":"getaddrinfo EAI_AGAIN api.telegram.org","level":"error","message":"Telegram请求失败","method":"getUpdates","service":"nas-bot","timestamp":"2026-05-25 20:06:38"}
{"error":"socket hang up","level":"error","message":"Telegram请求失败","method":"getUpdates","service":"nas-bot","timestamp":"2026-05-25 20:06:44"}
{"error":"socket hang up","level":"error","message":"Telegram请求失败","method":"getUpdates","service":"nas-bot","timestamp":"2026-05-25 20:06:50"}
{"error":"socket hang up","level":"error","message":"Telegram请求失败","method":"getUpdates","service":"nas-bot","timestamp":"2026-05-25 20:06:56"}
{"error":"socket hang up","level":"error","message":"Telegram请求失败","method":"getUpdates","service":"nas-bot","timestamp":"2026-05-25 20:07:02"}
{"error":"socket hang up","level":"error","message":"Telegram请求失败","method":"getUpdates","service":"nas-bot","timestamp":"2026-05-25 20:07:08"}
{"error":"socket hang up","level":"error","message":"Telegram请求失败","method":"getUpdates","service":"nas-bot","timestamp":"2026-05-25 20:07:14"}
{"error":"socket hang up","level":"error","message":"Telegram请求失败","method":"getUpdates","service":"nas-bot","timestamp":"2026-05-25 20:07:20"}
{"error":"getaddrinfo EAI_AGAIN api.telegram.org","level":"error","message":"Telegram请求失败","method":"getUpdates","service":"nas-bot","timestamp":"2026-05-25 20:07:26"}
{"error":"socket hang up","level":"error","message":"Telegram请求失败","method":"getUpdates","service":"nas-bot","timestamp":"2026-05-25 20:07:32"}
{"error":"socket hang up","level":"error","message":"Telegram请求失败","method":"getUpdates","service":"nas-bot","timestamp":"2026-05-25 20:07:38"}
{"error":"socket hang up","level":"error","message":"Telegram请求失败","method":"getUpdates","service":"nas-bot","timestamp":"2026-05-25 20:07:44"}
{"error":"socket hang up","level":"error","message":"Telegram请求失败","method":"getUpdates","service":"nas-bot","timestamp":"2026-05-25 20:07:50"}
{"error":"socket hang up","level":"error","message":"Telegram请求失败","method":"getUpdates","service":"nas-bot","timestamp":"2026-05-25 20:07:56"}
{"error":"socket hang up","level":"error","message":"Telegram请求失败","method":"getUpdates","service":"nas-bot","timestamp":"2026-05-25 20:08:02"}
{"error":"socket hang up","level":"error","message":"Telegram请求失败","method":"getUpdates","service":"nas-bot","timestamp":"2026-05-25 20:08:08"}
{"error":"socket hang up","level":"error","message":"Telegram请求失败","method":"getUpdates","service":"nas-bot","timestamp":"2026-05-25 20:08:14"}
{"error":"socket hang up","level":"error","message":"Telegram请求失败","method":"getUpdates","service":"nas-bot","timestamp":"2026-05-25 20:08:20"}
{"error":"socket hang up","level":"error","message":"Telegram请求失败","method":"getUpdates","service":"nas-bot","timestamp":"2026-05-25 20:08:26"}
{"error":"socket hang up","level":"error","message":"Telegram请求失败","method":"getUpdates","service":"nas-bot","timestamp":"2026-05-25 20:08:32"}
{"error":"socket hang up","level":"error","message":"Telegram请求失败","method":"getUpdates","service":"nas-bot","timestamp":"2026-05-25 20:08:38"}
{"error":"getaddrinfo EAI_AGAIN api.telegram.org","level":"error","message":"Telegram请求失败","method":"getUpdates","service":"nas-bot","timestamp":"2026-05-25 20:08:44"}
{"error":"socket hang up","level":"error","message":"Telegram请求失败","method":"getUpdates","service":"nas-bot","timestamp":"2026-05-25 20:08:50"}
{"error":"socket hang up","level":"error","message":"Telegram请求失败","method":"getUpdates","service":"nas-bot","timestamp":"2026-05-25 20:08:56"}
{"error":"","level":"error","message":"Telegram请求失败","method":"getUpdates","service":"nas-bot","timestamp":"2026-05-25 23:11:52"}
{"error":"","level":"error","message":"Telegram请求失败","method":"getUpdates","service":"nas-bot","timestamp":"2026-05-26 01:13:48"}
{"error":"","level":"error","message":"Telegram请求失败","method":"getUpdates","service":"nas-bot","timestamp":"2026-05-26 01:13:49"}
{"error":"","level":"error","message":"Telegram请求失败","method":"getUpdates","service":"nas-bot","timestamp":"2026-05-26 01:13:50"}
{"error":"","level":"error","message":"Telegram请求失败","method":"getUpdates","service":"nas-bot","timestamp":"2026-05-26 02:14:50"}
{"error":"","level":"error","message":"Telegram请求失败","method":"getUpdates","service":"nas-bot","timestamp":"2026-05-26 02:14:51"}
{"error":"","level":"error","message":"Telegram请求失败","method":"getUpdates","service":"nas-bot","timestamp":"2026-05-26 02:14:53"}
{"error":"","level":"error","message":"Telegram请求失败","method":"getUpdates","service":"nas-bot","timestamp":"2026-05-26 02:14:54"}
{"error":"","level":"error","message":"Telegram请求失败","method":"getUpdates","service":"nas-bot","timestamp":"2026-05-26 03:15:52"}
{"error":"","level":"error","message":"Telegram请求失败","method":"getUpdates","service":"nas-bot","timestamp":"2026-05-26 03:15:54"}
{"error":"","level":"error","message":"Telegram请求失败","method":"getUpdates","service":"nas-bot","timestamp":"2026-05-26 05:17:49"}
{"error":"","level":"error","message":"Telegram请求失败","method":"getUpdates","service":"nas-bot","timestamp":"2026-05-26 05:17:50"}
{"error":"","level":"error","message":"Telegram请求失败","method":"getUpdates","service":"nas-bot","timestamp":"2026-05-26 06:18:50"}
{"error":"","level":"error","message":"Telegram请求失败","method":"getUpdates","service":"nas-bot","timestamp":"2026-05-26 06:18:52"}
{"error":"","level":"error","message":"Telegram请求失败","method":"getUpdates","service":"nas-bot","timestamp":"2026-05-26 06:18:53"}
{"error":"","level":"error","message":"Telegram请求失败","method":"getUpdates","service":"nas-bot","timestamp":"2026-05-26 06:18:54"}
{"error":"","level":"error","message":"Telegram请求失败","method":"getUpdates","service":"nas-bot","timestamp":"2026-05-26 06:18:55"}
{"error":"","level":"error","message":"Telegram请求失败","method":"getUpdates","service":"nas-bot","timestamp":"2026-05-26 06:18:57"}
{"error":"","level":"error","message":"Telegram请求失败","method":"getUpdates","service":"nas-bot","timestamp":"2026-05-26 06:18:58"}
{"error":"","level":"error","message":"Telegram请求失败","method":"getUpdates","service":"nas-bot","timestamp":"2026-05-26 06:18:59"}
{"error":"","level":"error","message":"Telegram请求失败","method":"getUpdates","service":"nas-bot","timestamp":"2026-05-26 06:19:00"}
{"error":"","level":"error","message":"Telegram请求失败","method":"getUpdates","service":"nas-bot","timestamp":"2026-05-26 06:19:02"}
{"error":"","level":"error","message":"Telegram请求失败","method":"getUpdates","service":"nas-bot","timestamp":"2026-05-26 06:19:03"}
{"error":"","level":"error","message":"Telegram请求失败","method":"getUpdates","service":"nas-bot","timestamp":"2026-05-26 06:19:04"}
{"error":"","level":"error","message":"Telegram请求失败","method":"getUpdates","service":"nas-bot","timestamp":"2026-05-26 06:19:05"}
{"error":"","level":"error","message":"Telegram请求失败","method":"getUpdates","service":"nas-bot","timestamp":"2026-05-26 06:19:07"}
{"error":"","level":"error","message":"Telegram请求失败","method":"getUpdates","service":"nas-bot","timestamp":"2026-05-26 06:19:08"}
{"error":"","level":"error","message":"Telegram请求失败","method":"getUpdates","service":"nas-bot","timestamp":"2026-05-26 06:19:09"}
{"error":"","level":"error","message":"Telegram请求失败","method":"getUpdates","service":"nas-bot","timestamp":"2026-05-26 06:19:10"}
{"error":"","level":"error","message":"Telegram请求失败","method":"getUpdates","service":"nas-bot","timestamp":"2026-05-26 06:19:12"}
{"error":"","level":"error","message":"Telegram请求失败","method":"getUpdates","service":"nas-bot","timestamp":"2026-05-26 06:19:13"}
{"error":"","level":"error","message":"Telegram请求失败","method":"getUpdates","service":"nas-bot","timestamp":"2026-05-26 06:19:14"}
{"error":"","level":"error","message":"Telegram请求失败","method":"getUpdates","service":"nas-bot","timestamp":"2026-05-26 06:19:15"}
{"error":"","level":"error","message":"Telegram请求失败","method":"getUpdates","service":"nas-bot","timestamp":"2026-05-26 07:20:14"}
{"error":"","level":"error","message":"Telegram请求失败","method":"getUpdates","service":"nas-bot","timestamp":"2026-05-26 07:20:15"}
{"error":"","level":"error","message":"Telegram请求失败","method":"getUpdates","service":"nas-bot","timestamp":"2026-05-26 07:20:16"}
{"error":"","level":"error","message":"Telegram请求失败","method":"getUpdates","service":"nas-bot","timestamp":"2026-05-26 07:20:18"}
{"error":"","level":"error","message":"Telegram请求失败","method":"getUpdates","service":"nas-bot","timestamp":"2026-05-26 07:20:19"}
{"error":"","level":"error","message":"Telegram请求失败","method":"getUpdates","service":"nas-bot","timestamp":"2026-05-26 07:20:20"}
{"error":"","level":"error","message":"Telegram请求失败","method":"getUpdates","service":"nas-bot","timestamp":"2026-05-26 07:20:21"}
{"error":"","level":"error","message":"Telegram请求失败","method":"getUpdates","service":"nas-bot","timestamp":"2026-05-26 08:21:20"}
{"error":"","level":"error","message":"Telegram请求失败","method":"getUpdates","service":"nas-bot","timestamp":"2026-05-26 08:21:21"}
{"error":"","level":"error","message":"Telegram请求失败","method":"getUpdates","service":"nas-bot","timestamp":"2026-05-26 08:21:22"}
{"error":"","level":"error","message":"Telegram请求失败","method":"getUpdates","service":"nas-bot","timestamp":"2026-05-26 09:22:21"}
{"error":"","level":"error","message":"Telegram请求失败","method":"getUpdates","service":"nas-bot","timestamp":"2026-05-26 09:22:22"}
{"error":"","level":"error","message":"Telegram请求失败","method":"getUpdates","service":"nas-bot","timestamp":"2026-05-26 09:22:23"}
{"error":"","level":"error","message":"Telegram请求失败","method":"getUpdates","service":"nas-bot","timestamp":"2026-05-26 10:23:23"}
{"error":"","level":"error","message":"Telegram请求失败","method":"getUpdates","service":"nas-bot","timestamp":"2026-05-26 10:23:24"}
{"error":"","level":"error","message":"Telegram请求失败","method":"getUpdates","service":"nas-bot","timestamp":"2026-05-26 10:23:26"}
{"error":"","level":"error","message":"Telegram请求失败","method":"getUpdates","service":"nas-bot","timestamp":"2026-05-26 10:23:27"}
{"error":"","level":"error","message":"Telegram请求失败","method":"getUpdates","service":"nas-bot","timestamp":"2026-05-26 10:23:28"}
{"error":"","level":"error","message":"Telegram请求失败","method":"getUpdates","service":"nas-bot","timestamp":"2026-05-26 10:23:29"}
{"error":"","level":"error","message":"Telegram请求失败","method":"getUpdates","service":"nas-bot","timestamp":"2026-05-26 10:23:31"}
{"error":"","level":"error","message":"Telegram请求失败","method":"getUpdates","service":"nas-bot","timestamp":"2026-05-26 11:24:05"}
{"error":"","level":"error","message":"Telegram请求失败","method":"getUpdates","service":"nas-bot","timestamp":"2026-05-26 11:24:06"}
{"error":"","level":"error","message":"Telegram请求失败","method":"getUpdates","service":"nas-bot","timestamp":"2026-05-26 11:24:08"}
{"error":"","level":"error","message":"Telegram请求失败","method":"getUpdates","service":"nas-bot","timestamp":"2026-05-26 11:24:09"}
{"error":"","level":"error","message":"Telegram请求失败","method":"getUpdates","service":"nas-bot","timestamp":"2026-05-26 11:24:10"}
{"error":"","level":"error","message":"Telegram请求失败","method":"getUpdates","service":"nas-bot","timestamp":"2026-05-26 11:24:11"}
{"error":"","level":"error","message":"Telegram请求失败","method":"getUpdates","service":"nas-bot","timestamp":"2026-05-26 11:24:13"}
{"error":"","level":"error","message":"Telegram请求失败","method":"getUpdates","service":"nas-bot","timestamp":"2026-05-26 11:24:14"}
{"error":"","level":"error","message":"Telegram请求失败","method":"getUpdates","service":"nas-bot","timestamp":"2026-05-26 11:24:15"}
{"error":"","level":"error","message":"Telegram请求失败","method":"getUpdates","service":"nas-bot","timestamp":"2026-05-26 11:24:16"}
{"error":"","level":"error","message":"Telegram请求失败","method":"getUpdates","service":"nas-bot","timestamp":"2026-05-26 11:24:18"}
{"error":"","level":"error","message":"Telegram请求失败","method":"getUpdates","service":"nas-bot","timestamp":"2026-05-26 11:24:19"}
{"error":"","level":"error","message":"Telegram请求失败","method":"getUpdates","service":"nas-bot","timestamp":"2026-05-26 11:24:20"}
{"error":"","level":"error","message":"Telegram请求失败","method":"getUpdates","service":"nas-bot","timestamp":"2026-05-26 11:24:21"}
{"error":"","level":"error","message":"Telegram请求失败","method":"getUpdates","service":"nas-bot","timestamp":"2026-05-26 11:24:23"}
{"error":"","level":"error","message":"Telegram请求失败","method":"getUpdates","service":"nas-bot","timestamp":"2026-05-26 11:24:24"}
{"error":"","level":"error","message":"Telegram请求失败","method":"getUpdates","service":"nas-bot","timestamp":"2026-05-26 11:24:25"}
{"error":"","level":"error","message":"Telegram请求失败","method":"getUpdates","service":"nas-bot","timestamp":"2026-05-26 11:24:26"}
{"error":"","level":"error","message":"Telegram请求失败","method":"getUpdates","service":"nas-bot","timestamp":"2026-05-26 11:24:28"}
{"error":"","level":"error","message":"Telegram请求失败","method":"getUpdates","service":"nas-bot","timestamp":"2026-05-26 11:24:29"}
{"error":"","level":"error","message":"Telegram请求失败","method":"getUpdates","service":"nas-bot","timestamp":"2026-05-26 11:24:30"}
{"error":"","level":"error","message":"Telegram请求失败","method":"getUpdates","service":"nas-bot","timestamp":"2026-05-26 11:24:31"}
{"error":"","level":"error","message":"Telegram请求失败","method":"getUpdates","service":"nas-bot","timestamp":"2026-05-26 11:24:33"}
{"error":"","level":"error","message":"Telegram请求失败","method":"getUpdates","service":"nas-bot","timestamp":"2026-05-26 11:24:34"}
{"error":"","level":"error","message":"Telegram请求失败","method":"getUpdates","service":"nas-bot","timestamp":"2026-05-26 11:24:35"}
{"error":"","level":"error","message":"Telegram请求失败","method":"getUpdates","service":"nas-bot","timestamp":"2026-05-26 11:24:36"}
{"error":"","level":"error","message":"Telegram请求失败","method":"getUpdates","service":"nas-bot","timestamp":"2026-05-26 11:24:38"}
{"error":"","level":"error","message":"Telegram请求失败","method":"getUpdates","service":"nas-bot","timestamp":"2026-05-26 11:24:39"}
{"error":"","level":"error","message":"Telegram请求失败","method":"getUpdates","service":"nas-bot","timestamp":"2026-05-26 11:24:40"}
{"error":"","level":"error","message":"Telegram请求失败","method":"getUpdates","service":"nas-bot","timestamp":"2026-05-26 11:24:41"}
{"error":"","level":"error","message":"Telegram请求失败","method":"getUpdates","service":"nas-bot","timestamp":"2026-05-26 11:24:43"}
{"error":"","level":"error","message":"Telegram请求失败","method":"getUpdates","service":"nas-bot","timestamp":"2026-05-26 11:24:44"}
{"error":"","level":"error","message":"Telegram请求失败","method":"getUpdates","service":"nas-bot","timestamp":"2026-05-26 11:24:45"}
{"error":"","level":"error","message":"Telegram请求失败","method":"getUpdates","service":"nas-bot","timestamp":"2026-05-26 11:24:46"}
{"error":"","level":"error","message":"Telegram请求失败","method":"getUpdates","service":"nas-bot","timestamp":"2026-05-26 11:39:11"}
{"error":"","level":"error","message":"Telegram请求失败","method":"getUpdates","service":"nas-bot","timestamp":"2026-05-26 11:39:13"}
{"error":"","level":"error","message":"Telegram请求失败","method":"getUpdates","service":"nas-bot","timestamp":"2026-05-26 11:39:14"}
{"error":"","level":"error","message":"Telegram请求失败","method":"getUpdates","service":"nas-bot","timestamp":"2026-05-26 11:39:15"}
{"error":"","level":"error","message":"Telegram请求失败","method":"getUpdates","service":"nas-bot","timestamp":"2026-05-26 11:39:16"}
{"error":"","level":"error","message":"Telegram请求失败","method":"getUpdates","service":"nas-bot","timestamp":"2026-05-26 11:39:18"}
{"error":"","level":"error","message":"Telegram请求失败","method":"getUpdates","service":"nas-bot","timestamp":"2026-05-26 11:39:19"}
{"error":"","level":"error","message":"Telegram请求失败","method":"getUpdates","service":"nas-bot","timestamp":"2026-05-26 11:39:20"}
{"error":"","level":"error","message":"Telegram请求失败","method":"getUpdates","service":"nas-bot","timestamp":"2026-05-26 11:39:21"}
{"error":"","level":"error","message":"Telegram请求失败","method":"getUpdates","service":"nas-bot","timestamp":"2026-05-26 11:39:23"}
{"error":"","level":"error","message":"Telegram请求失败","method":"getUpdates","service":"nas-bot","timestamp":"2026-05-26 11:39:24"}
{"error":"","level":"error","message":"Telegram请求失败","method":"getUpdates","service":"nas-bot","timestamp":"2026-05-26 11:39:25"}
{"error":"","level":"error","message":"Telegram请求失败","method":"getUpdates","service":"nas-bot","timestamp":"2026-05-26 11:39:26"}
{"error":"","level":"error","message":"Telegram请求失败","method":"getUpdates","service":"nas-bot","timestamp":"2026-05-26 11:39:28"}
{"error":"","level":"error","message":"Telegram请求失败","method":"getUpdates","service":"nas-bot","timestamp":"2026-05-26 11:39:29"}
{"error":"","level":"error","message":"Telegram请求失败","method":"getUpdates","service":"nas-bot","timestamp":"2026-05-26 11:39:30"}
{"error":"","level":"error","message":"Telegram请求失败","method":"getUpdates","service":"nas-bot","timestamp":"2026-05-26 11:39:32"}
{"error":"","level":"error","message":"Telegram请求失败","method":"getUpdates","service":"nas-bot","timestamp":"2026-05-26 11:39:33"}
{"error":"","level":"error","message":"Telegram请求失败","method":"getUpdates","service":"nas-bot","timestamp":"2026-05-26 11:39:34"}
{"error":"","level":"error","message":"Telegram请求失败","method":"getUpdates","service":"nas-bot","timestamp":"2026-05-26 11:39:35"}
{"error":"","level":"error","message":"Telegram请求失败","method":"getUpdates","service":"nas-bot","timestamp":"2026-05-26 11:39:37"}
{"error":"","level":"error","message":"Telegram请求失败","method":"getUpdates","service":"nas-bot","timestamp":"2026-05-26 11:39:38"}
{"error":"","level":"error","message":"Telegram请求失败","method":"getUpdates","service":"nas-bot","timestamp":"2026-05-26 11:39:39"}
{"error":"","level":"error","message":"Telegram请求失败","method":"getUpdates","service":"nas-bot","timestamp":"2026-05-26 11:39:40"}
{"error":"","level":"error","message":"Telegram请求失败","method":"getUpdates","service":"nas-bot","timestamp":"2026-05-26 11:39:42"}
{"error":"","level":"error","message":"Telegram请求失败","method":"getUpdates","service":"nas-bot","timestamp":"2026-05-26 11:39:43"}
{"error":"","level":"error","message":"Telegram请求失败","method":"getUpdates","service":"nas-bot","timestamp":"2026-05-26 11:39:44"}
{"error":"","level":"error","message":"Telegram请求失败","method":"getUpdates","service":"nas-bot","timestamp":"2026-05-26 11:39:45"}
{"error":"","level":"error","message":"Telegram请求失败","method":"getUpdates","service":"nas-bot","timestamp":"2026-05-26 11:39:47"}
{"error":"","level":"error","message":"Telegram请求失败","method":"getUpdates","service":"nas-bot","timestamp":"2026-05-26 11:39:48"}
{"error":"","level":"error","message":"Telegram请求失败","method":"getUpdates","service":"nas-bot","timestamp":"2026-05-26 11:39:49"}
{"error":"","level":"error","message":"Telegram请求失败","method":"getUpdates","service":"nas-bot","timestamp":"2026-05-26 11:39:50"}
{"error":"","level":"error","message":"Telegram请求失败","method":"getUpdates","service":"nas-bot","timestamp":"2026-05-26 11:39:52"}
{"error":"","level":"error","message":"Telegram请求失败","method":"getUpdates","service":"nas-bot","timestamp":"2026-05-26 11:39:53"}
{"error":"","level":"error","message":"Telegram请求失败","method":"getUpdates","service":"nas-bot","timestamp":"2026-05-26 11:39:54"}
{"error":"","level":"error","message":"Telegram请求失败","method":"getUpdates","service":"nas-bot","timestamp":"2026-05-26 11:39:55"}
{"error":"","level":"error","message":"Telegram请求失败","method":"getUpdates","service":"nas-bot","timestamp":"2026-05-26 11:39:57"}
{"error":"","level":"error","message":"Telegram请求失败","method":"getUpdates","service":"nas-bot","timestamp":"2026-05-26 11:39:58"}
{"error":"","level":"error","message":"Telegram请求失败","method":"getUpdates","service":"nas-bot","timestamp":"2026-05-26 11:39:59"}
{"error":"","level":"error","message":"Telegram请求失败","method":"getUpdates","service":"nas-bot","timestamp":"2026-05-26 11:40:00"}
{"error":"","level":"error","message":"Telegram请求失败","method":"getUpdates","service":"nas-bot","timestamp":"2026-05-26 11:40:02"}
{"error":"","level":"error","message":"Telegram请求失败","method":"getUpdates","service":"nas-bot","timestamp":"2026-05-26 11:40:03"}
{"error":"","level":"error","message":"Telegram请求失败","method":"getUpdates","service":"nas-bot","timestamp":"2026-05-26 11:40:04"}
{"error":"","level":"error","message":"Telegram请求失败","method":"getUpdates","service":"nas-bot","timestamp":"2026-05-26 11:40:05"}
{"error":"","level":"error","message":"Telegram请求失败","method":"getUpdates","service":"nas-bot","timestamp":"2026-05-26 11:40:07"}
{"error":"","level":"error","message":"Telegram请求失败","method":"getUpdates","service":"nas-bot","timestamp":"2026-05-26 11:40:08"}
{"error":"","level":"error","message":"Telegram请求失败","method":"getUpdates","service":"nas-bot","timestamp":"2026-05-26 11:40:09"}
{"error":"","level":"error","message":"Telegram请求失败","method":"getUpdates","service":"nas-bot","timestamp":"2026-05-26 11:40:10"}
{"error":"","level":"error","message":"Telegram请求失败","method":"getUpdates","service":"nas-bot","timestamp":"2026-05-26 11:40:12"}
{"error":"","level":"error","message":"Telegram请求失败","method":"getUpdates","service":"nas-bot","timestamp":"2026-05-26 11:40:13"}
{"error":"","level":"error","message":"Telegram请求失败","method":"getUpdates","service":"nas-bot","timestamp":"2026-05-26 11:40:14"}
{"error":"","level":"error","message":"Telegram请求失败","method":"getUpdates","service":"nas-bot","timestamp":"2026-05-26 11:40:15"}
{"error":"","level":"error","message":"Telegram请求失败","method":"getUpdates","service":"nas-bot","timestamp":"2026-05-26 11:40:17"}
{"error":"","level":"error","message":"Telegram请求失败","method":"getUpdates","service":"nas-bot","timestamp":"2026-05-26 11:40:18"}
{"error":"","level":"error","message":"Telegram请求失败","method":"getUpdates","service":"nas-bot","timestamp":"2026-05-26 11:40:19"}
{"error":"","level":"error","message":"Telegram请求失败","method":"getUpdates","service":"nas-bot","timestamp":"2026-05-26 11:40:20"}
{"error":"","level":"error","message":"Telegram请求失败","method":"getUpdates","service":"nas-bot","timestamp":"2026-05-26 11:40:22"}
{"error":"","level":"error","message":"Telegram请求失败","method":"getUpdates","service":"nas-bot","timestamp":"2026-05-26 11:40:23"}
{"error":"","level":"error","message":"Telegram请求失败","method":"getUpdates","service":"nas-bot","timestamp":"2026-05-26 11:40:24"}
{"error":"","level":"error","message":"Telegram请求失败","method":"getUpdates","service":"nas-bot","timestamp":"2026-05-26 11:40:26"}
{"error":"","level":"error","message":"Telegram请求失败","method":"getUpdates","service":"nas-bot","timestamp":"2026-05-26 11:40:27"}
{"error":"","level":"error","message":"Telegram请求失败","method":"getUpdates","service":"nas-bot","timestamp":"2026-05-26 11:40:28"}
{"error":"","level":"error","message":"Telegram请求失败","method":"getUpdates","service":"nas-bot","timestamp":"2026-05-26 11:40:29"}
{"error":"","level":"error","message":"Telegram请求失败","method":"getUpdates","service":"nas-bot","timestamp":"2026-05-26 11:40:31"}
{"error":"","level":"error","message":"Telegram请求失败","method":"getUpdates","service":"nas-bot","timestamp":"2026-05-26 11:40:32"}
{"error":"","level":"error","message":"Telegram请求失败","method":"getUpdates","service":"nas-bot","timestamp":"2026-05-26 11:40:33"}
{"error":"","level":"error","message":"Telegram请求失败","method":"getUpdates","service":"nas-bot","timestamp":"2026-05-26 11:40:34"}
{"error":"","level":"error","message":"Telegram请求失败","method":"getUpdates","service":"nas-bot","timestamp":"2026-05-26 11:40:36"}
{"error":"","level":"error","message":"Telegram请求失败","method":"getUpdates","service":"nas-bot","timestamp":"2026-05-26 11:40:37"}
{"error":"","level":"error","message":"Telegram请求失败","method":"getUpdates","service":"nas-bot","timestamp":"2026-05-26 11:40:38"}
{"error":"","level":"error","message":"Telegram请求失败","method":"getUpdates","service":"nas-bot","timestamp":"2026-05-26 11:40:39"}
{"error":"","level":"error","message":"Telegram请求失败","method":"getUpdates","service":"nas-bot","timestamp":"2026-05-26 11:40:41"}
{"error":"","level":"error","message":"Telegram请求失败","method":"getUpdates","service":"nas-bot","timestamp":"2026-05-26 11:40:42"}
{"error":"","level":"error","message":"Telegram请求失败","method":"getUpdates","service":"nas-bot","timestamp":"2026-05-26 11:40:43"}
{"error":"","level":"error","message":"Telegram请求失败","method":"getUpdates","service":"nas-bot","timestamp":"2026-05-26 11:40:44"}
{"error":"","level":"error","message":"Telegram请求失败","method":"getUpdates","service":"nas-bot","timestamp":"2026-05-26 11:40:46"}
{"error":"","level":"error","message":"Telegram请求失败","method":"getUpdates","service":"nas-bot","timestamp":"2026-05-26 11:40:47"}
{"error":"","level":"error","message":"Telegram请求失败","method":"getUpdates","service":"nas-bot","timestamp":"2026-05-26 11:40:48"}
{"error":"","level":"error","message":"Telegram请求失败","method":"getUpdates","service":"nas-bot","timestamp":"2026-05-26 11:40:49"}
{"error":"","level":"error","message":"Telegram请求失败","method":"getUpdates","service":"nas-bot","timestamp":"2026-05-26 11:40:51"}
{"error":"","level":"error","message":"Telegram请求失败","method":"getUpdates","service":"nas-bot","timestamp":"2026-05-26 11:40:52"}
{"error":"","level":"error","message":"Telegram请求失败","method":"getUpdates","service":"nas-bot","timestamp":"2026-05-26 11:40:53"}
{"error":"","level":"error","message":"Telegram请求失败","method":"getUpdates","service":"nas-bot","timestamp":"2026-05-26 11:40:54"}
{"error":"","level":"error","message":"Telegram请求失败","method":"getUpdates","service":"nas-bot","timestamp":"2026-05-26 11:40:56"}
{"error":"","level":"error","message":"Telegram请求失败","method":"getUpdates","service":"nas-bot","timestamp":"2026-05-26 11:40:57"}
{"error":"","level":"error","message":"Telegram请求失败","method":"getUpdates","service":"nas-bot","timestamp":"2026-05-26 11:40:58"}
{"error":"","level":"error","message":"Telegram请求失败","method":"getUpdates","service":"nas-bot","timestamp":"2026-05-26 11:40:59"}
{"error":"","level":"error","message":"Telegram请求失败","method":"getUpdates","service":"nas-bot","timestamp":"2026-05-26 11:41:01"}
{"error":"","level":"error","message":"Telegram请求失败","method":"getUpdates","service":"nas-bot","timestamp":"2026-05-26 11:41:02"}
{"error":"","level":"error","message":"Telegram请求失败","method":"getUpdates","service":"nas-bot","timestamp":"2026-05-26 11:41:03"}
{"error":"","level":"error","message":"Telegram请求失败","method":"getUpdates","service":"nas-bot","timestamp":"2026-05-26 11:41:04"}
{"error":"","level":"error","message":"Telegram请求失败","method":"getUpdates","service":"nas-bot","timestamp":"2026-05-26 11:41:06"}
{"error":"","level":"error","message":"Telegram请求失败","method":"getUpdates","service":"nas-bot","timestamp":"2026-05-26 11:41:07"}
{"error":"","level":"error","message":"Telegram请求失败","method":"getUpdates","service":"nas-bot","timestamp":"2026-05-26 11:41:08"}
{"error":"","level":"error","message":"Telegram请求失败","method":"getUpdates","service":"nas-bot","timestamp":"2026-05-26 11:41:09"}
{"error":"","level":"error","message":"Telegram请求失败","method":"getUpdates","service":"nas-bot","timestamp":"2026-05-26 11:41:11"}
{"error":"","level":"error","message":"Telegram请求失败","method":"getUpdates","service":"nas-bot","timestamp":"2026-05-26 11:41:12"}
{"error":"","level":"error","message":"Telegram请求失败","method":"getUpdates","service":"nas-bot","timestamp":"2026-05-26 11:41:13"}
{"error":"","level":"error","message":"Telegram请求失败","method":"getUpdates","service":"nas-bot","timestamp":"2026-05-26 11:41:14"}
{"error":"","level":"error","message":"Telegram请求失败","method":"getUpdates","service":"nas-bot","timestamp":"2026-05-26 11:41:16"}
{"error":"","level":"error","message":"Telegram请求失败","method":"getUpdates","service":"nas-bot","timestamp":"2026-05-26 11:41:17"}
{"error":"","level":"error","message":"Telegram请求失败","method":"getUpdates","service":"nas-bot","timestamp":"2026-05-26 11:41:18"}
{"error":"","level":"error","message":"Telegram请求失败","method":"getUpdates","service":"nas-bot","timestamp":"2026-05-26 11:41:19"}
{"error":"","level":"error","message":"Telegram请求失败","method":"getUpdates","service":"nas-bot","timestamp":"2026-05-26 11:41:21"}
{"error":"","level":"error","message":"Telegram请求失败","method":"getUpdates","service":"nas-bot","timestamp":"2026-05-26 11:41:22"}
{"error":"","level":"error","message":"Telegram请求失败","method":"getUpdates","service":"nas-bot","timestamp":"2026-05-26 11:41:23"}
{"error":"","level":"error","message":"Telegram请求失败","method":"getUpdates","service":"nas-bot","timestamp":"2026-05-26 11:41:24"}
{"error":"","level":"error","message":"Telegram请求失败","method":"getUpdates","service":"nas-bot","timestamp":"2026-05-26 11:41:26"}
{"error":"","level":"error","message":"Telegram请求失败","method":"getUpdates","service":"nas-bot","timestamp":"2026-05-26 11:41:27"}
{"error":"","level":"error","message":"Telegram请求失败","method":"getUpdates","service":"nas-bot","timestamp":"2026-05-26 11:41:28"}
{"error":"","level":"error","message":"Telegram请求失败","method":"getUpdates","service":"nas-bot","timestamp":"2026-05-26 11:41:30"}
{"error":"","level":"error","message":"Telegram请求失败","method":"getUpdates","service":"nas-bot","timestamp":"2026-05-26 11:41:31"}
{"error":"","level":"error","message":"Telegram请求失败","method":"getUpdates","service":"nas-bot","timestamp":"2026-05-26 11:41:32"}
{"error":"","level":"error","message":"Telegram请求失败","method":"getUpdates","service":"nas-bot","timestamp":"2026-05-26 11:41:33"}
{"error":"","level":"error","message":"Telegram请求失败","method":"getUpdates","service":"nas-bot","timestamp":"2026-05-26 11:41:35"}
{"error":"","level":"error","message":"Telegram请求失败","method":"getUpdates","service":"nas-bot","timestamp":"2026-05-26 11:41:36"}
{"error":"","level":"error","message":"Telegram请求失败","method":"getUpdates","service":"nas-bot","timestamp":"2026-05-26 11:41:37"}
{"error":"","level":"error","message":"Telegram请求失败","method":"getUpdates","service":"nas-bot","timestamp":"2026-05-26 11:41:38"}
{"error":"","level":"error","message":"Telegram请求失败","method":"getUpdates","service":"nas-bot","timestamp":"2026-05-26 11:41:40"}
{"error":"","level":"error","message":"Telegram请求失败","method":"getUpdates","service":"nas-bot","timestamp":"2026-05-26 11:41:41"}
{"error":"","level":"error","message":"Telegram请求失败","method":"getUpdates","service":"nas-bot","timestamp":"2026-05-26 11:41:42"}
{"error":"","level":"error","message":"Telegram请求失败","method":"getUpdates","service":"nas-bot","timestamp":"2026-05-26 11:41:43"}
{"error":"","level":"error","message":"Telegram请求失败","method":"getUpdates","service":"nas-bot","timestamp":"2026-05-26 11:41:45"}
{"error":"","level":"error","message":"Telegram请求失败","method":"getUpdates","service":"nas-bot","timestamp":"2026-05-26 11:41:46"}
{"error":"","level":"error","message":"Telegram请求失败","method":"getUpdates","service":"nas-bot","timestamp":"2026-05-26 11:41:47"}
{"error":"","level":"error","message":"Telegram请求失败","method":"getUpdates","service":"nas-bot","timestamp":"2026-05-26 11:41:48"}
{"error":"","level":"error","message":"Telegram请求失败","method":"getUpdates","service":"nas-bot","timestamp":"2026-05-26 11:41:50"}
{"error":"","level":"error","message":"Telegram请求失败","method":"getUpdates","service":"nas-bot","timestamp":"2026-05-26 11:41:51"}
{"error":"","level":"error","message":"Telegram请求失败","method":"getUpdates","service":"nas-bot","timestamp":"2026-05-26 11:41:52"}
{"error":"","level":"error","message":"Telegram请求失败","method":"getUpdates","service":"nas-bot","timestamp":"2026-05-26 11:41:53"}
{"error":"","level":"error","message":"Telegram请求失败","method":"getUpdates","service":"nas-bot","timestamp":"2026-05-26 11:41:55"}
{"error":"","level":"error","message":"Telegram请求失败","method":"getUpdates","service":"nas-bot","timestamp":"2026-05-26 11:41:56"}
{"error":"","level":"error","message":"Telegram请求失败","method":"getUpdates","service":"nas-bot","timestamp":"2026-05-26 11:41:57"}
{"error":"","level":"error","message":"Telegram请求失败","method":"getUpdates","service":"nas-bot","timestamp":"2026-05-26 11:41:58"}
{"error":"","level":"error","message":"Telegram请求失败","method":"getUpdates","service":"nas-bot","timestamp":"2026-05-26 11:42:00"}
{"error":"","level":"error","message":"Telegram请求失败","method":"getUpdates","service":"nas-bot","timestamp":"2026-05-26 11:42:01"}
{"error":"","level":"error","message":"Telegram请求失败","method":"getUpdates","service":"nas-bot","timestamp":"2026-05-26 11:42:02"}
{"error":"","level":"error","message":"Telegram请求失败","method":"getUpdates","service":"nas-bot","timestamp":"2026-05-26 11:42:03"}
{"error":"","level":"error","message":"Telegram请求失败","method":"getUpdates","service":"nas-bot","timestamp":"2026-05-26 11:42:05"}
{"error":"","level":"error","message":"Telegram请求失败","method":"getUpdates","service":"nas-bot","timestamp":"2026-05-26 11:42:06"}
{"error":"","level":"error","message":"Telegram请求失败","method":"getUpdates","service":"nas-bot","timestamp":"2026-05-26 11:42:07"}
{"error":"","level":"error","message":"Telegram请求失败","method":"getUpdates","service":"nas-bot","timestamp":"2026-05-26 11:42:08"}
{"error":"","level":"error","message":"Telegram请求失败","method":"getUpdates","service":"nas-bot","timestamp":"2026-05-26 11:42:10"}
{"error":"","level":"error","message":"Telegram请求失败","method":"getUpdates","service":"nas-bot","timestamp":"2026-05-26 11:42:11"}
{"error":"","level":"error","message":"Telegram请求失败","method":"getUpdates","service":"nas-bot","timestamp":"2026-05-26 11:42:12"}
{"error":"","level":"error","message":"Telegram请求失败","method":"getUpdates","service":"nas-bot","timestamp":"2026-05-26 11:42:13"}
{"error":"","level":"error","message":"Telegram请求失败","method":"getUpdates","service":"nas-bot","timestamp":"2026-05-26 11:42:15"}
{"error":"","level":"error","message":"Telegram请求失败","method":"getUpdates","service":"nas-bot","timestamp":"2026-05-26 11:42:16"}
{"error":"","level":"error","message":"Telegram请求失败","method":"getUpdates","service":"nas-bot","timestamp":"2026-05-26 11:42:17"}
{"error":"","level":"error","message":"Telegram请求失败","method":"getUpdates","service":"nas-bot","timestamp":"2026-05-26 11:42:18"}
{"error":"","level":"error","message":"Telegram请求失败","method":"getUpdates","service":"nas-bot","timestamp":"2026-05-26 11:42:20"}
{"error":"","level":"error","message":"Telegram请求失败","method":"getUpdates","service":"nas-bot","timestamp":"2026-05-26 11:42:21"}
{"error":"","level":"error","message":"Telegram请求失败","method":"getUpdates","service":"nas-bot","timestamp":"2026-05-26 11:42:22"}
{"error":"","level":"error","message":"Telegram请求失败","method":"getUpdates","service":"nas-bot","timestamp":"2026-05-26 11:42:24"}
{"error":"","level":"error","message":"Telegram请求失败","method":"getUpdates","service":"nas-bot","timestamp":"2026-05-26 11:42:25"}
{"error":"","level":"error","message":"Telegram请求失败","method":"getUpdates","service":"nas-bot","timestamp":"2026-05-26 11:42:26"}
{"error":"","level":"error","message":"Telegram请求失败","method":"getUpdates","service":"nas-bot","timestamp":"2026-05-26 11:42:27"}
{"error":"","level":"error","message":"Telegram请求失败","method":"getUpdates","service":"nas-bot","timestamp":"2026-05-26 11:42:29"}
{"error":"","level":"error","message":"Telegram请求失败","method":"getUpdates","service":"nas-bot","timestamp":"2026-05-26 11:42:30"}
{"error":"","level":"error","message":"Telegram请求失败","method":"getUpdates","service":"nas-bot","timestamp":"2026-05-26 11:42:31"}
{"error":"","level":"error","message":"Telegram请求失败","method":"getUpdates","service":"nas-bot","timestamp":"2026-05-26 11:42:32"}
{"error":"","level":"error","message":"Telegram请求失败","method":"getUpdates","service":"nas-bot","timestamp":"2026-05-26 11:42:34"}
{"error":"","level":"error","message":"Telegram请求失败","method":"getUpdates","service":"nas-bot","timestamp":"2026-05-26 11:42:35"}
{"error":"","level":"error","message":"Telegram请求失败","method":"getUpdates","service":"nas-bot","timestamp":"2026-05-26 11:42:36"}
{"error":"","level":"error","message":"Telegram请求失败","method":"getUpdates","service":"nas-bot","timestamp":"2026-05-26 11:42:37"}
{"error":"","level":"error","message":"Telegram请求失败","method":"getUpdates","service":"nas-bot","timestamp":"2026-05-26 11:42:39"}
{"error":"","level":"error","message":"Telegram请求失败","method":"getUpdates","service":"nas-bot","timestamp":"2026-05-26 11:42:40"}
{"error":"","level":"error","message":"Telegram请求失败","method":"getUpdates","service":"nas-bot","timestamp":"2026-05-26 11:42:41"}
{"error":"","level":"error","message":"Telegram请求失败","method":"getUpdates","service":"nas-bot","timestamp":"2026-05-26 11:42:42"}
{"error":"","level":"error","message":"Telegram请求失败","method":"getUpdates","service":"nas-bot","timestamp":"2026-05-26 11:42:44"}
{"error":"","level":"error","message":"Telegram请求失败","method":"getUpdates","service":"nas-bot","timestamp":"2026-05-26 11:42:45"}
{"error":"","level":"error","message":"Telegram请求失败","method":"getUpdates","service":"nas-bot","timestamp":"2026-05-26 11:42:46"}
{"error":"","level":"error","message":"Telegram请求失败","method":"getUpdates","service":"nas-bot","timestamp":"2026-05-26 11:42:47"}
{"error":"","level":"error","message":"Telegram请求失败","method":"getUpdates","service":"nas-bot","timestamp":"2026-05-26 11:42:49"}
{"error":"","level":"error","message":"Telegram请求失败","method":"getUpdates","service":"nas-bot","timestamp":"2026-05-26 11:42:50"}
{"error":"","level":"error","message":"Telegram请求失败","method":"getUpdates","service":"nas-bot","timestamp":"2026-05-26 11:42:51"}
{"error":"","level":"error","message":"Telegram请求失败","method":"getUpdates","service":"nas-bot","timestamp":"2026-05-26 11:42:52"}
{"error":"","level":"error","message":"Telegram请求失败","method":"getUpdates","service":"nas-bot","timestamp":"2026-05-26 11:42:54"}
{"error":"","level":"error","message":"Telegram请求失败","method":"getUpdates","service":"nas-bot","timestamp":"2026-05-26 11:42:55"}
{"error":"","level":"error","message":"Telegram请求失败","method":"getUpdates","service":"nas-bot","timestamp":"2026-05-26 11:42:56"}
{"error":"","level":"error","message":"Telegram请求失败","method":"getUpdates","service":"nas-bot","timestamp":"2026-05-26 11:42:57"}
{"error":"","level":"error","message":"Telegram请求失败","method":"getUpdates","service":"nas-bot","timestamp":"2026-05-26 11:42:59"}
{"error":"","level":"error","message":"Telegram请求失败","method":"getUpdates","service":"nas-bot","timestamp":"2026-05-26 11:43:00"}
{"error":"","level":"error","message":"Telegram请求失败","method":"getUpdates","service":"nas-bot","timestamp":"2026-05-26 11:43:01"}
{"error":"","level":"error","message":"Telegram请求失败","method":"getUpdates","service":"nas-bot","timestamp":"2026-05-26 11:43:02"}
{"error":"","level":"error","message":"Telegram请求失败","method":"getUpdates","service":"nas-bot","timestamp":"2026-05-26 11:43:04"}
{"error":"","level":"error","message":"Telegram请求失败","method":"getUpdates","service":"nas-bot","timestamp":"2026-05-26 11:43:05"}
{"error":"","level":"error","message":"Telegram请求失败","method":"getUpdates","service":"nas-bot","timestamp":"2026-05-26 11:43:06"}
{"error":"","level":"error","message":"Telegram请求失败","method":"getUpdates","service":"nas-bot","timestamp":"2026-05-26 11:43:08"}
{"error":"","level":"error","message":"Telegram请求失败","method":"getUpdates","service":"nas-bot","timestamp":"2026-05-26 11:43:09"}
{"error":"","level":"error","message":"Telegram请求失败","method":"getUpdates","service":"nas-bot","timestamp":"2026-05-26 11:43:10"}
{"error":"","level":"error","message":"Telegram请求失败","method":"getUpdates","service":"nas-bot","timestamp":"2026-05-26 11:43:11"}
{"error":"","level":"error","message":"Telegram请求失败","method":"getUpdates","service":"nas-bot","timestamp":"2026-05-26 11:43:13"}
{"error":"","level":"error","message":"Telegram请求失败","method":"getUpdates","service":"nas-bot","timestamp":"2026-05-26 11:43:14"}
{"error":"","level":"error","message":"Telegram请求失败","method":"getUpdates","service":"nas-bot","timestamp":"2026-05-26 11:43:15"}
{"error":"","level":"error","message":"Telegram请求失败","method":"getUpdates","service":"nas-bot","timestamp":"2026-05-26 11:43:16"}
{"error":"","level":"error","message":"Telegram请求失败","method":"getUpdates","service":"nas-bot","timestamp":"2026-05-26 11:43:18"}
{"error":"","level":"error","message":"Telegram请求失败","method":"getUpdates","service":"nas-bot","timestamp":"2026-05-26 11:43:19"}
{"error":"","level":"error","message":"Telegram请求失败","method":"getUpdates","service":"nas-bot","timestamp":"2026-05-26 11:43:20"}
{"error":"","level":"error","message":"Telegram请求失败","method":"getUpdates","service":"nas-bot","timestamp":"2026-05-26 11:43:21"}
{"error":"","level":"error","message":"Telegram请求失败","method":"getUpdates","service":"nas-bot","timestamp":"2026-05-26 11:43:23"}
{"error":"","level":"error","message":"Telegram请求失败","method":"getUpdates","service":"nas-bot","timestamp":"2026-05-26 11:43:24"}
{"error":"","level":"error","message":"Telegram请求失败","method":"getUpdates","service":"nas-bot","timestamp":"2026-05-26 11:46:31"}
{"error":"","level":"error","message":"Telegram请求失败","method":"getUpdates","service":"nas-bot","timestamp":"2026-05-26 11:46:36"}
{"error":"","level":"error","message":"Telegram请求失败","method":"getUpdates","service":"nas-bot","timestamp":"2026-05-26 12:05:40"}
{"error":"","level":"error","message":"Telegram请求失败","method":"getUpdates","service":"nas-bot","timestamp":"2026-05-26 12:05:41"}
{"error":"","level":"error","message":"Telegram请求失败","method":"getUpdates","service":"nas-bot","timestamp":"2026-05-26 12:05:42"}
{"error":"","level":"error","message":"Telegram请求失败","method":"getUpdates","service":"nas-bot","timestamp":"2026-05-26 12:05:44"}
{"error":"","level":"error","message":"Telegram请求失败","method":"getUpdates","service":"nas-bot","timestamp":"2026-05-26 12:05:45"}
{"error":"","level":"error","message":"Telegram请求失败","method":"getUpdates","service":"nas-bot","timestamp":"2026-05-26 12:05:46"}
{"error":"","level":"error","message":"Telegram请求失败","method":"getUpdates","service":"nas-bot","timestamp":"2026-05-26 12:05:47"}
{"error":"","level":"error","message":"Telegram请求失败","method":"getUpdates","service":"nas-bot","timestamp":"2026-05-26 12:05:49"}
{"error":"","level":"error","message":"Telegram请求失败","method":"getUpdates","service":"nas-bot","timestamp":"2026-05-26 12:05:50"}
{"error":"","level":"error","message":"Telegram请求失败","method":"getUpdates","service":"nas-bot","timestamp":"2026-05-26 12:05:51"}
{"error":"","level":"error","message":"Telegram请求失败","method":"getUpdates","service":"nas-bot","timestamp":"2026-05-26 12:05:52"}
{"error":"","level":"error","message":"Telegram请求失败","method":"getUpdates","service":"nas-bot","timestamp":"2026-05-26 12:05:54"}
{"error":"","level":"error","message":"Telegram请求失败","method":"getUpdates","service":"nas-bot","timestamp":"2026-05-26 12:05:55"}
{"error":"","level":"error","message":"Telegram请求失败","method":"getUpdates","service":"nas-bot","timestamp":"2026-05-26 12:05:56"}
{"error":"","level":"error","message":"Telegram请求失败","method":"getUpdates","service":"nas-bot","timestamp":"2026-05-26 12:05:57"}
{"error":"","level":"error","message":"Telegram请求失败","method":"getUpdates","service":"nas-bot","timestamp":"2026-05-26 12:05:59"}
{"error":"","level":"error","message":"Telegram请求失败","method":"getUpdates","service":"nas-bot","timestamp":"2026-05-26 12:06:00"}
{"error":"","level":"error","message":"Telegram请求失败","method":"getUpdates","service":"nas-bot","timestamp":"2026-05-26 12:06:01"}
{"error":"","level":"error","message":"Telegram请求失败","method":"getUpdates","service":"nas-bot","timestamp":"2026-05-26 12:06:02"}
{"error":"","level":"error","message":"Telegram请求失败","method":"getUpdates","service":"nas-bot","timestamp":"2026-05-26 12:06:04"}
{"error":"","level":"error","message":"Telegram请求失败","method":"getUpdates","service":"nas-bot","timestamp":"2026-05-26 12:06:05"}
{"error":"","level":"error","message":"Telegram请求失败","method":"getUpdates","service":"nas-bot","timestamp":"2026-05-26 12:06:06"}
{"error":"","level":"error","message":"Telegram请求失败","method":"getUpdates","service":"nas-bot","timestamp":"2026-05-26 12:06:07"}
{"error":"","level":"error","message":"Telegram请求失败","method":"getUpdates","service":"nas-bot","timestamp":"2026-05-26 12:06:09"}
{"error":"","level":"error","message":"Telegram请求失败","method":"getUpdates","service":"nas-bot","timestamp":"2026-05-26 12:06:10"}
{"error":"","level":"error","message":"Telegram请求失败","method":"getUpdates","service":"nas-bot","timestamp":"2026-05-26 12:06:11"}
{"error":"","level":"error","message":"Telegram请求失败","method":"getUpdates","service":"nas-bot","timestamp":"2026-05-26 12:06:12"}
{"error":"","level":"error","message":"Telegram请求失败","method":"getUpdates","service":"nas-bot","timestamp":"2026-05-26 12:06:14"}
{"error":"","level":"error","message":"Telegram请求失败","method":"getUpdates","service":"nas-bot","timestamp":"2026-05-26 12:06:15"}
{"error":"","level":"error","message":"Telegram请求失败","method":"getUpdates","service":"nas-bot","timestamp":"2026-05-26 12:06:16"}
{"error":"","level":"error","message":"Telegram请求失败","method":"getUpdates","service":"nas-bot","timestamp":"2026-05-26 12:06:17"}
{"error":"","level":"error","message":"Telegram请求失败","method":"getUpdates","service":"nas-bot","timestamp":"2026-05-26 12:06:19"}
{"error":"","level":"error","message":"Telegram请求失败","method":"getUpdates","service":"nas-bot","timestamp":"2026-05-26 12:06:20"}
{"error":"","level":"error","message":"Telegram请求失败","method":"getUpdates","service":"nas-bot","timestamp":"2026-05-26 12:06:21"}
{"error":"","level":"error","message":"Telegram请求失败","method":"getUpdates","service":"nas-bot","timestamp":"2026-05-26 12:06:22"}
{"error":"","level":"error","message":"Telegram请求失败","method":"getUpdates","service":"nas-bot","timestamp":"2026-05-26 12:06:24"}
{"error":"","level":"error","message":"Telegram请求失败","method":"getUpdates","service":"nas-bot","timestamp":"2026-05-26 12:06:25"}
{"error":"","level":"error","message":"Telegram请求失败","method":"getUpdates","service":"nas-bot","timestamp":"2026-05-26 12:06:26"}
{"error":"","level":"error","message":"Telegram请求失败","method":"getUpdates","service":"nas-bot","timestamp":"2026-05-26 12:06:27"}
{"error":"","level":"error","message":"Telegram请求失败","method":"getUpdates","service":"nas-bot","timestamp":"2026-05-26 12:06:29"}
{"error":"","level":"error","message":"Telegram请求失败","method":"getUpdates","service":"nas-bot","timestamp":"2026-05-26 12:06:30"}
{"error":"","level":"error","message":"Telegram请求失败","method":"getUpdates","service":"nas-bot","timestamp":"2026-05-26 12:06:31"}
{"error":"","level":"error","message":"Telegram请求失败","method":"getUpdates","service":"nas-bot","timestamp":"2026-05-26 12:06:33"}
{"error":"","level":"error","message":"Telegram请求失败","method":"getUpdates","service":"nas-bot","timestamp":"2026-05-26 12:06:34"}
{"error":"","level":"error","message":"Telegram请求失败","method":"getUpdates","service":"nas-bot","timestamp":"2026-05-26 12:06:35"}
{"error":"","level":"error","message":"Telegram请求失败","method":"getUpdates","service":"nas-bot","timestamp":"2026-05-26 12:06:36"}
{"error":"","level":"error","message":"Telegram请求失败","method":"getUpdates","service":"nas-bot","timestamp":"2026-05-26 12:06:38"}
{"error":"","level":"error","message":"Telegram请求失败","method":"getUpdates","service":"nas-bot","timestamp":"2026-05-26 12:06:39"}
{"error":"","level":"error","message":"Telegram请求失败","method":"getUpdates","service":"nas-bot","timestamp":"2026-05-26 12:06:40"}
{"error":"","level":"error","message":"Telegram请求失败","method":"getUpdates","service":"nas-bot","timestamp":"2026-05-26 12:06:41"}
{"error":"","level":"error","message":"Telegram请求失败","method":"getUpdates","service":"nas-bot","timestamp":"2026-05-26 12:06:43"}
{"error":"","level":"error","message":"Telegram请求失败","method":"getUpdates","service":"nas-bot","timestamp":"2026-05-26 12:06:44"}
{"error":"","level":"error","message":"Telegram请求失败","method":"getUpdates","service":"nas-bot","timestamp":"2026-05-26 12:06:45"}
{"error":"","level":"error","message":"Telegram请求失败","method":"getUpdates","service":"nas-bot","timestamp":"2026-05-26 12:06:46"}
{"error":"","level":"error","message":"Telegram请求失败","method":"getUpdates","service":"nas-bot","timestamp":"2026-05-26 12:06:48"}
{"error":"","level":"error","message":"Telegram请求失败","method":"getUpdates","service":"nas-bot","timestamp":"2026-05-26 12:06:49"}
{"error":"","level":"error","message":"Telegram请求失败","method":"getUpdates","service":"nas-bot","timestamp":"2026-05-26 12:06:50"}
{"error":"","level":"error","message":"Telegram请求失败","method":"getUpdates","service":"nas-bot","timestamp":"2026-05-26 12:06:51"}
{"error":"","level":"error","message":"Telegram请求失败","method":"getUpdates","service":"nas-bot","timestamp":"2026-05-26 12:06:53"}
{"error":"","level":"error","message":"Telegram请求失败","method":"getUpdates","service":"nas-bot","timestamp":"2026-05-26 12:06:54"}
{"error":"","level":"error","message":"Telegram请求失败","method":"getUpdates","service":"nas-bot","timestamp":"2026-05-26 12:06:55"}
{"error":"","level":"error","message":"Telegram请求失败","method":"getUpdates","service":"nas-bot","timestamp":"2026-05-26 12:06:56"}
{"error":"","level":"error","message":"Telegram请求失败","method":"getUpdates","service":"nas-bot","timestamp":"2026-05-26 12:06:58"}
{"error":"","level":"error","message":"Telegram请求失败","method":"getUpdates","service":"nas-bot","timestamp":"2026-05-26 12:06:59"}
{"error":"","level":"error","message":"Telegram请求失败","method":"getUpdates","service":"nas-bot","timestamp":"2026-05-26 12:07:00"}
{"error":"","level":"error","message":"Telegram请求失败","method":"getUpdates","service":"nas-bot","timestamp":"2026-05-26 12:07:01"}
{"error":"","level":"error","message":"Telegram请求失败","method":"getUpdates","service":"nas-bot","timestamp":"2026-05-26 12:07:03"}
{"error":"","level":"error","message":"Telegram请求失败","method":"getUpdates","service":"nas-bot","timestamp":"2026-05-26 12:07:04"}
{"error":"","level":"error","message":"Telegram请求失败","method":"getUpdates","service":"nas-bot","timestamp":"2026-05-26 12:07:05"}
{"error":"","level":"error","message":"Telegram请求失败","method":"getUpdates","service":"nas-bot","timestamp":"2026-05-26 12:07:06"}
{"error":"","level":"error","message":"Telegram请求失败","method":"getUpdates","service":"nas-bot","timestamp":"2026-05-26 12:07:08"}
{"error":"","level":"error","message":"Telegram请求失败","method":"getUpdates","service":"nas-bot","timestamp":"2026-05-26 12:07:09"}
{"error":"","level":"error","message":"Telegram请求失败","method":"getUpdates","service":"nas-bot","timestamp":"2026-05-26 12:07:10"}
{"error":"","level":"error","message":"Telegram请求失败","method":"getUpdates","service":"nas-bot","timestamp":"2026-05-26 12:07:12"}
{"error":"","level":"error","message":"Telegram请求失败","method":"getUpdates","service":"nas-bot","timestamp":"2026-05-26 12:07:13"}
{"error":"","level":"error","message":"Telegram请求失败","method":"getUpdates","service":"nas-bot","timestamp":"2026-05-26 12:07:14"}
{"error":"","level":"error","message":"Telegram请求失败","method":"getUpdates","service":"nas-bot","timestamp":"2026-05-26 12:07:15"}
{"error":"","level":"error","message":"Telegram请求失败","method":"getUpdates","service":"nas-bot","timestamp":"2026-05-26 12:07:17"}
{"error":"","level":"error","message":"Telegram请求失败","method":"getUpdates","service":"nas-bot","timestamp":"2026-05-26 12:07:18"}
{"error":"","level":"error","message":"Telegram请求失败","method":"getUpdates","service":"nas-bot","timestamp":"2026-05-26 12:07:19"}
{"error":"","level":"error","message":"Telegram请求失败","method":"getUpdates","service":"nas-bot","timestamp":"2026-05-26 12:07:20"}
{"error":"","level":"error","message":"Telegram请求失败","method":"getUpdates","service":"nas-bot","timestamp":"2026-05-26 12:07:22"}
{"error":"","level":"error","message":"Telegram请求失败","method":"getUpdates","service":"nas-bot","timestamp":"2026-05-26 12:07:23"}
{"error":"","level":"error","message":"Telegram请求失败","method":"getUpdates","service":"nas-bot","timestamp":"2026-05-26 12:07:24"}
{"error":"","level":"error","message":"Telegram请求失败","method":"getUpdates","service":"nas-bot","timestamp":"2026-05-26 12:07:25"}
{"error":"","level":"error","message":"Telegram请求失败","method":"getUpdates","service":"nas-bot","timestamp":"2026-05-26 12:07:27"}
{"error":"","level":"error","message":"Telegram请求失败","method":"getUpdates","service":"nas-bot","timestamp":"2026-05-26 12:07:28"}
{"error":"","level":"error","message":"Telegram请求失败","method":"getUpdates","service":"nas-bot","timestamp":"2026-05-26 12:07:29"}
{"error":"","level":"error","message":"Telegram请求失败","method":"getUpdates","service":"nas-bot","timestamp":"2026-05-26 12:07:30"}
{"error":"","level":"error","message":"Telegram请求失败","method":"getUpdates","service":"nas-bot","timestamp":"2026-05-26 12:07:32"}
{"error":"","level":"error","message":"Telegram请求失败","method":"getUpdates","service":"nas-bot","timestamp":"2026-05-26 12:07:33"}
{"error":"","level":"error","message":"Telegram请求失败","method":"getUpdates","service":"nas-bot","timestamp":"2026-05-26 12:07:34"}
{"error":"","level":"error","message":"Telegram请求失败","method":"getUpdates","service":"nas-bot","timestamp":"2026-05-26 12:07:35"}
{"error":"","level":"error","message":"Telegram请求失败","method":"getUpdates","service":"nas-bot","timestamp":"2026-05-26 12:07:37"}
{"error":"","level":"error","message":"Telegram请求失败","method":"getUpdates","service":"nas-bot","timestamp":"2026-05-26 12:07:38"}
{"error":"","level":"error","message":"Telegram请求失败","method":"getUpdates","service":"nas-bot","timestamp":"2026-05-26 12:07:39"}
{"error":"","level":"error","message":"Telegram请求失败","method":"getUpdates","service":"nas-bot","timestamp":"2026-05-26 12:07:40"}
{"error":"","level":"error","message":"Telegram请求失败","method":"getUpdates","service":"nas-bot","timestamp":"2026-05-26 12:07:42"}
{"error":"","level":"error","message":"Telegram请求失败","method":"getUpdates","service":"nas-bot","timestamp":"2026-05-26 12:07:43"}
{"error":"","level":"error","message":"Telegram请求失败","method":"getUpdates","service":"nas-bot","timestamp":"2026-05-26 12:07:44"}
{"error":"","level":"error","message":"Telegram请求失败","method":"getUpdates","service":"nas-bot","timestamp":"2026-05-26 12:07:45"}
{"error":"","level":"error","message":"Telegram请求失败","method":"getUpdates","service":"nas-bot","timestamp":"2026-05-26 12:07:47"}
{"error":"","level":"error","message":"Telegram请求失败","method":"getUpdates","service":"nas-bot","timestamp":"2026-05-26 12:07:48"}
{"error":"","level":"error","message":"Telegram请求失败","method":"getUpdates","service":"nas-bot","timestamp":"2026-05-26 12:07:49"}
{"error":"","level":"error","message":"Telegram请求失败","method":"getUpdates","service":"nas-bot","timestamp":"2026-05-26 12:07:50"}
{"error":"","level":"error","message":"Telegram请求失败","method":"getUpdates","service":"nas-bot","timestamp":"2026-05-26 12:07:52"}
{"error":"","level":"error","message":"Telegram请求失败","method":"getUpdates","service":"nas-bot","timestamp":"2026-05-26 12:07:53"}
{"error":"","level":"error","message":"Telegram请求失败","method":"getUpdates","service":"nas-bot","timestamp":"2026-05-26 12:07:54"}
{"error":"","level":"error","message":"Telegram请求失败","method":"getUpdates","service":"nas-bot","timestamp":"2026-05-26 12:07:55"}
{"error":"","level":"error","message":"Telegram请求失败","method":"getUpdates","service":"nas-bot","timestamp":"2026-05-26 12:07:57"}
{"error":"","level":"error","message":"Telegram请求失败","method":"getUpdates","service":"nas-bot","timestamp":"2026-05-26 12:07:58"}
{"error":"","level":"error","message":"Telegram请求失败","method":"getUpdates","service":"nas-bot","timestamp":"2026-05-26 12:07:59"}
{"error":"","level":"error","message":"Telegram请求失败","method":"getUpdates","service":"nas-bot","timestamp":"2026-05-26 12:08:00"}
{"error":"","level":"error","message":"Telegram请求失败","method":"getUpdates","service":"nas-bot","timestamp":"2026-05-26 12:08:02"}
{"error":"","level":"error","message":"Telegram请求失败","method":"getUpdates","service":"nas-bot","timestamp":"2026-05-26 12:08:03"}
{"error":"","level":"error","message":"Telegram请求失败","method":"getUpdates","service":"nas-bot","timestamp":"2026-05-26 12:08:04"}
{"error":"","level":"error","message":"Telegram请求失败","method":"getUpdates","service":"nas-bot","timestamp":"2026-05-26 12:08:06"}
{"error":"","level":"error","message":"Telegram请求失败","method":"getUpdates","service":"nas-bot","timestamp":"2026-05-26 12:08:07"}
{"error":"","level":"error","message":"Telegram请求失败","method":"getUpdates","service":"nas-bot","timestamp":"2026-05-26 12:08:08"}
{"error":"","level":"error","message":"Telegram请求失败","method":"getUpdates","service":"nas-bot","timestamp":"2026-05-26 12:08:09"}
{"error":"","level":"error","message":"Telegram请求失败","method":"getUpdates","service":"nas-bot","timestamp":"2026-05-26 12:08:11"}
{"error":"","level":"error","message":"Telegram请求失败","method":"getUpdates","service":"nas-bot","timestamp":"2026-05-26 12:08:12"}
{"error":"","level":"error","message":"Telegram请求失败","method":"getUpdates","service":"nas-bot","timestamp":"2026-05-26 12:08:13"}
{"error":"","level":"error","message":"Telegram请求失败","method":"getUpdates","service":"nas-bot","timestamp":"2026-05-26 12:08:14"}
{"error":"","level":"error","message":"Telegram请求失败","method":"getUpdates","service":"nas-bot","timestamp":"2026-05-26 12:08:16"}
{"error":"","level":"error","message":"Telegram请求失败","method":"getUpdates","service":"nas-bot","timestamp":"2026-05-26 12:08:17"}
{"error":"","level":"error","message":"Telegram请求失败","method":"getUpdates","service":"nas-bot","timestamp":"2026-05-26 12:08:18"}
{"error":"","level":"error","message":"Telegram请求失败","method":"getUpdates","service":"nas-bot","timestamp":"2026-05-26 12:08:19"}
{"error":"","level":"error","message":"Telegram请求失败","method":"getUpdates","service":"nas-bot","timestamp":"2026-05-26 12:08:21"}
{"error":"","level":"error","message":"Telegram请求失败","method":"getUpdates","service":"nas-bot","timestamp":"2026-05-26 12:08:22"}
{"error":"","level":"error","message":"Telegram请求失败","method":"getUpdates","service":"nas-bot","timestamp":"2026-05-26 12:08:23"}
{"error":"","level":"error","message":"Telegram请求失败","method":"getUpdates","service":"nas-bot","timestamp":"2026-05-26 12:08:24"}
{"error":"","level":"error","message":"Telegram请求失败","method":"getUpdates","service":"nas-bot","timestamp":"2026-05-26 12:08:26"}
{"error":"","level":"error","message":"Telegram请求失败","method":"getUpdates","service":"nas-bot","timestamp":"2026-05-26 12:08:27"}
{"error":"","level":"error","message":"Telegram请求失败","method":"getUpdates","service":"nas-bot","timestamp":"2026-05-26 12:08:28"}
{"error":"","level":"error","message":"Telegram请求失败","method":"getUpdates","service":"nas-bot","timestamp":"2026-05-26 12:08:29"}
{"error":"","level":"error","message":"Telegram请求失败","method":"getUpdates","service":"nas-bot","timestamp":"2026-05-26 12:08:31"}
{"error":"","level":"error","message":"Telegram请求失败","method":"getUpdates","service":"nas-bot","timestamp":"2026-05-26 12:08:32"}
{"error":"","level":"error","message":"Telegram请求失败","method":"getUpdates","service":"nas-bot","timestamp":"2026-05-26 12:08:33"}
{"error":"","level":"error","message":"Telegram请求失败","method":"getUpdates","service":"nas-bot","timestamp":"2026-05-26 12:08:34"}
{"error":"","level":"error","message":"Telegram请求失败","method":"getUpdates","service":"nas-bot","timestamp":"2026-05-26 12:08:36"}
{"error":"","level":"error","message":"Telegram请求失败","method":"getUpdates","service":"nas-bot","timestamp":"2026-05-26 12:08:37"}
{"error":"","level":"error","message":"Telegram请求失败","method":"getUpdates","service":"nas-bot","timestamp":"2026-05-26 12:08:38"}
{"error":"","level":"error","message":"Telegram请求失败","method":"getUpdates","service":"nas-bot","timestamp":"2026-05-26 12:08:39"}
{"error":"","level":"error","message":"Telegram请求失败","method":"getUpdates","service":"nas-bot","timestamp":"2026-05-26 12:08:41"}
{"error":"","level":"error","message":"Telegram请求失败","method":"getUpdates","service":"nas-bot","timestamp":"2026-05-26 12:08:42"}
{"error":"","level":"error","message":"Telegram请求失败","method":"getUpdates","service":"nas-bot","timestamp":"2026-05-26 12:08:43"}
{"error":"","level":"error","message":"Telegram请求失败","method":"getUpdates","service":"nas-bot","timestamp":"2026-05-26 12:08:44"}
{"error":"","level":"error","message":"Telegram请求失败","method":"getUpdates","service":"nas-bot","timestamp":"2026-05-26 12:08:46"}
{"error":"","level":"error","message":"Telegram请求失败","method":"getUpdates","service":"nas-bot","timestamp":"2026-05-26 12:08:47"}
{"error":"","level":"error","message":"Telegram请求失败","method":"getUpdates","service":"nas-bot","timestamp":"2026-05-26 12:08:48"}
{"error":"","level":"error","message":"Telegram请求失败","method":"getUpdates","service":"nas-bot","timestamp":"2026-05-26 12:08:49"}
{"error":"","level":"error","message":"Telegram请求失败","method":"getUpdates","service":"nas-bot","timestamp":"2026-05-26 12:08:51"}
{"error":"","level":"error","message":"Telegram请求失败","method":"getUpdates","service":"nas-bot","timestamp":"2026-05-26 12:08:52"}
{"error":"","level":"error","message":"Telegram请求失败","method":"getUpdates","service":"nas-bot","timestamp":"2026-05-26 12:08:53"}
{"error":"","level":"error","message":"Telegram请求失败","method":"getUpdates","service":"nas-bot","timestamp":"2026-05-26 12:08:54"}
{"error":"","level":"error","message":"Telegram请求失败","method":"getUpdates","service":"nas-bot","timestamp":"2026-05-26 12:08:56"}
{"error":"","level":"error","message":"Telegram请求失败","method":"getUpdates","service":"nas-bot","timestamp":"2026-05-26 12:08:57"}
{"error":"","level":"error","message":"Telegram请求失败","method":"getUpdates","service":"nas-bot","timestamp":"2026-05-26 12:08:58"}
{"error":"","level":"error","message":"Telegram请求失败","method":"getUpdates","service":"nas-bot","timestamp":"2026-05-26 12:08:59"}
{"error":"","level":"error","message":"Telegram请求失败","method":"getUpdates","service":"nas-bot","timestamp":"2026-05-26 12:09:01"}
{"error":"","level":"error","message":"Telegram请求失败","method":"getUpdates","service":"nas-bot","timestamp":"2026-05-26 12:09:02"}
{"error":"","level":"error","message":"Telegram请求失败","method":"getUpdates","service":"nas-bot","timestamp":"2026-05-26 12:09:03"}
{"error":"","level":"error","message":"Telegram请求失败","method":"getUpdates","service":"nas-bot","timestamp":"2026-05-26 12:09:05"}
{"error":"","level":"error","message":"Telegram请求失败","method":"getUpdates","service":"nas-bot","timestamp":"2026-05-26 12:09:06"}
{"error":"","level":"error","message":"Telegram请求失败","method":"getUpdates","service":"nas-bot","timestamp":"2026-05-26 12:09:07"}
{"error":"","level":"error","message":"Telegram请求失败","method":"getUpdates","service":"nas-bot","timestamp":"2026-05-26 12:09:08"}
{"error":"","level":"error","message":"Telegram请求失败","method":"getUpdates","service":"nas-bot","timestamp":"2026-05-26 12:09:10"}
{"error":"","level":"error","message":"Telegram请求失败","method":"getUpdates","service":"nas-bot","timestamp":"2026-05-26 12:09:11"}
{"error":"","level":"error","message":"Telegram请求失败","method":"getUpdates","service":"nas-bot","timestamp":"2026-05-26 12:09:12"}
{"error":"","level":"error","message":"Telegram请求失败","method":"getUpdates","service":"nas-bot","timestamp":"2026-05-26 12:09:13"}
{"error":"","level":"error","message":"Telegram请求失败","method":"getUpdates","service":"nas-bot","timestamp":"2026-05-26 12:09:15"}
{"error":"","level":"error","message":"Telegram请求失败","method":"getUpdates","service":"nas-bot","timestamp":"2026-05-26 12:09:16"}
{"error":"","level":"error","message":"Telegram请求失败","method":"getUpdates","service":"nas-bot","timestamp":"2026-05-26 12:09:17"}
{"error":"","level":"error","message":"Telegram请求失败","method":"getUpdates","service":"nas-bot","timestamp":"2026-05-26 12:09:18"}
{"error":"","level":"error","message":"Telegram请求失败","method":"getUpdates","service":"nas-bot","timestamp":"2026-05-26 12:09:20"}
{"error":"","level":"error","message":"Telegram请求失败","method":"getUpdates","service":"nas-bot","timestamp":"2026-05-26 12:09:21"}
{"error":"","level":"error","message":"Telegram请求失败","method":"getUpdates","service":"nas-bot","timestamp":"2026-05-26 12:09:22"}
{"error":"","level":"error","message":"Telegram请求失败","method":"getUpdates","service":"nas-bot","timestamp":"2026-05-26 12:09:23"}
{"error":"","level":"error","message":"Telegram请求失败","method":"getUpdates","service":"nas-bot","timestamp":"2026-05-26 12:09:25"}
{"error":"","level":"error","message":"Telegram请求失败","method":"getUpdates","service":"nas-bot","timestamp":"2026-05-26 12:09:26"}
{"error":"","level":"error","message":"Telegram请求失败","method":"getUpdates","service":"nas-bot","timestamp":"2026-05-26 12:09:27"}
{"error":"","level":"error","message":"Telegram请求失败","method":"getUpdates","service":"nas-bot","timestamp":"2026-05-26 12:09:28"}
{"error":"","level":"error","message":"Telegram请求失败","method":"getUpdates","service":"nas-bot","timestamp":"2026-05-26 12:09:30"}
{"error":"","level":"error","message":"Telegram请求失败","method":"getUpdates","service":"nas-bot","timestamp":"2026-05-26 12:09:31"}
{"error":"","level":"error","message":"Telegram请求失败","method":"getUpdates","service":"nas-bot","timestamp":"2026-05-26 12:09:32"}
{"error":"","level":"error","message":"Telegram请求失败","method":"getUpdates","service":"nas-bot","timestamp":"2026-05-26 12:09:33"}
{"error":"","level":"error","message":"Telegram请求失败","method":"getUpdates","service":"nas-bot","timestamp":"2026-05-26 12:09:35"}
{"error":"","level":"error","message":"Telegram请求失败","method":"getUpdates","service":"nas-bot","timestamp":"2026-05-26 12:09:36"}
{"error":"","level":"error","message":"Telegram请求失败","method":"getUpdates","service":"nas-bot","timestamp":"2026-05-26 12:09:37"}
{"error":"","level":"error","message":"Telegram请求失败","method":"getUpdates","service":"nas-bot","timestamp":"2026-05-26 12:09:38"}
{"error":"","level":"error","message":"Telegram请求失败","method":"getUpdates","service":"nas-bot","timestamp":"2026-05-26 12:09:40"}
{"error":"","level":"error","message":"Telegram请求失败","method":"getUpdates","service":"nas-bot","timestamp":"2026-05-26 12:09:41"}
{"error":"","level":"error","message":"Telegram请求失败","method":"getUpdates","service":"nas-bot","timestamp":"2026-05-26 12:09:42"}
{"error":"","level":"error","message":"Telegram请求失败","method":"getUpdates","service":"nas-bot","timestamp":"2026-05-26 12:09:43"}
{"error":"","level":"error","message":"Telegram请求失败","method":"getUpdates","service":"nas-bot","timestamp":"2026-05-26 12:09:45"}
{"error":"","level":"error","message":"Telegram请求失败","method":"getUpdates","service":"nas-bot","timestamp":"2026-05-26 12:09:46"}
{"error":"","level":"error","message":"Telegram请求失败","method":"getUpdates","service":"nas-bot","timestamp":"2026-05-26 12:09:47"}
{"error":"","level":"error","message":"Telegram请求失败","method":"getUpdates","service":"nas-bot","timestamp":"2026-05-26 12:09:48"}
{"error":"","level":"error","message":"Telegram请求失败","method":"getUpdates","service":"nas-bot","timestamp":"2026-05-26 12:09:50"}
{"error":"","level":"error","message":"Telegram请求失败","method":"getUpdates","service":"nas-bot","timestamp":"2026-05-26 12:09:51"}
{"error":"","level":"error","message":"Telegram请求失败","method":"getUpdates","service":"nas-bot","timestamp":"2026-05-26 12:09:52"}
{"error":"","level":"error","message":"Telegram请求失败","method":"getUpdates","service":"nas-bot","timestamp":"2026-05-26 12:09:53"}
{"error":"","level":"error","message":"Telegram请求失败","method":"getUpdates","service":"nas-bot","timestamp":"2026-05-26 12:09:55"}
{"error":"","level":"error","message":"Telegram请求失败","method":"getUpdates","service":"nas-bot","timestamp":"2026-05-26 12:09:56"}
{"error":"","level":"error","message":"Telegram请求失败","method":"getUpdates","service":"nas-bot","timestamp":"2026-05-26 12:09:57"}
{"error":"","level":"error","message":"Telegram请求失败","method":"getUpdates","service":"nas-bot","timestamp":"2026-05-26 12:09:59"}
{"error":"","level":"error","message":"Telegram请求失败","method":"getUpdates","service":"nas-bot","timestamp":"2026-05-26 12:10:00"}
{"error":"","level":"error","message":"Telegram请求失败","method":"getUpdates","service":"nas-bot","timestamp":"2026-05-26 12:10:01"}
{"error":"","level":"error","message":"Telegram请求失败","method":"getUpdates","service":"nas-bot","timestamp":"2026-05-26 12:10:02"}
{"error":"","level":"error","message":"Telegram请求失败","method":"getUpdates","service":"nas-bot","timestamp":"2026-05-26 12:10:04"}
{"error":"","level":"error","message":"Telegram请求失败","method":"getUpdates","service":"nas-bot","timestamp":"2026-05-26 12:10:05"}
{"error":"","level":"error","message":"Telegram请求失败","method":"getUpdates","service":"nas-bot","timestamp":"2026-05-26 12:10:06"}
{"error":"","level":"error","message":"Telegram请求失败","method":"getUpdates","service":"nas-bot","timestamp":"2026-05-26 12:10:07"}
{"error":"","level":"error","message":"Telegram请求失败","method":"getUpdates","service":"nas-bot","timestamp":"2026-05-26 12:10:09"}
{"error":"","level":"error","message":"Telegram请求失败","method":"getUpdates","service":"nas-bot","timestamp":"2026-05-26 12:10:10"}
{"error":"","level":"error","message":"Telegram请求失败","method":"getUpdates","service":"nas-bot","timestamp":"2026-05-26 12:10:11"}
{"error":"","level":"error","message":"Telegram请求失败","method":"getUpdates","service":"nas-bot","timestamp":"2026-05-26 12:10:12"}
{"error":"","level":"error","message":"Telegram请求失败","method":"getUpdates","service":"nas-bot","timestamp":"2026-05-26 12:10:14"}
{"error":"","level":"error","message":"Telegram请求失败","method":"getUpdates","service":"nas-bot","timestamp":"2026-05-26 12:10:15"}
{"error":"","level":"error","message":"Telegram请求失败","method":"getUpdates","service":"nas-bot","timestamp":"2026-05-26 12:10:16"}
{"error":"","level":"error","message":"Telegram请求失败","method":"getUpdates","service":"nas-bot","timestamp":"2026-05-26 12:10:17"}
{"error":"","level":"error","message":"Telegram请求失败","method":"getUpdates","service":"nas-bot","timestamp":"2026-05-26 12:10:19"}
{"error":"","level":"error","message":"Telegram请求失败","method":"getUpdates","service":"nas-bot","timestamp":"2026-05-26 12:10:20"}
{"error":"","level":"error","message":"Telegram请求失败","method":"getUpdates","service":"nas-bot","timestamp":"2026-05-26 12:10:21"}
{"error":"","level":"error","message":"Telegram请求失败","method":"getUpdates","service":"nas-bot","timestamp":"2026-05-26 12:10:22"}
{"error":"","level":"error","message":"Telegram请求失败","method":"getUpdates","service":"nas-bot","timestamp":"2026-05-26 12:10:24"}
{"error":"","level":"error","message":"Telegram请求失败","method":"getUpdates","service":"nas-bot","timestamp":"2026-05-26 12:10:25"}
{"error":"","level":"error","message":"Telegram请求失败","method":"getUpdates","service":"nas-bot","timestamp":"2026-05-26 12:10:26"}
{"error":"","level":"error","message":"Telegram请求失败","method":"getUpdates","service":"nas-bot","timestamp":"2026-05-26 12:10:27"}
{"error":"","level":"error","message":"Telegram请求失败","method":"getUpdates","service":"nas-bot","timestamp":"2026-05-26 12:10:29"}
{"error":"","level":"error","message":"Telegram请求失败","method":"getUpdates","service":"nas-bot","timestamp":"2026-05-26 12:10:30"}
{"error":"","level":"error","message":"Telegram请求失败","method":"getUpdates","service":"nas-bot","timestamp":"2026-05-26 12:10:31"}
{"error":"","level":"error","message":"Telegram请求失败","method":"getUpdates","service":"nas-bot","timestamp":"2026-05-26 12:10:32"}
{"error":"","level":"error","message":"Telegram请求失败","method":"getUpdates","service":"nas-bot","timestamp":"2026-05-26 12:10:34"}
{"error":"","level":"error","message":"Telegram请求失败","method":"getUpdates","service":"nas-bot","timestamp":"2026-05-26 12:10:35"}
{"error":"","level":"error","message":"Telegram请求失败","method":"getUpdates","service":"nas-bot","timestamp":"2026-05-26 12:10:36"}
{"error":"","level":"error","message":"Telegram请求失败","method":"getUpdates","service":"nas-bot","timestamp":"2026-05-26 12:10:37"}
{"error":"","level":"error","message":"Telegram请求失败","method":"getUpdates","service":"nas-bot","timestamp":"2026-05-26 12:10:39"}
{"error":"","level":"error","message":"Telegram请求失败","method":"getUpdates","service":"nas-bot","timestamp":"2026-05-26 12:10:40"}
{"error":"","level":"error","message":"Telegram请求失败","method":"getUpdates","service":"nas-bot","timestamp":"2026-05-26 12:10:41"}
{"error":"","level":"error","message":"Telegram请求失败","method":"getUpdates","service":"nas-bot","timestamp":"2026-05-26 12:10:42"}
{"error":"","level":"error","message":"Telegram请求失败","method":"getUpdates","service":"nas-bot","timestamp":"2026-05-26 12:10:44"}
{"error":"","level":"error","message":"Telegram请求失败","method":"getUpdates","service":"nas-bot","timestamp":"2026-05-26 12:10:45"}
{"error":"","level":"error","message":"Telegram请求失败","method":"getUpdates","service":"nas-bot","timestamp":"2026-05-26 12:10:46"}
{"error":"","level":"error","message":"Telegram请求失败","method":"getUpdates","service":"nas-bot","timestamp":"2026-05-26 12:10:47"}
{"error":"","level":"error","message":"Telegram请求失败","method":"getUpdates","service":"nas-bot","timestamp":"2026-05-26 12:10:49"}
{"error":"","level":"error","message":"Telegram请求失败","method":"getUpdates","service":"nas-bot","timestamp":"2026-05-26 12:10:50"}
{"error":"","level":"error","message":"Telegram请求失败","method":"getUpdates","service":"nas-bot","timestamp":"2026-05-26 12:10:51"}
{"error":"","level":"error","message":"Telegram请求失败","method":"getUpdates","service":"nas-bot","timestamp":"2026-05-26 12:10:52"}
{"error":"","level":"error","message":"Telegram请求失败","method":"getUpdates","service":"nas-bot","timestamp":"2026-05-26 12:10:54"}
{"error":"","level":"error","message":"Telegram请求失败","method":"getUpdates","service":"nas-bot","timestamp":"2026-05-26 12:10:55"}
{"error":"","level":"error","message":"Telegram请求失败","method":"getUpdates","service":"nas-bot","timestamp":"2026-05-26 12:10:56"}
{"error":"","level":"error","message":"Telegram请求失败","method":"getUpdates","service":"nas-bot","timestamp":"2026-05-26 12:10:58"}
{"error":"","level":"error","message":"Telegram请求失败","method":"getUpdates","service":"nas-bot","timestamp":"2026-05-26 12:10:59"}
{"error":"","level":"error","message":"Telegram请求失败","method":"getUpdates","service":"nas-bot","timestamp":"2026-05-26 12:11:00"}
{"error":"","level":"error","message":"Telegram请求失败","method":"getUpdates","service":"nas-bot","timestamp":"2026-05-26 12:11:01"}
{"error":"","level":"error","message":"Telegram请求失败","method":"getUpdates","service":"nas-bot","timestamp":"2026-05-26 12:11:03"}
{"error":"","level":"error","message":"Telegram请求失败","method":"getUpdates","service":"nas-bot","timestamp":"2026-05-26 12:11:04"}
{"error":"","level":"error","message":"Telegram请求失败","method":"getUpdates","service":"nas-bot","timestamp":"2026-05-26 12:11:05"}
{"error":"","level":"error","message":"Telegram请求失败","method":"getUpdates","service":"nas-bot","timestamp":"2026-05-26 12:11:06"}
{"error":"","level":"error","message":"Telegram请求失败","method":"getUpdates","service":"nas-bot","timestamp":"2026-05-26 12:11:08"}
{"error":"","level":"error","message":"Telegram请求失败","method":"getUpdates","service":"nas-bot","timestamp":"2026-05-26 12:11:09"}
{"error":"","level":"error","message":"Telegram请求失败","method":"getUpdates","service":"nas-bot","timestamp":"2026-05-26 12:11:10"}
{"error":"","level":"error","message":"Telegram请求失败","method":"getUpdates","service":"nas-bot","timestamp":"2026-05-26 12:11:11"}
{"error":"","level":"error","message":"Telegram请求失败","method":"getUpdates","service":"nas-bot","timestamp":"2026-05-26 12:11:13"}
{"error":"","level":"error","message":"Telegram请求失败","method":"getUpdates","service":"nas-bot","timestamp":"2026-05-26 12:11:14"}
{"error":"","level":"error","message":"Telegram请求失败","method":"getUpdates","service":"nas-bot","timestamp":"2026-05-26 12:11:15"}
{"error":"","level":"error","message":"Telegram请求失败","method":"getUpdates","service":"nas-bot","timestamp":"2026-05-26 12:11:16"}
{"error":"","level":"error","message":"Telegram请求失败","method":"getUpdates","service":"nas-bot","timestamp":"2026-05-26 12:11:18"}
{"error":"","level":"error","message":"Telegram请求失败","method":"getUpdates","service":"nas-bot","timestamp":"2026-05-26 12:11:19"}
{"error":"","level":"error","message":"Telegram请求失败","method":"getUpdates","service":"nas-bot","timestamp":"2026-05-26 12:11:20"}
{"error":"","level":"error","message":"Telegram请求失败","method":"getUpdates","service":"nas-bot","timestamp":"2026-05-26 12:11:21"}
{"error":"","level":"error","message":"Telegram请求失败","method":"getUpdates","service":"nas-bot","timestamp":"2026-05-26 12:11:23"}
{"error":"","level":"error","message":"Telegram请求失败","method":"getUpdates","service":"nas-bot","timestamp":"2026-05-26 12:11:24"}
{"error":"","level":"error","message":"Telegram请求失败","method":"getUpdates","service":"nas-bot","timestamp":"2026-05-26 12:11:25"}
{"error":"","level":"error","message":"Telegram请求失败","method":"getUpdates","service":"nas-bot","timestamp":"2026-05-26 12:11:26"}
{"error":"","level":"error","message":"Telegram请求失败","method":"getUpdates","service":"nas-bot","timestamp":"2026-05-26 12:11:28"}
{"error":"","level":"error","message":"Telegram请求失败","method":"getUpdates","service":"nas-bot","timestamp":"2026-05-26 12:11:29"}
{"error":"","level":"error","message":"Telegram请求失败","method":"getUpdates","service":"nas-bot","timestamp":"2026-05-26 12:11:30"}
{"error":"","level":"error","message":"Telegram请求失败","method":"getUpdates","service":"nas-bot","timestamp":"2026-05-26 12:11:32"}
{"error":"","level":"error","message":"Telegram请求失败","method":"getUpdates","service":"nas-bot","timestamp":"2026-05-26 12:11:33"}
{"error":"","level":"error","message":"Telegram请求失败","method":"getUpdates","service":"nas-bot","timestamp":"2026-05-26 12:11:34"}
{"error":"","level":"error","message":"Telegram请求失败","method":"getUpdates","service":"nas-bot","timestamp":"2026-05-26 12:11:35"}
{"error":"","level":"error","message":"Telegram请求失败","method":"getUpdates","service":"nas-bot","timestamp":"2026-05-26 12:11:37"}
{"error":"","level":"error","message":"Telegram请求失败","method":"getUpdates","service":"nas-bot","timestamp":"2026-05-26 12:11:38"}
{"error":"","level":"error","message":"Telegram请求失败","method":"getUpdates","service":"nas-bot","timestamp":"2026-05-26 12:11:39"}
{"error":"","level":"error","message":"Telegram请求失败","method":"getUpdates","service":"nas-bot","timestamp":"2026-05-26 12:11:40"}
{"error":"","level":"error","message":"Telegram请求失败","method":"getUpdates","service":"nas-bot","timestamp":"2026-05-26 12:11:42"}
{"error":"","level":"error","message":"Telegram请求失败","method":"getUpdates","service":"nas-bot","timestamp":"2026-05-26 12:11:43"}
{"error":"","level":"error","message":"Telegram请求失败","method":"getUpdates","service":"nas-bot","timestamp":"2026-05-26 12:11:44"}
{"error":"","level":"error","message":"Telegram请求失败","method":"getUpdates","service":"nas-bot","timestamp":"2026-05-26 12:11:45"}
{"error":"","level":"error","message":"Telegram请求失败","method":"getUpdates","service":"nas-bot","timestamp":"2026-05-26 12:11:47"}
{"error":"","level":"error","message":"Telegram请求失败","method":"getUpdates","service":"nas-bot","timestamp":"2026-05-26 12:11:48"}
{"error":"","level":"error","message":"Telegram请求失败","method":"getUpdates","service":"nas-bot","timestamp":"2026-05-26 12:11:49"}
{"error":"","level":"error","message":"Telegram请求失败","method":"getUpdates","service":"nas-bot","timestamp":"2026-05-26 12:11:50"}
{"error":"","level":"error","message":"Telegram请求失败","method":"getUpdates","service":"nas-bot","timestamp":"2026-05-26 12:11:52"}
{"error":"","level":"error","message":"Telegram请求失败","method":"getUpdates","service":"nas-bot","timestamp":"2026-05-26 12:11:53"}
{"error":"","level":"error","message":"Telegram请求失败","method":"getUpdates","service":"nas-bot","timestamp":"2026-05-26 12:11:54"}
{"error":"","level":"error","message":"Telegram请求失败","method":"getUpdates","service":"nas-bot","timestamp":"2026-05-26 12:11:55"}
{"error":"","level":"error","message":"Telegram请求失败","method":"getUpdates","service":"nas-bot","timestamp":"2026-05-26 12:11:57"}
{"error":"","level":"error","message":"Telegram请求失败","method":"getUpdates","service":"nas-bot","timestamp":"2026-05-26 12:11:58"}
{"error":"","level":"error","message":"Telegram请求失败","method":"getUpdates","service":"nas-bot","timestamp":"2026-05-26 12:11:59"}
{"error":"","level":"error","message":"Telegram请求失败","method":"getUpdates","service":"nas-bot","timestamp":"2026-05-26 12:12:00"}
{"error":"","level":"error","message":"Telegram请求失败","method":"getUpdates","service":"nas-bot","timestamp":"2026-05-26 12:12:02"}
{"error":"","level":"error","message":"Telegram请求失败","method":"getUpdates","service":"nas-bot","timestamp":"2026-05-26 12:12:03"}
{"error":"","level":"error","message":"Telegram请求失败","method":"getUpdates","service":"nas-bot","timestamp":"2026-05-26 12:12:04"}
{"error":"","level":"error","message":"Telegram请求失败","method":"getUpdates","service":"nas-bot","timestamp":"2026-05-26 12:12:05"}
{"error":"","level":"error","message":"Telegram请求失败","method":"getUpdates","service":"nas-bot","timestamp":"2026-05-26 12:12:07"}
{"error":"","level":"error","message":"Telegram请求失败","method":"getUpdates","service":"nas-bot","timestamp":"2026-05-26 12:12:08"}
{"error":"","level":"error","message":"Telegram请求失败","method":"getUpdates","service":"nas-bot","timestamp":"2026-05-26 12:12:09"}
{"error":"","level":"error","message":"Telegram请求失败","method":"getUpdates","service":"nas-bot","timestamp":"2026-05-26 12:12:10"}
{"error":"","level":"error","message":"Telegram请求失败","method":"getUpdates","service":"nas-bot","timestamp":"2026-05-26 12:12:12"}
{"error":"","level":"error","message":"Telegram请求失败","method":"getUpdates","service":"nas-bot","timestamp":"2026-05-26 12:12:13"}
{"error":"","level":"error","message":"Telegram请求失败","method":"getUpdates","service":"nas-bot","timestamp":"2026-05-26 12:12:14"}
{"error":"","level":"error","message":"Telegram请求失败","method":"getUpdates","service":"nas-bot","timestamp":"2026-05-26 12:12:15"}
{"error":"","level":"error","message":"Telegram请求失败","method":"getUpdates","service":"nas-bot","timestamp":"2026-05-26 12:12:17"}
{"error":"","level":"error","message":"Telegram请求失败","method":"getUpdates","service":"nas-bot","timestamp":"2026-05-26 12:12:18"}
{"error":"","level":"error","message":"Telegram请求失败","method":"getUpdates","service":"nas-bot","timestamp":"2026-05-26 12:12:19"}
{"error":"","level":"error","message":"Telegram请求失败","method":"getUpdates","service":"nas-bot","timestamp":"2026-05-26 12:12:20"}
{"error":"","level":"error","message":"Telegram请求失败","method":"getUpdates","service":"nas-bot","timestamp":"2026-05-26 12:12:22"}
{"error":"","level":"error","message":"Telegram请求失败","method":"getUpdates","service":"nas-bot","timestamp":"2026-05-26 12:12:23"}
{"error":"","level":"error","message":"Telegram请求失败","method":"getUpdates","service":"nas-bot","timestamp":"2026-05-26 12:12:24"}
{"error":"","level":"error","message":"Telegram请求失败","method":"getUpdates","service":"nas-bot","timestamp":"2026-05-26 12:12:25"}
{"error":"","level":"error","message":"Telegram请求失败","method":"getUpdates","service":"nas-bot","timestamp":"2026-05-26 12:12:27"}
{"error":"","level":"error","message":"Telegram请求失败","method":"getUpdates","service":"nas-bot","timestamp":"2026-05-26 12:12:28"}
{"error":"","level":"error","message":"Telegram请求失败","method":"getUpdates","service":"nas-bot","timestamp":"2026-05-26 12:12:29"}
{"error":"","level":"error","message":"Telegram请求失败","method":"getUpdates","service":"nas-bot","timestamp":"2026-05-26 12:12:31"}
{"error":"","level":"error","message":"Telegram请求失败","method":"getUpdates","service":"nas-bot","timestamp":"2026-05-26 12:12:32"}
{"error":"","level":"error","message":"Telegram请求失败","method":"getUpdates","service":"nas-bot","timestamp":"2026-05-26 12:12:33"}
{"error":"","level":"error","message":"Telegram请求失败","method":"getUpdates","service":"nas-bot","timestamp":"2026-05-26 12:12:34"}
{"error":"","level":"error","message":"Telegram请求失败","method":"getUpdates","service":"nas-bot","timestamp":"2026-05-26 12:12:36"}
{"error":"","level":"error","message":"Telegram请求失败","method":"getUpdates","service":"nas-bot","timestamp":"2026-05-26 12:12:37"}
{"error":"","level":"error","message":"Telegram请求失败","method":"getUpdates","service":"nas-bot","timestamp":"2026-05-26 12:12:38"}
{"error":"","level":"error","message":"Telegram请求失败","method":"getUpdates","service":"nas-bot","timestamp":"2026-05-26 12:12:39"}
{"error":"","level":"error","message":"Telegram请求失败","method":"getUpdates","service":"nas-bot","timestamp":"2026-05-26 12:12:41"}
{"error":"","level":"error","message":"Telegram请求失败","method":"getUpdates","service":"nas-bot","timestamp":"2026-05-26 12:12:42"}
{"error":"","level":"error","message":"Telegram请求失败","method":"getUpdates","service":"nas-bot","timestamp":"2026-05-26 12:12:43"}
{"error":"","level":"error","message":"Telegram请求失败","method":"getUpdates","service":"nas-bot","timestamp":"2026-05-26 12:12:44"}
{"error":"","level":"error","message":"Telegram请求失败","method":"getUpdates","service":"nas-bot","timestamp":"2026-05-26 12:12:46"}
{"error":"","level":"error","message":"Telegram请求失败","method":"getUpdates","service":"nas-bot","timestamp":"2026-05-26 12:12:47"}
{"error":"","level":"error","message":"Telegram请求失败","method":"getUpdates","service":"nas-bot","timestamp":"2026-05-26 12:12:48"}
{"error":"","level":"error","message":"Telegram请求失败","method":"getUpdates","service":"nas-bot","timestamp":"2026-05-26 12:12:49"}
{"error":"","level":"error","message":"Telegram请求失败","method":"getUpdates","service":"nas-bot","timestamp":"2026-05-26 12:12:51"}
{"error":"","level":"error","message":"Telegram请求失败","method":"getUpdates","service":"nas-bot","timestamp":"2026-05-26 12:12:52"}
{"error":"","level":"error","message":"Telegram请求失败","method":"getUpdates","service":"nas-bot","timestamp":"2026-05-26 12:12:53"}
{"error":"","level":"error","message":"Telegram请求失败","method":"getUpdates","service":"nas-bot","timestamp":"2026-05-26 12:12:54"}
{"error":"","level":"error","message":"Telegram请求失败","method":"getUpdates","service":"nas-bot","timestamp":"2026-05-26 12:12:56"}
{"error":"","level":"error","message":"Telegram请求失败","method":"getUpdates","service":"nas-bot","timestamp":"2026-05-26 12:12:57"}
{"error":"","level":"error","message":"Telegram请求失败","method":"getUpdates","service":"nas-bot","timestamp":"2026-05-26 12:12:58"}
{"error":"","level":"error","message":"Telegram请求失败","method":"getUpdates","service":"nas-bot","timestamp":"2026-05-26 12:12:59"}
{"error":"","level":"error","message":"Telegram请求失败","method":"getUpdates","service":"nas-bot","timestamp":"2026-05-26 12:13:01"}
{"error":"","level":"error","message":"Telegram请求失败","method":"getUpdates","service":"nas-bot","timestamp":"2026-05-26 12:13:02"}
{"error":"","level":"error","message":"Telegram请求失败","method":"getUpdates","service":"nas-bot","timestamp":"2026-05-26 12:13:03"}
{"error":"","level":"error","message":"Telegram请求失败","method":"getUpdates","service":"nas-bot","timestamp":"2026-05-26 12:13:04"}
{"error":"","level":"error","message":"Telegram请求失败","method":"getUpdates","service":"nas-bot","timestamp":"2026-05-26 12:13:06"}
{"error":"","level":"error","message":"Telegram请求失败","method":"getUpdates","service":"nas-bot","timestamp":"2026-05-26 12:13:07"}
{"error":"","level":"error","message":"Telegram请求失败","method":"getUpdates","service":"nas-bot","timestamp":"2026-05-26 12:13:08"}
{"error":"","level":"error","message":"Telegram请求失败","method":"getUpdates","service":"nas-bot","timestamp":"2026-05-26 12:13:09"}
{"error":"","level":"error","message":"Telegram请求失败","method":"getUpdates","service":"nas-bot","timestamp":"2026-05-26 12:13:11"}
{"error":"","level":"error","message":"Telegram请求失败","method":"getUpdates","service":"nas-bot","timestamp":"2026-05-26 12:13:12"}
{"error":"","level":"error","message":"Telegram请求失败","method":"getUpdates","service":"nas-bot","timestamp":"2026-05-26 12:13:13"}
{"error":"","level":"error","message":"Telegram请求失败","method":"getUpdates","service":"nas-bot","timestamp":"2026-05-26 12:13:14"}
{"error":"","level":"error","message":"Telegram请求失败","method":"getUpdates","service":"nas-bot","timestamp":"2026-05-26 12:13:16"}
{"error":"","level":"error","message":"Telegram请求失败","method":"getUpdates","service":"nas-bot","timestamp":"2026-05-26 12:13:17"}
{"error":"","level":"error","message":"Telegram请求失败","method":"getUpdates","service":"nas-bot","timestamp":"2026-05-26 12:13:18"}
{"error":"","level":"error","message":"Telegram请求失败","method":"getUpdates","service":"nas-bot","timestamp":"2026-05-26 12:13:19"}
{"error":"","level":"error","message":"Telegram请求失败","method":"getUpdates","service":"nas-bot","timestamp":"2026-05-26 12:13:21"}
{"error":"","level":"error","message":"Telegram请求失败","method":"getUpdates","service":"nas-bot","timestamp":"2026-05-26 12:13:22"}
{"error":"","level":"error","message":"Telegram请求失败","method":"getUpdates","service":"nas-bot","timestamp":"2026-05-26 12:13:23"}
{"error":"","level":"error","message":"Telegram请求失败","method":"getUpdates","service":"nas-bot","timestamp":"2026-05-26 12:13:24"}
{"error":"","level":"error","message":"Telegram请求失败","method":"getUpdates","service":"nas-bot","timestamp":"2026-05-26 12:13:26"}
{"error":"","level":"error","message":"Telegram请求失败","method":"getUpdates","service":"nas-bot","timestamp":"2026-05-26 12:13:27"}
{"error":"","level":"error","message":"Telegram请求失败","method":"getUpdates","service":"nas-bot","timestamp":"2026-05-26 12:13:28"}
{"error":"","level":"error","message":"Telegram请求失败","method":"getUpdates","service":"nas-bot","timestamp":"2026-05-26 12:13:29"}
{"error":"","level":"error","message":"Telegram请求失败","method":"getUpdates","service":"nas-bot","timestamp":"2026-05-26 12:13:31"}
{"error":"","level":"error","message":"Telegram请求失败","method":"getUpdates","service":"nas-bot","timestamp":"2026-05-26 12:13:32"}
{"error":"","level":"error","message":"Telegram请求失败","method":"getUpdates","service":"nas-bot","timestamp":"2026-05-26 12:13:33"}
{"error":"","level":"error","message":"Telegram请求失败","method":"getUpdates","service":"nas-bot","timestamp":"2026-05-26 12:13:34"}
{"error":"","level":"error","message":"Telegram请求失败","method":"getUpdates","service":"nas-bot","timestamp":"2026-05-26 12:13:36"}
{"error":"","level":"error","message":"Telegram请求失败","method":"getUpdates","service":"nas-bot","timestamp":"2026-05-26 12:13:37"}
{"error":"","level":"error","message":"Telegram请求失败","method":"getUpdates","service":"nas-bot","timestamp":"2026-05-26 12:13:38"}
{"error":"","level":"error","message":"Telegram请求失败","method":"getUpdates","service":"nas-bot","timestamp":"2026-05-26 12:13:39"}
{"error":"","level":"error","message":"Telegram请求失败","method":"getUpdates","service":"nas-bot","timestamp":"2026-05-26 12:13:41"}
{"error":"","level":"error","message":"Telegram请求失败","method":"getUpdates","service":"nas-bot","timestamp":"2026-05-26 12:13:42"}
{"error":"","level":"error","message":"Telegram请求失败","method":"getUpdates","service":"nas-bot","timestamp":"2026-05-26 12:13:43"}
{"error":"","level":"error","message":"Telegram请求失败","method":"getUpdates","service":"nas-bot","timestamp":"2026-05-26 12:13:44"}
{"error":"","level":"error","message":"Telegram请求失败","method":"getUpdates","service":"nas-bot","timestamp":"2026-05-26 12:13:46"}
{"error":"","level":"error","message":"Telegram请求失败","method":"getUpdates","service":"nas-bot","timestamp":"2026-05-26 12:13:47"}
{"error":"","level":"error","message":"Telegram请求失败","method":"getUpdates","service":"nas-bot","timestamp":"2026-05-26 12:13:48"}
{"error":"","level":"error","message":"Telegram请求失败","method":"getUpdates","service":"nas-bot","timestamp":"2026-05-26 12:13:50"}
{"error":"","level":"error","message":"Telegram请求失败","method":"getUpdates","service":"nas-bot","timestamp":"2026-05-26 12:13:51"}
{"error":"","level":"error","message":"Telegram请求失败","method":"getUpdates","service":"nas-bot","timestamp":"2026-05-26 12:13:52"}
{"error":"","level":"error","message":"Telegram请求失败","method":"getUpdates","service":"nas-bot","timestamp":"2026-05-26 12:13:53"}
{"error":"","level":"error","message":"Telegram请求失败","method":"getUpdates","service":"nas-bot","timestamp":"2026-05-26 12:13:55"}
{"error":"","level":"error","message":"Telegram请求失败","method":"getUpdates","service":"nas-bot","timestamp":"2026-05-26 12:13:56"}
{"error":"","level":"error","message":"Telegram请求失败","method":"getUpdates","service":"nas-bot","timestamp":"2026-05-26 12:13:57"}
{"error":"","level":"error","message":"Telegram请求失败","method":"getUpdates","service":"nas-bot","timestamp":"2026-05-26 12:13:58"}
{"error":"","level":"error","message":"Telegram请求失败","method":"getUpdates","service":"nas-bot","timestamp":"2026-05-26 12:14:00"}
{"error":"","level":"error","message":"Telegram请求失败","method":"getUpdates","service":"nas-bot","timestamp":"2026-05-26 12:14:01"}
{"error":"","level":"error","message":"Telegram请求失败","method":"getUpdates","service":"nas-bot","timestamp":"2026-05-26 12:14:02"}
{"error":"","level":"error","message":"Telegram请求失败","method":"getUpdates","service":"nas-bot","timestamp":"2026-05-26 12:14:03"}
{"error":"","level":"error","message":"Telegram请求失败","method":"getUpdates","service":"nas-bot","timestamp":"2026-05-26 12:14:05"}
{"error":"","level":"error","message":"Telegram请求失败","method":"getUpdates","service":"nas-bot","timestamp":"2026-05-26 12:14:06"}
{"error":"","level":"error","message":"Telegram请求失败","method":"getUpdates","service":"nas-bot","timestamp":"2026-05-26 12:14:07"}
{"error":"","level":"error","message":"Telegram请求失败","method":"getUpdates","service":"nas-bot","timestamp":"2026-05-26 12:14:08"}
{"error":"","level":"error","message":"Telegram请求失败","method":"getUpdates","service":"nas-bot","timestamp":"2026-05-26 12:14:10"}
{"error":"","level":"error","message":"Telegram请求失败","method":"getUpdates","service":"nas-bot","timestamp":"2026-05-26 12:14:11"}
{"error":"","level":"error","message":"Telegram请求失败","method":"getUpdates","service":"nas-bot","timestamp":"2026-05-26 12:14:12"}
{"error":"","level":"error","message":"Telegram请求失败","method":"getUpdates","service":"nas-bot","timestamp":"2026-05-26 12:14:13"}
{"error":"","level":"error","message":"Telegram请求失败","method":"getUpdates","service":"nas-bot","timestamp":"2026-05-26 12:14:15"}
{"error":"","level":"error","message":"Telegram请求失败","method":"getUpdates","service":"nas-bot","timestamp":"2026-05-26 12:14:16"}
{"error":"","level":"error","message":"Telegram请求失败","method":"getUpdates","service":"nas-bot","timestamp":"2026-05-26 12:14:17"}
{"error":"","level":"error","message":"Telegram请求失败","method":"getUpdates","service":"nas-bot","timestamp":"2026-05-26 12:14:18"}
{"error":"","level":"error","message":"Telegram请求失败","method":"getUpdates","service":"nas-bot","timestamp":"2026-05-26 12:14:20"}
{"error":"","level":"error","message":"Telegram请求失败","method":"getUpdates","service":"nas-bot","timestamp":"2026-05-26 12:14:21"}
{"error":"","level":"error","message":"Telegram请求失败","method":"getUpdates","service":"nas-bot","timestamp":"2026-05-26 12:14:22"}
{"error":"","level":"error","message":"Telegram请求失败","method":"getUpdates","service":"nas-bot","timestamp":"2026-05-26 12:14:23"}
{"error":"","level":"error","message":"Telegram请求失败","method":"getUpdates","service":"nas-bot","timestamp":"2026-05-26 12:14:25"}
{"error":"","level":"error","message":"Telegram请求失败","method":"getUpdates","service":"nas-bot","timestamp":"2026-05-26 12:14:26"}
{"error":"","level":"error","message":"Telegram请求失败","method":"getUpdates","service":"nas-bot","timestamp":"2026-05-26 12:14:27"}
{"error":"","level":"error","message":"Telegram请求失败","method":"getUpdates","service":"nas-bot","timestamp":"2026-05-26 12:14:28"}
{"error":"","level":"error","message":"Telegram请求失败","method":"getUpdates","service":"nas-bot","timestamp":"2026-05-26 12:14:30"}
{"error":"","level":"error","message":"Telegram请求失败","method":"getUpdates","service":"nas-bot","timestamp":"2026-05-26 12:14:31"}
{"error":"","level":"error","message":"Telegram请求失败","method":"getUpdates","service":"nas-bot","timestamp":"2026-05-26 12:14:32"}
{"error":"","level":"error","message":"Telegram请求失败","method":"getUpdates","service":"nas-bot","timestamp":"2026-05-26 12:14:33"}
{"error":"","level":"error","message":"Telegram请求失败","method":"getUpdates","service":"nas-bot","timestamp":"2026-05-26 12:14:35"}
{"error":"","level":"error","message":"Telegram请求失败","method":"getUpdates","service":"nas-bot","timestamp":"2026-05-26 12:14:36"}
{"error":"","level":"error","message":"Telegram请求失败","method":"getUpdates","service":"nas-bot","timestamp":"2026-05-26 12:14:37"}
{"error":"","level":"error","message":"Telegram请求失败","method":"getUpdates","service":"nas-bot","timestamp":"2026-05-26 12:14:38"}
{"error":"","level":"error","message":"Telegram请求失败","method":"getUpdates","service":"nas-bot","timestamp":"2026-05-26 12:14:40"}
{"error":"","level":"error","message":"Telegram请求失败","method":"getUpdates","service":"nas-bot","timestamp":"2026-05-26 12:14:41"}
{"error":"","level":"error","message":"Telegram请求失败","method":"getUpdates","service":"nas-bot","timestamp":"2026-05-26 12:14:42"}
{"error":"","level":"error","message":"Telegram请求失败","method":"getUpdates","service":"nas-bot","timestamp":"2026-05-26 12:14:43"}
{"error":"","level":"error","message":"Telegram请求失败","method":"getUpdates","service":"nas-bot","timestamp":"2026-05-26 12:14:45"}
{"error":"","level":"error","message":"Telegram请求失败","method":"getUpdates","service":"nas-bot","timestamp":"2026-05-26 12:14:46"}
{"error":"","level":"error","message":"Telegram请求失败","method":"getUpdates","service":"nas-bot","timestamp":"2026-05-26 12:14:47"}
{"error":"","level":"error","message":"Telegram请求失败","method":"getUpdates","service":"nas-bot","timestamp":"2026-05-26 12:14:48"}
{"error":"","level":"error","message":"Telegram请求失败","method":"getUpdates","service":"nas-bot","timestamp":"2026-05-26 12:14:50"}
{"error":"","level":"error","message":"Telegram请求失败","method":"getUpdates","service":"nas-bot","timestamp":"2026-05-26 12:14:51"}
{"error":"","level":"error","message":"Telegram请求失败","method":"getUpdates","service":"nas-bot","timestamp":"2026-05-26 12:14:52"}
{"error":"","level":"error","message":"Telegram请求失败","method":"getUpdates","service":"nas-bot","timestamp":"2026-05-26 12:14:54"}
{"error":"","level":"error","message":"Telegram请求失败","method":"getUpdates","service":"nas-bot","timestamp":"2026-05-26 12:14:55"}
{"error":"","level":"error","message":"Telegram请求失败","method":"getUpdates","service":"nas-bot","timestamp":"2026-05-26 12:14:56"}
{"error":"","level":"error","message":"Telegram请求失败","method":"getUpdates","service":"nas-bot","timestamp":"2026-05-26 12:14:57"}
{"error":"","level":"error","message":"Telegram请求失败","method":"getUpdates","service":"nas-bot","timestamp":"2026-05-26 12:14:59"}
{"error":"","level":"error","message":"Telegram请求失败","method":"getUpdates","service":"nas-bot","timestamp":"2026-05-26 12:15:00"}
{"error":"","level":"error","message":"Telegram请求失败","method":"getUpdates","service":"nas-bot","timestamp":"2026-05-26 12:15:01"}
{"error":"","level":"error","message":"Telegram请求失败","method":"getUpdates","service":"nas-bot","timestamp":"2026-05-26 12:15:02"}
{"error":"","level":"error","message":"Telegram请求失败","method":"getUpdates","service":"nas-bot","timestamp":"2026-05-26 12:15:04"}
{"error":"","level":"error","message":"Telegram请求失败","method":"getUpdates","service":"nas-bot","timestamp":"2026-05-26 12:15:05"}
{"error":"","level":"error","message":"Telegram请求失败","method":"getUpdates","service":"nas-bot","timestamp":"2026-05-26 12:15:06"}
{"error":"","level":"error","message":"Telegram请求失败","method":"getUpdates","service":"nas-bot","timestamp":"2026-05-26 12:15:07"}
{"error":"","level":"error","message":"Telegram请求失败","method":"getUpdates","service":"nas-bot","timestamp":"2026-05-26 12:15:09"}
{"error":"","level":"error","message":"Telegram请求失败","method":"getUpdates","service":"nas-bot","timestamp":"2026-05-26 12:15:10"}
{"error":"","level":"error","message":"Telegram请求失败","method":"getUpdates","service":"nas-bot","timestamp":"2026-05-26 12:15:11"}
{"error":"","level":"error","message":"Telegram请求失败","method":"getUpdates","service":"nas-bot","timestamp":"2026-05-26 12:15:12"}
{"error":"","level":"error","message":"Telegram请求失败","method":"getUpdates","service":"nas-bot","timestamp":"2026-05-26 12:15:14"}
{"error":"","level":"error","message":"Telegram请求失败","method":"getUpdates","service":"nas-bot","timestamp":"2026-05-26 12:15:15"}
{"error":"","level":"error","message":"Telegram请求失败","method":"getUpdates","service":"nas-bot","timestamp":"2026-05-26 12:15:16"}
{"error":"","level":"error","message":"Telegram请求失败","method":"getUpdates","service":"nas-bot","timestamp":"2026-05-26 12:15:17"}
{"error":"","level":"error","message":"Telegram请求失败","method":"getUpdates","service":"nas-bot","timestamp":"2026-05-26 12:15:19"}
{"error":"","level":"error","message":"Telegram请求失败","method":"getUpdates","service":"nas-bot","timestamp":"2026-05-26 12:15:20"}
{"error":"","level":"error","message":"Telegram请求失败","method":"getUpdates","service":"nas-bot","timestamp":"2026-05-26 12:15:21"}
{"error":"","level":"error","message":"Telegram请求失败","method":"getUpdates","service":"nas-bot","timestamp":"2026-05-26 12:15:22"}
{"error":"","level":"error","message":"Telegram请求失败","method":"getUpdates","service":"nas-bot","timestamp":"2026-05-26 12:15:24"}
{"error":"","level":"error","message":"Telegram请求失败","method":"getUpdates","service":"nas-bot","timestamp":"2026-05-26 12:15:25"}
{"error":"","level":"error","message":"Telegram请求失败","method":"getUpdates","service":"nas-bot","timestamp":"2026-05-26 12:15:26"}
{"error":"","level":"error","message":"Telegram请求失败","method":"getUpdates","service":"nas-bot","timestamp":"2026-05-26 12:15:27"}
{"error":"","level":"error","message":"Telegram请求失败","method":"getUpdates","service":"nas-bot","timestamp":"2026-05-26 12:15:29"}
{"error":"","level":"error","message":"Telegram请求失败","method":"getUpdates","service":"nas-bot","timestamp":"2026-05-26 12:15:30"}
{"error":"","level":"error","message":"Telegram请求失败","method":"getUpdates","service":"nas-bot","timestamp":"2026-05-26 12:15:31"}
{"error":"","level":"error","message":"Telegram请求失败","method":"getUpdates","service":"nas-bot","timestamp":"2026-05-26 12:15:32"}
{"error":"","level":"error","message":"Telegram请求失败","method":"getUpdates","service":"nas-bot","timestamp":"2026-05-26 12:15:34"}
{"error":"","level":"error","message":"Telegram请求失败","method":"getUpdates","service":"nas-bot","timestamp":"2026-05-26 12:15:35"}
{"error":"","level":"error","message":"Telegram请求失败","method":"getUpdates","service":"nas-bot","timestamp":"2026-05-26 12:15:36"}
{"error":"","level":"error","message":"Telegram请求失败","method":"getUpdates","service":"nas-bot","timestamp":"2026-05-26 12:15:37"}
{"error":"","level":"error","message":"Telegram请求失败","method":"getUpdates","service":"nas-bot","timestamp":"2026-05-26 12:15:39"}
{"error":"","level":"error","message":"Telegram请求失败","method":"getUpdates","service":"nas-bot","timestamp":"2026-05-26 12:15:40"}
{"error":"","level":"error","message":"Telegram请求失败","method":"getUpdates","service":"nas-bot","timestamp":"2026-05-26 12:15:41"}
{"error":"","level":"error","message":"Telegram请求失败","method":"getUpdates","service":"nas-bot","timestamp":"2026-05-26 12:15:42"}
{"error":"","level":"error","message":"Telegram请求失败","method":"getUpdates","service":"nas-bot","timestamp":"2026-05-26 12:15:44"}
{"error":"","level":"error","message":"Telegram请求失败","method":"getUpdates","service":"nas-bot","timestamp":"2026-05-26 12:15:45"}
{"error":"","level":"error","message":"Telegram请求失败","method":"getUpdates","service":"nas-bot","timestamp":"2026-05-26 12:15:46"}
{"error":"","level":"error","message":"Telegram请求失败","method":"getUpdates","service":"nas-bot","timestamp":"2026-05-26 12:15:47"}
{"error":"","level":"error","message":"Telegram请求失败","method":"getUpdates","service":"nas-bot","timestamp":"2026-05-26 12:15:49"}
{"error":"","level":"error","message":"Telegram请求失败","method":"getUpdates","service":"nas-bot","timestamp":"2026-05-26 12:15:50"}
{"error":"","level":"error","message":"Telegram请求失败","method":"getUpdates","service":"nas-bot","timestamp":"2026-05-26 12:15:51"}
{"error":"","level":"error","message":"Telegram请求失败","method":"getUpdates","service":"nas-bot","timestamp":"2026-05-26 12:15:52"}
{"error":"","level":"error","message":"Telegram请求失败","method":"getUpdates","service":"nas-bot","timestamp":"2026-05-26 12:15:54"}
{"error":"","level":"error","message":"Telegram请求失败","method":"getUpdates","service":"nas-bot","timestamp":"2026-05-26 12:15:55"}
{"error":"","level":"error","message":"Telegram请求失败","method":"getUpdates","service":"nas-bot","timestamp":"2026-05-26 12:15:56"}
{"error":"","level":"error","message":"Telegram请求失败","method":"getUpdates","service":"nas-bot","timestamp":"2026-05-26 12:15:57"}
{"error":"","level":"error","message":"Telegram请求失败","method":"getUpdates","service":"nas-bot","timestamp":"2026-05-26 12:15:59"}
{"error":"","level":"error","message":"Telegram请求失败","method":"getUpdates","service":"nas-bot","timestamp":"2026-05-26 12:16:00"}
{"error":"","level":"error","message":"Telegram请求失败","method":"getUpdates","service":"nas-bot","timestamp":"2026-05-26 12:16:01"}
{"error":"","level":"error","message":"Telegram请求失败","method":"getUpdates","service":"nas-bot","timestamp":"2026-05-26 12:16:03"}
{"error":"","level":"error","message":"Telegram请求失败","method":"getUpdates","service":"nas-bot","timestamp":"2026-05-26 12:16:04"}
{"error":"","level":"error","message":"Telegram请求失败","method":"getUpdates","service":"nas-bot","timestamp":"2026-05-26 12:16:05"}
{"error":"","level":"error","message":"Telegram请求失败","method":"getUpdates","service":"nas-bot","timestamp":"2026-05-26 12:16:06"}
{"error":"","level":"error","message":"Telegram请求失败","method":"getUpdates","service":"nas-bot","timestamp":"2026-05-26 12:16:08"}
{"error":"","level":"error","message":"Telegram请求失败","method":"getUpdates","service":"nas-bot","timestamp":"2026-05-26 12:16:09"}
{"error":"","level":"error","message":"Telegram请求失败","method":"getUpdates","service":"nas-bot","timestamp":"2026-05-26 12:16:10"}
{"error":"","level":"error","message":"Telegram请求失败","method":"getUpdates","service":"nas-bot","timestamp":"2026-05-26 12:16:11"}
{"error":"","level":"error","message":"Telegram请求失败","method":"getUpdates","service":"nas-bot","timestamp":"2026-05-26 12:16:13"}
{"error":"","level":"error","message":"Telegram请求失败","method":"getUpdates","service":"nas-bot","timestamp":"2026-05-26 12:16:14"}
{"error":"","level":"error","message":"Telegram请求失败","method":"getUpdates","service":"nas-bot","timestamp":"2026-05-26 12:16:15"}
{"error":"","level":"error","message":"Telegram请求失败","method":"getUpdates","service":"nas-bot","timestamp":"2026-05-26 12:16:16"}
{"error":"","level":"error","message":"Telegram请求失败","method":"getUpdates","service":"nas-bot","timestamp":"2026-05-26 12:16:18"}
{"error":"","level":"error","message":"Telegram请求失败","method":"getUpdates","service":"nas-bot","timestamp":"2026-05-26 12:16:19"}
{"error":"","level":"error","message":"Telegram请求失败","method":"getUpdates","service":"nas-bot","timestamp":"2026-05-26 12:16:20"}
{"error":"","level":"error","message":"Telegram请求失败","method":"getUpdates","service":"nas-bot","timestamp":"2026-05-26 12:16:21"}
{"error":"","level":"error","message":"Telegram请求失败","method":"getUpdates","service":"nas-bot","timestamp":"2026-05-26 12:16:23"}
{"error":"","level":"error","message":"Telegram请求失败","method":"getUpdates","service":"nas-bot","timestamp":"2026-05-26 12:16:24"}
{"error":"","level":"error","message":"Telegram请求失败","method":"getUpdates","service":"nas-bot","timestamp":"2026-05-26 12:16:25"}
{"error":"","level":"error","message":"Telegram请求失败","method":"getUpdates","service":"nas-bot","timestamp":"2026-05-26 12:16:26"}
{"error":"","level":"error","message":"Telegram请求失败","method":"getUpdates","service":"nas-bot","timestamp":"2026-05-26 12:16:28"}
{"error":"","level":"error","message":"Telegram请求失败","method":"getUpdates","service":"nas-bot","timestamp":"2026-05-26 12:16:29"}
{"error":"","level":"error","message":"Telegram请求失败","method":"getUpdates","service":"nas-bot","timestamp":"2026-05-26 12:16:30"}
{"error":"","level":"error","message":"Telegram请求失败","method":"getUpdates","service":"nas-bot","timestamp":"2026-05-26 12:16:31"}
{"error":"","level":"error","message":"Telegram请求失败","method":"getUpdates","service":"nas-bot","timestamp":"2026-05-26 12:16:33"}
{"error":"","level":"error","message":"Telegram请求失败","method":"getUpdates","service":"nas-bot","timestamp":"2026-05-26 12:16:34"}
{"error":"","level":"error","message":"Telegram请求失败","method":"getUpdates","service":"nas-bot","timestamp":"2026-05-26 12:16:35"}
{"error":"","level":"error","message":"Telegram请求失败","method":"getUpdates","service":"nas-bot","timestamp":"2026-05-26 12:16:36"}
{"error":"","level":"error","message":"Telegram请求失败","method":"getUpdates","service":"nas-bot","timestamp":"2026-05-26 12:16:38"}
{"error":"","level":"error","message":"Telegram请求失败","method":"getUpdates","service":"nas-bot","timestamp":"2026-05-26 12:16:39"}
{"error":"","level":"error","message":"Telegram请求失败","method":"getUpdates","service":"nas-bot","timestamp":"2026-05-26 12:16:40"}
{"error":"","level":"error","message":"Telegram请求失败","method":"getUpdates","service":"nas-bot","timestamp":"2026-05-26 12:16:41"}
{"error":"","level":"error","message":"Telegram请求失败","method":"getUpdates","service":"nas-bot","timestamp":"2026-05-26 12:16:43"}
{"error":"","level":"error","message":"Telegram请求失败","method":"getUpdates","service":"nas-bot","timestamp":"2026-05-26 12:16:44"}
{"error":"","level":"error","message":"Telegram请求失败","method":"getUpdates","service":"nas-bot","timestamp":"2026-05-26 12:16:45"}
{"error":"","level":"error","message":"Telegram请求失败","method":"getUpdates","service":"nas-bot","timestamp":"2026-05-26 12:16:46"}
{"error":"","level":"error","message":"Telegram请求失败","method":"getUpdates","service":"nas-bot","timestamp":"2026-05-26 12:16:48"}
{"error":"","level":"error","message":"Telegram请求失败","method":"getUpdates","service":"nas-bot","timestamp":"2026-05-26 12:16:49"}
{"error":"","level":"error","message":"Telegram请求失败","method":"getUpdates","service":"nas-bot","timestamp":"2026-05-26 12:16:50"}
{"error":"","level":"error","message":"Telegram请求失败","method":"getUpdates","service":"nas-bot","timestamp":"2026-05-26 12:16:51"}
{"error":"","level":"error","message":"Telegram请求失败","method":"getUpdates","service":"nas-bot","timestamp":"2026-05-26 12:16:53"}
{"error":"","level":"error","message":"Telegram请求失败","method":"getUpdates","service":"nas-bot","timestamp":"2026-05-26 12:16:54"}
{"error":"","level":"error","message":"Telegram请求失败","method":"getUpdates","service":"nas-bot","timestamp":"2026-05-26 12:16:55"}
{"error":"","level":"error","message":"Telegram请求失败","method":"getUpdates","service":"nas-bot","timestamp":"2026-05-26 12:16:56"}
{"error":"","level":"error","message":"Telegram请求失败","method":"getUpdates","service":"nas-bot","timestamp":"2026-05-26 12:16:58"}
{"error":"","level":"error","message":"Telegram请求失败","method":"getUpdates","service":"nas-bot","timestamp":"2026-05-26 12:16:59"}
{"error":"","level":"error","message":"Telegram请求失败","method":"getUpdates","service":"nas-bot","timestamp":"2026-05-26 12:17:00"}
{"error":"","level":"error","message":"Telegram请求失败","method":"getUpdates","service":"nas-bot","timestamp":"2026-05-26 12:17:01"}
{"error":"","level":"error","message":"Telegram请求失败","method":"getUpdates","service":"nas-bot","timestamp":"2026-05-26 12:17:03"}
{"error":"","level":"error","message":"Telegram请求失败","method":"getUpdates","service":"nas-bot","timestamp":"2026-05-26 12:17:04"}
{"error":"","level":"error","message":"Telegram请求失败","method":"getUpdates","service":"nas-bot","timestamp":"2026-05-26 12:17:05"}
{"error":"","level":"error","message":"Telegram请求失败","method":"getUpdates","service":"nas-bot","timestamp":"2026-05-26 12:17:07"}
{"error":"","level":"error","message":"Telegram请求失败","method":"getUpdates","service":"nas-bot","timestamp":"2026-05-26 12:17:08"}
{"error":"","level":"error","message":"Telegram请求失败","method":"getUpdates","service":"nas-bot","timestamp":"2026-05-26 12:17:09"}
{"error":"","level":"error","message":"Telegram请求失败","method":"getUpdates","service":"nas-bot","timestamp":"2026-05-26 12:17:10"}
{"error":"","level":"error","message":"Telegram请求失败","method":"getUpdates","service":"nas-bot","timestamp":"2026-05-26 12:17:12"}
{"error":"","level":"error","message":"Telegram请求失败","method":"getUpdates","service":"nas-bot","timestamp":"2026-05-26 12:17:13"}
{"error":"","level":"error","message":"Telegram请求失败","method":"getUpdates","service":"nas-bot","timestamp":"2026-05-26 12:17:14"}
{"error":"","level":"error","message":"Telegram请求失败","method":"getUpdates","service":"nas-bot","timestamp":"2026-05-26 12:17:15"}
{"error":"","level":"error","message":"Telegram请求失败","method":"getUpdates","service":"nas-bot","timestamp":"2026-05-26 12:17:17"}
{"error":"","level":"error","message":"Telegram请求失败","method":"getUpdates","service":"nas-bot","timestamp":"2026-05-26 12:17:18"}
{"error":"","level":"error","message":"Telegram请求失败","method":"getUpdates","service":"nas-bot","timestamp":"2026-05-26 12:17:19"}
{"error":"","level":"error","message":"Telegram请求失败","method":"getUpdates","service":"nas-bot","timestamp":"2026-05-26 12:17:20"}
{"error":"","level":"error","message":"Telegram请求失败","method":"getUpdates","service":"nas-bot","timestamp":"2026-05-26 12:17:22"}
{"error":"","level":"error","message":"Telegram请求失败","method":"getUpdates","service":"nas-bot","timestamp":"2026-05-26 12:17:23"}
{"error":"","level":"error","message":"Telegram请求失败","method":"getUpdates","service":"nas-bot","timestamp":"2026-05-26 12:17:24"}
{"error":"","level":"error","message":"Telegram请求失败","method":"getUpdates","service":"nas-bot","timestamp":"2026-05-26 12:17:25"}
{"error":"","level":"error","message":"Telegram请求失败","method":"getUpdates","service":"nas-bot","timestamp":"2026-05-26 12:17:27"}
{"error":"","level":"error","message":"Telegram请求失败","method":"getUpdates","service":"nas-bot","timestamp":"2026-05-26 12:17:28"}
{"error":"","level":"error","message":"Telegram请求失败","method":"getUpdates","service":"nas-bot","timestamp":"2026-05-26 12:17:29"}
{"error":"","level":"error","message":"Telegram请求失败","method":"getUpdates","service":"nas-bot","timestamp":"2026-05-26 12:17:30"}
{"error":"","level":"error","message":"Telegram请求失败","method":"getUpdates","service":"nas-bot","timestamp":"2026-05-26 12:17:32"}
{"error":"","level":"error","message":"Telegram请求失败","method":"getUpdates","service":"nas-bot","timestamp":"2026-05-26 12:17:33"}
{"error":"","level":"error","message":"Telegram请求失败","method":"getUpdates","service":"nas-bot","timestamp":"2026-05-26 12:17:34"}
{"error":"","level":"error","message":"Telegram请求失败","method":"getUpdates","service":"nas-bot","timestamp":"2026-05-26 12:17:35"}
{"error":"","level":"error","message":"Telegram请求失败","method":"getUpdates","service":"nas-bot","timestamp":"2026-05-26 12:17:37"}
{"error":"","level":"error","message":"Telegram请求失败","method":"getUpdates","service":"nas-bot","timestamp":"2026-05-26 12:17:38"}
{"error":"","level":"error","message":"Telegram请求失败","method":"getUpdates","service":"nas-bot","timestamp":"2026-05-26 12:17:39"}
{"error":"","level":"error","message":"Telegram请求失败","method":"getUpdates","service":"nas-bot","timestamp":"2026-05-26 12:17:40"}
{"error":"","level":"error","message":"Telegram请求失败","method":"getUpdates","service":"nas-bot","timestamp":"2026-05-26 12:17:42"}
{"error":"","level":"error","message":"Telegram请求失败","method":"getUpdates","service":"nas-bot","timestamp":"2026-05-26 12:17:43"}
{"error":"","level":"error","message":"Telegram请求失败","method":"getUpdates","service":"nas-bot","timestamp":"2026-05-26 12:17:44"}
{"error":"","level":"error","message":"Telegram请求失败","method":"getUpdates","service":"nas-bot","timestamp":"2026-05-26 12:17:45"}
{"error":"","level":"error","message":"Telegram请求失败","method":"getUpdates","service":"nas-bot","timestamp":"2026-05-26 12:17:47"}
{"error":"","level":"error","message":"Telegram请求失败","method":"getUpdates","service":"nas-bot","timestamp":"2026-05-26 12:17:48"}
{"error":"","level":"error","message":"Telegram请求失败","method":"getUpdates","service":"nas-bot","timestamp":"2026-05-26 12:17:49"}
{"error":"","level":"error","message":"Telegram请求失败","method":"getUpdates","service":"nas-bot","timestamp":"2026-05-26 12:17:50"}
{"error":"","level":"error","message":"Telegram请求失败","method":"getUpdates","service":"nas-bot","timestamp":"2026-05-26 12:17:52"}
{"error":"","level":"error","message":"Telegram请求失败","method":"getUpdates","service":"nas-bot","timestamp":"2026-05-26 12:17:53"}
{"error":"","level":"error","message":"Telegram请求失败","method":"getUpdates","service":"nas-bot","timestamp":"2026-05-26 12:17:54"}
{"error":"","level":"error","message":"Telegram请求失败","method":"getUpdates","service":"nas-bot","timestamp":"2026-05-26 12:17:55"}
{"error":"","level":"error","message":"Telegram请求失败","method":"getUpdates","service":"nas-bot","timestamp":"2026-05-26 12:17:57"}
{"error":"","level":"error","message":"Telegram请求失败","method":"getUpdates","service":"nas-bot","timestamp":"2026-05-26 12:17:58"}
{"error":"","level":"error","message":"Telegram请求失败","method":"getUpdates","service":"nas-bot","timestamp":"2026-05-26 12:17:59"}
{"error":"","level":"error","message":"Telegram请求失败","method":"getUpdates","service":"nas-bot","timestamp":"2026-05-26 12:18:00"}
{"error":"","level":"error","message":"Telegram请求失败","method":"getUpdates","service":"nas-bot","timestamp":"2026-05-26 12:18:02"}
{"error":"","level":"error","message":"Telegram请求失败","method":"getUpdates","service":"nas-bot","timestamp":"2026-05-26 12:18:03"}
{"error":"","level":"error","message":"Telegram请求失败","method":"getUpdates","service":"nas-bot","timestamp":"2026-05-26 12:18:04"}
{"error":"","level":"error","message":"Telegram请求失败","method":"getUpdates","service":"nas-bot","timestamp":"2026-05-26 12:18:05"}
{"error":"","level":"error","message":"Telegram请求失败","method":"getUpdates","service":"nas-bot","timestamp":"2026-05-26 12:18:07"}
{"error":"","level":"error","message":"Telegram请求失败","method":"getUpdates","service":"nas-bot","timestamp":"2026-05-26 12:18:08"}
{"error":"","level":"error","message":"Telegram请求失败","method":"getUpdates","service":"nas-bot","timestamp":"2026-05-26 12:18:09"}
{"error":"","level":"error","message":"Telegram请求失败","method":"getUpdates","service":"nas-bot","timestamp":"2026-05-26 12:18:10"}
{"error":"","level":"error","message":"Telegram请求失败","method":"getUpdates","service":"nas-bot","timestamp":"2026-05-26 12:18:12"}
{"error":"","level":"error","message":"Telegram请求失败","method":"getUpdates","service":"nas-bot","timestamp":"2026-05-26 12:18:13"}
{"error":"","level":"error","message":"Telegram请求失败","method":"getUpdates","service":"nas-bot","timestamp":"2026-05-26 12:18:14"}
{"error":"","level":"error","message":"Telegram请求失败","method":"getUpdates","service":"nas-bot","timestamp":"2026-05-26 12:18:15"}
{"error":"","level":"error","message":"Telegram请求失败","method":"getUpdates","service":"nas-bot","timestamp":"2026-05-26 12:18:17"}
{"error":"","level":"error","message":"Telegram请求失败","method":"getUpdates","service":"nas-bot","timestamp":"2026-05-26 12:18:18"}
{"error":"","level":"error","message":"Telegram请求失败","method":"getUpdates","service":"nas-bot","timestamp":"2026-05-26 12:18:19"}
{"error":"","level":"error","message":"Telegram请求失败","method":"getUpdates","service":"nas-bot","timestamp":"2026-05-26 12:18:21"}
{"error":"","level":"error","message":"Telegram请求失败","method":"getUpdates","service":"nas-bot","timestamp":"2026-05-26 12:18:22"}
{"error":"","level":"error","message":"Telegram请求失败","method":"getUpdates","service":"nas-bot","timestamp":"2026-05-26 12:18:23"}
{"error":"","level":"error","message":"Telegram请求失败","method":"getUpdates","service":"nas-bot","timestamp":"2026-05-26 12:18:24"}
{"error":"","level":"error","message":"Telegram请求失败","method":"getUpdates","service":"nas-bot","timestamp":"2026-05-26 12:18:26"}
{"error":"","level":"error","message":"Telegram请求失败","method":"getUpdates","service":"nas-bot","timestamp":"2026-05-26 12:18:27"}
{"error":"","level":"error","message":"Telegram请求失败","method":"getUpdates","service":"nas-bot","timestamp":"2026-05-26 12:18:28"}
{"error":"","level":"error","message":"Telegram请求失败","method":"getUpdates","service":"nas-bot","timestamp":"2026-05-26 12:18:29"}
{"error":"","level":"error","message":"Telegram请求失败","method":"getUpdates","service":"nas-bot","timestamp":"2026-05-26 12:18:31"}
{"error":"","level":"error","message":"Telegram请求失败","method":"getUpdates","service":"nas-bot","timestamp":"2026-05-26 12:18:32"}
{"error":"","level":"error","message":"Telegram请求失败","method":"getUpdates","service":"nas-bot","timestamp":"2026-05-26 12:18:33"}
{"error":"","level":"error","message":"Telegram请求失败","method":"getUpdates","service":"nas-bot","timestamp":"2026-05-26 12:18:34"}
{"error":"","level":"error","message":"Telegram请求失败","method":"getUpdates","service":"nas-bot","timestamp":"2026-05-26 12:18:36"}
{"error":"","level":"error","message":"Telegram请求失败","method":"getUpdates","service":"nas-bot","timestamp":"2026-05-26 12:18:37"}
{"error":"","level":"error","message":"Telegram请求失败","method":"getUpdates","service":"nas-bot","timestamp":"2026-05-26 12:18:38"}
{"error":"","level":"error","message":"Telegram请求失败","method":"getUpdates","service":"nas-bot","timestamp":"2026-05-26 12:18:39"}
{"error":"","level":"error","message":"Telegram请求失败","method":"getUpdates","service":"nas-bot","timestamp":"2026-05-26 12:18:41"}
{"error":"","level":"error","message":"Telegram请求失败","method":"getUpdates","service":"nas-bot","timestamp":"2026-05-26 12:18:42"}
{"error":"","level":"error","message":"Telegram请求失败","method":"getUpdates","service":"nas-bot","timestamp":"2026-05-26 12:18:43"}
{"error":"","level":"error","message":"Telegram请求失败","method":"getUpdates","service":"nas-bot","timestamp":"2026-05-26 12:18:44"}
{"error":"","level":"error","message":"Telegram请求失败","method":"getUpdates","service":"nas-bot","timestamp":"2026-05-26 12:18:46"}
{"error":"","level":"error","message":"Telegram请求失败","method":"getUpdates","service":"nas-bot","timestamp":"2026-05-26 12:18:47"}
{"error":"","level":"error","message":"Telegram请求失败","method":"getUpdates","service":"nas-bot","timestamp":"2026-05-26 12:18:48"}
{"error":"","level":"error","message":"Telegram请求失败","method":"getUpdates","service":"nas-bot","timestamp":"2026-05-26 12:18:49"}
{"error":"","level":"error","message":"Telegram请求失败","method":"getUpdates","service":"nas-bot","timestamp":"2026-05-26 12:18:51"}
{"error":"","level":"error","message":"Telegram请求失败","method":"getUpdates","service":"nas-bot","timestamp":"2026-05-26 12:18:52"}
{"error":"","level":"error","message":"Telegram请求失败","method":"getUpdates","service":"nas-bot","timestamp":"2026-05-26 12:18:53"}
{"error":"","level":"error","message":"Telegram请求失败","method":"getUpdates","service":"nas-bot","timestamp":"2026-05-26 12:18:54"}
{"error":"","level":"error","message":"Telegram请求失败","method":"getUpdates","service":"nas-bot","timestamp":"2026-05-26 12:18:56"}
{"error":"","level":"error","message":"Telegram请求失败","method":"getUpdates","service":"nas-bot","timestamp":"2026-05-26 12:18:57"}
{"error":"","level":"error","message":"Telegram请求失败","method":"getUpdates","service":"nas-bot","timestamp":"2026-05-26 12:18:58"}
{"error":"","level":"error","message":"Telegram请求失败","method":"getUpdates","service":"nas-bot","timestamp":"2026-05-26 12:18:59"}
{"error":"","level":"error","message":"Telegram请求失败","method":"getUpdates","service":"nas-bot","timestamp":"2026-05-26 12:19:01"}
{"error":"","level":"error","message":"Telegram请求失败","method":"getUpdates","service":"nas-bot","timestamp":"2026-05-26 12:19:02"}
{"error":"","level":"error","message":"Telegram请求失败","method":"getUpdates","service":"nas-bot","timestamp":"2026-05-26 12:19:03"}
{"error":"","level":"error","message":"Telegram请求失败","method":"getUpdates","service":"nas-bot","timestamp":"2026-05-26 12:19:04"}
{"error":"","level":"error","message":"Telegram请求失败","method":"getUpdates","service":"nas-bot","timestamp":"2026-05-26 12:19:06"}
{"error":"","level":"error","message":"Telegram请求失败","method":"getUpdates","service":"nas-bot","timestamp":"2026-05-26 12:19:07"}
{"error":"","level":"error","message":"Telegram请求失败","method":"getUpdates","service":"nas-bot","timestamp":"2026-05-26 12:19:08"}
{"error":"","level":"error","message":"Telegram请求失败","method":"getUpdates","service":"nas-bot","timestamp":"2026-05-26 12:19:09"}
{"error":"","level":"error","message":"Telegram请求失败","method":"getUpdates","service":"nas-bot","timestamp":"2026-05-26 12:19:11"}
{"error":"","level":"error","message":"Telegram请求失败","method":"getUpdates","service":"nas-bot","timestamp":"2026-05-26 12:19:12"}
{"error":"","level":"error","message":"Telegram请求失败","method":"getUpdates","service":"nas-bot","timestamp":"2026-05-26 12:19:13"}
{"error":"","level":"error","message":"Telegram请求失败","method":"getUpdates","service":"nas-bot","timestamp":"2026-05-26 12:19:14"}
{"error":"","level":"error","message":"Telegram请求失败","method":"getUpdates","service":"nas-bot","timestamp":"2026-05-26 12:19:16"}
{"error":"","level":"error","message":"Telegram请求失败","method":"getUpdates","service":"nas-bot","timestamp":"2026-05-26 12:19:17"}
{"error":"","level":"error","message":"Telegram请求失败","method":"getUpdates","service":"nas-bot","timestamp":"2026-05-26 12:19:18"}
{"error":"","level":"error","message":"Telegram请求失败","method":"getUpdates","service":"nas-bot","timestamp":"2026-05-26 12:19:19"}
{"error":"","level":"error","message":"Telegram请求失败","method":"getUpdates","service":"nas-bot","timestamp":"2026-05-26 12:19:21"}
{"error":"","level":"error","message":"Telegram请求失败","method":"getUpdates","service":"nas-bot","timestamp":"2026-05-26 12:19:22"}
{"error":"","level":"error","message":"Telegram请求失败","method":"getUpdates","service":"nas-bot","timestamp":"2026-05-26 12:19:23"}
{"error":"","level":"error","message":"Telegram请求失败","method":"getUpdates","service":"nas-bot","timestamp":"2026-05-26 12:19:25"}
{"error":"","level":"error","message":"Telegram请求失败","method":"getUpdates","service":"nas-bot","timestamp":"2026-05-26 12:19:26"}
{"error":"","level":"error","message":"Telegram请求失败","method":"getUpdates","service":"nas-bot","timestamp":"2026-05-26 12:19:27"}
{"error":"","level":"error","message":"Telegram请求失败","method":"getUpdates","service":"nas-bot","timestamp":"2026-05-26 12:19:28"}
{"error":"","level":"error","message":"Telegram请求失败","method":"getUpdates","service":"nas-bot","timestamp":"2026-05-26 12:19:30"}
{"error":"","level":"error","message":"Telegram请求失败","method":"getUpdates","service":"nas-bot","timestamp":"2026-05-26 12:19:31"}
{"error":"","level":"error","message":"Telegram请求失败","method":"getUpdates","service":"nas-bot","timestamp":"2026-05-26 12:19:32"}
{"error":"","level":"error","message":"Telegram请求失败","method":"getUpdates","service":"nas-bot","timestamp":"2026-05-26 12:19:33"}
{"error":"","level":"error","message":"Telegram请求失败","method":"getUpdates","service":"nas-bot","timestamp":"2026-05-26 12:19:35"}
{"error":"","level":"error","message":"Telegram请求失败","method":"getUpdates","service":"nas-bot","timestamp":"2026-05-26 12:19:36"}
{"error":"","level":"error","message":"Telegram请求失败","method":"getUpdates","service":"nas-bot","timestamp":"2026-05-26 12:19:37"}
{"error":"","level":"error","message":"Telegram请求失败","method":"getUpdates","service":"nas-bot","timestamp":"2026-05-26 12:19:38"}
{"error":"","level":"error","message":"Telegram请求失败","method":"getUpdates","service":"nas-bot","timestamp":"2026-05-26 12:19:40"}
{"error":"","level":"error","message":"Telegram请求失败","method":"getUpdates","service":"nas-bot","timestamp":"2026-05-26 12:19:41"}
{"error":"","level":"error","message":"Telegram请求失败","method":"getUpdates","service":"nas-bot","timestamp":"2026-05-26 12:19:42"}
{"error":"","level":"error","message":"Telegram请求失败","method":"getUpdates","service":"nas-bot","timestamp":"2026-05-26 12:19:43"}
{"error":"","level":"error","message":"Telegram请求失败","method":"getUpdates","service":"nas-bot","timestamp":"2026-05-26 12:19:45"}
{"error":"","level":"error","message":"Telegram请求失败","method":"getUpdates","service":"nas-bot","timestamp":"2026-05-26 12:19:46"}
{"error":"","level":"error","message":"Telegram请求失败","method":"getUpdates","service":"nas-bot","timestamp":"2026-05-26 12:19:47"}
{"error":"","level":"error","message":"Telegram请求失败","method":"getUpdates","service":"nas-bot","timestamp":"2026-05-26 12:19:48"}
{"error":"","level":"error","message":"Telegram请求失败","method":"getUpdates","service":"nas-bot","timestamp":"2026-05-26 12:19:50"}
{"error":"","level":"error","message":"Telegram请求失败","method":"getUpdates","service":"nas-bot","timestamp":"2026-05-26 12:19:51"}
{"error":"","level":"error","message":"Telegram请求失败","method":"getUpdates","service":"nas-bot","timestamp":"2026-05-26 12:19:52"}
{"error":"","level":"error","message":"Telegram请求失败","method":"getUpdates","service":"nas-bot","timestamp":"2026-05-26 12:19:53"}
{"error":"","level":"error","message":"Telegram请求失败","method":"getUpdates","service":"nas-bot","timestamp":"2026-05-26 12:19:55"}
{"error":"","level":"error","message":"Telegram请求失败","method":"getUpdates","service":"nas-bot","timestamp":"2026-05-26 12:19:56"}
{"error":"","level":"error","message":"Telegram请求失败","method":"getUpdates","service":"nas-bot","timestamp":"2026-05-26 12:19:57"}
{"error":"","level":"error","message":"Telegram请求失败","method":"getUpdates","service":"nas-bot","timestamp":"2026-05-26 12:19:58"}
{"error":"","level":"error","message":"Telegram请求失败","method":"getUpdates","service":"nas-bot","timestamp":"2026-05-26 12:20:00"}
{"error":"","level":"error","message":"Telegram请求失败","method":"getUpdates","service":"nas-bot","timestamp":"2026-05-26 12:20:01"}
{"error":"","level":"error","message":"Telegram请求失败","method":"getUpdates","service":"nas-bot","timestamp":"2026-05-26 12:20:02"}
{"error":"","level":"error","message":"Telegram请求失败","method":"getUpdates","service":"nas-bot","timestamp":"2026-05-26 12:20:03"}
{"error":"","level":"error","message":"Telegram请求失败","method":"getUpdates","service":"nas-bot","timestamp":"2026-05-26 12:20:05"}
{"error":"","level":"error","message":"Telegram请求失败","method":"getUpdates","service":"nas-bot","timestamp":"2026-05-26 12:20:06"}
{"error":"","level":"error","message":"Telegram请求失败","method":"getUpdates","service":"nas-bot","timestamp":"2026-05-26 12:20:07"}
{"error":"","level":"error","message":"Telegram请求失败","method":"getUpdates","service":"nas-bot","timestamp":"2026-05-26 12:20:08"}
{"error":"","level":"error","message":"Telegram请求失败","method":"getUpdates","service":"nas-bot","timestamp":"2026-05-26 12:20:10"}
{"error":"","level":"error","message":"Telegram请求失败","method":"getUpdates","service":"nas-bot","timestamp":"2026-05-26 12:20:11"}
{"error":"","level":"error","message":"Telegram请求失败","method":"getUpdates","service":"nas-bot","timestamp":"2026-05-26 12:20:12"}
{"error":"","level":"error","message":"Telegram请求失败","method":"getUpdates","service":"nas-bot","timestamp":"2026-05-26 12:20:13"}
{"error":"","level":"error","message":"Telegram请求失败","method":"getUpdates","service":"nas-bot","timestamp":"2026-05-26 12:20:15"}
{"error":"","level":"error","message":"Telegram请求失败","method":"getUpdates","service":"nas-bot","timestamp":"2026-05-26 12:20:16"}
{"error":"","level":"error","message":"Telegram请求失败","method":"getUpdates","service":"nas-bot","timestamp":"2026-05-26 12:20:17"}
{"error":"","level":"error","message":"Telegram请求失败","method":"getUpdates","service":"nas-bot","timestamp":"2026-05-26 12:20:18"}
{"error":"","level":"error","message":"Telegram请求失败","method":"getUpdates","service":"nas-bot","timestamp":"2026-05-26 12:20:20"}
{"error":"","level":"error","message":"Telegram请求失败","method":"getUpdates","service":"nas-bot","timestamp":"2026-05-26 12:20:21"}
{"error":"","level":"error","message":"Telegram请求失败","method":"getUpdates","service":"nas-bot","timestamp":"2026-05-26 12:20:22"}
{"error":"","level":"error","message":"Telegram请求失败","method":"getUpdates","service":"nas-bot","timestamp":"2026-05-26 12:20:23"}
{"error":"","level":"error","message":"Telegram请求失败","method":"getUpdates","service":"nas-bot","timestamp":"2026-05-26 12:20:25"}
{"error":"","level":"error","message":"Telegram请求失败","method":"getUpdates","service":"nas-bot","timestamp":"2026-05-26 12:20:26"}
{"error":"","level":"error","message":"Telegram请求失败","method":"getUpdates","service":"nas-bot","timestamp":"2026-05-26 12:20:27"}
{"error":"","level":"error","message":"Telegram请求失败","method":"getUpdates","service":"nas-bot","timestamp":"2026-05-26 12:20:28"}
{"error":"","level":"error","message":"Telegram请求失败","method":"getUpdates","service":"nas-bot","timestamp":"2026-05-26 12:20:30"}
{"error":"","level":"error","message":"Telegram请求失败","method":"getUpdates","service":"nas-bot","timestamp":"2026-05-26 12:20:31"}
{"error":"","level":"error","message":"Telegram请求失败","method":"getUpdates","service":"nas-bot","timestamp":"2026-05-26 12:20:32"}
{"error":"","level":"error","message":"Telegram请求失败","method":"getUpdates","service":"nas-bot","timestamp":"2026-05-26 12:20:33"}
{"error":"","level":"error","message":"Telegram请求失败","method":"getUpdates","service":"nas-bot","timestamp":"2026-05-26 12:20:35"}
{"error":"","level":"error","message":"Telegram请求失败","method":"getUpdates","service":"nas-bot","timestamp":"2026-05-26 12:20:36"}
{"error":"","level":"error","message":"Telegram请求失败","method":"getUpdates","service":"nas-bot","timestamp":"2026-05-26 12:20:37"}
{"error":"","level":"error","message":"Telegram请求失败","method":"getUpdates","service":"nas-bot","timestamp":"2026-05-26 12:20:39"}
{"error":"","level":"error","message":"Telegram请求失败","method":"getUpdates","service":"nas-bot","timestamp":"2026-05-26 12:20:40"}
{"error":"","level":"error","message":"Telegram请求失败","method":"getUpdates","service":"nas-bot","timestamp":"2026-05-26 12:20:41"}
{"error":"","level":"error","message":"Telegram请求失败","method":"getUpdates","service":"nas-bot","timestamp":"2026-05-26 12:20:42"}
{"error":"","level":"error","message":"Telegram请求失败","method":"getUpdates","service":"nas-bot","timestamp":"2026-05-26 12:20:44"}
{"error":"","level":"error","message":"Telegram请求失败","method":"getUpdates","service":"nas-bot","timestamp":"2026-05-26 12:20:45"}
{"error":"","level":"error","message":"Telegram请求失败","method":"getUpdates","service":"nas-bot","timestamp":"2026-05-26 12:20:46"}
{"error":"","level":"error","message":"Telegram请求失败","method":"getUpdates","service":"nas-bot","timestamp":"2026-05-26 12:20:47"}
{"error":"","level":"error","message":"Telegram请求失败","method":"getUpdates","service":"nas-bot","timestamp":"2026-05-26 12:20:49"}
{"error":"","level":"error","message":"Telegram请求失败","method":"getUpdates","service":"nas-bot","timestamp":"2026-05-26 12:20:50"}
{"error":"","level":"error","message":"Telegram请求失败","method":"getUpdates","service":"nas-bot","timestamp":"2026-05-26 12:20:51"}
{"error":"","level":"error","message":"Telegram请求失败","method":"getUpdates","service":"nas-bot","timestamp":"2026-05-26 12:20:52"}
{"error":"","level":"error","message":"Telegram请求失败","method":"getUpdates","service":"nas-bot","timestamp":"2026-05-26 12:20:54"}
{"error":"","level":"error","message":"Telegram请求失败","method":"getUpdates","service":"nas-bot","timestamp":"2026-05-26 12:20:55"}
{"error":"","level":"error","message":"Telegram请求失败","method":"getUpdates","service":"nas-bot","timestamp":"2026-05-26 12:20:56"}
{"error":"","level":"error","message":"Telegram请求失败","method":"getUpdates","service":"nas-bot","timestamp":"2026-05-26 12:20:57"}
{"error":"","level":"error","message":"Telegram请求失败","method":"getUpdates","service":"nas-bot","timestamp":"2026-05-26 12:20:59"}
{"error":"","level":"error","message":"Telegram请求失败","method":"getUpdates","service":"nas-bot","timestamp":"2026-05-26 12:21:00"}
{"error":"","level":"error","message":"Telegram请求失败","method":"getUpdates","service":"nas-bot","timestamp":"2026-05-26 12:21:01"}
{"error":"","level":"error","message":"Telegram请求失败","method":"getUpdates","service":"nas-bot","timestamp":"2026-05-26 12:21:02"}
{"error":"","level":"error","message":"Telegram请求失败","method":"getUpdates","service":"nas-bot","timestamp":"2026-05-26 12:21:04"}
{"error":"","level":"error","message":"Telegram请求失败","method":"getUpdates","service":"nas-bot","timestamp":"2026-05-26 12:21:05"}
{"error":"","level":"error","message":"Telegram请求失败","method":"getUpdates","service":"nas-bot","timestamp":"2026-05-26 12:21:06"}
{"error":"","level":"error","message":"Telegram请求失败","method":"getUpdates","service":"nas-bot","timestamp":"2026-05-26 12:21:08"}
{"error":"","level":"error","message":"Telegram请求失败","method":"getUpdates","service":"nas-bot","timestamp":"2026-05-26 12:21:09"}
{"error":"","level":"error","message":"Telegram请求失败","method":"getUpdates","service":"nas-bot","timestamp":"2026-05-26 12:21:10"}
{"error":"","level":"error","message":"Telegram请求失败","method":"getUpdates","service":"nas-bot","timestamp":"2026-05-26 12:21:11"}
{"error":"","level":"error","message":"Telegram请求失败","method":"getUpdates","service":"nas-bot","timestamp":"2026-05-26 12:21:13"}
{"error":"","level":"error","message":"Telegram请求失败","method":"getUpdates","service":"nas-bot","timestamp":"2026-05-26 12:21:14"}
{"error":"","level":"error","message":"Telegram请求失败","method":"getUpdates","service":"nas-bot","timestamp":"2026-05-26 12:21:15"}
{"error":"","level":"error","message":"Telegram请求失败","method":"getUpdates","service":"nas-bot","timestamp":"2026-05-26 12:21:16"}
{"error":"","level":"error","message":"Telegram请求失败","method":"getUpdates","service":"nas-bot","timestamp":"2026-05-26 12:21:18"}
{"error":"","level":"error","message":"Telegram请求失败","method":"getUpdates","service":"nas-bot","timestamp":"2026-05-26 12:21:19"}
{"error":"","level":"error","message":"Telegram请求失败","method":"getUpdates","service":"nas-bot","timestamp":"2026-05-26 12:21:20"}
{"error":"","level":"error","message":"Telegram请求失败","method":"getUpdates","service":"nas-bot","timestamp":"2026-05-26 12:21:21"}
{"error":"","level":"error","message":"Telegram请求失败","method":"getUpdates","service":"nas-bot","timestamp":"2026-05-26 12:21:23"}
{"error":"","level":"error","message":"Telegram请求失败","method":"getUpdates","service":"nas-bot","timestamp":"2026-05-26 12:21:24"}
{"error":"","level":"error","message":"Telegram请求失败","method":"getUpdates","service":"nas-bot","timestamp":"2026-05-26 12:21:25"}
{"error":"","level":"error","message":"Telegram请求失败","method":"getUpdates","service":"nas-bot","timestamp":"2026-05-26 12:21:26"}
{"error":"","level":"error","message":"Telegram请求失败","method":"getUpdates","service":"nas-bot","timestamp":"2026-05-26 12:21:28"}
{"error":"","level":"error","message":"Telegram请求失败","method":"getUpdates","service":"nas-bot","timestamp":"2026-05-26 12:21:29"}
{"error":"","level":"error","message":"Telegram请求失败","method":"getUpdates","service":"nas-bot","timestamp":"2026-05-26 12:21:30"}
{"error":"","level":"error","message":"Telegram请求失败","method":"getUpdates","service":"nas-bot","timestamp":"2026-05-26 12:21:31"}
{"error":"","level":"error","message":"Telegram请求失败","method":"getUpdates","service":"nas-bot","timestamp":"2026-05-26 12:21:33"}
{"error":"","level":"error","message":"Telegram请求失败","method":"getUpdates","service":"nas-bot","timestamp":"2026-05-26 12:21:34"}
{"error":"","level":"error","message":"Telegram请求失败","method":"getUpdates","service":"nas-bot","timestamp":"2026-05-26 12:21:35"}
{"error":"","level":"error","message":"Telegram请求失败","method":"getUpdates","service":"nas-bot","timestamp":"2026-05-26 12:21:37"}
{"error":"","level":"error","message":"Telegram请求失败","method":"getUpdates","service":"nas-bot","timestamp":"2026-05-26 12:21:38"}
{"error":"","level":"error","message":"Telegram请求失败","method":"getUpdates","service":"nas-bot","timestamp":"2026-05-26 12:21:39"}
{"error":"","level":"error","message":"Telegram请求失败","method":"getUpdates","service":"nas-bot","timestamp":"2026-05-26 12:21:40"}
{"error":"","level":"error","message":"Telegram请求失败","method":"getUpdates","service":"nas-bot","timestamp":"2026-05-26 12:21:42"}
{"error":"","level":"error","message":"Telegram请求失败","method":"getUpdates","service":"nas-bot","timestamp":"2026-05-26 12:21:43"}
{"error":"","level":"error","message":"Telegram请求失败","method":"getUpdates","service":"nas-bot","timestamp":"2026-05-26 12:21:44"}
{"error":"","level":"error","message":"Telegram请求失败","method":"getUpdates","service":"nas-bot","timestamp":"2026-05-26 12:21:45"}
{"error":"","level":"error","message":"Telegram请求失败","method":"getUpdates","service":"nas-bot","timestamp":"2026-05-26 12:21:47"}
{"error":"","level":"error","message":"Telegram请求失败","method":"getUpdates","service":"nas-bot","timestamp":"2026-05-26 12:21:48"}
{"error":"","level":"error","message":"Telegram请求失败","method":"getUpdates","service":"nas-bot","timestamp":"2026-05-26 12:21:49"}
{"error":"","level":"error","message":"Telegram请求失败","method":"getUpdates","service":"nas-bot","timestamp":"2026-05-26 12:21:50"}
{"error":"","level":"error","message":"Telegram请求失败","method":"getUpdates","service":"nas-bot","timestamp":"2026-05-26 12:21:52"}
{"error":"","level":"error","message":"Telegram请求失败","method":"getUpdates","service":"nas-bot","timestamp":"2026-05-26 12:21:53"}
{"error":"","level":"error","message":"Telegram请求失败","method":"getUpdates","service":"nas-bot","timestamp":"2026-05-26 12:21:54"}
{"error":"","level":"error","message":"Telegram请求失败","method":"getUpdates","service":"nas-bot","timestamp":"2026-05-26 12:21:55"}
{"error":"","level":"error","message":"Telegram请求失败","method":"getUpdates","service":"nas-bot","timestamp":"2026-05-26 12:21:57"}
{"error":"","level":"error","message":"Telegram请求失败","method":"getUpdates","service":"nas-bot","timestamp":"2026-05-26 12:21:58"}
{"error":"","level":"error","message":"Telegram请求失败","method":"getUpdates","service":"nas-bot","timestamp":"2026-05-26 12:21:59"}
{"error":"","level":"error","message":"Telegram请求失败","method":"getUpdates","service":"nas-bot","timestamp":"2026-05-26 12:22:00"}
{"error":"","level":"error","message":"Telegram请求失败","method":"getUpdates","service":"nas-bot","timestamp":"2026-05-26 12:22:02"}
{"error":"","level":"error","message":"Telegram请求失败","method":"getUpdates","service":"nas-bot","timestamp":"2026-05-26 12:22:03"}
{"error":"","level":"error","message":"Telegram请求失败","method":"getUpdates","service":"nas-bot","timestamp":"2026-05-26 12:22:04"}
{"error":"","level":"error","message":"Telegram请求失败","method":"getUpdates","service":"nas-bot","timestamp":"2026-05-26 12:22:05"}
{"error":"","level":"error","message":"Telegram请求失败","method":"getUpdates","service":"nas-bot","timestamp":"2026-05-26 12:22:07"}
{"error":"","level":"error","message":"Telegram请求失败","method":"getUpdates","service":"nas-bot","timestamp":"2026-05-26 12:22:08"}
{"error":"","level":"error","message":"Telegram请求失败","method":"getUpdates","service":"nas-bot","timestamp":"2026-05-26 12:22:09"}
{"error":"","level":"error","message":"Telegram请求失败","method":"getUpdates","service":"nas-bot","timestamp":"2026-05-26 12:22:10"}
{"error":"","level":"error","message":"Telegram请求失败","method":"getUpdates","service":"nas-bot","timestamp":"2026-05-26 12:22:12"}
{"error":"","level":"error","message":"Telegram请求失败","method":"getUpdates","service":"nas-bot","timestamp":"2026-05-26 12:22:13"}
{"error":"","level":"error","message":"Telegram请求失败","method":"getUpdates","service":"nas-bot","timestamp":"2026-05-26 12:22:14"}
{"error":"","level":"error","message":"Telegram请求失败","method":"getUpdates","service":"nas-bot","timestamp":"2026-05-26 12:22:15"}
{"error":"","level":"error","message":"Telegram请求失败","method":"getUpdates","service":"nas-bot","timestamp":"2026-05-26 12:22:17"}
{"error":"","level":"error","message":"Telegram请求失败","method":"getUpdates","service":"nas-bot","timestamp":"2026-05-26 12:22:18"}
{"error":"","level":"error","message":"Telegram请求失败","method":"getUpdates","service":"nas-bot","timestamp":"2026-05-26 12:22:19"}
{"error":"","level":"error","message":"Telegram请求失败","method":"getUpdates","service":"nas-bot","timestamp":"2026-05-26 12:22:20"}
{"error":"","level":"error","message":"Telegram请求失败","method":"getUpdates","service":"nas-bot","timestamp":"2026-05-26 12:22:22"}
{"error":"","level":"error","message":"Telegram请求失败","method":"getUpdates","service":"nas-bot","timestamp":"2026-05-26 12:22:23"}
{"error":"","level":"error","message":"Telegram请求失败","method":"getUpdates","service":"nas-bot","timestamp":"2026-05-26 12:22:24"}
{"error":"","level":"error","message":"Telegram请求失败","method":"getUpdates","service":"nas-bot","timestamp":"2026-05-26 12:22:25"}
{"error":"","level":"error","message":"Telegram请求失败","method":"getUpdates","service":"nas-bot","timestamp":"2026-05-26 12:22:27"}
{"error":"","level":"error","message":"Telegram请求失败","method":"getUpdates","service":"nas-bot","timestamp":"2026-05-26 12:22:28"}
{"error":"","level":"error","message":"Telegram请求失败","method":"getUpdates","service":"nas-bot","timestamp":"2026-05-26 12:22:29"}
{"error":"","level":"error","message":"Telegram请求失败","method":"getUpdates","service":"nas-bot","timestamp":"2026-05-26 12:22:30"}
{"error":"","level":"error","message":"Telegram请求失败","method":"getUpdates","service":"nas-bot","timestamp":"2026-05-26 12:22:32"}
{"error":"","level":"error","message":"Telegram请求失败","method":"getUpdates","service":"nas-bot","timestamp":"2026-05-26 12:22:33"}
{"error":"","level":"error","message":"Telegram请求失败","method":"getUpdates","service":"nas-bot","timestamp":"2026-05-26 12:22:34"}
{"error":"","level":"error","message":"Telegram请求失败","method":"getUpdates","service":"nas-bot","timestamp":"2026-05-26 12:22:35"}
{"error":"","level":"error","message":"Telegram请求失败","method":"getUpdates","service":"nas-bot","timestamp":"2026-05-26 12:22:37"}
{"error":"","level":"error","message":"Telegram请求失败","method":"getUpdates","service":"nas-bot","timestamp":"2026-05-26 12:22:38"}
{"error":"","level":"error","message":"Telegram请求失败","method":"getUpdates","service":"nas-bot","timestamp":"2026-05-26 12:22:39"}
{"error":"","level":"error","message":"Telegram请求失败","method":"getUpdates","service":"nas-bot","timestamp":"2026-05-26 12:22:41"}
{"error":"","level":"error","message":"Telegram请求失败","method":"getUpdates","service":"nas-bot","timestamp":"2026-05-26 12:22:42"}
{"error":"","level":"error","message":"Telegram请求失败","method":"getUpdates","service":"nas-bot","timestamp":"2026-05-26 12:22:43"}
{"error":"","level":"error","message":"Telegram请求失败","method":"getUpdates","service":"nas-bot","timestamp":"2026-05-26 12:22:44"}
{"error":"","level":"error","message":"Telegram请求失败","method":"getUpdates","service":"nas-bot","timestamp":"2026-05-26 12:22:46"}
{"error":"","level":"error","message":"Telegram请求失败","method":"getUpdates","service":"nas-bot","timestamp":"2026-05-26 12:22:47"}
{"error":"","level":"error","message":"Telegram请求失败","method":"getUpdates","service":"nas-bot","timestamp":"2026-05-26 12:22:48"}
{"error":"","level":"error","message":"Telegram请求失败","method":"getUpdates","service":"nas-bot","timestamp":"2026-05-26 12:22:49"}
{"error":"","level":"error","message":"Telegram请求失败","method":"getUpdates","service":"nas-bot","timestamp":"2026-05-26 12:22:51"}
{"error":"","level":"error","message":"Telegram请求失败","method":"getUpdates","service":"nas-bot","timestamp":"2026-05-26 12:22:52"}
{"error":"","level":"error","message":"Telegram请求失败","method":"getUpdates","service":"nas-bot","timestamp":"2026-05-26 12:22:53"}
{"error":"","level":"error","message":"Telegram请求失败","method":"getUpdates","service":"nas-bot","timestamp":"2026-05-26 12:22:54"}
{"error":"","level":"error","message":"Telegram请求失败","method":"getUpdates","service":"nas-bot","timestamp":"2026-05-26 12:22:56"}
{"error":"","level":"error","message":"Telegram请求失败","method":"getUpdates","service":"nas-bot","timestamp":"2026-05-26 12:22:57"}
{"error":"","level":"error","message":"Telegram请求失败","method":"getUpdates","service":"nas-bot","timestamp":"2026-05-26 12:22:58"}
{"error":"","level":"error","message":"Telegram请求失败","method":"getUpdates","service":"nas-bot","timestamp":"2026-05-26 12:22:59"}
{"error":"","level":"error","message":"Telegram请求失败","method":"getUpdates","service":"nas-bot","timestamp":"2026-05-26 12:23:01"}
{"error":"","level":"error","message":"Telegram请求失败","method":"getUpdates","service":"nas-bot","timestamp":"2026-05-26 12:23:02"}
{"error":"","level":"error","message":"Telegram请求失败","method":"getUpdates","service":"nas-bot","timestamp":"2026-05-26 12:23:03"}
{"error":"","level":"error","message":"Telegram请求失败","method":"getUpdates","service":"nas-bot","timestamp":"2026-05-26 12:23:04"}
{"error":"","level":"error","message":"Telegram请求失败","method":"getUpdates","service":"nas-bot","timestamp":"2026-05-26 12:23:06"}
{"error":"","level":"error","message":"Telegram请求失败","method":"getUpdates","service":"nas-bot","timestamp":"2026-05-26 12:23:07"}
{"error":"","level":"error","message":"Telegram请求失败","method":"getUpdates","service":"nas-bot","timestamp":"2026-05-26 12:23:08"}
{"error":"","level":"error","message":"Telegram请求失败","method":"getUpdates","service":"nas-bot","timestamp":"2026-05-26 12:23:09"}
{"error":"","level":"error","message":"Telegram请求失败","method":"getUpdates","service":"nas-bot","timestamp":"2026-05-26 12:23:11"}
{"error":"","level":"error","message":"Telegram请求失败","method":"getUpdates","service":"nas-bot","timestamp":"2026-05-26 12:23:12"}
{"error":"","level":"error","message":"Telegram请求失败","method":"getUpdates","service":"nas-bot","timestamp":"2026-05-26 12:23:13"}
{"error":"","level":"error","message":"Telegram请求失败","method":"getUpdates","service":"nas-bot","timestamp":"2026-05-26 12:23:14"}
{"error":"","level":"error","message":"Telegram请求失败","method":"getUpdates","service":"nas-bot","timestamp":"2026-05-26 12:23:16"}
{"error":"","level":"error","message":"Telegram请求失败","method":"getUpdates","service":"nas-bot","timestamp":"2026-05-26 12:23:17"}
{"error":"","level":"error","message":"Telegram请求失败","method":"getUpdates","service":"nas-bot","timestamp":"2026-05-26 12:23:18"}
{"error":"","level":"error","message":"Telegram请求失败","method":"getUpdates","service":"nas-bot","timestamp":"2026-05-26 12:23:19"}
{"error":"","level":"error","message":"Telegram请求失败","method":"getUpdates","service":"nas-bot","timestamp":"2026-05-26 12:23:21"}
{"error":"","level":"error","message":"Telegram请求失败","method":"getUpdates","service":"nas-bot","timestamp":"2026-05-26 12:23:22"}
{"error":"","level":"error","message":"Telegram请求失败","method":"getUpdates","service":"nas-bot","timestamp":"2026-05-26 12:23:23"}
{"error":"","level":"error","message":"Telegram请求失败","method":"getUpdates","service":"nas-bot","timestamp":"2026-05-26 12:23:24"}
{"error":"","level":"error","message":"Telegram请求失败","method":"getUpdates","service":"nas-bot","timestamp":"2026-05-26 12:23:26"}
{"error":"","level":"error","message":"Telegram请求失败","method":"getUpdates","service":"nas-bot","timestamp":"2026-05-26 12:23:27"}
{"error":"","level":"error","message":"Telegram请求失败","method":"getUpdates","service":"nas-bot","timestamp":"2026-05-26 12:23:28"}
{"error":"","level":"error","message":"Telegram请求失败","method":"getUpdates","service":"nas-bot","timestamp":"2026-05-26 12:23:29"}
{"error":"","level":"error","message":"Telegram请求失败","method":"getUpdates","service":"nas-bot","timestamp":"2026-05-26 12:23:31"}
{"error":"","level":"error","message":"Telegram请求失败","method":"getUpdates","service":"nas-bot","timestamp":"2026-05-26 12:23:32"}
{"error":"","level":"error","message":"Telegram请求失败","method":"getUpdates","service":"nas-bot","timestamp":"2026-05-26 12:23:33"}
{"error":"","level":"error","message":"Telegram请求失败","method":"getUpdates","service":"nas-bot","timestamp":"2026-05-26 12:23:34"}
{"error":"","level":"error","message":"Telegram请求失败","method":"getUpdates","service":"nas-bot","timestamp":"2026-05-26 12:23:36"}
{"error":"","level":"error","message":"Telegram请求失败","method":"getUpdates","service":"nas-bot","timestamp":"2026-05-26 12:23:37"}
{"error":"","level":"error","message":"Telegram请求失败","method":"getUpdates","service":"nas-bot","timestamp":"2026-05-26 12:23:38"}
{"error":"","level":"error","message":"Telegram请求失败","method":"getUpdates","service":"nas-bot","timestamp":"2026-05-26 12:23:39"}
{"error":"","level":"error","message":"Telegram请求失败","method":"getUpdates","service":"nas-bot","timestamp":"2026-05-26 12:23:41"}
{"error":"","level":"error","message":"Telegram请求失败","method":"getUpdates","service":"nas-bot","timestamp":"2026-05-26 12:23:42"}
{"error":"","level":"error","message":"Telegram请求失败","method":"getUpdates","service":"nas-bot","timestamp":"2026-05-26 12:23:43"}
{"error":"","level":"error","message":"Telegram请求失败","method":"getUpdates","service":"nas-bot","timestamp":"2026-05-26 12:23:44"}
{"error":"","level":"error","message":"Telegram请求失败","method":"getUpdates","service":"nas-bot","timestamp":"2026-05-26 12:23:46"}
{"error":"","level":"error","message":"Telegram请求失败","method":"getUpdates","service":"nas-bot","timestamp":"2026-05-26 12:23:47"}
{"error":"","level":"error","message":"Telegram请求失败","method":"getUpdates","service":"nas-bot","timestamp":"2026-05-26 12:23:48"}
{"error":"","level":"error","message":"Telegram请求失败","method":"getUpdates","service":"nas-bot","timestamp":"2026-05-26 12:23:49"}
{"error":"","level":"error","message":"Telegram请求失败","method":"getUpdates","service":"nas-bot","timestamp":"2026-05-26 12:23:51"}
{"error":"","level":"error","message":"Telegram请求失败","method":"getUpdates","service":"nas-bot","timestamp":"2026-05-26 12:23:52"}
{"error":"","level":"error","message":"Telegram请求失败","method":"getUpdates","service":"nas-bot","timestamp":"2026-05-26 12:23:53"}
{"error":"","level":"error","message":"Telegram请求失败","method":"getUpdates","service":"nas-bot","timestamp":"2026-05-26 12:23:55"}
{"error":"","level":"error","message":"Telegram请求失败","method":"getUpdates","service":"nas-bot","timestamp":"2026-05-26 12:23:56"}
{"error":"","level":"error","message":"Telegram请求失败","method":"getUpdates","service":"nas-bot","timestamp":"2026-05-26 12:23:57"}
{"error":"","level":"error","message":"Telegram请求失败","method":"getUpdates","service":"nas-bot","timestamp":"2026-05-26 12:23:58"}
{"error":"","level":"error","message":"Telegram请求失败","method":"getUpdates","service":"nas-bot","timestamp":"2026-05-26 12:24:00"}
{"error":"","level":"error","message":"Telegram请求失败","method":"getUpdates","service":"nas-bot","timestamp":"2026-05-26 12:24:01"}
{"error":"","level":"error","message":"Telegram请求失败","method":"getUpdates","service":"nas-bot","timestamp":"2026-05-26 12:24:02"}
{"error":"","level":"error","message":"Telegram请求失败","method":"getUpdates","service":"nas-bot","timestamp":"2026-05-26 12:24:03"}
{"error":"","level":"error","message":"Telegram请求失败","method":"getUpdates","service":"nas-bot","timestamp":"2026-05-26 12:24:05"}
{"error":"","level":"error","message":"Telegram请求失败","method":"getUpdates","service":"nas-bot","timestamp":"2026-05-26 12:24:06"}
{"error":"","level":"error","message":"Telegram请求失败","method":"getUpdates","service":"nas-bot","timestamp":"2026-05-26 12:24:07"}
{"error":"","level":"error","message":"Telegram请求失败","method":"getUpdates","service":"nas-bot","timestamp":"2026-05-26 12:24:08"}
{"error":"","level":"error","message":"Telegram请求失败","method":"getUpdates","service":"nas-bot","timestamp":"2026-05-26 12:24:10"}
{"error":"","level":"error","message":"Telegram请求失败","method":"getUpdates","service":"nas-bot","timestamp":"2026-05-26 12:24:11"}
{"error":"","level":"error","message":"Telegram请求失败","method":"getUpdates","service":"nas-bot","timestamp":"2026-05-26 12:24:12"}
{"error":"","level":"error","message":"Telegram请求失败","method":"getUpdates","service":"nas-bot","timestamp":"2026-05-26 12:24:13"}
{"error":"","level":"error","message":"Telegram请求失败","method":"getUpdates","service":"nas-bot","timestamp":"2026-05-26 12:24:15"}
{"error":"","level":"error","message":"Telegram请求失败","method":"getUpdates","service":"nas-bot","timestamp":"2026-05-26 12:24:16"}
{"error":"","level":"error","message":"Telegram请求失败","method":"getUpdates","service":"nas-bot","timestamp":"2026-05-26 12:24:17"}
{"error":"","level":"error","message":"Telegram请求失败","method":"getUpdates","service":"nas-bot","timestamp":"2026-05-26 12:24:18"}
{"error":"","level":"error","message":"Telegram请求失败","method":"getUpdates","service":"nas-bot","timestamp":"2026-05-26 12:24:20"}
{"error":"","level":"error","message":"Telegram请求失败","method":"getUpdates","service":"nas-bot","timestamp":"2026-05-26 12:24:21"}
{"error":"","level":"error","message":"Telegram请求失败","method":"getUpdates","service":"nas-bot","timestamp":"2026-05-26 12:24:22"}
{"error":"","level":"error","message":"Telegram请求失败","method":"getUpdates","service":"nas-bot","timestamp":"2026-05-26 12:24:23"}
{"error":"","level":"error","message":"Telegram请求失败","method":"getUpdates","service":"nas-bot","timestamp":"2026-05-26 12:24:25"}
{"error":"","level":"error","message":"Telegram请求失败","method":"getUpdates","service":"nas-bot","timestamp":"2026-05-26 12:24:26"}
{"error":"","level":"error","message":"Telegram请求失败","method":"getUpdates","service":"nas-bot","timestamp":"2026-05-26 12:24:27"}
{"error":"","level":"error","message":"Telegram请求失败","method":"getUpdates","service":"nas-bot","timestamp":"2026-05-26 12:24:28"}
{"error":"","level":"error","message":"Telegram请求失败","method":"getUpdates","service":"nas-bot","timestamp":"2026-05-26 12:24:30"}
{"error":"","level":"error","message":"Telegram请求失败","method":"getUpdates","service":"nas-bot","timestamp":"2026-05-26 12:24:31"}
{"error":"","level":"error","message":"Telegram请求失败","method":"getUpdates","service":"nas-bot","timestamp":"2026-05-26 12:24:32"}
{"error":"","level":"error","message":"Telegram请求失败","method":"getUpdates","service":"nas-bot","timestamp":"2026-05-26 12:24:33"}
{"error":"","level":"error","message":"Telegram请求失败","method":"getUpdates","service":"nas-bot","timestamp":"2026-05-26 12:24:35"}
{"error":"","level":"error","message":"Telegram请求失败","method":"getUpdates","service":"nas-bot","timestamp":"2026-05-26 12:24:36"}
{"error":"","level":"error","message":"Telegram请求失败","method":"getUpdates","service":"nas-bot","timestamp":"2026-05-26 12:24:37"}
{"error":"","level":"error","message":"Telegram请求失败","method":"getUpdates","service":"nas-bot","timestamp":"2026-05-26 12:24:38"}
{"error":"","level":"error","message":"Telegram请求失败","method":"getUpdates","service":"nas-bot","timestamp":"2026-05-26 12:24:40"}
{"error":"","level":"error","message":"Telegram请求失败","method":"getUpdates","service":"nas-bot","timestamp":"2026-05-26 12:24:41"}
{"error":"","level":"error","message":"Telegram请求失败","method":"getUpdates","service":"nas-bot","timestamp":"2026-05-26 12:24:42"}
{"error":"","level":"error","message":"Telegram请求失败","method":"getUpdates","service":"nas-bot","timestamp":"2026-05-26 12:24:43"}
{"error":"","level":"error","message":"Telegram请求失败","method":"getUpdates","service":"nas-bot","timestamp":"2026-05-26 12:24:45"}
{"error":"","level":"error","message":"Telegram请求失败","method":"getUpdates","service":"nas-bot","timestamp":"2026-05-26 12:24:46"}
{"error":"","level":"error","message":"Telegram请求失败","method":"getUpdates","service":"nas-bot","timestamp":"2026-05-26 12:24:47"}
{"error":"","level":"error","message":"Telegram请求失败","method":"getUpdates","service":"nas-bot","timestamp":"2026-05-26 12:24:48"}
{"error":"","level":"error","message":"Telegram请求失败","method":"getUpdates","service":"nas-bot","timestamp":"2026-05-26 12:24:50"}
{"error":"","level":"error","message":"Telegram请求失败","method":"getUpdates","service":"nas-bot","timestamp":"2026-05-26 12:24:51"}
{"error":"","level":"error","message":"Telegram请求失败","method":"getUpdates","service":"nas-bot","timestamp":"2026-05-26 12:24:52"}
{"error":"","level":"error","message":"Telegram请求失败","method":"getUpdates","service":"nas-bot","timestamp":"2026-05-26 12:24:53"}
{"error":"","level":"error","message":"Telegram请求失败","method":"getUpdates","service":"nas-bot","timestamp":"2026-05-26 12:24:55"}
{"error":"","level":"error","message":"Telegram请求失败","method":"getUpdates","service":"nas-bot","timestamp":"2026-05-26 12:24:56"}
{"error":"","level":"error","message":"Telegram请求失败","method":"getUpdates","service":"nas-bot","timestamp":"2026-05-26 12:24:57"}
{"error":"","level":"error","message":"Telegram请求失败","method":"getUpdates","service":"nas-bot","timestamp":"2026-05-26 12:24:58"}
{"error":"","level":"error","message":"Telegram请求失败","method":"getUpdates","service":"nas-bot","timestamp":"2026-05-26 12:25:00"}
{"error":"","level":"error","message":"Telegram请求失败","method":"getUpdates","service":"nas-bot","timestamp":"2026-05-26 12:25:01"}
{"error":"","level":"error","message":"Telegram请求失败","method":"getUpdates","service":"nas-bot","timestamp":"2026-05-26 12:25:02"}
{"error":"","level":"error","message":"Telegram请求失败","method":"getUpdates","service":"nas-bot","timestamp":"2026-05-26 12:25:04"}
{"error":"","level":"error","message":"Telegram请求失败","method":"getUpdates","service":"nas-bot","timestamp":"2026-05-26 12:25:05"}
{"error":"","level":"error","message":"Telegram请求失败","method":"getUpdates","service":"nas-bot","timestamp":"2026-05-26 12:25:06"}
{"error":"","level":"error","message":"Telegram请求失败","method":"getUpdates","service":"nas-bot","timestamp":"2026-05-26 12:25:07"}
{"error":"","level":"error","message":"Telegram请求失败","method":"getUpdates","service":"nas-bot","timestamp":"2026-05-26 12:25:09"}
{"error":"","level":"error","message":"Telegram请求失败","method":"getUpdates","service":"nas-bot","timestamp":"2026-05-26 12:25:10"}
{"error":"","level":"error","message":"Telegram请求失败","method":"getUpdates","service":"nas-bot","timestamp":"2026-05-26 12:25:11"}
{"error":"","level":"error","message":"Telegram请求失败","method":"getUpdates","service":"nas-bot","timestamp":"2026-05-26 12:25:12"}
{"error":"","level":"error","message":"Telegram请求失败","method":"getUpdates","service":"nas-bot","timestamp":"2026-05-26 12:25:14"}
{"error":"","level":"error","message":"Telegram请求失败","method":"getUpdates","service":"nas-bot","timestamp":"2026-05-26 12:25:15"}
{"error":"","level":"error","message":"Telegram请求失败","method":"getUpdates","service":"nas-bot","timestamp":"2026-05-26 12:25:16"}
{"error":"","level":"error","message":"Telegram请求失败","method":"getUpdates","service":"nas-bot","timestamp":"2026-05-26 12:25:17"}
{"error":"","level":"error","message":"Telegram请求失败","method":"getUpdates","service":"nas-bot","timestamp":"2026-05-26 12:25:19"}
{"error":"","level":"error","message":"Telegram请求失败","method":"getUpdates","service":"nas-bot","timestamp":"2026-05-26 12:25:20"}
{"error":"","level":"error","message":"Telegram请求失败","method":"getUpdates","service":"nas-bot","timestamp":"2026-05-26 12:25:21"}
{"error":"","level":"error","message":"Telegram请求失败","method":"getUpdates","service":"nas-bot","timestamp":"2026-05-26 12:25:22"}
{"error":"","level":"error","message":"Telegram请求失败","method":"getUpdates","service":"nas-bot","timestamp":"2026-05-26 12:25:24"}
{"error":"","level":"error","message":"Telegram请求失败","method":"getUpdates","service":"nas-bot","timestamp":"2026-05-26 12:25:25"}
{"error":"","level":"error","message":"Telegram请求失败","method":"getUpdates","service":"nas-bot","timestamp":"2026-05-26 12:25:26"}
{"error":"","level":"error","message":"Telegram请求失败","method":"getUpdates","service":"nas-bot","timestamp":"2026-05-26 12:25:27"}
{"error":"","level":"error","message":"Telegram请求失败","method":"getUpdates","service":"nas-bot","timestamp":"2026-05-26 12:25:29"}
{"error":"","level":"error","message":"Telegram请求失败","method":"getUpdates","service":"nas-bot","timestamp":"2026-05-26 12:25:30"}
{"error":"","level":"error","message":"Telegram请求失败","method":"getUpdates","service":"nas-bot","timestamp":"2026-05-26 12:25:31"}
{"error":"","level":"error","message":"Telegram请求失败","method":"getUpdates","service":"nas-bot","timestamp":"2026-05-26 12:25:32"}
{"error":"","level":"error","message":"Telegram请求失败","method":"getUpdates","service":"nas-bot","timestamp":"2026-05-26 12:25:34"}
{"error":"","level":"error","message":"Telegram请求失败","method":"getUpdates","service":"nas-bot","timestamp":"2026-05-26 12:25:35"}
{"error":"","level":"error","message":"Telegram请求失败","method":"getUpdates","service":"nas-bot","timestamp":"2026-05-26 12:25:36"}
{"error":"","level":"error","message":"Telegram请求失败","method":"getUpdates","service":"nas-bot","timestamp":"2026-05-26 12:25:37"}
{"error":"","level":"error","message":"Telegram请求失败","method":"getUpdates","service":"nas-bot","timestamp":"2026-05-26 12:25:39"}
{"error":"","level":"error","message":"Telegram请求失败","method":"getUpdates","service":"nas-bot","timestamp":"2026-05-26 12:25:40"}
{"error":"","level":"error","message":"Telegram请求失败","method":"getUpdates","service":"nas-bot","timestamp":"2026-05-26 12:25:41"}
{"error":"","level":"error","message":"Telegram请求失败","method":"getUpdates","service":"nas-bot","timestamp":"2026-05-26 12:25:42"}
{"error":"","level":"error","message":"Telegram请求失败","method":"getUpdates","service":"nas-bot","timestamp":"2026-05-26 12:25:44"}
{"error":"","level":"error","message":"Telegram请求失败","method":"getUpdates","service":"nas-bot","timestamp":"2026-05-26 12:25:45"}
{"error":"","level":"error","message":"Telegram请求失败","method":"getUpdates","service":"nas-bot","timestamp":"2026-05-26 12:25:46"}
{"error":"","level":"error","message":"Telegram请求失败","method":"getUpdates","service":"nas-bot","timestamp":"2026-05-26 12:25:47"}
{"error":"","level":"error","message":"Telegram请求失败","method":"getUpdates","service":"nas-bot","timestamp":"2026-05-26 12:25:49"}
{"error":"","level":"error","message":"Telegram请求失败","method":"getUpdates","service":"nas-bot","timestamp":"2026-05-26 12:25:50"}
{"error":"","level":"error","message":"Telegram请求失败","method":"getUpdates","service":"nas-bot","timestamp":"2026-05-26 12:25:51"}
{"error":"","level":"error","message":"Telegram请求失败","method":"getUpdates","service":"nas-bot","timestamp":"2026-05-26 12:25:52"}
{"error":"","level":"error","message":"Telegram请求失败","method":"getUpdates","service":"nas-bot","timestamp":"2026-05-26 12:25:54"}
{"error":"","level":"error","message":"Telegram请求失败","method":"getUpdates","service":"nas-bot","timestamp":"2026-05-26 12:25:55"}
{"error":"","level":"error","message":"Telegram请求失败","method":"getUpdates","service":"nas-bot","timestamp":"2026-05-26 12:25:56"}
{"error":"","level":"error","message":"Telegram请求失败","method":"getUpdates","service":"nas-bot","timestamp":"2026-05-26 12:25:57"}
{"error":"","level":"error","message":"Telegram请求失败","method":"getUpdates","service":"nas-bot","timestamp":"2026-05-26 12:25:59"}
{"error":"","level":"error","message":"Telegram请求失败","method":"getUpdates","service":"nas-bot","timestamp":"2026-05-26 12:26:00"}
{"error":"","level":"error","message":"Telegram请求失败","method":"getUpdates","service":"nas-bot","timestamp":"2026-05-26 12:26:02"}
{"error":"","level":"error","message":"Telegram请求失败","method":"getUpdates","service":"nas-bot","timestamp":"2026-05-26 12:26:03"}
{"error":"","level":"error","message":"Telegram请求失败","method":"getUpdates","service":"nas-bot","timestamp":"2026-05-26 12:26:04"}
{"error":"","level":"error","message":"Telegram请求失败","method":"getUpdates","service":"nas-bot","timestamp":"2026-05-26 12:26:05"}
{"error":"","level":"error","message":"Telegram请求失败","method":"getUpdates","service":"nas-bot","timestamp":"2026-05-26 12:26:07"}
{"error":"","level":"error","message":"Telegram请求失败","method":"getUpdates","service":"nas-bot","timestamp":"2026-05-26 12:26:08"}
{"error":"","level":"error","message":"Telegram请求失败","method":"getUpdates","service":"nas-bot","timestamp":"2026-05-26 12:26:09"}
{"error":"","level":"error","message":"Telegram请求失败","method":"getUpdates","service":"nas-bot","timestamp":"2026-05-26 12:26:10"}
{"error":"","level":"error","message":"Telegram请求失败","method":"getUpdates","service":"nas-bot","timestamp":"2026-05-26 12:26:12"}
{"error":"","level":"error","message":"Telegram请求失败","method":"getUpdates","service":"nas-bot","timestamp":"2026-05-26 12:26:13"}
{"error":"","level":"error","message":"Telegram请求失败","method":"getUpdates","service":"nas-bot","timestamp":"2026-05-26 12:26:14"}
{"error":"","level":"error","message":"Telegram请求失败","method":"getUpdates","service":"nas-bot","timestamp":"2026-05-26 12:26:15"}
{"error":"","level":"error","message":"Telegram请求失败","method":"getUpdates","service":"nas-bot","timestamp":"2026-05-26 12:26:17"}
{"error":"","level":"error","message":"Telegram请求失败","method":"getUpdates","service":"nas-bot","timestamp":"2026-05-26 12:26:18"}
{"error":"","level":"error","message":"Telegram请求失败","method":"getUpdates","service":"nas-bot","timestamp":"2026-05-26 12:26:19"}
{"error":"","level":"error","message":"Telegram请求失败","method":"getUpdates","service":"nas-bot","timestamp":"2026-05-26 12:26:20"}
{"error":"","level":"error","message":"Telegram请求失败","method":"getUpdates","service":"nas-bot","timestamp":"2026-05-26 12:26:22"}
{"error":"","level":"error","message":"Telegram请求失败","method":"getUpdates","service":"nas-bot","timestamp":"2026-05-26 12:26:23"}
{"error":"","level":"error","message":"Telegram请求失败","method":"getUpdates","service":"nas-bot","timestamp":"2026-05-26 12:26:24"}
{"error":"","level":"error","message":"Telegram请求失败","method":"getUpdates","service":"nas-bot","timestamp":"2026-05-26 12:26:25"}
{"error":"","level":"error","message":"Telegram请求失败","method":"getUpdates","service":"nas-bot","timestamp":"2026-05-26 12:26:27"}
{"error":"","level":"error","message":"Telegram请求失败","method":"getUpdates","service":"nas-bot","timestamp":"2026-05-26 12:26:28"}
{"error":"","level":"error","message":"Telegram请求失败","method":"getUpdates","service":"nas-bot","timestamp":"2026-05-26 12:26:29"}
{"error":"","level":"error","message":"Telegram请求失败","method":"getUpdates","service":"nas-bot","timestamp":"2026-05-26 12:26:30"}
{"error":"","level":"error","message":"Telegram请求失败","method":"getUpdates","service":"nas-bot","timestamp":"2026-05-26 12:26:32"}
{"error":"","level":"error","message":"Telegram请求失败","method":"getUpdates","service":"nas-bot","timestamp":"2026-05-26 12:26:33"}
{"error":"","level":"error","message":"Telegram请求失败","method":"getUpdates","service":"nas-bot","timestamp":"2026-05-26 12:26:34"}
{"error":"","level":"error","message":"Telegram请求失败","method":"getUpdates","service":"nas-bot","timestamp":"2026-05-26 12:26:35"}
{"error":"","level":"error","message":"Telegram请求失败","method":"getUpdates","service":"nas-bot","timestamp":"2026-05-26 12:26:37"}
{"error":"","level":"error","message":"Telegram请求失败","method":"getUpdates","service":"nas-bot","timestamp":"2026-05-26 12:26:38"}
{"error":"","level":"error","message":"Telegram请求失败","method":"getUpdates","service":"nas-bot","timestamp":"2026-05-26 12:26:39"}
{"error":"","level":"error","message":"Telegram请求失败","method":"getUpdates","service":"nas-bot","timestamp":"2026-05-26 12:26:40"}
{"error":"","level":"error","message":"Telegram请求失败","method":"getUpdates","service":"nas-bot","timestamp":"2026-05-26 12:26:42"}
{"error":"","level":"error","message":"Telegram请求失败","method":"getUpdates","service":"nas-bot","timestamp":"2026-05-26 12:26:43"}
{"error":"","level":"error","message":"Telegram请求失败","method":"getUpdates","service":"nas-bot","timestamp":"2026-05-26 12:26:44"}
{"error":"","level":"error","message":"Telegram请求失败","method":"getUpdates","service":"nas-bot","timestamp":"2026-05-26 12:26:45"}
{"error":"","level":"error","message":"Telegram请求失败","method":"getUpdates","service":"nas-bot","timestamp":"2026-05-26 12:26:47"}
{"error":"","level":"error","message":"Telegram请求失败","method":"getUpdates","service":"nas-bot","timestamp":"2026-05-26 12:26:48"}
{"error":"","level":"error","message":"Telegram请求失败","method":"getUpdates","service":"nas-bot","timestamp":"2026-05-26 12:26:49"}
{"error":"","level":"error","message":"Telegram请求失败","method":"getUpdates","service":"nas-bot","timestamp":"2026-05-26 12:26:50"}
{"error":"","level":"error","message":"Telegram请求失败","method":"getUpdates","service":"nas-bot","timestamp":"2026-05-26 12:26:52"}
{"error":"","level":"error","message":"Telegram请求失败","method":"getUpdates","service":"nas-bot","timestamp":"2026-05-26 12:26:53"}
{"error":"","level":"error","message":"Telegram请求失败","method":"getUpdates","service":"nas-bot","timestamp":"2026-05-26 12:26:54"}
{"error":"","level":"error","message":"Telegram请求失败","method":"getUpdates","service":"nas-bot","timestamp":"2026-05-26 12:26:56"}
{"error":"","level":"error","message":"Telegram请求失败","method":"getUpdates","service":"nas-bot","timestamp":"2026-05-26 12:26:57"}
{"error":"","level":"error","message":"Telegram请求失败","method":"getUpdates","service":"nas-bot","timestamp":"2026-05-26 12:26:58"}
{"error":"","level":"error","message":"Telegram请求失败","method":"getUpdates","service":"nas-bot","timestamp":"2026-05-26 12:26:59"}
{"error":"","level":"error","message":"Telegram请求失败","method":"getUpdates","service":"nas-bot","timestamp":"2026-05-26 12:27:01"}
{"error":"","level":"error","message":"Telegram请求失败","method":"getUpdates","service":"nas-bot","timestamp":"2026-05-26 12:27:02"}
{"error":"","level":"error","message":"Telegram请求失败","method":"getUpdates","service":"nas-bot","timestamp":"2026-05-26 12:27:03"}
{"error":"","level":"error","message":"Telegram请求失败","method":"getUpdates","service":"nas-bot","timestamp":"2026-05-26 12:27:04"}
{"error":"","level":"error","message":"Telegram请求失败","method":"getUpdates","service":"nas-bot","timestamp":"2026-05-26 12:27:06"}
{"error":"","level":"error","message":"Telegram请求失败","method":"getUpdates","service":"nas-bot","timestamp":"2026-05-26 12:27:07"}
{"error":"","level":"error","message":"Telegram请求失败","method":"getUpdates","service":"nas-bot","timestamp":"2026-05-26 12:27:08"}
{"error":"","level":"error","message":"Telegram请求失败","method":"getUpdates","service":"nas-bot","timestamp":"2026-05-26 12:27:09"}
{"error":"","level":"error","message":"Telegram请求失败","method":"getUpdates","service":"nas-bot","timestamp":"2026-05-26 12:27:11"}
{"error":"","level":"error","message":"Telegram请求失败","method":"getUpdates","service":"nas-bot","timestamp":"2026-05-26 12:27:12"}
{"error":"","level":"error","message":"Telegram请求失败","method":"getUpdates","service":"nas-bot","timestamp":"2026-05-26 12:27:13"}
{"error":"","level":"error","message":"Telegram请求失败","method":"getUpdates","service":"nas-bot","timestamp":"2026-05-26 12:27:14"}
{"error":"","level":"error","message":"Telegram请求失败","method":"getUpdates","service":"nas-bot","timestamp":"2026-05-26 12:27:16"}
{"error":"","level":"error","message":"Telegram请求失败","method":"getUpdates","service":"nas-bot","timestamp":"2026-05-26 12:27:17"}
{"error":"","level":"error","message":"Telegram请求失败","method":"getUpdates","service":"nas-bot","timestamp":"2026-05-26 12:27:18"}
{"error":"","level":"error","message":"Telegram请求失败","method":"getUpdates","service":"nas-bot","timestamp":"2026-05-26 12:27:19"}
{"error":"","level":"error","message":"Telegram请求失败","method":"getUpdates","service":"nas-bot","timestamp":"2026-05-26 12:27:21"}
{"error":"","level":"error","message":"Telegram请求失败","method":"getUpdates","service":"nas-bot","timestamp":"2026-05-26 12:27:22"}
{"error":"","level":"error","message":"Telegram请求失败","method":"getUpdates","service":"nas-bot","timestamp":"2026-05-26 12:27:23"}
{"error":"","level":"error","message":"Telegram请求失败","method":"getUpdates","service":"nas-bot","timestamp":"2026-05-26 12:27:24"}
{"error":"","level":"error","message":"Telegram请求失败","method":"getUpdates","service":"nas-bot","timestamp":"2026-05-26 12:27:26"}
{"error":"","level":"error","message":"Telegram请求失败","method":"getUpdates","service":"nas-bot","timestamp":"2026-05-26 12:27:27"}
{"error":"","level":"error","message":"Telegram请求失败","method":"getUpdates","service":"nas-bot","timestamp":"2026-05-26 12:27:28"}
{"error":"","level":"error","message":"Telegram请求失败","method":"getUpdates","service":"nas-bot","timestamp":"2026-05-26 12:27:29"}
{"error":"","level":"error","message":"Telegram请求失败","method":"getUpdates","service":"nas-bot","timestamp":"2026-05-26 12:27:31"}
{"error":"","level":"error","message":"Telegram请求失败","method":"getUpdates","service":"nas-bot","timestamp":"2026-05-26 12:27:32"}
{"error":"","level":"error","message":"Telegram请求失败","method":"getUpdates","service":"nas-bot","timestamp":"2026-05-26 12:27:33"}
{"error":"","level":"error","message":"Telegram请求失败","method":"getUpdates","service":"nas-bot","timestamp":"2026-05-26 12:27:34"}
{"error":"","level":"error","message":"Telegram请求失败","method":"getUpdates","service":"nas-bot","timestamp":"2026-05-26 12:27:36"}
{"error":"","level":"error","message":"Telegram请求失败","method":"getUpdates","service":"nas-bot","timestamp":"2026-05-26 12:27:37"}
{"error":"","level":"error","message":"Telegram请求失败","method":"getUpdates","service":"nas-bot","timestamp":"2026-05-26 12:27:38"}
{"error":"","level":"error","message":"Telegram请求失败","method":"getUpdates","service":"nas-bot","timestamp":"2026-05-26 12:27:39"}
{"error":"","level":"error","message":"Telegram请求失败","method":"getUpdates","service":"nas-bot","timestamp":"2026-05-26 12:27:41"}
{"error":"","level":"error","message":"Telegram请求失败","method":"getUpdates","service":"nas-bot","timestamp":"2026-05-26 12:27:42"}
{"error":"","level":"error","message":"Telegram请求失败","method":"getUpdates","service":"nas-bot","timestamp":"2026-05-26 12:27:43"}
{"error":"","level":"error","message":"Telegram请求失败","method":"getUpdates","service":"nas-bot","timestamp":"2026-05-26 12:27:44"}
{"error":"","level":"error","message":"Telegram请求失败","method":"sendMessage","service":"nas-bot","timestamp":"2026-05-26 12:27:49"}
{"error":"","level":"error","message":"Telegram请求失败","method":"sendMessage","service":"nas-bot","timestamp":"2026-05-26 12:27:49"}
{"error":"connect ECONNREFUSED 192.168.0.3:3000","level":"error","message":"获取股票数据失败","service":"nas-bot","timestamp":"2026-05-26 12:30:59"}
{"error":"connect ECONNREFUSED 192.168.0.3:3000","level":"error","message":"获取股票数据失败","service":"nas-bot","timestamp":"2026-05-26 12:35:59"}
{"error":"connect ECONNREFUSED 192.168.0.3:3000","level":"error","message":"获取股票数据失败","service":"nas-bot","timestamp":"2026-05-26 12:40:59"}
{"error":"","level":"error","message":"Telegram请求失败","method":"getUpdates","service":"nas-bot","timestamp":"2026-05-26 12:42:53"}
{"error":"","level":"error","message":"Telegram请求失败","method":"getUpdates","service":"nas-bot","timestamp":"2026-05-26 12:42:54"}
{"error":"","level":"error","message":"Telegram请求失败","method":"getUpdates","service":"nas-bot","timestamp":"2026-05-26 12:42:55"}
{"error":"","level":"error","message":"Telegram请求失败","method":"getUpdates","service":"nas-bot","timestamp":"2026-05-26 12:42:57"}
{"error":"","level":"error","message":"Telegram请求失败","method":"getUpdates","service":"nas-bot","timestamp":"2026-05-26 12:42:58"}
{"error":"","level":"error","message":"Telegram请求失败","method":"getUpdates","service":"nas-bot","timestamp":"2026-05-26 12:42:59"}
{"error":"","level":"error","message":"Telegram请求失败","method":"getUpdates","service":"nas-bot","timestamp":"2026-05-26 12:43:00"}
{"error":"","level":"error","message":"Telegram请求失败","method":"getUpdates","service":"nas-bot","timestamp":"2026-05-26 12:43:02"}
{"error":"","level":"error","message":"Telegram请求失败","method":"getUpdates","service":"nas-bot","timestamp":"2026-05-26 12:43:03"}
{"error":"","level":"error","message":"Telegram请求失败","method":"getUpdates","service":"nas-bot","timestamp":"2026-05-26 12:43:04"}
{"error":"","level":"error","message":"Telegram请求失败","method":"getUpdates","service":"nas-bot","timestamp":"2026-05-26 12:43:05"}
{"error":"","level":"error","message":"Telegram请求失败","method":"getUpdates","service":"nas-bot","timestamp":"2026-05-26 12:43:07"}
{"error":"","level":"error","message":"Telegram请求失败","method":"getUpdates","service":"nas-bot","timestamp":"2026-05-26 12:43:08"}
{"error":"","level":"error","message":"Telegram请求失败","method":"getUpdates","service":"nas-bot","timestamp":"2026-05-26 12:43:09"}
{"error":"","level":"error","message":"Telegram请求失败","method":"getUpdates","service":"nas-bot","timestamp":"2026-05-26 12:43:13"}
{"error":"","level":"error","message":"Telegram请求失败","method":"getUpdates","service":"nas-bot","timestamp":"2026-05-26 12:43:36"}
{"error":"","level":"error","message":"Telegram请求失败","method":"getUpdates","service":"nas-bot","timestamp":"2026-05-26 12:44:00"}
{"error":"connect ECONNREFUSED 192.168.0.3:3000","level":"error","message":"获取股票数据失败","service":"nas-bot","timestamp":"2026-05-26 12:45:17"}
{"error":"connect ECONNREFUSED 192.168.0.3:3000","level":"error","message":"获取股票数据失败","service":"nas-bot","timestamp":"2026-05-26 12:50:17"}
{"error":"connect ECONNREFUSED 192.168.0.3:3000","level":"error","message":"获取股票数据失败","service":"nas-bot","timestamp":"2026-05-26 12:55:17"}
{"error":"","level":"error","message":"Telegram请求失败","method":"getUpdates","service":"nas-bot","timestamp":"2026-05-26 13:44:01"}
{"error":"","level":"error","message":"Telegram请求失败","method":"getUpdates","service":"nas-bot","timestamp":"2026-05-26 13:44:02"}
{"error":"","level":"error","message":"Telegram请求失败","method":"getUpdates","service":"nas-bot","timestamp":"2026-05-26 13:44:03"}
{"error":"","level":"error","message":"Telegram请求失败","method":"getUpdates","service":"nas-bot","timestamp":"2026-05-26 13:44:05"}
{"error":"","level":"error","message":"Telegram请求失败","method":"getUpdates","service":"nas-bot","timestamp":"2026-05-26 13:44:06"}
{"error":"","level":"error","message":"Telegram请求失败","method":"getUpdates","service":"nas-bot","timestamp":"2026-05-26 13:44:07"}
{"error":"","level":"error","message":"Telegram请求失败","method":"getUpdates","service":"nas-bot","timestamp":"2026-05-26 13:44:08"}
{"error":"","level":"error","message":"Telegram请求失败","method":"getUpdates","service":"nas-bot","timestamp":"2026-05-26 13:44:10"}
{"error":"","level":"error","message":"Telegram请求失败","method":"getUpdates","service":"nas-bot","timestamp":"2026-05-26 13:44:11"}
{"error":"","level":"error","message":"Telegram请求失败","method":"getUpdates","service":"nas-bot","timestamp":"2026-05-26 13:44:12"}
{"error":"","level":"error","message":"Telegram请求失败","method":"getUpdates","service":"nas-bot","timestamp":"2026-05-26 13:44:13"}
{"error":"","level":"error","message":"Telegram请求失败","method":"getUpdates","service":"nas-bot","timestamp":"2026-05-26 13:44:15"}
{"error":"","level":"error","message":"Telegram请求失败","method":"getUpdates","service":"nas-bot","timestamp":"2026-05-26 13:44:16"}
{"error":"","level":"error","message":"Telegram请求失败","method":"getUpdates","service":"nas-bot","timestamp":"2026-05-26 13:44:17"}
{"error":"","level":"error","message":"Telegram请求失败","method":"getUpdates","service":"nas-bot","timestamp":"2026-05-26 13:44:18"}
{"error":"","level":"error","message":"Telegram请求失败","method":"getUpdates","service":"nas-bot","timestamp":"2026-05-26 13:44:20"}
{"error":"","level":"error","message":"Telegram请求失败","method":"getUpdates","service":"nas-bot","timestamp":"2026-05-26 13:44:21"}
{"error":"","level":"error","message":"Telegram请求失败","method":"getUpdates","service":"nas-bot","timestamp":"2026-05-26 13:44:22"}
{"error":"","level":"error","message":"Telegram请求失败","method":"getUpdates","service":"nas-bot","timestamp":"2026-05-26 13:44:23"}
{"error":"","level":"error","message":"Telegram请求失败","method":"getUpdates","service":"nas-bot","timestamp":"2026-05-26 13:44:25"}
{"error":"","level":"error","message":"Telegram请求失败","method":"getUpdates","service":"nas-bot","timestamp":"2026-05-26 13:44:26"}
{"error":"","level":"error","message":"Telegram请求失败","method":"getUpdates","service":"nas-bot","timestamp":"2026-05-26 13:44:27"}
{"error":"","level":"error","message":"Telegram请求失败","method":"getUpdates","service":"nas-bot","timestamp":"2026-05-26 13:44:29"}
{"error":"","level":"error","message":"Telegram请求失败","method":"getUpdates","service":"nas-bot","timestamp":"2026-05-26 13:44:30"}
{"error":"","level":"error","message":"Telegram请求失败","method":"getUpdates","service":"nas-bot","timestamp":"2026-05-26 13:44:31"}
{"error":"","level":"error","message":"Telegram请求失败","method":"getUpdates","service":"nas-bot","timestamp":"2026-05-26 13:44:32"}
{"error":"","level":"error","message":"Telegram请求失败","method":"getUpdates","service":"nas-bot","timestamp":"2026-05-26 13:44:34"}
{"error":"","level":"error","message":"Telegram请求失败","method":"getUpdates","service":"nas-bot","timestamp":"2026-05-26 13:44:35"}
{"error":"","level":"error","message":"Telegram请求失败","method":"getUpdates","service":"nas-bot","timestamp":"2026-05-26 13:44:36"}
{"error":"","level":"error","message":"Telegram请求失败","method":"getUpdates","service":"nas-bot","timestamp":"2026-05-26 13:44:37"}
{"error":"","level":"error","message":"Telegram请求失败","method":"getUpdates","service":"nas-bot","timestamp":"2026-05-26 13:44:39"}
{"error":"","level":"error","message":"Telegram请求失败","method":"getUpdates","service":"nas-bot","timestamp":"2026-05-26 13:44:40"}
{"error":"","level":"error","message":"Telegram请求失败","method":"getUpdates","service":"nas-bot","timestamp":"2026-05-26 13:44:41"}
{"error":"","level":"error","message":"Telegram请求失败","method":"getUpdates","service":"nas-bot","timestamp":"2026-05-26 13:44:42"}
{"error":"","level":"error","message":"Telegram请求失败","method":"getUpdates","service":"nas-bot","timestamp":"2026-05-26 13:44:44"}
{"error":"","level":"error","message":"Telegram请求失败","method":"getUpdates","service":"nas-bot","timestamp":"2026-05-26 13:44:45"}
{"error":"","level":"error","message":"Telegram请求失败","method":"getUpdates","service":"nas-bot","timestamp":"2026-05-26 13:44:46"}
{"error":"","level":"error","message":"Telegram请求失败","method":"getUpdates","service":"nas-bot","timestamp":"2026-05-26 13:44:47"}
{"error":"","level":"error","message":"Telegram请求失败","method":"getUpdates","service":"nas-bot","timestamp":"2026-05-26 13:44:49"}
{"error":"","level":"error","message":"Telegram请求失败","method":"getUpdates","service":"nas-bot","timestamp":"2026-05-26 13:44:50"}
{"error":"","level":"error","message":"Telegram请求失败","method":"getUpdates","service":"nas-bot","timestamp":"2026-05-26 13:44:51"}
{"error":"","level":"error","message":"Telegram请求失败","method":"getUpdates","service":"nas-bot","timestamp":"2026-05-26 13:44:52"}
{"error":"","level":"error","message":"Telegram请求失败","method":"getUpdates","service":"nas-bot","timestamp":"2026-05-26 13:44:54"}
{"error":"","level":"error","message":"Telegram请求失败","method":"getUpdates","service":"nas-bot","timestamp":"2026-05-26 13:44:55"}
{"error":"","level":"error","message":"Telegram请求失败","method":"getUpdates","service":"nas-bot","timestamp":"2026-05-26 13:44:56"}
{"error":"","level":"error","message":"Telegram请求失败","method":"getUpdates","service":"nas-bot","timestamp":"2026-05-26 13:44:57"}
{"error":"","level":"error","message":"Telegram请求失败","method":"getUpdates","service":"nas-bot","timestamp":"2026-05-26 13:44:59"}
{"error":"","level":"error","message":"Telegram请求失败","method":"getUpdates","service":"nas-bot","timestamp":"2026-05-26 13:45:00"}
{"error":"","level":"error","message":"Telegram请求失败","method":"getUpdates","service":"nas-bot","timestamp":"2026-05-26 13:45:01"}
{"error":"","level":"error","message":"Telegram请求失败","method":"getUpdates","service":"nas-bot","timestamp":"2026-05-26 13:45:02"}
{"error":"","level":"error","message":"Telegram请求失败","method":"getUpdates","service":"nas-bot","timestamp":"2026-05-26 13:45:04"}
{"error":"","level":"error","message":"Telegram请求失败","method":"getUpdates","service":"nas-bot","timestamp":"2026-05-26 13:45:05"}
{"error":"","level":"error","message":"Telegram请求失败","method":"getUpdates","service":"nas-bot","timestamp":"2026-05-26 13:45:06"}
{"error":"","level":"error","message":"Telegram请求失败","method":"getUpdates","service":"nas-bot","timestamp":"2026-05-26 13:45:07"}
{"error":"","level":"error","message":"Telegram请求失败","method":"getUpdates","service":"nas-bot","timestamp":"2026-05-26 13:45:09"}
{"error":"","level":"error","message":"Telegram请求失败","method":"getUpdates","service":"nas-bot","timestamp":"2026-05-26 13:45:10"}
{"error":"","level":"error","message":"Telegram请求失败","method":"getUpdates","service":"nas-bot","timestamp":"2026-05-26 13:45:11"}
{"error":"","level":"error","message":"Telegram请求失败","method":"getUpdates","service":"nas-bot","timestamp":"2026-05-26 13:45:12"}
{"error":"","level":"error","message":"Telegram请求失败","method":"getUpdates","service":"nas-bot","timestamp":"2026-05-26 13:45:14"}
{"error":"","level":"error","message":"Telegram请求失败","method":"getUpdates","service":"nas-bot","timestamp":"2026-05-26 13:45:15"}
{"error":"","level":"error","message":"Telegram请求失败","method":"getUpdates","service":"nas-bot","timestamp":"2026-05-26 13:45:16"}
{"error":"","level":"error","message":"Telegram请求失败","method":"getUpdates","service":"nas-bot","timestamp":"2026-05-26 13:45:17"}
{"error":"","level":"error","message":"Telegram请求失败","method":"getUpdates","service":"nas-bot","timestamp":"2026-05-26 13:45:19"}
{"error":"","level":"error","message":"Telegram请求失败","method":"getUpdates","service":"nas-bot","timestamp":"2026-05-26 13:45:20"}
{"error":"","level":"error","message":"Telegram请求失败","method":"getUpdates","service":"nas-bot","timestamp":"2026-05-26 13:45:21"}
{"error":"","level":"error","message":"Telegram请求失败","method":"getUpdates","service":"nas-bot","timestamp":"2026-05-26 13:45:22"}
{"error":"","level":"error","message":"Telegram请求失败","method":"getUpdates","service":"nas-bot","timestamp":"2026-05-26 13:45:24"}
{"error":"","level":"error","message":"Telegram请求失败","method":"getUpdates","service":"nas-bot","timestamp":"2026-05-26 13:45:25"}
{"error":"","level":"error","message":"Telegram请求失败","method":"getUpdates","service":"nas-bot","timestamp":"2026-05-26 13:45:26"}
{"error":"","level":"error","message":"Telegram请求失败","method":"getUpdates","service":"nas-bot","timestamp":"2026-05-26 13:45:27"}
{"error":"","level":"error","message":"Telegram请求失败","method":"getUpdates","service":"nas-bot","timestamp":"2026-05-26 13:45:29"}
{"error":"","level":"error","message":"Telegram请求失败","method":"getUpdates","service":"nas-bot","timestamp":"2026-05-26 13:45:30"}
{"error":"","level":"error","message":"Telegram请求失败","method":"getUpdates","service":"nas-bot","timestamp":"2026-05-26 13:45:31"}
{"error":"","level":"error","message":"Telegram请求失败","method":"getUpdates","service":"nas-bot","timestamp":"2026-05-26 13:45:33"}
{"error":"","level":"error","message":"Telegram请求失败","method":"getUpdates","service":"nas-bot","timestamp":"2026-05-26 13:45:34"}
{"error":"","level":"error","message":"Telegram请求失败","method":"getUpdates","service":"nas-bot","timestamp":"2026-05-26 13:45:35"}
{"error":"","level":"error","message":"Telegram请求失败","method":"getUpdates","service":"nas-bot","timestamp":"2026-05-26 13:45:36"}
{"error":"","level":"error","message":"Telegram请求失败","method":"getUpdates","service":"nas-bot","timestamp":"2026-05-26 13:45:38"}
{"error":"","level":"error","message":"Telegram请求失败","method":"getUpdates","service":"nas-bot","timestamp":"2026-05-26 13:45:39"}
{"error":"","level":"error","message":"Telegram请求失败","method":"getUpdates","service":"nas-bot","timestamp":"2026-05-26 13:45:40"}
{"error":"","level":"error","message":"Telegram请求失败","method":"getUpdates","service":"nas-bot","timestamp":"2026-05-26 13:45:41"}
{"error":"","level":"error","message":"Telegram请求失败","method":"getUpdates","service":"nas-bot","timestamp":"2026-05-26 13:45:43"}
{"error":"","level":"error","message":"Telegram请求失败","method":"getUpdates","service":"nas-bot","timestamp":"2026-05-26 13:45:44"}
{"error":"","level":"error","message":"Telegram请求失败","method":"getUpdates","service":"nas-bot","timestamp":"2026-05-26 13:45:45"}
{"error":"","level":"error","message":"Telegram请求失败","method":"getUpdates","service":"nas-bot","timestamp":"2026-05-26 13:45:46"}
{"error":"","level":"error","message":"Telegram请求失败","method":"getUpdates","service":"nas-bot","timestamp":"2026-05-26 13:45:48"}
{"error":"","level":"error","message":"Telegram请求失败","method":"getUpdates","service":"nas-bot","timestamp":"2026-05-26 13:45:49"}
{"error":"","level":"error","message":"Telegram请求失败","method":"getUpdates","service":"nas-bot","timestamp":"2026-05-26 13:45:50"}
{"error":"","level":"error","message":"Telegram请求失败","method":"getUpdates","service":"nas-bot","timestamp":"2026-05-26 13:45:51"}
{"error":"","level":"error","message":"Telegram请求失败","method":"getUpdates","service":"nas-bot","timestamp":"2026-05-26 13:45:53"}
{"error":"","level":"error","message":"Telegram请求失败","method":"getUpdates","service":"nas-bot","timestamp":"2026-05-26 13:45:54"}
{"error":"","level":"error","message":"Telegram请求失败","method":"getUpdates","service":"nas-bot","timestamp":"2026-05-26 13:45:55"}
{"error":"","level":"error","message":"Telegram请求失败","method":"getUpdates","service":"nas-bot","timestamp":"2026-05-26 13:45:56"}
{"error":"","level":"error","message":"Telegram请求失败","method":"getUpdates","service":"nas-bot","timestamp":"2026-05-26 13:45:58"}
{"error":"","level":"error","message":"Telegram请求失败","method":"getUpdates","service":"nas-bot","timestamp":"2026-05-26 13:45:59"}
{"error":"","level":"error","message":"Telegram请求失败","method":"getUpdates","service":"nas-bot","timestamp":"2026-05-26 13:46:00"}
{"error":"","level":"error","message":"Telegram请求失败","method":"getUpdates","service":"nas-bot","timestamp":"2026-05-26 13:46:01"}
{"error":"","level":"error","message":"Telegram请求失败","method":"getUpdates","service":"nas-bot","timestamp":"2026-05-26 13:46:03"}
{"error":"","level":"error","message":"Telegram请求失败","method":"getUpdates","service":"nas-bot","timestamp":"2026-05-26 13:46:04"}
{"error":"","level":"error","message":"Telegram请求失败","method":"getUpdates","service":"nas-bot","timestamp":"2026-05-26 13:46:05"}
{"error":"","level":"error","message":"Telegram请求失败","method":"getUpdates","service":"nas-bot","timestamp":"2026-05-26 13:46:06"}
{"error":"","level":"error","message":"Telegram请求失败","method":"getUpdates","service":"nas-bot","timestamp":"2026-05-26 13:46:08"}
{"error":"","level":"error","message":"Telegram请求失败","method":"getUpdates","service":"nas-bot","timestamp":"2026-05-26 13:46:09"}
{"error":"","level":"error","message":"Telegram请求失败","method":"getUpdates","service":"nas-bot","timestamp":"2026-05-26 13:46:10"}
{"error":"","level":"error","message":"Telegram请求失败","method":"getUpdates","service":"nas-bot","timestamp":"2026-05-26 13:46:11"}
{"error":"","level":"error","message":"Telegram请求失败","method":"getUpdates","service":"nas-bot","timestamp":"2026-05-26 13:46:13"}
{"error":"","level":"error","message":"Telegram请求失败","method":"getUpdates","service":"nas-bot","timestamp":"2026-05-26 13:46:14"}
{"error":"","level":"error","message":"Telegram请求失败","method":"getUpdates","service":"nas-bot","timestamp":"2026-05-26 13:46:15"}
{"error":"","level":"error","message":"Telegram请求失败","method":"getUpdates","service":"nas-bot","timestamp":"2026-05-26 13:46:16"}
{"error":"","level":"error","message":"Telegram请求失败","method":"getUpdates","service":"nas-bot","timestamp":"2026-05-26 13:46:18"}
{"error":"","level":"error","message":"Telegram请求失败","method":"getUpdates","service":"nas-bot","timestamp":"2026-05-26 13:46:19"}
{"error":"","level":"error","message":"Telegram请求失败","method":"getUpdates","service":"nas-bot","timestamp":"2026-05-26 13:46:20"}
{"error":"","level":"error","message":"Telegram请求失败","method":"getUpdates","service":"nas-bot","timestamp":"2026-05-26 13:46:21"}
{"error":"","level":"error","message":"Telegram请求失败","method":"getUpdates","service":"nas-bot","timestamp":"2026-05-26 13:46:23"}
{"error":"","level":"error","message":"Telegram请求失败","method":"getUpdates","service":"nas-bot","timestamp":"2026-05-26 13:46:24"}
{"error":"","level":"error","message":"Telegram请求失败","method":"getUpdates","service":"nas-bot","timestamp":"2026-05-26 13:46:25"}
{"error":"","level":"error","message":"Telegram请求失败","method":"getUpdates","service":"nas-bot","timestamp":"2026-05-26 13:46:26"}
{"error":"","level":"error","message":"Telegram请求失败","method":"getUpdates","service":"nas-bot","timestamp":"2026-05-26 13:46:28"}
{"error":"","level":"error","message":"Telegram请求失败","method":"getUpdates","service":"nas-bot","timestamp":"2026-05-26 13:46:29"}
{"error":"","level":"error","message":"Telegram请求失败","method":"getUpdates","service":"nas-bot","timestamp":"2026-05-26 13:46:30"}
{"error":"","level":"error","message":"Telegram请求失败","method":"getUpdates","service":"nas-bot","timestamp":"2026-05-26 13:46:32"}
{"error":"","level":"error","message":"Telegram请求失败","method":"getUpdates","service":"nas-bot","timestamp":"2026-05-26 13:46:33"}
{"error":"","level":"error","message":"Telegram请求失败","method":"getUpdates","service":"nas-bot","timestamp":"2026-05-26 13:46:34"}
{"error":"","level":"error","message":"Telegram请求失败","method":"getUpdates","service":"nas-bot","timestamp":"2026-05-26 13:50:24"}
{"error":"","level":"error","message":"Telegram请求失败","method":"getUpdates","service":"nas-bot","timestamp":"2026-05-26 13:50:25"}
{"error":"","level":"error","message":"Telegram请求失败","method":"getUpdates","service":"nas-bot","timestamp":"2026-05-26 13:50:26"}
{"error":"","level":"error","message":"Telegram请求失败","method":"getUpdates","service":"nas-bot","timestamp":"2026-05-26 13:50:28"}
{"error":"","level":"error","message":"Telegram请求失败","method":"getUpdates","service":"nas-bot","timestamp":"2026-05-26 13:50:29"}
{"error":"","level":"error","message":"Telegram请求失败","method":"getUpdates","service":"nas-bot","timestamp":"2026-05-26 13:50:30"}
{"error":"","level":"error","message":"Telegram请求失败","method":"getUpdates","service":"nas-bot","timestamp":"2026-05-26 13:50:31"}
{"error":"","level":"error","message":"Telegram请求失败","method":"getUpdates","service":"nas-bot","timestamp":"2026-05-26 13:50:33"}
{"error":"","level":"error","message":"Telegram请求失败","method":"getUpdates","service":"nas-bot","timestamp":"2026-05-26 13:50:34"}
{"error":"","level":"error","message":"Telegram请求失败","method":"getUpdates","service":"nas-bot","timestamp":"2026-05-26 13:50:35"}
{"error":"","level":"error","message":"Telegram请求失败","method":"getUpdates","service":"nas-bot","timestamp":"2026-05-26 13:50:36"}
{"error":"","level":"error","message":"Telegram请求失败","method":"getUpdates","service":"nas-bot","timestamp":"2026-05-26 13:50:38"}
{"error":"","level":"error","message":"Telegram请求失败","method":"getUpdates","service":"nas-bot","timestamp":"2026-05-26 13:50:39"}
{"error":"","level":"error","message":"Telegram请求失败","method":"getUpdates","service":"nas-bot","timestamp":"2026-05-26 13:50:40"}
{"error":"","level":"error","message":"Telegram请求失败","method":"getUpdates","service":"nas-bot","timestamp":"2026-05-26 13:50:41"}
{"error":"","level":"error","message":"Telegram请求失败","method":"getUpdates","service":"nas-bot","timestamp":"2026-05-26 13:50:43"}
{"error":"","level":"error","message":"Telegram请求失败","method":"getUpdates","service":"nas-bot","timestamp":"2026-05-26 13:50:44"}
{"error":"","level":"error","message":"Telegram请求失败","method":"getUpdates","service":"nas-bot","timestamp":"2026-05-26 13:50:45"}
{"error":"","level":"error","message":"Telegram请求失败","method":"getUpdates","service":"nas-bot","timestamp":"2026-05-26 13:50:47"}
{"error":"","level":"error","message":"Telegram请求失败","method":"getUpdates","service":"nas-bot","timestamp":"2026-05-26 13:50:48"}
{"error":"","level":"error","message":"Telegram请求失败","method":"getUpdates","service":"nas-bot","timestamp":"2026-05-26 13:50:49"}
{"error":"","level":"error","message":"Telegram请求失败","method":"getUpdates","service":"nas-bot","timestamp":"2026-05-26 13:50:50"}
{"error":"","level":"error","message":"Telegram请求失败","method":"getUpdates","service":"nas-bot","timestamp":"2026-05-26 13:50:52"}
{"error":"","level":"error","message":"Telegram请求失败","method":"getUpdates","service":"nas-bot","timestamp":"2026-05-26 13:50:53"}
{"error":"","level":"error","message":"Telegram请求失败","method":"getUpdates","service":"nas-bot","timestamp":"2026-05-26 13:50:54"}
{"error":"","level":"error","message":"Telegram请求失败","method":"getUpdates","service":"nas-bot","timestamp":"2026-05-26 13:50:55"}
{"error":"","level":"error","message":"Telegram请求失败","method":"getUpdates","service":"nas-bot","timestamp":"2026-05-26 13:50:57"}
{"error":"","level":"error","message":"Telegram请求失败","method":"getUpdates","service":"nas-bot","timestamp":"2026-05-26 13:50:58"}
{"error":"","level":"error","message":"Telegram请求失败","method":"getUpdates","service":"nas-bot","timestamp":"2026-05-26 13:50:59"}
{"error":"","level":"error","message":"Telegram请求失败","method":"getUpdates","service":"nas-bot","timestamp":"2026-05-26 13:51:00"}
{"error":"","level":"error","message":"Telegram请求失败","method":"getUpdates","service":"nas-bot","timestamp":"2026-05-26 13:51:02"}
{"error":"","level":"error","message":"Telegram请求失败","method":"getUpdates","service":"nas-bot","timestamp":"2026-05-26 13:51:03"}
{"error":"","level":"error","message":"Telegram请求失败","method":"getUpdates","service":"nas-bot","timestamp":"2026-05-26 13:51:04"}
{"error":"","level":"error","message":"Telegram请求失败","method":"getUpdates","service":"nas-bot","timestamp":"2026-05-26 13:51:05"}
{"error":"","level":"error","message":"Telegram请求失败","method":"getUpdates","service":"nas-bot","timestamp":"2026-05-26 13:51:07"}
{"error":"","level":"error","message":"Telegram请求失败","method":"getUpdates","service":"nas-bot","timestamp":"2026-05-26 13:51:08"}
{"error":"","level":"error","message":"Telegram请求失败","method":"getUpdates","service":"nas-bot","timestamp":"2026-05-26 13:51:09"}
{"error":"","level":"error","message":"Telegram请求失败","method":"getUpdates","service":"nas-bot","timestamp":"2026-05-26 13:51:10"}
{"error":"","level":"error","message":"Telegram请求失败","method":"getUpdates","service":"nas-bot","timestamp":"2026-05-26 13:51:12"}
{"error":"","level":"error","message":"Telegram请求失败","method":"getUpdates","service":"nas-bot","timestamp":"2026-05-26 13:51:13"}
{"error":"","level":"error","message":"Telegram请求失败","method":"getUpdates","service":"nas-bot","timestamp":"2026-05-26 13:51:14"}
{"error":"","level":"error","message":"Telegram请求失败","method":"getUpdates","service":"nas-bot","timestamp":"2026-05-26 13:51:15"}
{"error":"","level":"error","message":"Telegram请求失败","method":"getUpdates","service":"nas-bot","timestamp":"2026-05-26 13:51:17"}
{"error":"","level":"error","message":"Telegram请求失败","method":"getUpdates","service":"nas-bot","timestamp":"2026-05-26 13:51:18"}
{"error":"","level":"error","message":"Telegram请求失败","method":"getUpdates","service":"nas-bot","timestamp":"2026-05-26 13:51:19"}
{"error":"","level":"error","message":"Telegram请求失败","method":"getUpdates","service":"nas-bot","timestamp":"2026-05-26 13:51:20"}
{"error":"","level":"error","message":"Telegram请求失败","method":"getUpdates","service":"nas-bot","timestamp":"2026-05-26 13:51:22"}
{"error":"","level":"error","message":"Telegram请求失败","method":"getUpdates","service":"nas-bot","timestamp":"2026-05-26 13:51:23"}
{"error":"","level":"error","message":"Telegram请求失败","method":"getUpdates","service":"nas-bot","timestamp":"2026-05-26 13:51:24"}
{"error":"","level":"error","message":"Telegram请求失败","method":"getUpdates","service":"nas-bot","timestamp":"2026-05-26 13:51:25"}
{"error":"","level":"error","message":"Telegram请求失败","method":"getUpdates","service":"nas-bot","timestamp":"2026-05-26 13:51:27"}
{"error":"","level":"error","message":"Telegram请求失败","method":"getUpdates","service":"nas-bot","timestamp":"2026-05-26 13:51:28"}
{"error":"","level":"error","message":"Telegram请求失败","method":"getUpdates","service":"nas-bot","timestamp":"2026-05-26 13:51:29"}
{"error":"","level":"error","message":"Telegram请求失败","method":"getUpdates","service":"nas-bot","timestamp":"2026-05-26 13:51:30"}
{"error":"","level":"error","message":"Telegram请求失败","method":"getUpdates","service":"nas-bot","timestamp":"2026-05-26 13:51:32"}
{"error":"","level":"error","message":"Telegram请求失败","method":"getUpdates","service":"nas-bot","timestamp":"2026-05-26 13:51:33"}
{"error":"","level":"error","message":"Telegram请求失败","method":"getUpdates","service":"nas-bot","timestamp":"2026-05-26 13:51:34"}
{"error":"","level":"error","message":"Telegram请求失败","method":"getUpdates","service":"nas-bot","timestamp":"2026-05-26 13:51:36"}
{"error":"","level":"error","message":"Telegram请求失败","method":"getUpdates","service":"nas-bot","timestamp":"2026-05-26 13:51:37"}
{"error":"","level":"error","message":"Telegram请求失败","method":"getUpdates","service":"nas-bot","timestamp":"2026-05-26 13:51:38"}
{"error":"","level":"error","message":"Telegram请求失败","method":"getUpdates","service":"nas-bot","timestamp":"2026-05-26 13:51:39"}
{"error":"","level":"error","message":"Telegram请求失败","method":"getUpdates","service":"nas-bot","timestamp":"2026-05-26 13:51:41"}
{"error":"","level":"error","message":"Telegram请求失败","method":"getUpdates","service":"nas-bot","timestamp":"2026-05-26 13:51:42"}
{"error":"","level":"error","message":"Telegram请求失败","method":"getUpdates","service":"nas-bot","timestamp":"2026-05-26 13:51:43"}
{"error":"","level":"error","message":"Telegram请求失败","method":"getUpdates","service":"nas-bot","timestamp":"2026-05-26 13:51:44"}
{"error":"","level":"error","message":"Telegram请求失败","method":"getUpdates","service":"nas-bot","timestamp":"2026-05-26 13:51:46"}
{"error":"","level":"error","message":"Telegram请求失败","method":"getUpdates","service":"nas-bot","timestamp":"2026-05-26 13:51:47"}
{"error":"","level":"error","message":"Telegram请求失败","method":"getUpdates","service":"nas-bot","timestamp":"2026-05-26 13:51:48"}
{"error":"","level":"error","message":"Telegram请求失败","method":"getUpdates","service":"nas-bot","timestamp":"2026-05-26 13:51:49"}
{"error":"","level":"error","message":"Telegram请求失败","method":"getUpdates","service":"nas-bot","timestamp":"2026-05-26 13:51:51"}
{"error":"","level":"error","message":"Telegram请求失败","method":"getUpdates","service":"nas-bot","timestamp":"2026-05-26 13:51:52"}
{"error":"","level":"error","message":"Telegram请求失败","method":"getUpdates","service":"nas-bot","timestamp":"2026-05-26 13:51:53"}
{"error":"","level":"error","message":"Telegram请求失败","method":"getUpdates","service":"nas-bot","timestamp":"2026-05-26 13:51:54"}
{"error":"","level":"error","message":"Telegram请求失败","method":"getUpdates","service":"nas-bot","timestamp":"2026-05-26 13:51:56"}
{"error":"","level":"error","message":"Telegram请求失败","method":"getUpdates","service":"nas-bot","timestamp":"2026-05-26 13:51:57"}
{"error":"","level":"error","message":"Telegram请求失败","method":"getUpdates","service":"nas-bot","timestamp":"2026-05-26 13:51:58"}
{"error":"","level":"error","message":"Telegram请求失败","method":"getUpdates","service":"nas-bot","timestamp":"2026-05-26 13:51:59"}
{"error":"","level":"error","message":"Telegram请求失败","method":"getUpdates","service":"nas-bot","timestamp":"2026-05-26 13:52:01"}
{"error":"","level":"error","message":"Telegram请求失败","method":"getUpdates","service":"nas-bot","timestamp":"2026-05-26 13:52:02"}
{"error":"","level":"error","message":"Telegram请求失败","method":"getUpdates","service":"nas-bot","timestamp":"2026-05-26 13:52:03"}
{"error":"","level":"error","message":"Telegram请求失败","method":"getUpdates","service":"nas-bot","timestamp":"2026-05-26 13:52:04"}
{"error":"","level":"error","message":"Telegram请求失败","method":"getUpdates","service":"nas-bot","timestamp":"2026-05-26 13:52:06"}
{"error":"","level":"error","message":"Telegram请求失败","method":"getUpdates","service":"nas-bot","timestamp":"2026-05-26 13:52:07"}
{"error":"","level":"error","message":"Telegram请求失败","method":"getUpdates","service":"nas-bot","timestamp":"2026-05-26 13:52:08"}
{"error":"","level":"error","message":"Telegram请求失败","method":"getUpdates","service":"nas-bot","timestamp":"2026-05-26 13:52:09"}
{"error":"","level":"error","message":"Telegram请求失败","method":"getUpdates","service":"nas-bot","timestamp":"2026-05-26 13:52:11"}
{"error":"","level":"error","message":"Telegram请求失败","method":"getUpdates","service":"nas-bot","timestamp":"2026-05-26 13:52:12"}
{"error":"","level":"error","message":"Telegram请求失败","method":"getUpdates","service":"nas-bot","timestamp":"2026-05-26 13:52:13"}
{"error":"","level":"error","message":"Telegram请求失败","method":"getUpdates","service":"nas-bot","timestamp":"2026-05-26 13:52:14"}
{"error":"","level":"error","message":"Telegram请求失败","method":"getUpdates","service":"nas-bot","timestamp":"2026-05-26 13:52:16"}
{"error":"","level":"error","message":"Telegram请求失败","method":"getUpdates","service":"nas-bot","timestamp":"2026-05-26 13:52:17"}
{"error":"","level":"error","message":"Telegram请求失败","method":"getUpdates","service":"nas-bot","timestamp":"2026-05-26 13:52:18"}
{"error":"","level":"error","message":"Telegram请求失败","method":"getUpdates","service":"nas-bot","timestamp":"2026-05-26 13:52:19"}
{"error":"","level":"error","message":"Telegram请求失败","method":"getUpdates","service":"nas-bot","timestamp":"2026-05-26 13:52:21"}
{"error":"","level":"error","message":"Telegram请求失败","method":"getUpdates","service":"nas-bot","timestamp":"2026-05-26 13:52:22"}
{"error":"","level":"error","message":"Telegram请求失败","method":"getUpdates","service":"nas-bot","timestamp":"2026-05-26 13:52:23"}
{"error":"","level":"error","message":"Telegram请求失败","method":"getUpdates","service":"nas-bot","timestamp":"2026-05-26 13:52:24"}
{"error":"","level":"error","message":"Telegram请求失败","method":"getUpdates","service":"nas-bot","timestamp":"2026-05-26 13:52:26"}
{"error":"","level":"error","message":"Telegram请求失败","method":"getUpdates","service":"nas-bot","timestamp":"2026-05-26 13:52:27"}
{"error":"","level":"error","message":"Telegram请求失败","method":"getUpdates","service":"nas-bot","timestamp":"2026-05-26 13:52:28"}
{"error":"","level":"error","message":"Telegram请求失败","method":"getUpdates","service":"nas-bot","timestamp":"2026-05-26 13:52:29"}
{"error":"","level":"error","message":"Telegram请求失败","method":"getUpdates","service":"nas-bot","timestamp":"2026-05-26 13:52:31"}
{"error":"","level":"error","message":"Telegram请求失败","method":"getUpdates","service":"nas-bot","timestamp":"2026-05-26 13:52:32"}
{"error":"","level":"error","message":"Telegram请求失败","method":"getUpdates","service":"nas-bot","timestamp":"2026-05-26 13:52:33"}
{"error":"","level":"error","message":"Telegram请求失败","method":"getUpdates","service":"nas-bot","timestamp":"2026-05-26 13:52:35"}
{"error":"","level":"error","message":"Telegram请求失败","method":"getUpdates","service":"nas-bot","timestamp":"2026-05-26 13:52:36"}
{"error":"","level":"error","message":"Telegram请求失败","method":"getUpdates","service":"nas-bot","timestamp":"2026-05-26 13:52:37"}
{"error":"","level":"error","message":"Telegram请求失败","method":"getUpdates","service":"nas-bot","timestamp":"2026-05-26 13:52:38"}
{"error":"","level":"error","message":"Telegram请求失败","method":"getUpdates","service":"nas-bot","timestamp":"2026-05-26 13:52:40"}
{"error":"","level":"error","message":"Telegram请求失败","method":"getUpdates","service":"nas-bot","timestamp":"2026-05-26 13:52:41"}
{"error":"","level":"error","message":"Telegram请求失败","method":"getUpdates","service":"nas-bot","timestamp":"2026-05-26 13:57:01"}
{"error":"","level":"error","message":"Telegram请求失败","method":"getUpdates","service":"nas-bot","timestamp":"2026-05-26 19:16:26"}
{"error":"read ETIMEDOUT","level":"error","message":"Telegram请求失败","method":"getUpdates","service":"nas-bot","timestamp":"2026-05-26 20:00:15"}
{"error":"socket hang up","level":"error","message":"Telegram请求失败","method":"getUpdates","service":"nas-bot","timestamp":"2026-05-26 20:00:21"}
{"error":"socket hang up","level":"error","message":"Telegram请求失败","method":"getUpdates","service":"nas-bot","timestamp":"2026-05-26 20:00:27"}
{"error":"socket hang up","level":"error","message":"Telegram请求失败","method":"getUpdates","service":"nas-bot","timestamp":"2026-05-26 20:00:33"}
{"error":"socket hang up","level":"error","message":"Telegram请求失败","method":"getUpdates","service":"nas-bot","timestamp":"2026-05-26 20:00:39"}
{"error":"socket hang up","level":"error","message":"Telegram请求失败","method":"getUpdates","service":"nas-bot","timestamp":"2026-05-26 20:00:45"}
{"error":"socket hang up","level":"error","message":"Telegram请求失败","method":"getUpdates","service":"nas-bot","timestamp":"2026-05-26 20:00:51"}
{"error":"getaddrinfo EAI_AGAIN api.telegram.org","level":"error","message":"Telegram请求失败","method":"getUpdates","service":"nas-bot","timestamp":"2026-05-26 20:00:57"}
{"error":"socket hang up","level":"error","message":"Telegram请求失败","method":"getUpdates","service":"nas-bot","timestamp":"2026-05-26 20:01:03"}
{"error":"getaddrinfo EAI_AGAIN api.telegram.org","level":"error","message":"Telegram请求失败","method":"getUpdates","service":"nas-bot","timestamp":"2026-05-26 20:01:09"}
{"error":"socket hang up","level":"error","message":"Telegram请求失败","method":"getUpdates","service":"nas-bot","timestamp":"2026-05-26 20:01:15"}
{"error":"socket hang up","level":"error","message":"Telegram请求失败","method":"getUpdates","service":"nas-bot","timestamp":"2026-05-26 20:01:21"}
{"error":"socket hang up","level":"error","message":"Telegram请求失败","method":"getUpdates","service":"nas-bot","timestamp":"2026-05-26 20:01:27"}
{"error":"socket hang up","level":"error","message":"Telegram请求失败","method":"getUpdates","service":"nas-bot","timestamp":"2026-05-26 20:01:33"}
{"error":"getaddrinfo EAI_AGAIN api.telegram.org","level":"error","message":"Telegram请求失败","method":"getUpdates","service":"nas-bot","timestamp":"2026-05-26 20:01:39"}
{"error":"socket hang up","level":"error","message":"Telegram请求失败","method":"getUpdates","service":"nas-bot","timestamp":"2026-05-26 20:01:45"}
{"error":"socket hang up","level":"error","message":"Telegram请求失败","method":"getUpdates","service":"nas-bot","timestamp":"2026-05-26 20:01:51"}
{"error":"getaddrinfo EAI_AGAIN api.telegram.org","level":"error","message":"Telegram请求失败","method":"getUpdates","service":"nas-bot","timestamp":"2026-05-26 20:01:57"}
{"error":"getaddrinfo EAI_AGAIN api.telegram.org","level":"error","message":"Telegram请求失败","method":"getUpdates","service":"nas-bot","timestamp":"2026-05-26 20:02:03"}
{"error":"getaddrinfo EAI_AGAIN api.telegram.org","level":"error","message":"Telegram请求失败","method":"getUpdates","service":"nas-bot","timestamp":"2026-05-26 20:02:09"}
{"error":"getaddrinfo EAI_AGAIN api.telegram.org","level":"error","message":"Telegram请求失败","method":"getUpdates","service":"nas-bot","timestamp":"2026-05-26 20:02:15"}
{"error":"getaddrinfo EAI_AGAIN api.telegram.org","level":"error","message":"Telegram请求失败","method":"getUpdates","service":"nas-bot","timestamp":"2026-05-26 20:02:21"}
{"error":"getaddrinfo EAI_AGAIN api.telegram.org","level":"error","message":"Telegram请求失败","method":"getUpdates","service":"nas-bot","timestamp":"2026-05-26 20:02:27"}
{"error":"socket hang up","level":"error","message":"Telegram请求失败","method":"getUpdates","service":"nas-bot","timestamp":"2026-05-26 20:02:33"}
{"error":"socket hang up","level":"error","message":"Telegram请求失败","method":"getUpdates","service":"nas-bot","timestamp":"2026-05-26 20:02:39"}
{"error":"socket hang up","level":"error","message":"Telegram请求失败","method":"getUpdates","service":"nas-bot","timestamp":"2026-05-26 20:02:45"}
{"error":"socket hang up","level":"error","message":"Telegram请求失败","method":"getUpdates","service":"nas-bot","timestamp":"2026-05-26 20:02:51"}
{"error":"socket hang up","level":"error","message":"Telegram请求失败","method":"getUpdates","service":"nas-bot","timestamp":"2026-05-26 20:02:57"}
{"error":"socket hang up","level":"error","message":"Telegram请求失败","method":"getUpdates","service":"nas-bot","timestamp":"2026-05-26 20:03:03"}
{"error":"getaddrinfo EAI_AGAIN api.telegram.org","level":"error","message":"Telegram请求失败","method":"getUpdates","service":"nas-bot","timestamp":"2026-05-26 20:03:09"}
{"error":"getaddrinfo EAI_AGAIN api.telegram.org","level":"error","message":"Telegram请求失败","method":"getUpdates","service":"nas-bot","timestamp":"2026-05-26 20:03:15"}
{"error":"getaddrinfo EAI_AGAIN api.telegram.org","level":"error","message":"Telegram请求失败","method":"getUpdates","service":"nas-bot","timestamp":"2026-05-26 20:03:21"}
{"error":"getaddrinfo EAI_AGAIN api.telegram.org","level":"error","message":"Telegram请求失败","method":"getUpdates","service":"nas-bot","timestamp":"2026-05-26 20:03:27"}
{"error":"getaddrinfo EAI_AGAIN api.telegram.org","level":"error","message":"Telegram请求失败","method":"getUpdates","service":"nas-bot","timestamp":"2026-05-26 20:03:33"}
{"error":"getaddrinfo EAI_AGAIN api.telegram.org","level":"error","message":"Telegram请求失败","method":"getUpdates","service":"nas-bot","timestamp":"2026-05-26 20:03:39"}
{"error":"socket hang up","level":"error","message":"Telegram请求失败","method":"getUpdates","service":"nas-bot","timestamp":"2026-05-26 20:03:45"}
{"error":"socket hang up","level":"error","message":"Telegram请求失败","method":"getUpdates","service":"nas-bot","timestamp":"2026-05-26 20:03:51"}
{"error":"getaddrinfo EAI_AGAIN api.telegram.org","level":"error","message":"Telegram请求失败","method":"getUpdates","service":"nas-bot","timestamp":"2026-05-26 20:03:57"}
{"error":"getaddrinfo EAI_AGAIN api.telegram.org","level":"error","message":"Telegram请求失败","method":"getUpdates","service":"nas-bot","timestamp":"2026-05-26 20:04:03"}
{"error":"getaddrinfo EAI_AGAIN api.telegram.org","level":"error","message":"Telegram请求失败","method":"getUpdates","service":"nas-bot","timestamp":"2026-05-26 20:04:09"}
{"error":"socket hang up","level":"error","message":"Telegram请求失败","method":"getUpdates","service":"nas-bot","timestamp":"2026-05-26 20:04:15"}
{"error":"getaddrinfo EAI_AGAIN api.telegram.org","level":"error","message":"Telegram请求失败","method":"getUpdates","service":"nas-bot","timestamp":"2026-05-26 20:04:21"}
{"error":"getaddrinfo EAI_AGAIN api.telegram.org","level":"error","message":"Telegram请求失败","method":"getUpdates","service":"nas-bot","timestamp":"2026-05-26 20:04:27"}
{"error":"getaddrinfo EAI_AGAIN api.telegram.org","level":"error","message":"Telegram请求失败","method":"getUpdates","service":"nas-bot","timestamp":"2026-05-26 20:04:33"}
{"error":"socket hang up","level":"error","message":"Telegram请求失败","method":"getUpdates","service":"nas-bot","timestamp":"2026-05-26 20:04:39"}
{"error":"socket hang up","level":"error","message":"Telegram请求失败","method":"getUpdates","service":"nas-bot","timestamp":"2026-05-26 20:04:45"}
{"error":"getaddrinfo EAI_AGAIN api.telegram.org","level":"error","message":"Telegram请求失败","method":"getUpdates","service":"nas-bot","timestamp":"2026-05-26 20:04:51"}
{"error":"getaddrinfo EAI_AGAIN api.telegram.org","level":"error","message":"Telegram请求失败","method":"getUpdates","service":"nas-bot","timestamp":"2026-05-26 20:04:57"}
{"error":"getaddrinfo EAI_AGAIN api.telegram.org","level":"error","message":"Telegram请求失败","method":"getUpdates","service":"nas-bot","timestamp":"2026-05-26 20:05:03"}
{"error":"socket hang up","level":"error","message":"Telegram请求失败","method":"getUpdates","service":"nas-bot","timestamp":"2026-05-26 20:05:09"}
{"error":"socket hang up","level":"error","message":"Telegram请求失败","method":"getUpdates","service":"nas-bot","timestamp":"2026-05-26 20:05:15"}
{"error":"getaddrinfo EAI_AGAIN api.telegram.org","level":"error","message":"Telegram请求失败","method":"getUpdates","service":"nas-bot","timestamp":"2026-05-26 20:05:21"}
{"error":"getaddrinfo EAI_AGAIN api.telegram.org","level":"error","message":"Telegram请求失败","method":"getUpdates","service":"nas-bot","timestamp":"2026-05-26 20:05:27"}
{"error":"getaddrinfo EAI_AGAIN api.telegram.org","level":"error","message":"Telegram请求失败","method":"getUpdates","service":"nas-bot","timestamp":"2026-05-26 20:05:33"}
{"error":"getaddrinfo EAI_AGAIN api.telegram.org","level":"error","message":"Telegram请求失败","method":"getUpdates","service":"nas-bot","timestamp":"2026-05-26 20:05:39"}
{"error":"socket hang up","level":"error","message":"Telegram请求失败","method":"getUpdates","service":"nas-bot","timestamp":"2026-05-26 20:05:45"}
{"error":"socket hang up","level":"error","message":"Telegram请求失败","method":"getUpdates","service":"nas-bot","timestamp":"2026-05-26 20:05:51"}
{"error":"socket hang up","level":"error","message":"Telegram请求失败","method":"getUpdates","service":"nas-bot","timestamp":"2026-05-26 20:05:57"}
{"error":"socket hang up","level":"error","message":"Telegram请求失败","method":"getUpdates","service":"nas-bot","timestamp":"2026-05-26 20:06:03"}
{"error":"getaddrinfo EAI_AGAIN api.telegram.org","level":"error","message":"Telegram请求失败","method":"getUpdates","service":"nas-bot","timestamp":"2026-05-26 20:06:09"}
{"error":"socket hang up","level":"error","message":"Telegram请求失败","method":"getUpdates","service":"nas-bot","timestamp":"2026-05-26 20:06:15"}
{"error":"getaddrinfo EAI_AGAIN api.telegram.org","level":"error","message":"Telegram请求失败","method":"getUpdates","service":"nas-bot","timestamp":"2026-05-26 20:06:21"}
{"error":"socket hang up","level":"error","message":"Telegram请求失败","method":"getUpdates","service":"nas-bot","timestamp":"2026-05-26 20:06:27"}
{"error":"getaddrinfo EAI_AGAIN api.telegram.org","level":"error","message":"Telegram请求失败","method":"getUpdates","service":"nas-bot","timestamp":"2026-05-26 20:06:33"}
{"error":"socket hang up","level":"error","message":"Telegram请求失败","method":"getUpdates","service":"nas-bot","timestamp":"2026-05-26 20:06:39"}
{"error":"socket hang up","level":"error","message":"Telegram请求失败","method":"getUpdates","service":"nas-bot","timestamp":"2026-05-26 20:06:45"}
{"error":"socket hang up","level":"error","message":"Telegram请求失败","method":"getUpdates","service":"nas-bot","timestamp":"2026-05-26 20:06:51"}
{"error":"socket hang up","level":"error","message":"Telegram请求失败","method":"getUpdates","service":"nas-bot","timestamp":"2026-05-26 20:06:57"}
{"error":"socket hang up","level":"error","message":"Telegram请求失败","method":"getUpdates","service":"nas-bot","timestamp":"2026-05-26 20:07:03"}
{"error":"socket hang up","level":"error","message":"Telegram请求失败","method":"getUpdates","service":"nas-bot","timestamp":"2026-05-26 20:07:09"}
{"error":"socket hang up","level":"error","message":"Telegram请求失败","method":"getUpdates","service":"nas-bot","timestamp":"2026-05-26 20:07:15"}
{"error":"getaddrinfo EAI_AGAIN api.telegram.org","level":"error","message":"Telegram请求失败","method":"getUpdates","service":"nas-bot","timestamp":"2026-05-26 20:07:21"}
{"error":"getaddrinfo EAI_AGAIN api.telegram.org","level":"error","message":"Telegram请求失败","method":"getUpdates","service":"nas-bot","timestamp":"2026-05-26 20:07:27"}
{"error":"socket hang up","level":"error","message":"Telegram请求失败","method":"getUpdates","service":"nas-bot","timestamp":"2026-05-26 20:07:33"}
{"error":"getaddrinfo EAI_AGAIN api.telegram.org","level":"error","message":"Telegram请求失败","method":"getUpdates","service":"nas-bot","timestamp":"2026-05-26 20:07:39"}
{"error":"socket hang up","level":"error","message":"Telegram请求失败","method":"getUpdates","service":"nas-bot","timestamp":"2026-05-26 20:07:45"}
{"error":"getaddrinfo EAI_AGAIN api.telegram.org","level":"error","message":"Telegram请求失败","method":"getUpdates","service":"nas-bot","timestamp":"2026-05-26 20:07:51"}
{"error":"socket hang up","level":"error","message":"Telegram请求失败","method":"getUpdates","service":"nas-bot","timestamp":"2026-05-26 20:07:57"}
{"error":"socket hang up","level":"error","message":"Telegram请求失败","method":"getUpdates","service":"nas-bot","timestamp":"2026-05-26 20:08:03"}
{"error":"socket hang up","level":"error","message":"Telegram请求失败","method":"getUpdates","service":"nas-bot","timestamp":"2026-05-26 20:08:09"}
{"error":"socket hang up","level":"error","message":"Telegram请求失败","method":"getUpdates","service":"nas-bot","timestamp":"2026-05-26 20:08:15"}
{"error":"getaddrinfo EAI_AGAIN api.telegram.org","level":"error","message":"Telegram请求失败","method":"getUpdates","service":"nas-bot","timestamp":"2026-05-26 20:08:21"}
{"error":"getaddrinfo EAI_AGAIN api.telegram.org","level":"error","message":"Telegram请求失败","method":"getUpdates","service":"nas-bot","timestamp":"2026-05-26 20:08:27"}
{"error":"socket hang up","level":"error","message":"Telegram请求失败","method":"getUpdates","service":"nas-bot","timestamp":"2026-05-26 20:08:33"}
{"error":"socket hang up","level":"error","message":"Telegram请求失败","method":"getUpdates","service":"nas-bot","timestamp":"2026-05-26 20:08:39"}
{"error":"socket hang up","level":"error","message":"Telegram请求失败","method":"getUpdates","service":"nas-bot","timestamp":"2026-05-26 20:08:45"}
{"error":"getaddrinfo EAI_AGAIN api.telegram.org","level":"error","message":"Telegram请求失败","method":"getUpdates","service":"nas-bot","timestamp":"2026-05-26 20:08:51"}
{"error":"getaddrinfo EAI_AGAIN api.telegram.org","level":"error","message":"Telegram请求失败","method":"getUpdates","service":"nas-bot","timestamp":"2026-05-26 20:08:57"}
{"error":"socket hang up","level":"error","message":"Telegram请求失败","method":"getUpdates","service":"nas-bot","timestamp":"2026-05-26 20:09:03"}
{"error":"getaddrinfo EAI_AGAIN api.telegram.org","level":"error","message":"Telegram请求失败","method":"getUpdates","service":"nas-bot","timestamp":"2026-05-26 20:09:09"}
{"error":"socket hang up","level":"error","message":"Telegram请求失败","method":"getUpdates","service":"nas-bot","timestamp":"2026-05-26 20:09:15"}
{"error":"socket hang up","level":"error","message":"Telegram请求失败","method":"getUpdates","service":"nas-bot","timestamp":"2026-05-26 20:09:21"}
{"error":"socket hang up","level":"error","message":"Telegram请求失败","method":"getUpdates","service":"nas-bot","timestamp":"2026-05-26 20:09:27"}
{"error":"socket hang up","level":"error","message":"Telegram请求失败","method":"getUpdates","service":"nas-bot","timestamp":"2026-05-26 20:09:33"}
{"error":"socket hang up","level":"error","message":"Telegram请求失败","method":"getUpdates","service":"nas-bot","timestamp":"2026-05-26 20:09:39"}
{"error":"getaddrinfo EAI_AGAIN api.telegram.org","level":"error","message":"Telegram请求失败","method":"getUpdates","service":"nas-bot","timestamp":"2026-05-26 20:09:45"}
{"error":"","level":"error","message":"Telegram请求失败","method":"getUpdates","service":"nas-bot","timestamp":"2026-05-26 21:10:44"}
{"error":"","level":"error","message":"Telegram请求失败","method":"getUpdates","service":"nas-bot","timestamp":"2026-05-26 22:11:43"}
{"error":"","level":"error","message":"Telegram请求失败","method":"getUpdates","service":"nas-bot","timestamp":"2026-05-26 22:11:44"}
{"error":"","level":"error","message":"Telegram请求失败","method":"getUpdates","service":"nas-bot","timestamp":"2026-05-26 22:11:45"}
{"error":"","level":"error","message":"Telegram请求失败","method":"getUpdates","service":"nas-bot","timestamp":"2026-05-26 23:12:44"}
{"error":"","level":"error","message":"Telegram请求失败","method":"getUpdates","service":"nas-bot","timestamp":"2026-05-26 23:24:19"}
{"error":"","level":"error","message":"Telegram请求失败","method":"getUpdates","service":"nas-bot","timestamp":"2026-05-26 23:24:29"}
{"error":"","level":"error","message":"Telegram请求失败","method":"getUpdates","service":"nas-bot","timestamp":"2026-05-26 23:24:52"}
{"error":"","level":"error","message":"Telegram请求失败","method":"getUpdates","service":"nas-bot","timestamp":"2026-05-27 00:13:34"}
{"error":"","level":"error","message":"Telegram请求失败","method":"getUpdates","service":"nas-bot","timestamp":"2026-05-27 01:14:33"}
{"error":"","level":"error","message":"Telegram请求失败","method":"getUpdates","service":"nas-bot","timestamp":"2026-05-27 01:14:34"}
{"error":"","level":"error","message":"Telegram请求失败","method":"getUpdates","service":"nas-bot","timestamp":"2026-05-27 01:14:35"}
{"error":"","level":"error","message":"Telegram请求失败","method":"getUpdates","service":"nas-bot","timestamp":"2026-05-27 01:14:37"}
{"error":"","level":"error","message":"Telegram请求失败","method":"getUpdates","service":"nas-bot","timestamp":"2026-05-27 04:17:15"}
{"error":"","level":"error","message":"Telegram请求失败","method":"getUpdates","service":"nas-bot","timestamp":"2026-05-27 06:19:11"}
{"error":"connect ECONNREFUSED 192.168.0.3:3000","level":"error","message":"获取股票数据失败","service":"nas-bot","timestamp":"2026-05-27 09:00:49"}
{"error":"connect ECONNREFUSED 192.168.0.3:3000","level":"error","message":"获取股票数据失败","service":"nas-bot","timestamp":"2026-05-27 09:05:49"}
{"error":"connect ECONNREFUSED 192.168.0.3:3000","level":"error","message":"获取股票数据失败","service":"nas-bot","timestamp":"2026-05-27 09:10:49"}
{"error":"connect ECONNREFUSED 192.168.0.3:3000","level":"error","message":"获取股票数据失败","service":"nas-bot","timestamp":"2026-05-27 09:15:49"}
{"error":"connect ECONNREFUSED 192.168.0.3:3000","level":"error","message":"获取股票数据失败","service":"nas-bot","timestamp":"2026-05-27 09:20:49"}
{"error":"","level":"error","message":"Telegram请求失败","method":"getUpdates","service":"nas-bot","timestamp":"2026-05-27 09:22:03"}
{"error":"","level":"error","message":"Telegram请求失败","method":"getUpdates","service":"nas-bot","timestamp":"2026-05-27 09:22:05"}
{"error":"","level":"error","message":"Telegram请求失败","method":"getUpdates","service":"nas-bot","timestamp":"2026-05-27 09:22:06"}
{"error":"","level":"error","message":"Telegram请求失败","method":"getUpdates","service":"nas-bot","timestamp":"2026-05-27 09:22:07"}
{"error":"","level":"error","message":"Telegram请求失败","method":"getUpdates","service":"nas-bot","timestamp":"2026-05-27 09:22:08"}
{"error":"","level":"error","message":"Telegram请求失败","method":"getUpdates","service":"nas-bot","timestamp":"2026-05-27 09:22:10"}
{"error":"","level":"error","message":"Telegram请求失败","method":"getUpdates","service":"nas-bot","timestamp":"2026-05-27 09:22:11"}
{"error":"","level":"error","message":"Telegram请求失败","method":"getUpdates","service":"nas-bot","timestamp":"2026-05-27 09:22:12"}
{"error":"","level":"error","message":"Telegram请求失败","method":"getUpdates","service":"nas-bot","timestamp":"2026-05-27 09:22:13"}
{"error":"","level":"error","message":"Telegram请求失败","method":"getUpdates","service":"nas-bot","timestamp":"2026-05-27 09:22:15"}
{"error":"","level":"error","message":"Telegram请求失败","method":"getUpdates","service":"nas-bot","timestamp":"2026-05-27 09:22:16"}
{"error":"","level":"error","message":"Telegram请求失败","method":"getUpdates","service":"nas-bot","timestamp":"2026-05-27 09:22:17"}
{"error":"","level":"error","message":"Telegram请求失败","method":"getUpdates","service":"nas-bot","timestamp":"2026-05-27 09:22:18"}
{"error":"connect ECONNREFUSED 192.168.0.3:3000","level":"error","message":"获取股票数据失败","service":"nas-bot","timestamp":"2026-05-27 09:25:49"}
{"error":"connect ECONNREFUSED 192.168.0.3:3000","level":"error","message":"获取股票数据失败","service":"nas-bot","timestamp":"2026-05-27 09:30:49"}
{"error":"connect ECONNREFUSED 192.168.0.3:3000","level":"error","message":"获取股票数据失败","service":"nas-bot","timestamp":"2026-05-27 09:35:49"}
{"error":"connect ECONNREFUSED 192.168.0.3:3000","level":"error","message":"获取股票数据失败","service":"nas-bot","timestamp":"2026-05-27 09:40:49"}
{"error":"connect ECONNREFUSED 192.168.0.3:3000","level":"error","message":"获取股票数据失败","service":"nas-bot","timestamp":"2026-05-27 09:45:49"}
{"error":"connect ECONNREFUSED 192.168.0.3:3000","level":"error","message":"获取股票数据失败","service":"nas-bot","timestamp":"2026-05-27 09:50:49"}
{"error":"connect ECONNREFUSED 192.168.0.3:3000","level":"error","message":"获取股票数据失败","service":"nas-bot","timestamp":"2026-05-27 09:55:49"}
{"error":"connect ECONNREFUSED 192.168.0.3:3000","level":"error","message":"获取股票数据失败","service":"nas-bot","timestamp":"2026-05-27 10:00:49"}
{"error":"connect ECONNREFUSED 192.168.0.3:3000","level":"error","message":"获取股票数据失败","service":"nas-bot","timestamp":"2026-05-27 10:05:49"}
{"error":"connect ECONNREFUSED 192.168.0.3:3000","level":"error","message":"获取股票数据失败","service":"nas-bot","timestamp":"2026-05-27 10:10:49"}
{"error":"connect ECONNREFUSED 192.168.0.3:3000","level":"error","message":"获取股票数据失败","service":"nas-bot","timestamp":"2026-05-27 10:15:49"}
{"error":"connect ECONNREFUSED 192.168.0.3:3000","level":"error","message":"获取股票数据失败","service":"nas-bot","timestamp":"2026-05-27 10:20:49"}
{"error":"","level":"error","message":"Telegram请求失败","method":"getUpdates","service":"nas-bot","timestamp":"2026-05-27 10:23:16"}
{"error":"","level":"error","message":"Telegram请求失败","method":"getUpdates","service":"nas-bot","timestamp":"2026-05-27 10:23:17"}
{"error":"","level":"error","message":"Telegram请求失败","method":"getUpdates","service":"nas-bot","timestamp":"2026-05-27 10:23:19"}
{"error":"connect ECONNREFUSED 192.168.0.3:3000","level":"error","message":"获取股票数据失败","service":"nas-bot","timestamp":"2026-05-27 10:25:50"}
{"error":"connect ECONNREFUSED 192.168.0.3:3000","level":"error","message":"获取股票数据失败","service":"nas-bot","timestamp":"2026-05-27 10:30:50"}
{"error":"connect ECONNREFUSED 192.168.0.3:3000","level":"error","message":"获取股票数据失败","service":"nas-bot","timestamp":"2026-05-27 10:35:50"}
{"error":"connect ECONNREFUSED 192.168.0.3:3000","level":"error","message":"获取股票数据失败","service":"nas-bot","timestamp":"2026-05-27 10:40:50"}
{"error":"connect ECONNREFUSED 192.168.0.3:3000","level":"error","message":"获取股票数据失败","service":"nas-bot","timestamp":"2026-05-27 10:45:50"}
{"error":"connect ECONNREFUSED 192.168.0.3:3000","level":"error","message":"获取股票数据失败","service":"nas-bot","timestamp":"2026-05-27 10:50:50"}
{"error":"connect ECONNREFUSED 192.168.0.3:3000","level":"error","message":"获取股票数据失败","service":"nas-bot","timestamp":"2026-05-27 10:55:50"}
{"error":"connect ECONNREFUSED 192.168.0.3:3000","level":"error","message":"获取股票数据失败","service":"nas-bot","timestamp":"2026-05-27 11:00:50"}
{"error":"connect ECONNREFUSED 192.168.0.3:3000","level":"error","message":"获取股票数据失败","service":"nas-bot","timestamp":"2026-05-27 11:05:50"}
{"error":"connect ECONNREFUSED 192.168.0.3:3000","level":"error","message":"获取股票数据失败","service":"nas-bot","timestamp":"2026-05-27 11:10:50"}
{"error":"connect ECONNREFUSED 192.168.0.3:3000","level":"error","message":"获取股票数据失败","service":"nas-bot","timestamp":"2026-05-27 11:15:50"}
{"error":"connect ECONNREFUSED 192.168.0.3:3000","level":"error","message":"获取股票数据失败","service":"nas-bot","timestamp":"2026-05-27 11:20:50"}
{"error":"","level":"error","message":"Telegram请求失败","method":"getUpdates","service":"nas-bot","timestamp":"2026-05-27 11:38:57"}
{"error":"","level":"error","message":"Telegram请求失败","method":"getUpdates","service":"nas-bot","timestamp":"2026-05-27 11:38:58"}
{"error":"","level":"error","message":"Telegram请求失败","method":"getUpdates","service":"nas-bot","timestamp":"2026-05-27 11:38:59"}
{"error":"","level":"error","message":"Telegram请求失败","method":"getUpdates","service":"nas-bot","timestamp":"2026-05-27 11:39:01"}
{"error":"","level":"error","message":"Telegram请求失败","method":"getUpdates","service":"nas-bot","timestamp":"2026-05-27 11:39:02"}
{"error":"","level":"error","message":"Telegram请求失败","method":"getUpdates","service":"nas-bot","timestamp":"2026-05-27 11:39:03"}
{"error":"","level":"error","message":"Telegram请求失败","method":"getUpdates","service":"nas-bot","timestamp":"2026-05-27 11:39:09"}
{"error":"","level":"error","message":"Telegram请求失败","method":"getUpdates","service":"nas-bot","timestamp":"2026-05-27 11:42:37"}
{"error":"","level":"error","message":"Telegram请求失败","method":"getUpdates","service":"nas-bot","timestamp":"2026-05-27 11:42:38"}
{"error":"","level":"error","message":"Telegram请求失败","method":"getUpdates","service":"nas-bot","timestamp":"2026-05-27 11:42:39"}
{"error":"","level":"error","message":"Telegram请求失败","method":"getUpdates","service":"nas-bot","timestamp":"2026-05-27 11:42:40"}
{"error":"","level":"error","message":"Telegram请求失败","method":"getUpdates","service":"nas-bot","timestamp":"2026-05-27 11:42:42"}
{"error":"","level":"error","message":"Telegram请求失败","method":"getUpdates","service":"nas-bot","timestamp":"2026-05-27 11:42:43"}
{"error":"","level":"error","message":"Telegram请求失败","method":"getUpdates","service":"nas-bot","timestamp":"2026-05-27 11:42:44"}
{"error":"","level":"error","message":"Telegram请求失败","method":"getUpdates","service":"nas-bot","timestamp":"2026-05-27 11:43:49"}
{"error":"","level":"error","message":"Telegram请求失败","method":"getUpdates","service":"nas-bot","timestamp":"2026-05-27 11:45:23"}
{"error":"","level":"error","message":"Telegram请求失败","method":"getUpdates","service":"nas-bot","timestamp":"2026-05-27 11:45:28"}
{"error":"","level":"error","message":"Telegram请求失败","method":"getUpdates","service":"nas-bot","timestamp":"2026-05-27 11:45:31"}
{"error":"","level":"error","message":"Telegram请求失败","method":"getUpdates","service":"nas-bot","timestamp":"2026-05-27 11:51:23"}
{"error":"","level":"error","message":"Telegram请求失败","method":"getUpdates","service":"nas-bot","timestamp":"2026-05-27 11:55:54"}
{"error":"","level":"error","message":"Telegram请求失败","method":"getUpdates","service":"nas-bot","timestamp":"2026-05-27 11:55:56"}
{"error":"","level":"error","message":"Telegram请求失败","method":"getUpdates","service":"nas-bot","timestamp":"2026-05-27 11:55:57"}
{"error":"","level":"error","message":"Telegram请求失败","method":"getUpdates","service":"nas-bot","timestamp":"2026-05-27 11:55:58"}
{"error":"","level":"error","message":"Telegram请求失败","method":"getUpdates","service":"nas-bot","timestamp":"2026-05-27 11:55:59"}
{"error":"","level":"error","message":"Telegram请求失败","method":"getUpdates","service":"nas-bot","timestamp":"2026-05-27 11:56:01"}
{"error":"","level":"error","message":"Telegram请求失败","method":"getUpdates","service":"nas-bot","timestamp":"2026-05-27 11:56:02"}
{"error":"","level":"error","message":"Telegram请求失败","method":"getUpdates","service":"nas-bot","timestamp":"2026-05-27 11:56:06"}
{"error":"","level":"error","message":"Telegram请求失败","method":"getUpdates","service":"nas-bot","timestamp":"2026-05-27 11:56:07"}
{"error":"","level":"error","message":"Telegram请求失败","method":"getUpdates","service":"nas-bot","timestamp":"2026-05-27 11:56:08"}
{"error":"","level":"error","message":"Telegram请求失败","method":"getUpdates","service":"nas-bot","timestamp":"2026-05-27 11:56:09"}
{"error":"","level":"error","message":"Telegram请求失败","method":"getUpdates","service":"nas-bot","timestamp":"2026-05-27 11:56:13"}
{"error":"","level":"error","message":"Telegram请求失败","method":"getUpdates","service":"nas-bot","timestamp":"2026-05-27 11:56:15"}
{"error":"","level":"error","message":"Telegram请求失败","method":"getUpdates","service":"nas-bot","timestamp":"2026-05-27 11:56:16"}
{"error":"","level":"error","message":"Telegram请求失败","method":"getUpdates","service":"nas-bot","timestamp":"2026-05-27 11:56:17"}
{"error":"","level":"error","message":"Telegram请求失败","method":"getUpdates","service":"nas-bot","timestamp":"2026-05-27 11:56:18"}
{"error":"","level":"error","message":"Telegram请求失败","method":"getUpdates","service":"nas-bot","timestamp":"2026-05-27 11:56:20"}
{"error":"","level":"error","message":"Telegram请求失败","method":"getUpdates","service":"nas-bot","timestamp":"2026-05-27 11:56:21"}
{"error":"","level":"error","message":"Telegram请求失败","method":"getUpdates","service":"nas-bot","timestamp":"2026-05-27 11:56:22"}
{"error":"","level":"error","message":"Telegram请求失败","method":"getUpdates","service":"nas-bot","timestamp":"2026-05-27 11:56:26"}
{"error":"","level":"error","message":"Telegram请求失败","method":"getUpdates","service":"nas-bot","timestamp":"2026-05-27 11:56:27"}
{"error":"","level":"error","message":"Telegram请求失败","method":"getUpdates","service":"nas-bot","timestamp":"2026-05-27 11:56:29"}
{"error":"","level":"error","message":"Telegram请求失败","method":"getUpdates","service":"nas-bot","timestamp":"2026-05-27 11:57:48"}
{"error":"","level":"error","message":"Telegram请求失败","method":"getUpdates","service":"nas-bot","timestamp":"2026-05-27 11:57:50"}
{"error":"","level":"error","message":"Telegram请求失败","method":"getUpdates","service":"nas-bot","timestamp":"2026-05-27 11:57:51"}
{"error":"","level":"error","message":"Telegram请求失败","method":"getUpdates","service":"nas-bot","timestamp":"2026-05-27 11:57:52"}
{"error":"","level":"error","message":"Telegram请求失败","method":"getUpdates","service":"nas-bot","timestamp":"2026-05-27 11:57:53"}
{"error":"","level":"error","message":"Telegram请求失败","method":"getUpdates","service":"nas-bot","timestamp":"2026-05-27 11:57:55"}
{"error":"","level":"error","message":"Telegram请求失败","method":"getUpdates","service":"nas-bot","timestamp":"2026-05-27 11:57:56"}
{"error":"","level":"error","message":"Telegram请求失败","method":"getUpdates","service":"nas-bot","timestamp":"2026-05-27 11:57:57"}
{"error":"","level":"error","message":"Telegram请求失败","method":"getUpdates","service":"nas-bot","timestamp":"2026-05-27 11:57:58"}
{"error":"","level":"error","message":"Telegram请求失败","method":"getUpdates","service":"nas-bot","timestamp":"2026-05-27 11:58:00"}
{"error":"","level":"error","message":"Telegram请求失败","method":"getUpdates","service":"nas-bot","timestamp":"2026-05-27 11:58:01"}
{"error":"","level":"error","message":"Telegram请求失败","method":"getUpdates","service":"nas-bot","timestamp":"2026-05-27 11:58:02"}
{"error":"","level":"error","message":"Telegram请求失败","method":"getUpdates","service":"nas-bot","timestamp":"2026-05-27 11:58:34"}
{"error":"","level":"error","message":"Telegram请求失败","method":"getUpdates","service":"nas-bot","timestamp":"2026-05-27 12:00:38"}
{"error":"","level":"error","message":"Telegram请求失败","method":"getUpdates","service":"nas-bot","timestamp":"2026-05-27 12:00:49"}
{"error":"","level":"error","message":"Telegram请求失败","method":"getUpdates","service":"nas-bot","timestamp":"2026-05-27 12:58:41"}
{"error":"read ETIMEDOUT","level":"error","message":"Telegram请求失败","method":"getUpdates","service":"nas-bot","timestamp":"2026-05-27 20:00:14"}
{"error":"socket hang up","level":"error","message":"Telegram请求失败","method":"getUpdates","service":"nas-bot","timestamp":"2026-05-27 20:00:20"}
{"error":"getaddrinfo EAI_AGAIN api.telegram.org","level":"error","message":"Telegram请求失败","method":"getUpdates","service":"nas-bot","timestamp":"2026-05-27 20:00:26"}
{"error":"socket hang up","level":"error","message":"Telegram请求失败","method":"getUpdates","service":"nas-bot","timestamp":"2026-05-27 20:00:32"}
{"error":"getaddrinfo EAI_AGAIN api.telegram.org","level":"error","message":"Telegram请求失败","method":"getUpdates","service":"nas-bot","timestamp":"2026-05-27 20:00:38"}
{"error":"socket hang up","level":"error","message":"Telegram请求失败","method":"getUpdates","service":"nas-bot","timestamp":"2026-05-27 20:00:44"}
{"error":"getaddrinfo EAI_AGAIN api.telegram.org","level":"error","message":"Telegram请求失败","method":"getUpdates","service":"nas-bot","timestamp":"2026-05-27 20:00:50"}
{"error":"socket hang up","level":"error","message":"Telegram请求失败","method":"getUpdates","service":"nas-bot","timestamp":"2026-05-27 20:00:56"}
{"error":"socket hang up","level":"error","message":"Telegram请求失败","method":"getUpdates","service":"nas-bot","timestamp":"2026-05-27 20:01:02"}
{"error":"getaddrinfo EAI_AGAIN api.telegram.org","level":"error","message":"Telegram请求失败","method":"getUpdates","service":"nas-bot","timestamp":"2026-05-27 20:01:08"}
{"error":"socket hang up","level":"error","message":"Telegram请求失败","method":"getUpdates","service":"nas-bot","timestamp":"2026-05-27 20:01:14"}
{"error":"socket hang up","level":"error","message":"Telegram请求失败","method":"getUpdates","service":"nas-bot","timestamp":"2026-05-27 20:01:20"}
{"error":"getaddrinfo EAI_AGAIN api.telegram.org","level":"error","message":"Telegram请求失败","method":"getUpdates","service":"nas-bot","timestamp":"2026-05-27 20:01:26"}
{"error":"getaddrinfo EAI_AGAIN api.telegram.org","level":"error","message":"Telegram请求失败","method":"getUpdates","service":"nas-bot","timestamp":"2026-05-27 20:01:32"}
{"error":"socket hang up","level":"error","message":"Telegram请求失败","method":"getUpdates","service":"nas-bot","timestamp":"2026-05-27 20:01:38"}
{"error":"socket hang up","level":"error","message":"Telegram请求失败","method":"getUpdates","service":"nas-bot","timestamp":"2026-05-27 20:01:44"}
{"error":"socket hang up","level":"error","message":"Telegram请求失败","method":"getUpdates","service":"nas-bot","timestamp":"2026-05-27 20:01:50"}
{"error":"getaddrinfo EAI_AGAIN api.telegram.org","level":"error","message":"Telegram请求失败","method":"getUpdates","service":"nas-bot","timestamp":"2026-05-27 20:01:56"}
{"error":"getaddrinfo EAI_AGAIN api.telegram.org","level":"error","message":"Telegram请求失败","method":"getUpdates","service":"nas-bot","timestamp":"2026-05-27 20:02:02"}
{"error":"socket hang up","level":"error","message":"Telegram请求失败","method":"getUpdates","service":"nas-bot","timestamp":"2026-05-27 20:02:08"}
{"error":"socket hang up","level":"error","message":"Telegram请求失败","method":"getUpdates","service":"nas-bot","timestamp":"2026-05-27 20:02:14"}
{"error":"socket hang up","level":"error","message":"Telegram请求失败","method":"getUpdates","service":"nas-bot","timestamp":"2026-05-27 20:02:20"}
{"error":"getaddrinfo EAI_AGAIN api.telegram.org","level":"error","message":"Telegram请求失败","method":"getUpdates","service":"nas-bot","timestamp":"2026-05-27 20:02:26"}
{"error":"socket hang up","level":"error","message":"Telegram请求失败","method":"getUpdates","service":"nas-bot","timestamp":"2026-05-27 20:02:32"}
{"error":"socket hang up","level":"error","message":"Telegram请求失败","method":"getUpdates","service":"nas-bot","timestamp":"2026-05-27 20:02:38"}
{"error":"socket hang up","level":"error","message":"Telegram请求失败","method":"getUpdates","service":"nas-bot","timestamp":"2026-05-27 20:02:44"}
{"error":"socket hang up","level":"error","message":"Telegram请求失败","method":"getUpdates","service":"nas-bot","timestamp":"2026-05-27 20:02:50"}
{"error":"socket hang up","level":"error","message":"Telegram请求失败","method":"getUpdates","service":"nas-bot","timestamp":"2026-05-27 20:02:56"}
{"error":"getaddrinfo EAI_AGAIN api.telegram.org","level":"error","message":"Telegram请求失败","method":"getUpdates","service":"nas-bot","timestamp":"2026-05-27 20:03:02"}
{"error":"socket hang up","level":"error","message":"Telegram请求失败","method":"getUpdates","service":"nas-bot","timestamp":"2026-05-27 20:03:08"}
{"error":"socket hang up","level":"error","message":"Telegram请求失败","method":"getUpdates","service":"nas-bot","timestamp":"2026-05-27 20:03:14"}
{"error":"socket hang up","level":"error","message":"Telegram请求失败","method":"getUpdates","service":"nas-bot","timestamp":"2026-05-27 20:03:20"}
{"error":"getaddrinfo EAI_AGAIN api.telegram.org","level":"error","message":"Telegram请求失败","method":"getUpdates","service":"nas-bot","timestamp":"2026-05-27 20:03:26"}
{"error":"getaddrinfo EAI_AGAIN api.telegram.org","level":"error","message":"Telegram请求失败","method":"getUpdates","service":"nas-bot","timestamp":"2026-05-27 20:03:32"}
{"error":"socket hang up","level":"error","message":"Telegram请求失败","method":"getUpdates","service":"nas-bot","timestamp":"2026-05-27 20:03:38"}
{"error":"socket hang up","level":"error","message":"Telegram请求失败","method":"getUpdates","service":"nas-bot","timestamp":"2026-05-27 20:03:44"}
{"error":"getaddrinfo EAI_AGAIN api.telegram.org","level":"error","message":"Telegram请求失败","method":"getUpdates","service":"nas-bot","timestamp":"2026-05-27 20:03:50"}
{"error":"socket hang up","level":"error","message":"Telegram请求失败","method":"getUpdates","service":"nas-bot","timestamp":"2026-05-27 20:03:56"}
{"error":"socket hang up","level":"error","message":"Telegram请求失败","method":"getUpdates","service":"nas-bot","timestamp":"2026-05-27 20:04:02"}
{"error":"socket hang up","level":"error","message":"Telegram请求失败","method":"getUpdates","service":"nas-bot","timestamp":"2026-05-27 20:04:08"}
{"error":"socket hang up","level":"error","message":"Telegram请求失败","method":"getUpdates","service":"nas-bot","timestamp":"2026-05-27 20:04:14"}
{"error":"getaddrinfo EAI_AGAIN api.telegram.org","level":"error","message":"Telegram请求失败","method":"getUpdates","service":"nas-bot","timestamp":"2026-05-27 20:04:20"}
{"error":"getaddrinfo EAI_AGAIN api.telegram.org","level":"error","message":"Telegram请求失败","method":"getUpdates","service":"nas-bot","timestamp":"2026-05-27 20:04:26"}
{"error":"getaddrinfo EAI_AGAIN api.telegram.org","level":"error","message":"Telegram请求失败","method":"getUpdates","service":"nas-bot","timestamp":"2026-05-27 20:04:32"}
{"error":"socket hang up","level":"error","message":"Telegram请求失败","method":"getUpdates","service":"nas-bot","timestamp":"2026-05-27 20:04:38"}
{"error":"getaddrinfo EAI_AGAIN api.telegram.org","level":"error","message":"Telegram请求失败","method":"getUpdates","service":"nas-bot","timestamp":"2026-05-27 20:04:44"}
{"error":"socket hang up","level":"error","message":"Telegram请求失败","method":"getUpdates","service":"nas-bot","timestamp":"2026-05-27 20:04:50"}
{"error":"getaddrinfo EAI_AGAIN api.telegram.org","level":"error","message":"Telegram请求失败","method":"getUpdates","service":"nas-bot","timestamp":"2026-05-27 20:04:56"}
{"error":"socket hang up","level":"error","message":"Telegram请求失败","method":"getUpdates","service":"nas-bot","timestamp":"2026-05-27 20:05:02"}
{"error":"socket hang up","level":"error","message":"Telegram请求失败","method":"getUpdates","service":"nas-bot","timestamp":"2026-05-27 20:05:08"}
{"error":"getaddrinfo EAI_AGAIN api.telegram.org","level":"error","message":"Telegram请求失败","method":"getUpdates","service":"nas-bot","timestamp":"2026-05-27 20:05:14"}
{"error":"socket hang up","level":"error","message":"Telegram请求失败","method":"getUpdates","service":"nas-bot","timestamp":"2026-05-27 20:05:20"}
{"error":"socket hang up","level":"error","message":"Telegram请求失败","method":"getUpdates","service":"nas-bot","timestamp":"2026-05-27 20:05:26"}
{"error":"socket hang up","level":"error","message":"Telegram请求失败","method":"getUpdates","service":"nas-bot","timestamp":"2026-05-27 20:05:32"}
{"error":"socket hang up","level":"error","message":"Telegram请求失败","method":"getUpdates","service":"nas-bot","timestamp":"2026-05-27 20:05:38"}
{"error":"getaddrinfo EAI_AGAIN api.telegram.org","level":"error","message":"Telegram请求失败","method":"getUpdates","service":"nas-bot","timestamp":"2026-05-27 20:05:44"}
{"error":"socket hang up","level":"error","message":"Telegram请求失败","method":"getUpdates","service":"nas-bot","timestamp":"2026-05-27 20:05:50"}
{"error":"socket hang up","level":"error","message":"Telegram请求失败","method":"getUpdates","service":"nas-bot","timestamp":"2026-05-27 20:05:56"}
{"error":"socket hang up","level":"error","message":"Telegram请求失败","method":"getUpdates","service":"nas-bot","timestamp":"2026-05-27 20:06:02"}
{"error":"socket hang up","level":"error","message":"Telegram请求失败","method":"getUpdates","service":"nas-bot","timestamp":"2026-05-27 20:06:08"}
{"error":"socket hang up","level":"error","message":"Telegram请求失败","method":"getUpdates","service":"nas-bot","timestamp":"2026-05-27 20:06:14"}
{"error":"socket hang up","level":"error","message":"Telegram请求失败","method":"getUpdates","service":"nas-bot","timestamp":"2026-05-27 20:06:20"}
{"error":"getaddrinfo EAI_AGAIN api.telegram.org","level":"error","message":"Telegram请求失败","method":"getUpdates","service":"nas-bot","timestamp":"2026-05-27 20:06:26"}
{"error":"socket hang up","level":"error","message":"Telegram请求失败","method":"getUpdates","service":"nas-bot","timestamp":"2026-05-27 20:06:32"}
{"error":"getaddrinfo EAI_AGAIN api.telegram.org","level":"error","message":"Telegram请求失败","method":"getUpdates","service":"nas-bot","timestamp":"2026-05-27 20:06:38"}
{"error":"socket hang up","level":"error","message":"Telegram请求失败","method":"getUpdates","service":"nas-bot","timestamp":"2026-05-27 20:06:44"}
{"error":"socket hang up","level":"error","message":"Telegram请求失败","method":"getUpdates","service":"nas-bot","timestamp":"2026-05-27 20:06:50"}
{"error":"getaddrinfo EAI_AGAIN api.telegram.org","level":"error","message":"Telegram请求失败","method":"getUpdates","service":"nas-bot","timestamp":"2026-05-27 20:06:56"}
{"error":"socket hang up","level":"error","message":"Telegram请求失败","method":"getUpdates","service":"nas-bot","timestamp":"2026-05-27 20:07:02"}
{"error":"socket hang up","level":"error","message":"Telegram请求失败","method":"getUpdates","service":"nas-bot","timestamp":"2026-05-27 20:07:08"}
{"error":"getaddrinfo EAI_AGAIN api.telegram.org","level":"error","message":"Telegram请求失败","method":"getUpdates","service":"nas-bot","timestamp":"2026-05-27 20:07:14"}
{"error":"getaddrinfo EAI_AGAIN api.telegram.org","level":"error","message":"Telegram请求失败","method":"getUpdates","service":"nas-bot","timestamp":"2026-05-27 20:07:20"}
{"error":"getaddrinfo EAI_AGAIN api.telegram.org","level":"error","message":"Telegram请求失败","method":"getUpdates","service":"nas-bot","timestamp":"2026-05-27 20:07:26"}
{"error":"socket hang up","level":"error","message":"Telegram请求失败","method":"getUpdates","service":"nas-bot","timestamp":"2026-05-27 20:07:32"}
{"error":"socket hang up","level":"error","message":"Telegram请求失败","method":"getUpdates","service":"nas-bot","timestamp":"2026-05-27 20:07:38"}
{"error":"getaddrinfo EAI_AGAIN api.telegram.org","level":"error","message":"Telegram请求失败","method":"getUpdates","service":"nas-bot","timestamp":"2026-05-27 20:07:44"}
{"error":"getaddrinfo EAI_AGAIN api.telegram.org","level":"error","message":"Telegram请求失败","method":"getUpdates","service":"nas-bot","timestamp":"2026-05-27 20:07:50"}
{"error":"getaddrinfo EAI_AGAIN api.telegram.org","level":"error","message":"Telegram请求失败","method":"getUpdates","service":"nas-bot","timestamp":"2026-05-27 20:07:56"}
{"error":"socket hang up","level":"error","message":"Telegram请求失败","method":"getUpdates","service":"nas-bot","timestamp":"2026-05-27 20:08:02"}
{"error":"getaddrinfo EAI_AGAIN api.telegram.org","level":"error","message":"Telegram请求失败","method":"getUpdates","service":"nas-bot","timestamp":"2026-05-27 20:08:08"}
{"error":"getaddrinfo EAI_AGAIN api.telegram.org","level":"error","message":"Telegram请求失败","method":"getUpdates","service":"nas-bot","timestamp":"2026-05-27 20:08:14"}
{"error":"getaddrinfo EAI_AGAIN api.telegram.org","level":"error","message":"Telegram请求失败","method":"getUpdates","service":"nas-bot","timestamp":"2026-05-27 20:08:20"}
{"error":"socket hang up","level":"error","message":"Telegram请求失败","method":"getUpdates","service":"nas-bot","timestamp":"2026-05-27 20:08:26"}
{"error":"socket hang up","level":"error","message":"Telegram请求失败","method":"getUpdates","service":"nas-bot","timestamp":"2026-05-27 20:08:32"}
{"error":"socket hang up","level":"error","message":"Telegram请求失败","method":"getUpdates","service":"nas-bot","timestamp":"2026-05-27 20:08:38"}
{"error":"getaddrinfo EAI_AGAIN api.telegram.org","level":"error","message":"Telegram请求失败","method":"getUpdates","service":"nas-bot","timestamp":"2026-05-27 20:08:44"}
{"error":"socket hang up","level":"error","message":"Telegram请求失败","method":"getUpdates","service":"nas-bot","timestamp":"2026-05-27 20:08:50"}
{"error":"socket hang up","level":"error","message":"Telegram请求失败","method":"getUpdates","service":"nas-bot","timestamp":"2026-05-27 20:08:56"}
{"error":"getaddrinfo EAI_AGAIN api.telegram.org","level":"error","message":"Telegram请求失败","method":"getUpdates","service":"nas-bot","timestamp":"2026-05-27 20:09:02"}
{"error":"socket hang up","level":"error","message":"Telegram请求失败","method":"getUpdates","service":"nas-bot","timestamp":"2026-05-27 20:09:08"}
{"error":"getaddrinfo EAI_AGAIN api.telegram.org","level":"error","message":"Telegram请求失败","method":"getUpdates","service":"nas-bot","timestamp":"2026-05-27 20:09:14"}
{"error":"socket hang up","level":"error","message":"Telegram请求失败","method":"getUpdates","service":"nas-bot","timestamp":"2026-05-27 20:09:20"}
{"error":"getaddrinfo EAI_AGAIN api.telegram.org","level":"error","message":"Telegram请求失败","method":"getUpdates","service":"nas-bot","timestamp":"2026-05-27 20:09:26"}
{"error":"getaddrinfo EAI_AGAIN api.telegram.org","level":"error","message":"Telegram请求失败","method":"getUpdates","service":"nas-bot","timestamp":"2026-05-27 20:09:32"}
{"error":"getaddrinfo EAI_AGAIN api.telegram.org","level":"error","message":"Telegram请求失败","method":"getUpdates","service":"nas-bot","timestamp":"2026-05-27 20:09:38"}
{"error":"socket hang up","level":"error","message":"Telegram请求失败","method":"getUpdates","service":"nas-bot","timestamp":"2026-05-27 20:09:44"}
{"error":"getaddrinfo EAI_AGAIN api.telegram.org","level":"error","message":"Telegram请求失败","method":"getUpdates","service":"nas-bot","timestamp":"2026-05-27 20:09:50"}
{"error":"getaddrinfo EAI_AGAIN api.telegram.org","level":"error","message":"Telegram请求失败","method":"getUpdates","service":"nas-bot","timestamp":"2026-05-27 20:09:56"}
{"error":"getaddrinfo EAI_AGAIN api.telegram.org","level":"error","message":"Telegram请求失败","method":"getUpdates","service":"nas-bot","timestamp":"2026-05-27 20:10:02"}
{"error":"getaddrinfo EAI_AGAIN api.telegram.org","level":"error","message":"Telegram请求失败","method":"getUpdates","service":"nas-bot","timestamp":"2026-05-27 20:10:08"}
{"error":"getaddrinfo EAI_AGAIN api.telegram.org","level":"error","message":"Telegram请求失败","method":"getUpdates","service":"nas-bot","timestamp":"2026-05-27 20:10:14"}
{"error":"","level":"error","message":"Telegram请求失败","method":"getUpdates","service":"nas-bot","timestamp":"2026-05-28 00:14:04"}
{"error":"","level":"error","message":"Telegram请求失败","method":"getUpdates","service":"nas-bot","timestamp":"2026-05-28 00:14:06"}
{"error":"","level":"error","message":"Telegram请求失败","method":"getUpdates","service":"nas-bot","timestamp":"2026-05-28 03:38:02"}
{"error":"","level":"error","message":"Telegram请求失败","method":"getUpdates","service":"nas-bot","timestamp":"2026-05-28 03:55:24"}
{"error":"","level":"error","message":"Telegram请求失败","method":"getUpdates","service":"nas-bot","timestamp":"2026-05-28 03:56:45"}
{"error":"","level":"error","message":"Telegram请求失败","method":"getUpdates","service":"nas-bot","timestamp":"2026-05-28 06:17:57"}
{"error":"","level":"error","message":"Telegram请求失败","method":"getUpdates","service":"nas-bot","timestamp":"2026-05-28 06:17:58"}
{"error":"","level":"error","message":"Telegram请求失败","method":"getUpdates","service":"nas-bot","timestamp":"2026-05-28 07:18:58"}
{"error":"","level":"error","message":"Telegram请求失败","method":"getUpdates","service":"nas-bot","timestamp":"2026-05-28 10:21:53"}
{"error":"","level":"error","message":"Telegram请求失败","method":"getUpdates","service":"nas-bot","timestamp":"2026-05-28 10:21:54"}
{"error":"","level":"error","message":"Telegram请求失败","method":"getUpdates","service":"nas-bot","timestamp":"2026-05-28 10:21:55"}
{"error":"","level":"error","message":"Telegram请求失败","method":"getUpdates","service":"nas-bot","timestamp":"2026-05-28 10:21:57"}
{"error":"","level":"error","message":"Telegram请求失败","method":"getUpdates","service":"nas-bot","timestamp":"2026-05-28 10:21:58"}
{"error":"","level":"error","message":"Telegram请求失败","method":"getUpdates","service":"nas-bot","timestamp":"2026-05-28 10:21:59"}
{"error":"","level":"error","message":"Telegram请求失败","method":"getUpdates","service":"nas-bot","timestamp":"2026-05-28 10:22:00"}
{"error":"","level":"error","message":"Telegram请求失败","method":"getUpdates","service":"nas-bot","timestamp":"2026-05-28 10:22:02"}
{"error":"","level":"error","message":"Telegram请求失败","method":"getUpdates","service":"nas-bot","timestamp":"2026-05-28 11:23:03"}
{"error":"","level":"error","message":"Telegram请求失败","method":"getUpdates","service":"nas-bot","timestamp":"2026-05-28 12:23:57"}
{"error":"","level":"error","message":"Telegram请求失败","method":"getUpdates","service":"nas-bot","timestamp":"2026-05-28 12:23:59"}
{"error":"","level":"error","message":"Telegram请求失败","method":"getUpdates","service":"nas-bot","timestamp":"2026-05-28 12:24:00"}
{"error":"","level":"error","message":"Telegram请求失败","method":"getUpdates","service":"nas-bot","timestamp":"2026-05-28 12:24:01"}
{"error":"","level":"error","message":"Telegram请求失败","method":"getUpdates","service":"nas-bot","timestamp":"2026-05-28 12:24:02"}
{"error":"","level":"error","message":"Telegram请求失败","method":"getUpdates","service":"nas-bot","timestamp":"2026-05-28 13:25:00"}
{"error":"","level":"error","message":"Telegram请求失败","method":"getUpdates","service":"nas-bot","timestamp":"2026-05-28 13:52:48"}
{"error":"","level":"error","message":"Telegram请求失败","method":"getUpdates","service":"nas-bot","timestamp":"2026-05-28 13:53:37"}
{"error":"","level":"error","message":"Telegram请求失败","method":"getUpdates","service":"nas-bot","timestamp":"2026-05-28 13:53:45"}
{"error":"","level":"error","message":"Telegram请求失败","method":"getUpdates","service":"nas-bot","timestamp":"2026-05-28 17:37:46"}
{"error":"read ETIMEDOUT","level":"error","message":"Telegram请求失败","method":"getUpdates","service":"nas-bot","timestamp":"2026-05-28 20:00:14"}
{"error":"getaddrinfo EAI_AGAIN api.telegram.org","level":"error","message":"Telegram请求失败","method":"getUpdates","service":"nas-bot","timestamp":"2026-05-28 20:00:20"}
{"error":"getaddrinfo EAI_AGAIN api.telegram.org","level":"error","message":"Telegram请求失败","method":"getUpdates","service":"nas-bot","timestamp":"2026-05-28 20:00:26"}
{"error":"socket hang up","level":"error","message":"Telegram请求失败","method":"getUpdates","service":"nas-bot","timestamp":"2026-05-28 20:00:32"}
{"error":"socket hang up","level":"error","message":"Telegram请求失败","method":"getUpdates","service":"nas-bot","timestamp":"2026-05-28 20:00:38"}
{"error":"getaddrinfo EAI_AGAIN api.telegram.org","level":"error","message":"Telegram请求失败","method":"getUpdates","service":"nas-bot","timestamp":"2026-05-28 20:00:44"}
{"error":"socket hang up","level":"error","message":"Telegram请求失败","method":"getUpdates","service":"nas-bot","timestamp":"2026-05-28 20:00:50"}
{"error":"socket hang up","level":"error","message":"Telegram请求失败","method":"getUpdates","service":"nas-bot","timestamp":"2026-05-28 20:00:56"}
{"error":"socket hang up","level":"error","message":"Telegram请求失败","method":"getUpdates","service":"nas-bot","timestamp":"2026-05-28 20:01:02"}
{"error":"socket hang up","level":"error","message":"Telegram请求失败","method":"getUpdates","service":"nas-bot","timestamp":"2026-05-28 20:01:08"}
{"error":"socket hang up","level":"error","message":"Telegram请求失败","method":"getUpdates","service":"nas-bot","timestamp":"2026-05-28 20:01:14"}
{"error":"getaddrinfo EAI_AGAIN api.telegram.org","level":"error","message":"Telegram请求失败","method":"getUpdates","service":"nas-bot","timestamp":"2026-05-28 20:01:20"}
{"error":"getaddrinfo EAI_AGAIN api.telegram.org","level":"error","message":"Telegram请求失败","method":"getUpdates","service":"nas-bot","timestamp":"2026-05-28 20:01:26"}
{"error":"socket hang up","level":"error","message":"Telegram请求失败","method":"getUpdates","service":"nas-bot","timestamp":"2026-05-28 20:01:32"}
{"error":"socket hang up","level":"error","message":"Telegram请求失败","method":"getUpdates","service":"nas-bot","timestamp":"2026-05-28 20:01:38"}
{"error":"socket hang up","level":"error","message":"Telegram请求失败","method":"getUpdates","service":"nas-bot","timestamp":"2026-05-28 20:01:44"}
{"error":"getaddrinfo EAI_AGAIN api.telegram.org","level":"error","message":"Telegram请求失败","method":"getUpdates","service":"nas-bot","timestamp":"2026-05-28 20:01:50"}
{"error":"socket hang up","level":"error","message":"Telegram请求失败","method":"getUpdates","service":"nas-bot","timestamp":"2026-05-28 20:01:56"}
{"error":"getaddrinfo EAI_AGAIN api.telegram.org","level":"error","message":"Telegram请求失败","method":"getUpdates","service":"nas-bot","timestamp":"2026-05-28 20:02:02"}
{"error":"socket hang up","level":"error","message":"Telegram请求失败","method":"getUpdates","service":"nas-bot","timestamp":"2026-05-28 20:02:08"}
{"error":"socket hang up","level":"error","message":"Telegram请求失败","method":"getUpdates","service":"nas-bot","timestamp":"2026-05-28 20:02:14"}
{"error":"socket hang up","level":"error","message":"Telegram请求失败","method":"getUpdates","service":"nas-bot","timestamp":"2026-05-28 20:02:20"}
{"error":"getaddrinfo EAI_AGAIN api.telegram.org","level":"error","message":"Telegram请求失败","method":"getUpdates","service":"nas-bot","timestamp":"2026-05-28 20:02:26"}
{"error":"socket hang up","level":"error","message":"Telegram请求失败","method":"getUpdates","service":"nas-bot","timestamp":"2026-05-28 20:02:32"}
{"error":"socket hang up","level":"error","message":"Telegram请求失败","method":"getUpdates","service":"nas-bot","timestamp":"2026-05-28 20:02:38"}
{"error":"socket hang up","level":"error","message":"Telegram请求失败","method":"getUpdates","service":"nas-bot","timestamp":"2026-05-28 20:02:44"}
{"error":"socket hang up","level":"error","message":"Telegram请求失败","method":"getUpdates","service":"nas-bot","timestamp":"2026-05-28 20:02:50"}
{"error":"socket hang up","level":"error","message":"Telegram请求失败","method":"getUpdates","service":"nas-bot","timestamp":"2026-05-28 20:02:56"}
{"error":"socket hang up","level":"error","message":"Telegram请求失败","method":"getUpdates","service":"nas-bot","timestamp":"2026-05-28 20:03:02"}
{"error":"socket hang up","level":"error","message":"Telegram请求失败","method":"getUpdates","service":"nas-bot","timestamp":"2026-05-28 20:03:08"}
{"error":"getaddrinfo EAI_AGAIN api.telegram.org","level":"error","message":"Telegram请求失败","method":"getUpdates","service":"nas-bot","timestamp":"2026-05-28 20:03:14"}
{"error":"getaddrinfo EAI_AGAIN api.telegram.org","level":"error","message":"Telegram请求失败","method":"getUpdates","service":"nas-bot","timestamp":"2026-05-28 20:03:20"}
{"error":"getaddrinfo EAI_AGAIN api.telegram.org","level":"error","message":"Telegram请求失败","method":"getUpdates","service":"nas-bot","timestamp":"2026-05-28 20:03:26"}
{"error":"socket hang up","level":"error","message":"Telegram请求失败","method":"getUpdates","service":"nas-bot","timestamp":"2026-05-28 20:03:32"}
{"error":"socket hang up","level":"error","message":"Telegram请求失败","method":"getUpdates","service":"nas-bot","timestamp":"2026-05-28 20:03:38"}
{"error":"socket hang up","level":"error","message":"Telegram请求失败","method":"getUpdates","service":"nas-bot","timestamp":"2026-05-28 20:03:44"}
{"error":"socket hang up","level":"error","message":"Telegram请求失败","method":"getUpdates","service":"nas-bot","timestamp":"2026-05-28 20:03:50"}
{"error":"socket hang up","level":"error","message":"Telegram请求失败","method":"getUpdates","service":"nas-bot","timestamp":"2026-05-28 20:03:56"}
{"error":"socket hang up","level":"error","message":"Telegram请求失败","method":"getUpdates","service":"nas-bot","timestamp":"2026-05-28 20:04:02"}
{"error":"socket hang up","level":"error","message":"Telegram请求失败","method":"getUpdates","service":"nas-bot","timestamp":"2026-05-28 20:04:08"}
{"error":"getaddrinfo EAI_AGAIN api.telegram.org","level":"error","message":"Telegram请求失败","method":"getUpdates","service":"nas-bot","timestamp":"2026-05-28 20:04:14"}
{"error":"getaddrinfo EAI_AGAIN api.telegram.org","level":"error","message":"Telegram请求失败","method":"getUpdates","service":"nas-bot","timestamp":"2026-05-28 20:04:20"}
{"error":"socket hang up","level":"error","message":"Telegram请求失败","method":"getUpdates","service":"nas-bot","timestamp":"2026-05-28 20:04:26"}
{"error":"socket hang up","level":"error","message":"Telegram请求失败","method":"getUpdates","service":"nas-bot","timestamp":"2026-05-28 20:04:32"}
{"error":"socket hang up","level":"error","message":"Telegram请求失败","method":"getUpdates","service":"nas-bot","timestamp":"2026-05-28 20:04:38"}
{"error":"socket hang up","level":"error","message":"Telegram请求失败","method":"getUpdates","service":"nas-bot","timestamp":"2026-05-28 20:04:44"}
{"error":"getaddrinfo EAI_AGAIN api.telegram.org","level":"error","message":"Telegram请求失败","method":"getUpdates","service":"nas-bot","timestamp":"2026-05-28 20:04:50"}
{"error":"getaddrinfo EAI_AGAIN api.telegram.org","level":"error","message":"Telegram请求失败","method":"getUpdates","service":"nas-bot","timestamp":"2026-05-28 20:04:56"}
{"error":"getaddrinfo EAI_AGAIN api.telegram.org","level":"error","message":"Telegram请求失败","method":"getUpdates","service":"nas-bot","timestamp":"2026-05-28 20:05:02"}
{"error":"getaddrinfo EAI_AGAIN api.telegram.org","level":"error","message":"Telegram请求失败","method":"getUpdates","service":"nas-bot","timestamp":"2026-05-28 20:05:08"}
{"error":"getaddrinfo EAI_AGAIN api.telegram.org","level":"error","message":"Telegram请求失败","method":"getUpdates","service":"nas-bot","timestamp":"2026-05-28 20:05:14"}
{"error":"getaddrinfo EAI_AGAIN api.telegram.org","level":"error","message":"Telegram请求失败","method":"getUpdates","service":"nas-bot","timestamp":"2026-05-28 20:05:20"}
{"error":"socket hang up","level":"error","message":"Telegram请求失败","method":"getUpdates","service":"nas-bot","timestamp":"2026-05-28 20:05:26"}
{"error":"socket hang up","level":"error","message":"Telegram请求失败","method":"getUpdates","service":"nas-bot","timestamp":"2026-05-28 20:05:32"}
{"error":"socket hang up","level":"error","message":"Telegram请求失败","method":"getUpdates","service":"nas-bot","timestamp":"2026-05-28 20:05:38"}
{"error":"socket hang up","level":"error","message":"Telegram请求失败","method":"getUpdates","service":"nas-bot","timestamp":"2026-05-28 20:05:44"}
{"error":"getaddrinfo EAI_AGAIN api.telegram.org","level":"error","message":"Telegram请求失败","method":"getUpdates","service":"nas-bot","timestamp":"2026-05-28 20:05:50"}
{"error":"socket hang up","level":"error","message":"Telegram请求失败","method":"getUpdates","service":"nas-bot","timestamp":"2026-05-28 20:05:56"}
{"error":"getaddrinfo EAI_AGAIN api.telegram.org","level":"error","message":"Telegram请求失败","method":"getUpdates","service":"nas-bot","timestamp":"2026-05-28 20:06:02"}
{"error":"socket hang up","level":"error","message":"Telegram请求失败","method":"getUpdates","service":"nas-bot","timestamp":"2026-05-28 20:06:08"}
{"error":"getaddrinfo EAI_AGAIN api.telegram.org","level":"error","message":"Telegram请求失败","method":"getUpdates","service":"nas-bot","timestamp":"2026-05-28 20:06:14"}
{"error":"socket hang up","level":"error","message":"Telegram请求失败","method":"getUpdates","service":"nas-bot","timestamp":"2026-05-28 20:06:20"}
{"error":"socket hang up","level":"error","message":"Telegram请求失败","method":"getUpdates","service":"nas-bot","timestamp":"2026-05-28 20:06:26"}
{"error":"socket hang up","level":"error","message":"Telegram请求失败","method":"getUpdates","service":"nas-bot","timestamp":"2026-05-28 20:06:32"}
{"error":"getaddrinfo EAI_AGAIN api.telegram.org","level":"error","message":"Telegram请求失败","method":"getUpdates","service":"nas-bot","timestamp":"2026-05-28 20:06:38"}
{"error":"socket hang up","level":"error","message":"Telegram请求失败","method":"getUpdates","service":"nas-bot","timestamp":"2026-05-28 20:06:44"}
{"error":"socket hang up","level":"error","message":"Telegram请求失败","method":"getUpdates","service":"nas-bot","timestamp":"2026-05-28 20:06:50"}
{"error":"socket hang up","level":"error","message":"Telegram请求失败","method":"getUpdates","service":"nas-bot","timestamp":"2026-05-28 20:06:56"}
{"error":"getaddrinfo EAI_AGAIN api.telegram.org","level":"error","message":"Telegram请求失败","method":"getUpdates","service":"nas-bot","timestamp":"2026-05-28 20:07:02"}
{"error":"socket hang up","level":"error","message":"Telegram请求失败","method":"getUpdates","service":"nas-bot","timestamp":"2026-05-28 20:07:08"}
{"error":"getaddrinfo EAI_AGAIN api.telegram.org","level":"error","message":"Telegram请求失败","method":"getUpdates","service":"nas-bot","timestamp":"2026-05-28 20:07:14"}
{"error":"getaddrinfo EAI_AGAIN api.telegram.org","level":"error","message":"Telegram请求失败","method":"getUpdates","service":"nas-bot","timestamp":"2026-05-28 20:07:20"}
{"error":"socket hang up","level":"error","message":"Telegram请求失败","method":"getUpdates","service":"nas-bot","timestamp":"2026-05-28 20:07:26"}
{"error":"socket hang up","level":"error","message":"Telegram请求失败","method":"getUpdates","service":"nas-bot","timestamp":"2026-05-28 20:07:32"}
{"error":"socket hang up","level":"error","message":"Telegram请求失败","method":"getUpdates","service":"nas-bot","timestamp":"2026-05-28 20:07:38"}
{"error":"socket hang up","level":"error","message":"Telegram请求失败","method":"getUpdates","service":"nas-bot","timestamp":"2026-05-28 20:07:44"}
{"error":"getaddrinfo EAI_AGAIN api.telegram.org","level":"error","message":"Telegram请求失败","method":"getUpdates","service":"nas-bot","timestamp":"2026-05-28 20:07:50"}
{"error":"getaddrinfo EAI_AGAIN api.telegram.org","level":"error","message":"Telegram请求失败","method":"getUpdates","service":"nas-bot","timestamp":"2026-05-28 20:07:56"}
{"error":"socket hang up","level":"error","message":"Telegram请求失败","method":"getUpdates","service":"nas-bot","timestamp":"2026-05-28 20:08:02"}
{"error":"getaddrinfo EAI_AGAIN api.telegram.org","level":"error","message":"Telegram请求失败","method":"getUpdates","service":"nas-bot","timestamp":"2026-05-28 20:08:08"}
{"error":"socket hang up","level":"error","message":"Telegram请求失败","method":"getUpdates","service":"nas-bot","timestamp":"2026-05-28 20:08:14"}
{"error":"socket hang up","level":"error","message":"Telegram请求失败","method":"getUpdates","service":"nas-bot","timestamp":"2026-05-28 20:08:20"}
{"error":"getaddrinfo EAI_AGAIN api.telegram.org","level":"error","message":"Telegram请求失败","method":"getUpdates","service":"nas-bot","timestamp":"2026-05-28 20:08:26"}
{"error":"socket hang up","level":"error","message":"Telegram请求失败","method":"getUpdates","service":"nas-bot","timestamp":"2026-05-28 20:08:32"}
{"error":"socket hang up","level":"error","message":"Telegram请求失败","method":"getUpdates","service":"nas-bot","timestamp":"2026-05-28 20:08:38"}
{"error":"socket hang up","level":"error","message":"Telegram请求失败","method":"getUpdates","service":"nas-bot","timestamp":"2026-05-28 20:08:44"}
{"error":"socket hang up","level":"error","message":"Telegram请求失败","method":"getUpdates","service":"nas-bot","timestamp":"2026-05-28 20:08:50"}
{"error":"socket hang up","level":"error","message":"Telegram请求失败","method":"getUpdates","service":"nas-bot","timestamp":"2026-05-28 20:08:56"}
{"error":"socket hang up","level":"error","message":"Telegram请求失败","method":"getUpdates","service":"nas-bot","timestamp":"2026-05-28 20:09:02"}
{"error":"getaddrinfo EAI_AGAIN api.telegram.org","level":"error","message":"Telegram请求失败","method":"getUpdates","service":"nas-bot","timestamp":"2026-05-28 20:09:08"}
{"error":"socket hang up","level":"error","message":"Telegram请求失败","method":"getUpdates","service":"nas-bot","timestamp":"2026-05-28 20:09:14"}
{"error":"socket hang up","level":"error","message":"Telegram请求失败","method":"getUpdates","service":"nas-bot","timestamp":"2026-05-28 20:09:20"}
{"error":"getaddrinfo EAI_AGAIN api.telegram.org","level":"error","message":"Telegram请求失败","method":"getUpdates","service":"nas-bot","timestamp":"2026-05-28 20:09:26"}
{"error":"socket hang up","level":"error","message":"Telegram请求失败","method":"getUpdates","service":"nas-bot","timestamp":"2026-05-28 20:09:32"}
{"error":"socket hang up","level":"error","message":"Telegram请求失败","method":"getUpdates","service":"nas-bot","timestamp":"2026-05-28 20:09:38"}
{"error":"socket hang up","level":"error","message":"Telegram请求失败","method":"getUpdates","service":"nas-bot","timestamp":"2026-05-28 20:09:44"}
{"error":"socket hang up","level":"error","message":"Telegram请求失败","method":"getUpdates","service":"nas-bot","timestamp":"2026-05-28 20:09:50"}
{"error":"getaddrinfo EAI_AGAIN api.telegram.org","level":"error","message":"Telegram请求失败","method":"getUpdates","service":"nas-bot","timestamp":"2026-05-28 20:09:56"}
{"error":"socket hang up","level":"error","message":"Telegram请求失败","method":"getUpdates","service":"nas-bot","timestamp":"2026-05-28 20:10:02"}
{"error":"getaddrinfo EAI_AGAIN api.telegram.org","level":"error","message":"Telegram请求失败","method":"getUpdates","service":"nas-bot","timestamp":"2026-05-28 20:10:08"}
{"error":"socket hang up","level":"error","message":"Telegram请求失败","method":"getUpdates","service":"nas-bot","timestamp":"2026-05-28 20:10:14"}
{"error":"socket hang up","level":"error","message":"Telegram请求失败","method":"getUpdates","service":"nas-bot","timestamp":"2026-05-28 20:10:20"}
{"error":"getaddrinfo EAI_AGAIN api.telegram.org","level":"error","message":"Telegram请求失败","method":"getUpdates","service":"nas-bot","timestamp":"2026-05-28 20:10:26"}
{"error":"getaddrinfo EAI_AGAIN api.telegram.org","level":"error","message":"Telegram请求失败","method":"getUpdates","service":"nas-bot","timestamp":"2026-05-28 20:10:32"}
{"error":"socket hang up","level":"error","message":"Telegram请求失败","method":"getUpdates","service":"nas-bot","timestamp":"2026-05-28 20:10:38"}
{"error":"socket hang up","level":"error","message":"Telegram请求失败","method":"getUpdates","service":"nas-bot","timestamp":"2026-05-28 20:10:44"}
{"error":"getaddrinfo EAI_AGAIN api.telegram.org","level":"error","message":"Telegram请求失败","method":"getUpdates","service":"nas-bot","timestamp":"2026-05-28 20:10:50"}
{"error":"getaddrinfo EAI_AGAIN api.telegram.org","level":"error","message":"Telegram请求失败","method":"getUpdates","service":"nas-bot","timestamp":"2026-05-28 20:10:56"}
{"error":"socket hang up","level":"error","message":"Telegram请求失败","method":"getUpdates","service":"nas-bot","timestamp":"2026-05-28 20:11:02"}
{"error":"socket hang up","level":"error","message":"Telegram请求失败","method":"getUpdates","service":"nas-bot","timestamp":"2026-05-28 20:11:08"}
{"error":"","level":"error","message":"Telegram请求失败","method":"getUpdates","service":"nas-bot","timestamp":"2026-05-29 02:16:42"}
{"error":"","level":"error","message":"Telegram请求失败","method":"getUpdates","service":"nas-bot","timestamp":"2026-05-29 02:16:43"}
{"error":"","level":"error","message":"Telegram请求失败","method":"getUpdates","service":"nas-bot","timestamp":"2026-05-29 02:16:44"}
{"error":"","level":"error","message":"Telegram请求失败","method":"getUpdates","service":"nas-bot","timestamp":"2026-05-29 06:20:25"}
{"error":"","level":"error","message":"Telegram请求失败","method":"getUpdates","service":"nas-bot","timestamp":"2026-05-29 06:20:26"}
{"error":"","level":"error","message":"Telegram请求失败","method":"getUpdates","service":"nas-bot","timestamp":"2026-05-29 06:20:28"}
{"error":"read ETIMEDOUT","level":"error","message":"Telegram请求失败","method":"getUpdates","service":"nas-bot","timestamp":"2026-05-29 07:29:09"}
{"error":"socket hang up","level":"error","message":"Telegram请求失败","method":"getUpdates","service":"nas-bot","timestamp":"2026-05-29 07:29:15"}
{"error":"socket hang up","level":"error","message":"Telegram请求失败","method":"getUpdates","service":"nas-bot","timestamp":"2026-05-29 07:29:21"}
{"error":"getaddrinfo EAI_AGAIN api.telegram.org","level":"error","message":"Telegram请求失败","method":"getUpdates","service":"nas-bot","timestamp":"2026-05-29 07:29:27"}
{"error":"socket hang up","level":"error","message":"Telegram请求失败","method":"getUpdates","service":"nas-bot","timestamp":"2026-05-29 07:29:33"}
{"error":"socket hang up","level":"error","message":"Telegram请求失败","method":"getUpdates","service":"nas-bot","timestamp":"2026-05-29 07:29:39"}
{"error":"","level":"error","message":"Telegram请求失败","method":"getUpdates","service":"nas-bot","timestamp":"2026-05-29 07:29:40"}
{"error":"","level":"error","message":"Telegram请求失败","method":"getUpdates","service":"nas-bot","timestamp":"2026-05-29 07:29:41"}
{"error":"","level":"error","message":"Telegram请求失败","method":"getUpdates","service":"nas-bot","timestamp":"2026-05-29 07:29:42"}
{"error":"","level":"error","message":"Telegram请求失败","method":"getUpdates","service":"nas-bot","timestamp":"2026-05-29 07:29:43"}
{"error":"","level":"error","message":"Telegram请求失败","method":"getUpdates","service":"nas-bot","timestamp":"2026-05-29 07:29:44"}
{"error":"","level":"error","message":"Telegram请求失败","method":"getUpdates","service":"nas-bot","timestamp":"2026-05-29 07:29:45"}
{"error":"","level":"error","message":"Telegram请求失败","method":"getUpdates","service":"nas-bot","timestamp":"2026-05-29 07:29:46"}
{"error":"","level":"error","message":"Telegram请求失败","method":"getUpdates","service":"nas-bot","timestamp":"2026-05-29 07:29:47"}
{"error":"","level":"error","message":"Telegram请求失败","method":"getUpdates","service":"nas-bot","timestamp":"2026-05-29 07:29:48"}
{"error":"","level":"error","message":"Telegram请求失败","method":"getUpdates","service":"nas-bot","timestamp":"2026-05-29 07:29:49"}
{"error":"","level":"error","message":"Telegram请求失败","method":"getUpdates","service":"nas-bot","timestamp":"2026-05-29 07:29:50"}
{"error":"","level":"error","message":"Telegram请求失败","method":"getUpdates","service":"nas-bot","timestamp":"2026-05-29 07:29:51"}
{"error":"","level":"error","message":"Telegram请求失败","method":"getUpdates","service":"nas-bot","timestamp":"2026-05-29 07:29:52"}
{"error":"","level":"error","message":"Telegram请求失败","method":"getUpdates","service":"nas-bot","timestamp":"2026-05-29 07:29:53"}
{"error":"","level":"error","message":"Telegram请求失败","method":"getUpdates","service":"nas-bot","timestamp":"2026-05-29 07:29:54"}
{"error":"","level":"error","message":"Telegram请求失败","method":"getUpdates","service":"nas-bot","timestamp":"2026-05-29 09:31:51"}
{"error":"","level":"error","message":"Telegram请求失败","method":"getUpdates","service":"nas-bot","timestamp":"2026-05-29 12:17:03"}
{"error":"","level":"error","message":"Telegram请求失败","method":"getUpdates","service":"nas-bot","timestamp":"2026-05-29 13:18:04"}
{"error":"","level":"error","message":"Telegram请求失败","method":"getUpdates","service":"nas-bot","timestamp":"2026-05-29 13:18:05"}
{"error":"","level":"error","message":"Telegram请求失败","method":"getUpdates","service":"nas-bot","timestamp":"2026-05-29 13:18:07"}
{"error":"","level":"error","message":"Telegram请求失败","method":"getUpdates","service":"nas-bot","timestamp":"2026-05-29 13:18:08"}
{"error":"","level":"error","message":"Telegram请求失败","method":"getUpdates","service":"nas-bot","timestamp":"2026-05-29 13:18:09"}
{"error":"","level":"error","message":"Telegram请求失败","method":"getUpdates","service":"nas-bot","timestamp":"2026-05-29 13:18:10"}
{"error":"","level":"error","message":"Telegram请求失败","method":"getUpdates","service":"nas-bot","timestamp":"2026-05-29 13:18:12"}
{"error":"","level":"error","message":"Telegram请求失败","method":"getUpdates","service":"nas-bot","timestamp":"2026-05-29 13:18:13"}
{"error":"","level":"error","message":"Telegram请求失败","method":"getUpdates","service":"nas-bot","timestamp":"2026-05-29 13:18:14"}
{"error":"","level":"error","message":"Telegram请求失败","method":"getUpdates","service":"nas-bot","timestamp":"2026-05-29 13:18:15"}
{"error":"","level":"error","message":"Telegram请求失败","method":"getUpdates","service":"nas-bot","timestamp":"2026-05-29 13:18:17"}
{"error":"","level":"error","message":"Telegram请求失败","method":"getUpdates","service":"nas-bot","timestamp":"2026-05-29 13:18:18"}
{"error":"","level":"error","message":"Telegram请求失败","method":"getUpdates","service":"nas-bot","timestamp":"2026-05-29 13:18:19"}
{"error":"","level":"error","message":"Telegram请求失败","method":"getUpdates","service":"nas-bot","timestamp":"2026-05-29 13:18:20"}
{"error":"","level":"error","message":"Telegram请求失败","method":"getUpdates","service":"nas-bot","timestamp":"2026-05-29 13:18:22"}
{"error":"","level":"error","message":"Telegram请求失败","method":"getUpdates","service":"nas-bot","timestamp":"2026-05-29 13:18:23"}
{"error":"","level":"error","message":"Telegram请求失败","method":"getUpdates","service":"nas-bot","timestamp":"2026-05-29 13:18:24"}
{"error":"","level":"error","message":"Telegram请求失败","method":"getUpdates","service":"nas-bot","timestamp":"2026-05-29 13:18:25"}
{"error":"","level":"error","message":"Telegram请求失败","method":"getUpdates","service":"nas-bot","timestamp":"2026-05-29 13:18:27"}
{"error":"","level":"error","message":"Telegram请求失败","method":"getUpdates","service":"nas-bot","timestamp":"2026-05-29 13:18:28"}
{"error":"","level":"error","message":"Telegram请求失败","method":"getUpdates","service":"nas-bot","timestamp":"2026-05-29 13:18:29"}
{"error":"","level":"error","message":"Telegram请求失败","method":"getUpdates","service":"nas-bot","timestamp":"2026-05-29 13:18:31"}
{"error":"","level":"error","message":"Telegram请求失败","method":"getUpdates","service":"nas-bot","timestamp":"2026-05-29 13:18:32"}
{"error":"","level":"error","message":"Telegram请求失败","method":"getUpdates","service":"nas-bot","timestamp":"2026-05-29 13:18:33"}
{"error":"","level":"error","message":"Telegram请求失败","method":"getUpdates","service":"nas-bot","timestamp":"2026-05-29 13:18:34"}
{"error":"","level":"error","message":"Telegram请求失败","method":"getUpdates","service":"nas-bot","timestamp":"2026-05-29 13:18:36"}
{"error":"","level":"error","message":"Telegram请求失败","method":"getUpdates","service":"nas-bot","timestamp":"2026-05-29 13:18:37"}
{"error":"","level":"error","message":"Telegram请求失败","method":"getUpdates","service":"nas-bot","timestamp":"2026-05-29 13:18:38"}
{"error":"","level":"error","message":"Telegram请求失败","method":"getUpdates","service":"nas-bot","timestamp":"2026-05-29 13:18:39"}
{"error":"","level":"error","message":"Telegram请求失败","method":"getUpdates","service":"nas-bot","timestamp":"2026-05-29 13:18:41"}
{"error":"","level":"error","message":"Telegram请求失败","method":"getUpdates","service":"nas-bot","timestamp":"2026-05-29 13:18:42"}
{"error":"","level":"error","message":"Telegram请求失败","method":"getUpdates","service":"nas-bot","timestamp":"2026-05-29 13:18:43"}
{"error":"","level":"error","message":"Telegram请求失败","method":"getUpdates","service":"nas-bot","timestamp":"2026-05-29 13:18:44"}
{"error":"","level":"error","message":"Telegram请求失败","method":"getUpdates","service":"nas-bot","timestamp":"2026-05-29 13:18:46"}
{"error":"","level":"error","message":"Telegram请求失败","method":"getUpdates","service":"nas-bot","timestamp":"2026-05-29 13:18:47"}
{"error":"","level":"error","message":"Telegram请求失败","method":"getUpdates","service":"nas-bot","timestamp":"2026-05-29 13:18:48"}
{"error":"","level":"error","message":"Telegram请求失败","method":"getUpdates","service":"nas-bot","timestamp":"2026-05-29 13:18:49"}
{"error":"","level":"error","message":"Telegram请求失败","method":"getUpdates","service":"nas-bot","timestamp":"2026-05-29 13:18:51"}
{"error":"","level":"error","message":"Telegram请求失败","method":"getUpdates","service":"nas-bot","timestamp":"2026-05-29 13:18:52"}
{"error":"","level":"error","message":"Telegram请求失败","method":"getUpdates","service":"nas-bot","timestamp":"2026-05-29 13:18:53"}
{"error":"","level":"error","message":"Telegram请求失败","method":"getUpdates","service":"nas-bot","timestamp":"2026-05-29 13:18:54"}
{"error":"","level":"error","message":"Telegram请求失败","method":"getUpdates","service":"nas-bot","timestamp":"2026-05-29 13:18:56"}
{"error":"","level":"error","message":"Telegram请求失败","method":"getUpdates","service":"nas-bot","timestamp":"2026-05-29 13:18:57"}
{"error":"","level":"error","message":"Telegram请求失败","method":"getUpdates","service":"nas-bot","timestamp":"2026-05-29 13:18:58"}
{"error":"","level":"error","message":"Telegram请求失败","method":"getUpdates","service":"nas-bot","timestamp":"2026-05-29 13:18:59"}
{"error":"","level":"error","message":"Telegram请求失败","method":"getUpdates","service":"nas-bot","timestamp":"2026-05-29 13:19:01"}
{"error":"","level":"error","message":"Telegram请求失败","method":"getUpdates","service":"nas-bot","timestamp":"2026-05-29 13:19:02"}
{"error":"","level":"error","message":"Telegram请求失败","method":"getUpdates","service":"nas-bot","timestamp":"2026-05-29 13:19:03"}
{"error":"","level":"error","message":"Telegram请求失败","method":"getUpdates","service":"nas-bot","timestamp":"2026-05-29 13:19:04"}
{"error":"","level":"error","message":"Telegram请求失败","method":"getUpdates","service":"nas-bot","timestamp":"2026-05-29 13:19:06"}
{"error":"","level":"error","message":"Telegram请求失败","method":"getUpdates","service":"nas-bot","timestamp":"2026-05-29 13:19:07"}
{"error":"","level":"error","message":"Telegram请求失败","method":"getUpdates","service":"nas-bot","timestamp":"2026-05-29 13:19:08"}
{"error":"","level":"error","message":"Telegram请求失败","method":"getUpdates","service":"nas-bot","timestamp":"2026-05-29 13:19:09"}
{"error":"","level":"error","message":"Telegram请求失败","method":"getUpdates","service":"nas-bot","timestamp":"2026-05-29 13:19:11"}
{"error":"","level":"error","message":"Telegram请求失败","method":"getUpdates","service":"nas-bot","timestamp":"2026-05-29 13:19:12"}
{"error":"","level":"error","message":"Telegram请求失败","method":"getUpdates","service":"nas-bot","timestamp":"2026-05-29 13:19:13"}
{"error":"","level":"error","message":"Telegram请求失败","method":"getUpdates","service":"nas-bot","timestamp":"2026-05-29 13:19:14"}
{"error":"","level":"error","message":"Telegram请求失败","method":"getUpdates","service":"nas-bot","timestamp":"2026-05-29 13:19:16"}
{"error":"read ETIMEDOUT","level":"error","message":"Telegram请求失败","method":"getUpdates","service":"nas-bot","timestamp":"2026-05-29 20:00:13"}
{"error":"socket hang up","level":"error","message":"Telegram请求失败","method":"getUpdates","service":"nas-bot","timestamp":"2026-05-29 20:00:19"}
{"error":"getaddrinfo EAI_AGAIN api.telegram.org","level":"error","message":"Telegram请求失败","method":"getUpdates","service":"nas-bot","timestamp":"2026-05-29 20:00:25"}
{"error":"socket hang up","level":"error","message":"Telegram请求失败","method":"getUpdates","service":"nas-bot","timestamp":"2026-05-29 20:00:31"}
{"error":"getaddrinfo EAI_AGAIN api.telegram.org","level":"error","message":"Telegram请求失败","method":"getUpdates","service":"nas-bot","timestamp":"2026-05-29 20:00:37"}
{"error":"getaddrinfo EAI_AGAIN api.telegram.org","level":"error","message":"Telegram请求失败","method":"getUpdates","service":"nas-bot","timestamp":"2026-05-29 20:00:43"}
{"error":"socket hang up","level":"error","message":"Telegram请求失败","method":"getUpdates","service":"nas-bot","timestamp":"2026-05-29 20:00:49"}
{"error":"socket hang up","level":"error","message":"Telegram请求失败","method":"getUpdates","service":"nas-bot","timestamp":"2026-05-29 20:00:55"}
{"error":"socket hang up","level":"error","message":"Telegram请求失败","method":"getUpdates","service":"nas-bot","timestamp":"2026-05-29 20:01:01"}
{"error":"getaddrinfo EAI_AGAIN api.telegram.org","level":"error","message":"Telegram请求失败","method":"getUpdates","service":"nas-bot","timestamp":"2026-05-29 20:01:07"}
{"error":"getaddrinfo EAI_AGAIN api.telegram.org","level":"error","message":"Telegram请求失败","method":"getUpdates","service":"nas-bot","timestamp":"2026-05-29 20:01:13"}
{"error":"getaddrinfo EAI_AGAIN api.telegram.org","level":"error","message":"Telegram请求失败","method":"getUpdates","service":"nas-bot","timestamp":"2026-05-29 20:01:19"}
{"error":"getaddrinfo EAI_AGAIN api.telegram.org","level":"error","message":"Telegram请求失败","method":"getUpdates","service":"nas-bot","timestamp":"2026-05-29 20:01:25"}
{"error":"socket hang up","level":"error","message":"Telegram请求失败","method":"getUpdates","service":"nas-bot","timestamp":"2026-05-29 20:01:31"}
{"error":"socket hang up","level":"error","message":"Telegram请求失败","method":"getUpdates","service":"nas-bot","timestamp":"2026-05-29 20:01:37"}
{"error":"getaddrinfo EAI_AGAIN api.telegram.org","level":"error","message":"Telegram请求失败","method":"getUpdates","service":"nas-bot","timestamp":"2026-05-29 20:01:43"}
{"error":"getaddrinfo EAI_AGAIN api.telegram.org","level":"error","message":"Telegram请求失败","method":"getUpdates","service":"nas-bot","timestamp":"2026-05-29 20:01:49"}
{"error":"socket hang up","level":"error","message":"Telegram请求失败","method":"getUpdates","service":"nas-bot","timestamp":"2026-05-29 20:01:55"}
{"error":"socket hang up","level":"error","message":"Telegram请求失败","method":"getUpdates","service":"nas-bot","timestamp":"2026-05-29 20:02:01"}
{"error":"socket hang up","level":"error","message":"Telegram请求失败","method":"getUpdates","service":"nas-bot","timestamp":"2026-05-29 20:02:07"}
{"error":"getaddrinfo EAI_AGAIN api.telegram.org","level":"error","message":"Telegram请求失败","method":"getUpdates","service":"nas-bot","timestamp":"2026-05-29 20:02:13"}
{"error":"socket hang up","level":"error","message":"Telegram请求失败","method":"getUpdates","service":"nas-bot","timestamp":"2026-05-29 20:02:19"}
{"error":"getaddrinfo EAI_AGAIN api.telegram.org","level":"error","message":"Telegram请求失败","method":"getUpdates","service":"nas-bot","timestamp":"2026-05-29 20:02:25"}
{"error":"socket hang up","level":"error","message":"Telegram请求失败","method":"getUpdates","service":"nas-bot","timestamp":"2026-05-29 20:02:31"}
{"error":"socket hang up","level":"error","message":"Telegram请求失败","method":"getUpdates","service":"nas-bot","timestamp":"2026-05-29 20:02:37"}
{"error":"socket hang up","level":"error","message":"Telegram请求失败","method":"getUpdates","service":"nas-bot","timestamp":"2026-05-29 20:02:43"}
{"error":"getaddrinfo EAI_AGAIN api.telegram.org","level":"error","message":"Telegram请求失败","method":"getUpdates","service":"nas-bot","timestamp":"2026-05-29 20:02:49"}
{"error":"socket hang up","level":"error","message":"Telegram请求失败","method":"getUpdates","service":"nas-bot","timestamp":"2026-05-29 20:02:55"}
{"error":"socket hang up","level":"error","message":"Telegram请求失败","method":"getUpdates","service":"nas-bot","timestamp":"2026-05-29 20:03:01"}
{"error":"socket hang up","level":"error","message":"Telegram请求失败","method":"getUpdates","service":"nas-bot","timestamp":"2026-05-29 20:03:07"}
{"error":"socket hang up","level":"error","message":"Telegram请求失败","method":"getUpdates","service":"nas-bot","timestamp":"2026-05-29 20:03:13"}
{"error":"socket hang up","level":"error","message":"Telegram请求失败","method":"getUpdates","service":"nas-bot","timestamp":"2026-05-29 20:03:19"}
{"error":"getaddrinfo EAI_AGAIN api.telegram.org","level":"error","message":"Telegram请求失败","method":"getUpdates","service":"nas-bot","timestamp":"2026-05-29 20:03:25"}
{"error":"socket hang up","level":"error","message":"Telegram请求失败","method":"getUpdates","service":"nas-bot","timestamp":"2026-05-29 20:03:31"}
{"error":"socket hang up","level":"error","message":"Telegram请求失败","method":"getUpdates","service":"nas-bot","timestamp":"2026-05-29 20:03:37"}
{"error":"getaddrinfo EAI_AGAIN api.telegram.org","level":"error","message":"Telegram请求失败","method":"getUpdates","service":"nas-bot","timestamp":"2026-05-29 20:03:43"}
{"error":"getaddrinfo EAI_AGAIN api.telegram.org","level":"error","message":"Telegram请求失败","method":"getUpdates","service":"nas-bot","timestamp":"2026-05-29 20:03:49"}
{"error":"getaddrinfo EAI_AGAIN api.telegram.org","level":"error","message":"Telegram请求失败","method":"getUpdates","service":"nas-bot","timestamp":"2026-05-29 20:03:55"}
{"error":"socket hang up","level":"error","message":"Telegram请求失败","method":"getUpdates","service":"nas-bot","timestamp":"2026-05-29 20:04:01"}
{"error":"socket hang up","level":"error","message":"Telegram请求失败","method":"getUpdates","service":"nas-bot","timestamp":"2026-05-29 20:04:07"}
{"error":"getaddrinfo EAI_AGAIN api.telegram.org","level":"error","message":"Telegram请求失败","method":"getUpdates","service":"nas-bot","timestamp":"2026-05-29 20:04:13"}
{"error":"getaddrinfo EAI_AGAIN api.telegram.org","level":"error","message":"Telegram请求失败","method":"getUpdates","service":"nas-bot","timestamp":"2026-05-29 20:04:19"}
{"error":"socket hang up","level":"error","message":"Telegram请求失败","method":"getUpdates","service":"nas-bot","timestamp":"2026-05-29 20:04:25"}
{"error":"getaddrinfo EAI_AGAIN api.telegram.org","level":"error","message":"Telegram请求失败","method":"getUpdates","service":"nas-bot","timestamp":"2026-05-29 20:04:31"}
{"error":"socket hang up","level":"error","message":"Telegram请求失败","method":"getUpdates","service":"nas-bot","timestamp":"2026-05-29 20:04:37"}
{"error":"socket hang up","level":"error","message":"Telegram请求失败","method":"getUpdates","service":"nas-bot","timestamp":"2026-05-29 20:04:43"}
{"error":"socket hang up","level":"error","message":"Telegram请求失败","method":"getUpdates","service":"nas-bot","timestamp":"2026-05-29 20:04:49"}
{"error":"getaddrinfo EAI_AGAIN api.telegram.org","level":"error","message":"Telegram请求失败","method":"getUpdates","service":"nas-bot","timestamp":"2026-05-29 20:04:55"}
{"error":"getaddrinfo EAI_AGAIN api.telegram.org","level":"error","message":"Telegram请求失败","method":"getUpdates","service":"nas-bot","timestamp":"2026-05-29 20:05:01"}
{"error":"getaddrinfo EAI_AGAIN api.telegram.org","level":"error","message":"Telegram请求失败","method":"getUpdates","service":"nas-bot","timestamp":"2026-05-29 20:05:07"}
{"error":"getaddrinfo EAI_AGAIN api.telegram.org","level":"error","message":"Telegram请求失败","method":"getUpdates","service":"nas-bot","timestamp":"2026-05-29 20:05:13"}
{"error":"socket hang up","level":"error","message":"Telegram请求失败","method":"getUpdates","service":"nas-bot","timestamp":"2026-05-29 20:05:19"}
{"error":"socket hang up","level":"error","message":"Telegram请求失败","method":"getUpdates","service":"nas-bot","timestamp":"2026-05-29 20:05:25"}
{"error":"socket hang up","level":"error","message":"Telegram请求失败","method":"getUpdates","service":"nas-bot","timestamp":"2026-05-29 20:05:31"}
{"error":"socket hang up","level":"error","message":"Telegram请求失败","method":"getUpdates","service":"nas-bot","timestamp":"2026-05-29 20:05:37"}
{"error":"getaddrinfo EAI_AGAIN api.telegram.org","level":"error","message":"Telegram请求失败","method":"getUpdates","service":"nas-bot","timestamp":"2026-05-29 20:05:43"}
{"error":"socket hang up","level":"error","message":"Telegram请求失败","method":"getUpdates","service":"nas-bot","timestamp":"2026-05-29 20:05:49"}
{"error":"getaddrinfo EAI_AGAIN api.telegram.org","level":"error","message":"Telegram请求失败","method":"getUpdates","service":"nas-bot","timestamp":"2026-05-29 20:05:55"}
{"error":"socket hang up","level":"error","message":"Telegram请求失败","method":"getUpdates","service":"nas-bot","timestamp":"2026-05-29 20:06:01"}
{"error":"getaddrinfo EAI_AGAIN api.telegram.org","level":"error","message":"Telegram请求失败","method":"getUpdates","service":"nas-bot","timestamp":"2026-05-29 20:06:07"}
{"error":"socket hang up","level":"error","message":"Telegram请求失败","method":"getUpdates","service":"nas-bot","timestamp":"2026-05-29 20:06:13"}
{"error":"socket hang up","level":"error","message":"Telegram请求失败","method":"getUpdates","service":"nas-bot","timestamp":"2026-05-29 20:06:19"}
{"error":"socket hang up","level":"error","message":"Telegram请求失败","method":"getUpdates","service":"nas-bot","timestamp":"2026-05-29 20:06:25"}
{"error":"socket hang up","level":"error","message":"Telegram请求失败","method":"getUpdates","service":"nas-bot","timestamp":"2026-05-29 20:06:31"}
{"error":"socket hang up","level":"error","message":"Telegram请求失败","method":"getUpdates","service":"nas-bot","timestamp":"2026-05-29 20:06:37"}
{"error":"getaddrinfo EAI_AGAIN api.telegram.org","level":"error","message":"Telegram请求失败","method":"getUpdates","service":"nas-bot","timestamp":"2026-05-29 20:06:43"}
{"error":"getaddrinfo EAI_AGAIN api.telegram.org","level":"error","message":"Telegram请求失败","method":"getUpdates","service":"nas-bot","timestamp":"2026-05-29 20:06:49"}
{"error":"getaddrinfo EAI_AGAIN api.telegram.org","level":"error","message":"Telegram请求失败","method":"getUpdates","service":"nas-bot","timestamp":"2026-05-29 20:06:55"}
{"error":"getaddrinfo EAI_AGAIN api.telegram.org","level":"error","message":"Telegram请求失败","method":"getUpdates","service":"nas-bot","timestamp":"2026-05-29 20:07:01"}
{"error":"getaddrinfo EAI_AGAIN api.telegram.org","level":"error","message":"Telegram请求失败","method":"getUpdates","service":"nas-bot","timestamp":"2026-05-29 20:07:07"}
{"error":"","level":"error","message":"Telegram请求失败","method":"getUpdates","service":"nas-bot","timestamp":"2026-05-30 06:16:42"}
{"error":"","level":"error","message":"Telegram请求失败","method":"getUpdates","service":"nas-bot","timestamp":"2026-05-30 08:18:17"}
{"error":"","level":"error","message":"Telegram请求失败","method":"getUpdates","service":"nas-bot","timestamp":"2026-05-30 08:18:18"}
{"error":"","level":"error","message":"Telegram请求失败","method":"getUpdates","service":"nas-bot","timestamp":"2026-05-30 08:18:19"}
{"error":"","level":"error","message":"Telegram请求失败","method":"getUpdates","service":"nas-bot","timestamp":"2026-05-30 08:18:21"}
{"error":"","level":"error","message":"Telegram请求失败","method":"getUpdates","service":"nas-bot","timestamp":"2026-05-30 08:18:22"}
{"error":"","level":"error","message":"Telegram请求失败","method":"getUpdates","service":"nas-bot","timestamp":"2026-05-30 08:18:23"}
{"error":"","level":"error","message":"Telegram请求失败","method":"getUpdates","service":"nas-bot","timestamp":"2026-05-30 08:18:24"}
{"error":"","level":"error","message":"Telegram请求失败","method":"getUpdates","service":"nas-bot","timestamp":"2026-05-30 08:18:26"}
{"error":"","level":"error","message":"Telegram请求失败","method":"getUpdates","service":"nas-bot","timestamp":"2026-05-30 08:18:27"}
{"error":"","level":"error","message":"Telegram请求失败","method":"getUpdates","service":"nas-bot","timestamp":"2026-05-30 08:18:28"}
{"error":"","level":"error","message":"Telegram请求失败","method":"getUpdates","service":"nas-bot","timestamp":"2026-05-30 08:18:29"}
{"error":"","level":"error","message":"Telegram请求失败","method":"getUpdates","service":"nas-bot","timestamp":"2026-05-30 08:18:31"}
{"error":"","level":"error","message":"Telegram请求失败","method":"getUpdates","service":"nas-bot","timestamp":"2026-05-30 08:18:32"}
{"error":"","level":"error","message":"Telegram请求失败","method":"getUpdates","service":"nas-bot","timestamp":"2026-05-30 08:18:33"}
{"error":"","level":"error","message":"Telegram请求失败","method":"getUpdates","service":"nas-bot","timestamp":"2026-05-30 08:18:34"}
{"error":"","level":"error","message":"Telegram请求失败","method":"getUpdates","service":"nas-bot","timestamp":"2026-05-30 08:18:36"}
{"error":"","level":"error","message":"Telegram请求失败","method":"getUpdates","service":"nas-bot","timestamp":"2026-05-30 08:18:37"}
{"error":"","level":"error","message":"Telegram请求失败","method":"getUpdates","service":"nas-bot","timestamp":"2026-05-30 08:18:38"}
{"error":"","level":"error","message":"Telegram请求失败","method":"getUpdates","service":"nas-bot","timestamp":"2026-05-30 08:18:39"}
{"error":"","level":"error","message":"Telegram请求失败","method":"getUpdates","service":"nas-bot","timestamp":"2026-05-30 08:18:41"}
{"error":"","level":"error","message":"Telegram请求失败","method":"getUpdates","service":"nas-bot","timestamp":"2026-05-30 08:18:42"}
{"error":"","level":"error","message":"Telegram请求失败","method":"getUpdates","service":"nas-bot","timestamp":"2026-05-30 08:18:43"}
{"error":"","level":"error","message":"Telegram请求失败","method":"getUpdates","service":"nas-bot","timestamp":"2026-05-30 08:18:44"}
{"error":"","level":"error","message":"Telegram请求失败","method":"getUpdates","service":"nas-bot","timestamp":"2026-05-30 08:18:46"}
{"error":"","level":"error","message":"Telegram请求失败","method":"getUpdates","service":"nas-bot","timestamp":"2026-05-30 08:18:47"}
{"error":"","level":"error","message":"Telegram请求失败","method":"getUpdates","service":"nas-bot","timestamp":"2026-05-30 08:18:48"}
{"error":"","level":"error","message":"Telegram请求失败","method":"getUpdates","service":"nas-bot","timestamp":"2026-05-30 08:18:49"}
{"error":"","level":"error","message":"Telegram请求失败","method":"getUpdates","service":"nas-bot","timestamp":"2026-05-30 08:18:51"}
{"error":"","level":"error","message":"Telegram请求失败","method":"getUpdates","service":"nas-bot","timestamp":"2026-05-30 08:18:52"}
{"error":"","level":"error","message":"Telegram请求失败","method":"getUpdates","service":"nas-bot","timestamp":"2026-05-30 08:18:53"}
{"error":"","level":"error","message":"Telegram请求失败","method":"getUpdates","service":"nas-bot","timestamp":"2026-05-30 08:18:55"}
{"error":"","level":"error","message":"Telegram请求失败","method":"getUpdates","service":"nas-bot","timestamp":"2026-05-30 08:18:56"}
{"error":"","level":"error","message":"Telegram请求失败","method":"getUpdates","service":"nas-bot","timestamp":"2026-05-30 08:18:57"}
{"error":"","level":"error","message":"Telegram请求失败","method":"getUpdates","service":"nas-bot","timestamp":"2026-05-30 08:18:58"}
{"error":"","level":"error","message":"Telegram请求失败","method":"getUpdates","service":"nas-bot","timestamp":"2026-05-30 08:19:00"}
{"error":"","level":"error","message":"Telegram请求失败","method":"getUpdates","service":"nas-bot","timestamp":"2026-05-30 08:19:01"}
{"error":"","level":"error","message":"Telegram请求失败","method":"getUpdates","service":"nas-bot","timestamp":"2026-05-30 08:19:02"}
{"error":"","level":"error","message":"Telegram请求失败","method":"getUpdates","service":"nas-bot","timestamp":"2026-05-30 08:19:03"}
{"error":"","level":"error","message":"Telegram请求失败","method":"getUpdates","service":"nas-bot","timestamp":"2026-05-30 08:19:05"}
{"error":"","level":"error","message":"Telegram请求失败","method":"getUpdates","service":"nas-bot","timestamp":"2026-05-30 08:19:06"}
{"error":"","level":"error","message":"Telegram请求失败","method":"getUpdates","service":"nas-bot","timestamp":"2026-05-30 08:19:07"}
{"error":"","level":"error","message":"Telegram请求失败","method":"getUpdates","service":"nas-bot","timestamp":"2026-05-30 08:19:08"}
{"error":"","level":"error","message":"Telegram请求失败","method":"getUpdates","service":"nas-bot","timestamp":"2026-05-30 08:19:10"}
{"error":"","level":"error","message":"Telegram请求失败","method":"getUpdates","service":"nas-bot","timestamp":"2026-05-30 08:19:11"}
{"error":"","level":"error","message":"Telegram请求失败","method":"getUpdates","service":"nas-bot","timestamp":"2026-05-30 08:19:12"}
{"error":"","level":"error","message":"Telegram请求失败","method":"getUpdates","service":"nas-bot","timestamp":"2026-05-30 08:19:13"}
{"error":"","level":"error","message":"Telegram请求失败","method":"getUpdates","service":"nas-bot","timestamp":"2026-05-30 08:19:15"}
{"error":"","level":"error","message":"Telegram请求失败","method":"getUpdates","service":"nas-bot","timestamp":"2026-05-30 08:19:16"}
{"error":"","level":"error","message":"Telegram请求失败","method":"getUpdates","service":"nas-bot","timestamp":"2026-05-30 08:19:17"}
{"error":"","level":"error","message":"Telegram请求失败","method":"getUpdates","service":"nas-bot","timestamp":"2026-05-30 08:19:18"}
{"error":"","level":"error","message":"Telegram请求失败","method":"getUpdates","service":"nas-bot","timestamp":"2026-05-30 08:19:20"}
{"error":"","level":"error","message":"Telegram请求失败","method":"getUpdates","service":"nas-bot","timestamp":"2026-05-30 08:19:21"}
{"error":"","level":"error","message":"Telegram请求失败","method":"getUpdates","service":"nas-bot","timestamp":"2026-05-30 08:19:22"}
{"error":"","level":"error","message":"Telegram请求失败","method":"getUpdates","service":"nas-bot","timestamp":"2026-05-30 08:19:23"}
{"error":"","level":"error","message":"Telegram请求失败","method":"getUpdates","service":"nas-bot","timestamp":"2026-05-30 08:19:25"}
{"error":"","level":"error","message":"Telegram请求失败","method":"getUpdates","service":"nas-bot","timestamp":"2026-05-30 08:19:26"}
{"error":"","level":"error","message":"Telegram请求失败","method":"getUpdates","service":"nas-bot","timestamp":"2026-05-30 08:19:27"}
{"error":"","level":"error","message":"Telegram请求失败","method":"getUpdates","service":"nas-bot","timestamp":"2026-05-30 08:19:28"}
{"error":"","level":"error","message":"Telegram请求失败","method":"getUpdates","service":"nas-bot","timestamp":"2026-05-30 08:19:30"}
{"error":"","level":"error","message":"Telegram请求失败","method":"getUpdates","service":"nas-bot","timestamp":"2026-05-30 08:19:31"}
{"error":"","level":"error","message":"Telegram请求失败","method":"getUpdates","service":"nas-bot","timestamp":"2026-05-30 08:19:32"}
{"error":"","level":"error","message":"Telegram请求失败","method":"getUpdates","service":"nas-bot","timestamp":"2026-05-30 08:19:33"}
{"error":"","level":"error","message":"Telegram请求失败","method":"getUpdates","service":"nas-bot","timestamp":"2026-05-30 08:19:35"}
{"error":"","level":"error","message":"Telegram请求失败","method":"getUpdates","service":"nas-bot","timestamp":"2026-05-30 08:19:36"}
{"error":"","level":"error","message":"Telegram请求失败","method":"getUpdates","service":"nas-bot","timestamp":"2026-05-30 08:19:37"}
{"error":"","level":"error","message":"Telegram请求失败","method":"getUpdates","service":"nas-bot","timestamp":"2026-05-30 08:19:38"}
{"error":"","level":"error","message":"Telegram请求失败","method":"getUpdates","service":"nas-bot","timestamp":"2026-05-30 08:19:40"}
{"error":"","level":"error","message":"Telegram请求失败","method":"getUpdates","service":"nas-bot","timestamp":"2026-05-30 08:19:41"}
{"error":"","level":"error","message":"Telegram请求失败","method":"getUpdates","service":"nas-bot","timestamp":"2026-05-30 08:19:42"}
{"error":"","level":"error","message":"Telegram请求失败","method":"getUpdates","service":"nas-bot","timestamp":"2026-05-30 08:19:43"}
{"error":"","level":"error","message":"Telegram请求失败","method":"getUpdates","service":"nas-bot","timestamp":"2026-05-30 08:19:45"}
{"error":"","level":"error","message":"Telegram请求失败","method":"getUpdates","service":"nas-bot","timestamp":"2026-05-30 08:19:46"}
{"error":"","level":"error","message":"Telegram请求失败","method":"getUpdates","service":"nas-bot","timestamp":"2026-05-30 08:19:47"}
{"error":"","level":"error","message":"Telegram请求失败","method":"getUpdates","service":"nas-bot","timestamp":"2026-05-30 08:19:48"}
{"error":"","level":"error","message":"Telegram请求失败","method":"getUpdates","service":"nas-bot","timestamp":"2026-05-30 08:19:50"}
{"error":"","level":"error","message":"Telegram请求失败","method":"getUpdates","service":"nas-bot","timestamp":"2026-05-30 08:19:51"}
{"error":"","level":"error","message":"Telegram请求失败","method":"getUpdates","service":"nas-bot","timestamp":"2026-05-30 08:19:52"}
{"error":"","level":"error","message":"Telegram请求失败","method":"getUpdates","service":"nas-bot","timestamp":"2026-05-30 08:19:54"}
{"error":"","level":"error","message":"Telegram请求失败","method":"getUpdates","service":"nas-bot","timestamp":"2026-05-30 08:19:55"}
{"error":"","level":"error","message":"Telegram请求失败","method":"getUpdates","service":"nas-bot","timestamp":"2026-05-30 08:19:56"}
{"error":"","level":"error","message":"Telegram请求失败","method":"getUpdates","service":"nas-bot","timestamp":"2026-05-30 08:19:57"}
{"error":"","level":"error","message":"Telegram请求失败","method":"getUpdates","service":"nas-bot","timestamp":"2026-05-30 08:19:59"}
{"error":"","level":"error","message":"Telegram请求失败","method":"getUpdates","service":"nas-bot","timestamp":"2026-05-30 08:20:00"}
{"error":"","level":"error","message":"Telegram请求失败","method":"getUpdates","service":"nas-bot","timestamp":"2026-05-30 08:20:01"}
{"error":"","level":"error","message":"Telegram请求失败","method":"getUpdates","service":"nas-bot","timestamp":"2026-05-30 08:20:02"}
{"error":"","level":"error","message":"Telegram请求失败","method":"getUpdates","service":"nas-bot","timestamp":"2026-05-30 08:20:04"}
{"error":"","level":"error","message":"Telegram请求失败","method":"getUpdates","service":"nas-bot","timestamp":"2026-05-30 08:20:05"}
{"error":"","level":"error","message":"Telegram请求失败","method":"getUpdates","service":"nas-bot","timestamp":"2026-05-30 08:20:06"}
{"error":"","level":"error","message":"Telegram请求失败","method":"getUpdates","service":"nas-bot","timestamp":"2026-05-30 08:20:07"}
{"error":"","level":"error","message":"Telegram请求失败","method":"getUpdates","service":"nas-bot","timestamp":"2026-05-30 08:20:09"}
{"error":"","level":"error","message":"Telegram请求失败","method":"getUpdates","service":"nas-bot","timestamp":"2026-05-30 08:20:10"}
{"error":"","level":"error","message":"Telegram请求失败","method":"getUpdates","service":"nas-bot","timestamp":"2026-05-30 08:20:11"}
{"error":"","level":"error","message":"Telegram请求失败","method":"getUpdates","service":"nas-bot","timestamp":"2026-05-30 08:20:12"}
{"error":"","level":"error","message":"Telegram请求失败","method":"getUpdates","service":"nas-bot","timestamp":"2026-05-30 08:20:14"}
{"error":"","level":"error","message":"Telegram请求失败","method":"getUpdates","service":"nas-bot","timestamp":"2026-05-30 08:20:15"}
{"error":"","level":"error","message":"Telegram请求失败","method":"getUpdates","service":"nas-bot","timestamp":"2026-05-30 08:20:16"}
{"error":"","level":"error","message":"Telegram请求失败","method":"getUpdates","service":"nas-bot","timestamp":"2026-05-30 08:20:17"}
{"error":"","level":"error","message":"Telegram请求失败","method":"getUpdates","service":"nas-bot","timestamp":"2026-05-30 08:20:19"}
{"error":"","level":"error","message":"Telegram请求失败","method":"getUpdates","service":"nas-bot","timestamp":"2026-05-30 08:20:20"}
{"error":"","level":"error","message":"Telegram请求失败","method":"getUpdates","service":"nas-bot","timestamp":"2026-05-30 08:20:21"}
{"error":"","level":"error","message":"Telegram请求失败","method":"getUpdates","service":"nas-bot","timestamp":"2026-05-30 08:20:22"}
{"error":"","level":"error","message":"Telegram请求失败","method":"getUpdates","service":"nas-bot","timestamp":"2026-05-30 08:20:24"}
{"error":"","level":"error","message":"Telegram请求失败","method":"getUpdates","service":"nas-bot","timestamp":"2026-05-30 08:20:25"}
{"error":"","level":"error","message":"Telegram请求失败","method":"getUpdates","service":"nas-bot","timestamp":"2026-05-30 08:20:26"}
{"error":"","level":"error","message":"Telegram请求失败","method":"getUpdates","service":"nas-bot","timestamp":"2026-05-30 08:20:27"}
{"error":"","level":"error","message":"Telegram请求失败","method":"getUpdates","service":"nas-bot","timestamp":"2026-05-30 08:20:29"}
{"error":"","level":"error","message":"Telegram请求失败","method":"getUpdates","service":"nas-bot","timestamp":"2026-05-30 08:20:30"}
{"error":"","level":"error","message":"Telegram请求失败","method":"getUpdates","service":"nas-bot","timestamp":"2026-05-30 08:20:31"}
{"error":"","level":"error","message":"Telegram请求失败","method":"getUpdates","service":"nas-bot","timestamp":"2026-05-30 08:20:32"}
{"error":"","level":"error","message":"Telegram请求失败","method":"getUpdates","service":"nas-bot","timestamp":"2026-05-30 08:20:34"}
{"error":"","level":"error","message":"Telegram请求失败","method":"getUpdates","service":"nas-bot","timestamp":"2026-05-30 08:20:35"}
{"error":"","level":"error","message":"Telegram请求失败","method":"getUpdates","service":"nas-bot","timestamp":"2026-05-30 08:20:36"}
{"error":"","level":"error","message":"Telegram请求失败","method":"getUpdates","service":"nas-bot","timestamp":"2026-05-30 08:20:37"}
{"error":"","level":"error","message":"Telegram请求失败","method":"getUpdates","service":"nas-bot","timestamp":"2026-05-30 08:20:39"}
{"error":"","level":"error","message":"Telegram请求失败","method":"getUpdates","service":"nas-bot","timestamp":"2026-05-30 08:20:40"}
{"error":"","level":"error","message":"Telegram请求失败","method":"getUpdates","service":"nas-bot","timestamp":"2026-05-30 08:20:41"}
{"error":"","level":"error","message":"Telegram请求失败","method":"getUpdates","service":"nas-bot","timestamp":"2026-05-30 08:20:42"}
{"error":"","level":"error","message":"Telegram请求失败","method":"getUpdates","service":"nas-bot","timestamp":"2026-05-30 08:20:44"}
{"error":"","level":"error","message":"Telegram请求失败","method":"getUpdates","service":"nas-bot","timestamp":"2026-05-30 08:20:45"}
{"error":"","level":"error","message":"Telegram请求失败","method":"getUpdates","service":"nas-bot","timestamp":"2026-05-30 08:20:46"}
{"error":"","level":"error","message":"Telegram请求失败","method":"getUpdates","service":"nas-bot","timestamp":"2026-05-30 08:20:48"}
{"error":"","level":"error","message":"Telegram请求失败","method":"getUpdates","service":"nas-bot","timestamp":"2026-05-30 08:20:49"}
{"error":"","level":"error","message":"Telegram请求失败","method":"getUpdates","service":"nas-bot","timestamp":"2026-05-30 08:20:50"}
{"error":"","level":"error","message":"Telegram请求失败","method":"getUpdates","service":"nas-bot","timestamp":"2026-05-30 08:20:51"}
{"error":"","level":"error","message":"Telegram请求失败","method":"getUpdates","service":"nas-bot","timestamp":"2026-05-30 08:20:53"}
{"error":"","level":"error","message":"Telegram请求失败","method":"getUpdates","service":"nas-bot","timestamp":"2026-05-30 08:20:54"}
{"error":"","level":"error","message":"Telegram请求失败","method":"getUpdates","service":"nas-bot","timestamp":"2026-05-30 08:20:55"}
{"error":"","level":"error","message":"Telegram请求失败","method":"getUpdates","service":"nas-bot","timestamp":"2026-05-30 08:20:56"}
{"error":"","level":"error","message":"Telegram请求失败","method":"getUpdates","service":"nas-bot","timestamp":"2026-05-30 08:20:58"}
{"error":"","level":"error","message":"Telegram请求失败","method":"getUpdates","service":"nas-bot","timestamp":"2026-05-30 08:20:59"}
{"error":"","level":"error","message":"Telegram请求失败","method":"getUpdates","service":"nas-bot","timestamp":"2026-05-30 08:21:00"}
{"error":"","level":"error","message":"Telegram请求失败","method":"getUpdates","service":"nas-bot","timestamp":"2026-05-30 08:21:01"}
{"error":"","level":"error","message":"Telegram请求失败","method":"getUpdates","service":"nas-bot","timestamp":"2026-05-30 08:21:03"}
{"error":"","level":"error","message":"Telegram请求失败","method":"getUpdates","service":"nas-bot","timestamp":"2026-05-30 08:21:04"}
{"error":"","level":"error","message":"Telegram请求失败","method":"getUpdates","service":"nas-bot","timestamp":"2026-05-30 08:21:05"}
{"error":"","level":"error","message":"Telegram请求失败","method":"getUpdates","service":"nas-bot","timestamp":"2026-05-30 08:21:06"}
{"error":"","level":"error","message":"Telegram请求失败","method":"getUpdates","service":"nas-bot","timestamp":"2026-05-30 08:21:08"}
{"error":"","level":"error","message":"Telegram请求失败","method":"getUpdates","service":"nas-bot","timestamp":"2026-05-30 08:21:09"}
{"error":"","level":"error","message":"Telegram请求失败","method":"getUpdates","service":"nas-bot","timestamp":"2026-05-30 08:21:10"}
{"error":"","level":"error","message":"Telegram请求失败","method":"getUpdates","service":"nas-bot","timestamp":"2026-05-30 08:21:11"}
{"error":"","level":"error","message":"Telegram请求失败","method":"getUpdates","service":"nas-bot","timestamp":"2026-05-30 08:21:13"}
{"error":"","level":"error","message":"Telegram请求失败","method":"getUpdates","service":"nas-bot","timestamp":"2026-05-30 08:21:14"}
{"error":"","level":"error","message":"Telegram请求失败","method":"getUpdates","service":"nas-bot","timestamp":"2026-05-30 08:21:15"}
{"error":"","level":"error","message":"Telegram请求失败","method":"getUpdates","service":"nas-bot","timestamp":"2026-05-30 08:21:16"}
{"error":"","level":"error","message":"Telegram请求失败","method":"getUpdates","service":"nas-bot","timestamp":"2026-05-30 08:21:18"}
{"error":"","level":"error","message":"Telegram请求失败","method":"getUpdates","service":"nas-bot","timestamp":"2026-05-30 08:21:19"}
{"error":"","level":"error","message":"Telegram请求失败","method":"getUpdates","service":"nas-bot","timestamp":"2026-05-30 08:21:20"}
{"error":"","level":"error","message":"Telegram请求失败","method":"getUpdates","service":"nas-bot","timestamp":"2026-05-30 08:21:21"}
{"error":"","level":"error","message":"Telegram请求失败","method":"getUpdates","service":"nas-bot","timestamp":"2026-05-30 08:21:23"}
{"error":"","level":"error","message":"Telegram请求失败","method":"getUpdates","service":"nas-bot","timestamp":"2026-05-30 08:21:24"}
{"error":"","level":"error","message":"Telegram请求失败","method":"getUpdates","service":"nas-bot","timestamp":"2026-05-30 08:21:25"}
{"error":"","level":"error","message":"Telegram请求失败","method":"getUpdates","service":"nas-bot","timestamp":"2026-05-30 08:21:26"}
{"error":"","level":"error","message":"Telegram请求失败","method":"getUpdates","service":"nas-bot","timestamp":"2026-05-30 08:21:28"}
{"error":"","level":"error","message":"Telegram请求失败","method":"getUpdates","service":"nas-bot","timestamp":"2026-05-30 08:21:29"}
{"error":"","level":"error","message":"Telegram请求失败","method":"getUpdates","service":"nas-bot","timestamp":"2026-05-30 08:21:30"}
{"error":"","level":"error","message":"Telegram请求失败","method":"getUpdates","service":"nas-bot","timestamp":"2026-05-30 08:21:31"}
{"error":"","level":"error","message":"Telegram请求失败","method":"getUpdates","service":"nas-bot","timestamp":"2026-05-30 08:21:33"}
{"error":"","level":"error","message":"Telegram请求失败","method":"getUpdates","service":"nas-bot","timestamp":"2026-05-30 08:21:34"}
{"error":"","level":"error","message":"Telegram请求失败","method":"getUpdates","service":"nas-bot","timestamp":"2026-05-30 08:21:35"}
{"error":"","level":"error","message":"Telegram请求失败","method":"getUpdates","service":"nas-bot","timestamp":"2026-05-30 08:21:36"}
{"error":"","level":"error","message":"Telegram请求失败","method":"getUpdates","service":"nas-bot","timestamp":"2026-05-30 08:21:38"}
{"error":"","level":"error","message":"Telegram请求失败","method":"getUpdates","service":"nas-bot","timestamp":"2026-05-30 08:21:39"}
{"error":"","level":"error","message":"Telegram请求失败","method":"getUpdates","service":"nas-bot","timestamp":"2026-05-30 08:21:40"}
{"error":"","level":"error","message":"Telegram请求失败","method":"getUpdates","service":"nas-bot","timestamp":"2026-05-30 08:21:41"}
{"error":"","level":"error","message":"Telegram请求失败","method":"getUpdates","service":"nas-bot","timestamp":"2026-05-30 08:21:43"}
{"error":"","level":"error","message":"Telegram请求失败","method":"getUpdates","service":"nas-bot","timestamp":"2026-05-30 08:21:44"}
{"error":"","level":"error","message":"Telegram请求失败","method":"getUpdates","service":"nas-bot","timestamp":"2026-05-30 08:21:45"}
{"error":"","level":"error","message":"Telegram请求失败","method":"getUpdates","service":"nas-bot","timestamp":"2026-05-30 08:21:46"}
{"error":"","level":"error","message":"Telegram请求失败","method":"getUpdates","service":"nas-bot","timestamp":"2026-05-30 08:21:48"}
{"error":"","level":"error","message":"Telegram请求失败","method":"getUpdates","service":"nas-bot","timestamp":"2026-05-30 08:21:49"}
{"error":"","level":"error","message":"Telegram请求失败","method":"getUpdates","service":"nas-bot","timestamp":"2026-05-30 08:21:50"}
{"error":"","level":"error","message":"Telegram请求失败","method":"getUpdates","service":"nas-bot","timestamp":"2026-05-30 08:21:52"}
{"error":"","level":"error","message":"Telegram请求失败","method":"getUpdates","service":"nas-bot","timestamp":"2026-05-30 08:21:53"}
{"error":"","level":"error","message":"Telegram请求失败","method":"getUpdates","service":"nas-bot","timestamp":"2026-05-30 08:21:54"}
{"error":"","level":"error","message":"Telegram请求失败","method":"getUpdates","service":"nas-bot","timestamp":"2026-05-30 08:21:55"}
{"error":"","level":"error","message":"Telegram请求失败","method":"getUpdates","service":"nas-bot","timestamp":"2026-05-30 08:21:57"}
{"error":"","level":"error","message":"Telegram请求失败","method":"getUpdates","service":"nas-bot","timestamp":"2026-05-30 08:21:58"}
{"error":"","level":"error","message":"Telegram请求失败","method":"getUpdates","service":"nas-bot","timestamp":"2026-05-30 08:21:59"}
{"error":"","level":"error","message":"Telegram请求失败","method":"getUpdates","service":"nas-bot","timestamp":"2026-05-30 08:22:00"}
{"error":"","level":"error","message":"Telegram请求失败","method":"getUpdates","service":"nas-bot","timestamp":"2026-05-30 08:22:02"}
{"error":"","level":"error","message":"Telegram请求失败","method":"getUpdates","service":"nas-bot","timestamp":"2026-05-30 08:22:03"}
{"error":"","level":"error","message":"Telegram请求失败","method":"getUpdates","service":"nas-bot","timestamp":"2026-05-30 08:22:04"}
{"error":"","level":"error","message":"Telegram请求失败","method":"getUpdates","service":"nas-bot","timestamp":"2026-05-30 08:22:05"}
{"error":"","level":"error","message":"Telegram请求失败","method":"getUpdates","service":"nas-bot","timestamp":"2026-05-30 08:22:07"}
{"error":"","level":"error","message":"Telegram请求失败","method":"getUpdates","service":"nas-bot","timestamp":"2026-05-30 08:22:08"}
{"error":"","level":"error","message":"Telegram请求失败","method":"getUpdates","service":"nas-bot","timestamp":"2026-05-30 08:22:09"}
{"error":"","level":"error","message":"Telegram请求失败","method":"getUpdates","service":"nas-bot","timestamp":"2026-05-30 08:22:10"}
{"error":"","level":"error","message":"Telegram请求失败","method":"getUpdates","service":"nas-bot","timestamp":"2026-05-30 08:22:12"}
{"error":"","level":"error","message":"Telegram请求失败","method":"getUpdates","service":"nas-bot","timestamp":"2026-05-30 08:22:13"}
{"error":"","level":"error","message":"Telegram请求失败","method":"getUpdates","service":"nas-bot","timestamp":"2026-05-30 08:22:14"}
{"error":"","level":"error","message":"Telegram请求失败","method":"getUpdates","service":"nas-bot","timestamp":"2026-05-30 08:22:15"}
{"error":"","level":"error","message":"Telegram请求失败","method":"getUpdates","service":"nas-bot","timestamp":"2026-05-30 08:22:17"}
{"error":"","level":"error","message":"Telegram请求失败","method":"getUpdates","service":"nas-bot","timestamp":"2026-05-30 08:22:18"}
{"error":"","level":"error","message":"Telegram请求失败","method":"getUpdates","service":"nas-bot","timestamp":"2026-05-30 08:22:19"}
{"error":"","level":"error","message":"Telegram请求失败","method":"getUpdates","service":"nas-bot","timestamp":"2026-05-30 08:22:20"}
{"error":"","level":"error","message":"Telegram请求失败","method":"getUpdates","service":"nas-bot","timestamp":"2026-05-30 08:22:22"}
{"error":"","level":"error","message":"Telegram请求失败","method":"getUpdates","service":"nas-bot","timestamp":"2026-05-30 08:22:23"}
{"error":"","level":"error","message":"Telegram请求失败","method":"getUpdates","service":"nas-bot","timestamp":"2026-05-30 08:22:24"}
{"error":"","level":"error","message":"Telegram请求失败","method":"getUpdates","service":"nas-bot","timestamp":"2026-05-30 08:22:25"}
{"error":"","level":"error","message":"Telegram请求失败","method":"getUpdates","service":"nas-bot","timestamp":"2026-05-30 08:22:27"}
{"error":"","level":"error","message":"Telegram请求失败","method":"getUpdates","service":"nas-bot","timestamp":"2026-05-30 08:22:28"}
{"error":"","level":"error","message":"Telegram请求失败","method":"getUpdates","service":"nas-bot","timestamp":"2026-05-30 08:22:29"}
{"error":"","level":"error","message":"Telegram请求失败","method":"getUpdates","service":"nas-bot","timestamp":"2026-05-30 08:22:30"}
{"error":"","level":"error","message":"Telegram请求失败","method":"getUpdates","service":"nas-bot","timestamp":"2026-05-30 08:22:32"}
{"error":"","level":"error","message":"Telegram请求失败","method":"getUpdates","service":"nas-bot","timestamp":"2026-05-30 08:22:33"}
{"error":"","level":"error","message":"Telegram请求失败","method":"getUpdates","service":"nas-bot","timestamp":"2026-05-30 08:22:34"}
{"error":"","level":"error","message":"Telegram请求失败","method":"getUpdates","service":"nas-bot","timestamp":"2026-05-30 08:22:35"}
{"error":"","level":"error","message":"Telegram请求失败","method":"getUpdates","service":"nas-bot","timestamp":"2026-05-30 08:22:37"}
{"error":"","level":"error","message":"Telegram请求失败","method":"getUpdates","service":"nas-bot","timestamp":"2026-05-30 08:22:38"}
{"error":"","level":"error","message":"Telegram请求失败","method":"getUpdates","service":"nas-bot","timestamp":"2026-05-30 08:22:39"}
{"error":"","level":"error","message":"Telegram请求失败","method":"getUpdates","service":"nas-bot","timestamp":"2026-05-30 08:22:40"}
{"error":"","level":"error","message":"Telegram请求失败","method":"getUpdates","service":"nas-bot","timestamp":"2026-05-30 08:22:42"}
{"error":"","level":"error","message":"Telegram请求失败","method":"getUpdates","service":"nas-bot","timestamp":"2026-05-30 08:22:43"}
{"error":"","level":"error","message":"Telegram请求失败","method":"getUpdates","service":"nas-bot","timestamp":"2026-05-30 08:22:44"}
{"error":"","level":"error","message":"Telegram请求失败","method":"getUpdates","service":"nas-bot","timestamp":"2026-05-30 08:22:45"}
{"error":"","level":"error","message":"Telegram请求失败","method":"getUpdates","service":"nas-bot","timestamp":"2026-05-30 08:22:47"}
{"error":"","level":"error","message":"Telegram请求失败","method":"getUpdates","service":"nas-bot","timestamp":"2026-05-30 08:22:48"}
{"error":"","level":"error","message":"Telegram请求失败","method":"getUpdates","service":"nas-bot","timestamp":"2026-05-30 08:22:49"}
{"error":"","level":"error","message":"Telegram请求失败","method":"getUpdates","service":"nas-bot","timestamp":"2026-05-30 08:22:51"}
{"error":"","level":"error","message":"Telegram请求失败","method":"getUpdates","service":"nas-bot","timestamp":"2026-05-30 08:22:52"}
{"error":"","level":"error","message":"Telegram请求失败","method":"getUpdates","service":"nas-bot","timestamp":"2026-05-30 08:22:53"}
{"error":"","level":"error","message":"Telegram请求失败","method":"getUpdates","service":"nas-bot","timestamp":"2026-05-30 08:22:54"}
{"error":"","level":"error","message":"Telegram请求失败","method":"getUpdates","service":"nas-bot","timestamp":"2026-05-30 08:22:56"}
{"error":"","level":"error","message":"Telegram请求失败","method":"getUpdates","service":"nas-bot","timestamp":"2026-05-30 08:22:57"}
{"error":"","level":"error","message":"Telegram请求失败","method":"getUpdates","service":"nas-bot","timestamp":"2026-05-30 08:22:58"}
{"error":"","level":"error","message":"Telegram请求失败","method":"getUpdates","service":"nas-bot","timestamp":"2026-05-30 08:22:59"}
{"error":"","level":"error","message":"Telegram请求失败","method":"getUpdates","service":"nas-bot","timestamp":"2026-05-30 08:23:01"}
{"error":"","level":"error","message":"Telegram请求失败","method":"getUpdates","service":"nas-bot","timestamp":"2026-05-30 08:23:02"}
{"error":"","level":"error","message":"Telegram请求失败","method":"getUpdates","service":"nas-bot","timestamp":"2026-05-30 08:23:03"}
{"error":"","level":"error","message":"Telegram请求失败","method":"getUpdates","service":"nas-bot","timestamp":"2026-05-30 08:23:04"}
{"error":"","level":"error","message":"Telegram请求失败","method":"getUpdates","service":"nas-bot","timestamp":"2026-05-30 08:23:06"}
{"error":"","level":"error","message":"Telegram请求失败","method":"getUpdates","service":"nas-bot","timestamp":"2026-05-30 08:23:07"}
{"error":"","level":"error","message":"Telegram请求失败","method":"getUpdates","service":"nas-bot","timestamp":"2026-05-30 08:23:08"}
{"error":"","level":"error","message":"Telegram请求失败","method":"getUpdates","service":"nas-bot","timestamp":"2026-05-30 08:23:09"}
{"error":"","level":"error","message":"Telegram请求失败","method":"getUpdates","service":"nas-bot","timestamp":"2026-05-30 08:23:11"}
{"error":"","level":"error","message":"Telegram请求失败","method":"getUpdates","service":"nas-bot","timestamp":"2026-05-30 08:23:12"}
{"error":"","level":"error","message":"Telegram请求失败","method":"getUpdates","service":"nas-bot","timestamp":"2026-05-30 08:23:13"}
{"error":"","level":"error","message":"Telegram请求失败","method":"getUpdates","service":"nas-bot","timestamp":"2026-05-30 08:23:14"}
{"error":"","level":"error","message":"Telegram请求失败","method":"getUpdates","service":"nas-bot","timestamp":"2026-05-30 08:23:16"}
{"error":"","level":"error","message":"Telegram请求失败","method":"getUpdates","service":"nas-bot","timestamp":"2026-05-30 08:23:17"}
{"error":"","level":"error","message":"Telegram请求失败","method":"getUpdates","service":"nas-bot","timestamp":"2026-05-30 08:23:18"}
{"error":"","level":"error","message":"Telegram请求失败","method":"getUpdates","service":"nas-bot","timestamp":"2026-05-30 08:23:19"}
{"error":"","level":"error","message":"Telegram请求失败","method":"getUpdates","service":"nas-bot","timestamp":"2026-05-30 08:23:21"}
{"error":"","level":"error","message":"Telegram请求失败","method":"getUpdates","service":"nas-bot","timestamp":"2026-05-30 08:23:22"}
{"error":"","level":"error","message":"Telegram请求失败","method":"getUpdates","service":"nas-bot","timestamp":"2026-05-30 08:23:23"}
{"error":"","level":"error","message":"Telegram请求失败","method":"getUpdates","service":"nas-bot","timestamp":"2026-05-30 08:23:24"}
{"error":"","level":"error","message":"Telegram请求失败","method":"getUpdates","service":"nas-bot","timestamp":"2026-05-30 08:23:26"}
{"error":"","level":"error","message":"Telegram请求失败","method":"getUpdates","service":"nas-bot","timestamp":"2026-05-30 08:23:27"}
{"error":"","level":"error","message":"Telegram请求失败","method":"getUpdates","service":"nas-bot","timestamp":"2026-05-30 08:23:28"}
{"error":"","level":"error","message":"Telegram请求失败","method":"getUpdates","service":"nas-bot","timestamp":"2026-05-30 08:23:29"}
{"error":"","level":"error","message":"Telegram请求失败","method":"getUpdates","service":"nas-bot","timestamp":"2026-05-30 08:23:31"}
{"error":"","level":"error","message":"Telegram请求失败","method":"getUpdates","service":"nas-bot","timestamp":"2026-05-30 08:23:32"}
{"error":"","level":"error","message":"Telegram请求失败","method":"getUpdates","service":"nas-bot","timestamp":"2026-05-30 08:23:33"}
{"error":"","level":"error","message":"Telegram请求失败","method":"getUpdates","service":"nas-bot","timestamp":"2026-05-30 08:23:34"}
{"error":"","level":"error","message":"Telegram请求失败","method":"getUpdates","service":"nas-bot","timestamp":"2026-05-30 08:23:36"}
{"error":"","level":"error","message":"Telegram请求失败","method":"getUpdates","service":"nas-bot","timestamp":"2026-05-30 08:23:37"}
{"error":"","level":"error","message":"Telegram请求失败","method":"getUpdates","service":"nas-bot","timestamp":"2026-05-30 08:23:38"}
{"error":"","level":"error","message":"Telegram请求失败","method":"getUpdates","service":"nas-bot","timestamp":"2026-05-30 08:23:39"}
{"error":"","level":"error","message":"Telegram请求失败","method":"getUpdates","service":"nas-bot","timestamp":"2026-05-30 08:23:41"}
{"error":"","level":"error","message":"Telegram请求失败","method":"getUpdates","service":"nas-bot","timestamp":"2026-05-30 08:23:42"}
{"error":"","level":"error","message":"Telegram请求失败","method":"getUpdates","service":"nas-bot","timestamp":"2026-05-30 08:23:43"}
{"error":"","level":"error","message":"Telegram请求失败","method":"getUpdates","service":"nas-bot","timestamp":"2026-05-30 08:23:45"}
{"error":"","level":"error","message":"Telegram请求失败","method":"getUpdates","service":"nas-bot","timestamp":"2026-05-30 08:23:46"}
{"error":"","level":"error","message":"Telegram请求失败","method":"getUpdates","service":"nas-bot","timestamp":"2026-05-30 08:23:47"}
{"error":"","level":"error","message":"Telegram请求失败","method":"getUpdates","service":"nas-bot","timestamp":"2026-05-30 08:23:48"}
{"error":"","level":"error","message":"Telegram请求失败","method":"getUpdates","service":"nas-bot","timestamp":"2026-05-30 08:23:50"}
{"error":"","level":"error","message":"Telegram请求失败","method":"getUpdates","service":"nas-bot","timestamp":"2026-05-30 08:23:51"}
{"error":"","level":"error","message":"Telegram请求失败","method":"getUpdates","service":"nas-bot","timestamp":"2026-05-30 08:23:52"}
{"error":"","level":"error","message":"Telegram请求失败","method":"getUpdates","service":"nas-bot","timestamp":"2026-05-30 08:23:53"}
{"error":"","level":"error","message":"Telegram请求失败","method":"getUpdates","service":"nas-bot","timestamp":"2026-05-30 08:23:55"}
{"error":"","level":"error","message":"Telegram请求失败","method":"getUpdates","service":"nas-bot","timestamp":"2026-05-30 08:23:56"}
{"error":"","level":"error","message":"Telegram请求失败","method":"getUpdates","service":"nas-bot","timestamp":"2026-05-30 08:23:57"}
{"error":"","level":"error","message":"Telegram请求失败","method":"getUpdates","service":"nas-bot","timestamp":"2026-05-30 08:23:58"}
{"error":"","level":"error","message":"Telegram请求失败","method":"getUpdates","service":"nas-bot","timestamp":"2026-05-30 08:24:00"}
{"error":"","level":"error","message":"Telegram请求失败","method":"getUpdates","service":"nas-bot","timestamp":"2026-05-30 08:24:01"}
{"error":"","level":"error","message":"Telegram请求失败","method":"getUpdates","service":"nas-bot","timestamp":"2026-05-30 08:24:02"}
{"error":"","level":"error","message":"Telegram请求失败","method":"getUpdates","service":"nas-bot","timestamp":"2026-05-30 08:24:03"}
{"error":"","level":"error","message":"Telegram请求失败","method":"getUpdates","service":"nas-bot","timestamp":"2026-05-30 08:24:05"}
{"error":"","level":"error","message":"Telegram请求失败","method":"getUpdates","service":"nas-bot","timestamp":"2026-05-30 08:24:06"}
{"error":"","level":"error","message":"Telegram请求失败","method":"getUpdates","service":"nas-bot","timestamp":"2026-05-30 08:24:07"}
{"error":"","level":"error","message":"Telegram请求失败","method":"getUpdates","service":"nas-bot","timestamp":"2026-05-30 08:24:08"}
{"error":"","level":"error","message":"Telegram请求失败","method":"getUpdates","service":"nas-bot","timestamp":"2026-05-30 08:24:10"}
{"error":"","level":"error","message":"Telegram请求失败","method":"getUpdates","service":"nas-bot","timestamp":"2026-05-30 08:24:11"}
{"error":"","level":"error","message":"Telegram请求失败","method":"getUpdates","service":"nas-bot","timestamp":"2026-05-30 08:24:12"}
{"error":"","level":"error","message":"Telegram请求失败","method":"getUpdates","service":"nas-bot","timestamp":"2026-05-30 08:24:13"}
{"error":"","level":"error","message":"Telegram请求失败","method":"getUpdates","service":"nas-bot","timestamp":"2026-05-30 08:24:15"}
{"error":"","level":"error","message":"Telegram请求失败","method":"getUpdates","service":"nas-bot","timestamp":"2026-05-30 08:24:16"}
{"error":"","level":"error","message":"Telegram请求失败","method":"getUpdates","service":"nas-bot","timestamp":"2026-05-30 08:24:17"}
{"error":"","level":"error","message":"Telegram请求失败","method":"getUpdates","service":"nas-bot","timestamp":"2026-05-30 08:24:18"}
{"error":"","level":"error","message":"Telegram请求失败","method":"getUpdates","service":"nas-bot","timestamp":"2026-05-30 08:24:20"}
{"error":"","level":"error","message":"Telegram请求失败","method":"getUpdates","service":"nas-bot","timestamp":"2026-05-30 08:24:21"}
{"error":"","level":"error","message":"Telegram请求失败","method":"getUpdates","service":"nas-bot","timestamp":"2026-05-30 08:24:22"}
{"error":"","level":"error","message":"Telegram请求失败","method":"getUpdates","service":"nas-bot","timestamp":"2026-05-30 08:24:23"}
{"error":"","level":"error","message":"Telegram请求失败","method":"getUpdates","service":"nas-bot","timestamp":"2026-05-30 08:24:25"}
{"error":"","level":"error","message":"Telegram请求失败","method":"getUpdates","service":"nas-bot","timestamp":"2026-05-30 08:24:26"}
{"error":"","level":"error","message":"Telegram请求失败","method":"getUpdates","service":"nas-bot","timestamp":"2026-05-30 08:24:27"}
{"error":"","level":"error","message":"Telegram请求失败","method":"getUpdates","service":"nas-bot","timestamp":"2026-05-30 08:24:28"}
{"error":"","level":"error","message":"Telegram请求失败","method":"getUpdates","service":"nas-bot","timestamp":"2026-05-30 08:24:30"}
{"error":"","level":"error","message":"Telegram请求失败","method":"getUpdates","service":"nas-bot","timestamp":"2026-05-30 08:24:31"}
{"error":"","level":"error","message":"Telegram请求失败","method":"getUpdates","service":"nas-bot","timestamp":"2026-05-30 08:24:32"}
{"error":"","level":"error","message":"Telegram请求失败","method":"getUpdates","service":"nas-bot","timestamp":"2026-05-30 08:24:33"}
{"error":"","level":"error","message":"Telegram请求失败","method":"getUpdates","service":"nas-bot","timestamp":"2026-05-30 08:24:35"}
{"error":"","level":"error","message":"Telegram请求失败","method":"getUpdates","service":"nas-bot","timestamp":"2026-05-30 08:24:36"}
{"error":"","level":"error","message":"Telegram请求失败","method":"getUpdates","service":"nas-bot","timestamp":"2026-05-30 08:24:37"}
{"error":"","level":"error","message":"Telegram请求失败","method":"getUpdates","service":"nas-bot","timestamp":"2026-05-30 08:24:38"}
{"error":"","level":"error","message":"Telegram请求失败","method":"getUpdates","service":"nas-bot","timestamp":"2026-05-30 08:24:40"}
{"error":"","level":"error","message":"Telegram请求失败","method":"getUpdates","service":"nas-bot","timestamp":"2026-05-30 08:24:41"}
{"error":"","level":"error","message":"Telegram请求失败","method":"getUpdates","service":"nas-bot","timestamp":"2026-05-30 08:24:42"}
{"error":"","level":"error","message":"Telegram请求失败","method":"getUpdates","service":"nas-bot","timestamp":"2026-05-30 08:24:44"}
{"error":"","level":"error","message":"Telegram请求失败","method":"getUpdates","service":"nas-bot","timestamp":"2026-05-30 08:24:45"}
{"error":"","level":"error","message":"Telegram请求失败","method":"getUpdates","service":"nas-bot","timestamp":"2026-05-30 08:24:46"}
{"error":"","level":"error","message":"Telegram请求失败","method":"getUpdates","service":"nas-bot","timestamp":"2026-05-30 08:24:47"}
{"error":"","level":"error","message":"Telegram请求失败","method":"getUpdates","service":"nas-bot","timestamp":"2026-05-30 08:24:49"}
{"error":"","level":"error","message":"Telegram请求失败","method":"getUpdates","service":"nas-bot","timestamp":"2026-05-30 08:24:50"}
{"error":"","level":"error","message":"Telegram请求失败","method":"getUpdates","service":"nas-bot","timestamp":"2026-05-30 08:24:51"}
{"error":"","level":"error","message":"Telegram请求失败","method":"getUpdates","service":"nas-bot","timestamp":"2026-05-30 08:24:52"}
{"error":"","level":"error","message":"Telegram请求失败","method":"getUpdates","service":"nas-bot","timestamp":"2026-05-30 08:24:54"}
{"error":"","level":"error","message":"Telegram请求失败","method":"getUpdates","service":"nas-bot","timestamp":"2026-05-30 08:24:55"}
{"error":"","level":"error","message":"Telegram请求失败","method":"getUpdates","service":"nas-bot","timestamp":"2026-05-30 08:24:56"}
{"error":"","level":"error","message":"Telegram请求失败","method":"getUpdates","service":"nas-bot","timestamp":"2026-05-30 08:24:57"}
{"error":"","level":"error","message":"Telegram请求失败","method":"getUpdates","service":"nas-bot","timestamp":"2026-05-30 08:24:59"}
{"error":"","level":"error","message":"Telegram请求失败","method":"getUpdates","service":"nas-bot","timestamp":"2026-05-30 08:25:00"}
{"error":"","level":"error","message":"Telegram请求失败","method":"getUpdates","service":"nas-bot","timestamp":"2026-05-30 08:25:01"}
{"error":"","level":"error","message":"Telegram请求失败","method":"getUpdates","service":"nas-bot","timestamp":"2026-05-30 08:25:02"}
{"error":"","level":"error","message":"Telegram请求失败","method":"getUpdates","service":"nas-bot","timestamp":"2026-05-30 08:25:04"}
{"error":"","level":"error","message":"Telegram请求失败","method":"getUpdates","service":"nas-bot","timestamp":"2026-05-30 08:25:05"}
{"error":"","level":"error","message":"Telegram请求失败","method":"getUpdates","service":"nas-bot","timestamp":"2026-05-30 08:25:06"}
{"error":"","level":"error","message":"Telegram请求失败","method":"getUpdates","service":"nas-bot","timestamp":"2026-05-30 08:25:07"}
{"error":"","level":"error","message":"Telegram请求失败","method":"getUpdates","service":"nas-bot","timestamp":"2026-05-30 08:25:09"}
{"error":"","level":"error","message":"Telegram请求失败","method":"getUpdates","service":"nas-bot","timestamp":"2026-05-30 08:25:10"}
{"error":"","level":"error","message":"Telegram请求失败","method":"getUpdates","service":"nas-bot","timestamp":"2026-05-30 08:25:11"}
{"error":"","level":"error","message":"Telegram请求失败","method":"getUpdates","service":"nas-bot","timestamp":"2026-05-30 08:25:12"}
{"error":"","level":"error","message":"Telegram请求失败","method":"getUpdates","service":"nas-bot","timestamp":"2026-05-30 08:25:14"}
{"error":"","level":"error","message":"Telegram请求失败","method":"getUpdates","service":"nas-bot","timestamp":"2026-05-30 08:25:15"}
{"error":"","level":"error","message":"Telegram请求失败","method":"getUpdates","service":"nas-bot","timestamp":"2026-05-30 08:25:16"}
{"error":"","level":"error","message":"Telegram请求失败","method":"getUpdates","service":"nas-bot","timestamp":"2026-05-30 08:25:17"}
{"error":"","level":"error","message":"Telegram请求失败","method":"getUpdates","service":"nas-bot","timestamp":"2026-05-30 08:25:19"}
{"error":"","level":"error","message":"Telegram请求失败","method":"getUpdates","service":"nas-bot","timestamp":"2026-05-30 08:25:20"}
{"error":"","level":"error","message":"Telegram请求失败","method":"getUpdates","service":"nas-bot","timestamp":"2026-05-30 08:25:21"}
{"error":"","level":"error","message":"Telegram请求失败","method":"getUpdates","service":"nas-bot","timestamp":"2026-05-30 08:25:22"}
{"error":"","level":"error","message":"Telegram请求失败","method":"getUpdates","service":"nas-bot","timestamp":"2026-05-30 08:25:24"}
{"error":"","level":"error","message":"Telegram请求失败","method":"getUpdates","service":"nas-bot","timestamp":"2026-05-30 08:25:25"}
{"error":"","level":"error","message":"Telegram请求失败","method":"getUpdates","service":"nas-bot","timestamp":"2026-05-30 08:25:26"}
{"error":"","level":"error","message":"Telegram请求失败","method":"getUpdates","service":"nas-bot","timestamp":"2026-05-30 08:25:27"}
{"error":"","level":"error","message":"Telegram请求失败","method":"getUpdates","service":"nas-bot","timestamp":"2026-05-30 08:25:29"}
{"error":"","level":"error","message":"Telegram请求失败","method":"getUpdates","service":"nas-bot","timestamp":"2026-05-30 08:25:30"}
{"error":"","level":"error","message":"Telegram请求失败","method":"getUpdates","service":"nas-bot","timestamp":"2026-05-30 08:25:31"}
{"error":"","level":"error","message":"Telegram请求失败","method":"getUpdates","service":"nas-bot","timestamp":"2026-05-30 08:25:32"}
{"error":"","level":"error","message":"Telegram请求失败","method":"getUpdates","service":"nas-bot","timestamp":"2026-05-30 08:25:34"}
{"error":"","level":"error","message":"Telegram请求失败","method":"getUpdates","service":"nas-bot","timestamp":"2026-05-30 08:25:35"}
{"error":"","level":"error","message":"Telegram请求失败","method":"getUpdates","service":"nas-bot","timestamp":"2026-05-30 08:25:36"}
{"error":"","level":"error","message":"Telegram请求失败","method":"getUpdates","service":"nas-bot","timestamp":"2026-05-30 08:25:37"}
{"error":"","level":"error","message":"Telegram请求失败","method":"getUpdates","service":"nas-bot","timestamp":"2026-05-30 08:25:39"}
{"error":"","level":"error","message":"Telegram请求失败","method":"getUpdates","service":"nas-bot","timestamp":"2026-05-30 08:25:40"}
{"error":"","level":"error","message":"Telegram请求失败","method":"getUpdates","service":"nas-bot","timestamp":"2026-05-30 08:25:41"}
{"error":"","level":"error","message":"Telegram请求失败","method":"getUpdates","service":"nas-bot","timestamp":"2026-05-30 08:25:43"}
{"error":"","level":"error","message":"Telegram请求失败","method":"getUpdates","service":"nas-bot","timestamp":"2026-05-30 08:25:44"}
{"error":"","level":"error","message":"Telegram请求失败","method":"getUpdates","service":"nas-bot","timestamp":"2026-05-30 08:25:45"}
{"error":"","level":"error","message":"Telegram请求失败","method":"getUpdates","service":"nas-bot","timestamp":"2026-05-30 08:25:46"}
{"error":"","level":"error","message":"Telegram请求失败","method":"getUpdates","service":"nas-bot","timestamp":"2026-05-30 08:25:48"}
{"error":"","level":"error","message":"Telegram请求失败","method":"getUpdates","service":"nas-bot","timestamp":"2026-05-30 08:25:49"}
{"error":"","level":"error","message":"Telegram请求失败","method":"getUpdates","service":"nas-bot","timestamp":"2026-05-30 08:25:50"}
{"error":"","level":"error","message":"Telegram请求失败","method":"getUpdates","service":"nas-bot","timestamp":"2026-05-30 08:25:51"}
{"error":"","level":"error","message":"Telegram请求失败","method":"getUpdates","service":"nas-bot","timestamp":"2026-05-30 08:25:53"}
{"error":"","level":"error","message":"Telegram请求失败","method":"getUpdates","service":"nas-bot","timestamp":"2026-05-30 08:25:54"}
{"error":"","level":"error","message":"Telegram请求失败","method":"getUpdates","service":"nas-bot","timestamp":"2026-05-30 08:25:55"}
{"error":"","level":"error","message":"Telegram请求失败","method":"getUpdates","service":"nas-bot","timestamp":"2026-05-30 08:25:56"}
{"error":"","level":"error","message":"Telegram请求失败","method":"getUpdates","service":"nas-bot","timestamp":"2026-05-30 08:25:58"}
{"error":"","level":"error","message":"Telegram请求失败","method":"getUpdates","service":"nas-bot","timestamp":"2026-05-30 08:25:59"}
{"error":"","level":"error","message":"Telegram请求失败","method":"getUpdates","service":"nas-bot","timestamp":"2026-05-30 08:26:00"}
{"error":"","level":"error","message":"Telegram请求失败","method":"getUpdates","service":"nas-bot","timestamp":"2026-05-30 08:26:01"}
{"error":"","level":"error","message":"Telegram请求失败","method":"getUpdates","service":"nas-bot","timestamp":"2026-05-30 08:26:03"}
{"error":"","level":"error","message":"Telegram请求失败","method":"getUpdates","service":"nas-bot","timestamp":"2026-05-30 08:26:04"}
{"error":"","level":"error","message":"Telegram请求失败","method":"getUpdates","service":"nas-bot","timestamp":"2026-05-30 08:26:05"}
{"error":"","level":"error","message":"Telegram请求失败","method":"getUpdates","service":"nas-bot","timestamp":"2026-05-30 08:26:06"}
{"error":"","level":"error","message":"Telegram请求失败","method":"getUpdates","service":"nas-bot","timestamp":"2026-05-30 08:26:08"}
{"error":"","level":"error","message":"Telegram请求失败","method":"getUpdates","service":"nas-bot","timestamp":"2026-05-30 08:26:09"}
{"error":"","level":"error","message":"Telegram请求失败","method":"getUpdates","service":"nas-bot","timestamp":"2026-05-30 08:26:10"}
{"error":"","level":"error","message":"Telegram请求失败","method":"getUpdates","service":"nas-bot","timestamp":"2026-05-30 08:26:11"}
{"error":"","level":"error","message":"Telegram请求失败","method":"getUpdates","service":"nas-bot","timestamp":"2026-05-30 08:26:13"}
{"error":"","level":"error","message":"Telegram请求失败","method":"getUpdates","service":"nas-bot","timestamp":"2026-05-30 08:26:14"}
{"error":"","level":"error","message":"Telegram请求失败","method":"getUpdates","service":"nas-bot","timestamp":"2026-05-30 08:26:15"}
{"error":"","level":"error","message":"Telegram请求失败","method":"getUpdates","service":"nas-bot","timestamp":"2026-05-30 08:26:16"}
{"error":"","level":"error","message":"Telegram请求失败","method":"getUpdates","service":"nas-bot","timestamp":"2026-05-30 08:26:18"}
{"error":"","level":"error","message":"Telegram请求失败","method":"getUpdates","service":"nas-bot","timestamp":"2026-05-30 08:26:19"}
{"error":"","level":"error","message":"Telegram请求失败","method":"getUpdates","service":"nas-bot","timestamp":"2026-05-30 08:26:20"}
{"error":"","level":"error","message":"Telegram请求失败","method":"getUpdates","service":"nas-bot","timestamp":"2026-05-30 08:26:21"}
{"error":"","level":"error","message":"Telegram请求失败","method":"getUpdates","service":"nas-bot","timestamp":"2026-05-30 08:26:23"}
{"error":"","level":"error","message":"Telegram请求失败","method":"getUpdates","service":"nas-bot","timestamp":"2026-05-30 08:26:24"}
{"error":"","level":"error","message":"Telegram请求失败","method":"getUpdates","service":"nas-bot","timestamp":"2026-05-30 08:26:25"}
{"error":"","level":"error","message":"Telegram请求失败","method":"getUpdates","service":"nas-bot","timestamp":"2026-05-30 08:26:26"}
{"error":"","level":"error","message":"Telegram请求失败","method":"getUpdates","service":"nas-bot","timestamp":"2026-05-30 08:26:28"}
{"error":"","level":"error","message":"Telegram请求失败","method":"getUpdates","service":"nas-bot","timestamp":"2026-05-30 08:26:29"}
{"error":"","level":"error","message":"Telegram请求失败","method":"getUpdates","service":"nas-bot","timestamp":"2026-05-30 08:26:30"}
{"error":"","level":"error","message":"Telegram请求失败","method":"getUpdates","service":"nas-bot","timestamp":"2026-05-30 08:26:31"}
{"error":"","level":"error","message":"Telegram请求失败","method":"getUpdates","service":"nas-bot","timestamp":"2026-05-30 08:26:33"}
{"error":"","level":"error","message":"Telegram请求失败","method":"getUpdates","service":"nas-bot","timestamp":"2026-05-30 08:26:34"}
{"error":"","level":"error","message":"Telegram请求失败","method":"getUpdates","service":"nas-bot","timestamp":"2026-05-30 08:26:35"}
{"error":"","level":"error","message":"Telegram请求失败","method":"getUpdates","service":"nas-bot","timestamp":"2026-05-30 08:26:36"}
{"error":"","level":"error","message":"Telegram请求失败","method":"getUpdates","service":"nas-bot","timestamp":"2026-05-30 08:26:38"}
{"error":"","level":"error","message":"Telegram请求失败","method":"getUpdates","service":"nas-bot","timestamp":"2026-05-30 08:26:39"}
{"error":"","level":"error","message":"Telegram请求失败","method":"getUpdates","service":"nas-bot","timestamp":"2026-05-30 08:26:40"}
{"error":"","level":"error","message":"Telegram请求失败","method":"getUpdates","service":"nas-bot","timestamp":"2026-05-30 08:26:41"}
{"error":"","level":"error","message":"Telegram请求失败","method":"getUpdates","service":"nas-bot","timestamp":"2026-05-30 08:26:43"}
{"error":"","level":"error","message":"Telegram请求失败","method":"getUpdates","service":"nas-bot","timestamp":"2026-05-30 08:26:44"}
{"error":"","level":"error","message":"Telegram请求失败","method":"getUpdates","service":"nas-bot","timestamp":"2026-05-30 08:26:45"}
{"error":"","level":"error","message":"Telegram请求失败","method":"getUpdates","service":"nas-bot","timestamp":"2026-05-30 08:26:47"}
{"error":"","level":"error","message":"Telegram请求失败","method":"getUpdates","service":"nas-bot","timestamp":"2026-05-30 08:26:48"}
{"error":"","level":"error","message":"Telegram请求失败","method":"getUpdates","service":"nas-bot","timestamp":"2026-05-30 08:26:49"}
{"error":"","level":"error","message":"Telegram请求失败","method":"getUpdates","service":"nas-bot","timestamp":"2026-05-30 08:26:50"}
{"error":"","level":"error","message":"Telegram请求失败","method":"getUpdates","service":"nas-bot","timestamp":"2026-05-30 08:26:52"}
{"error":"","level":"error","message":"Telegram请求失败","method":"getUpdates","service":"nas-bot","timestamp":"2026-05-30 08:26:53"}
{"error":"","level":"error","message":"Telegram请求失败","method":"getUpdates","service":"nas-bot","timestamp":"2026-05-30 08:26:54"}
{"error":"","level":"error","message":"Telegram请求失败","method":"getUpdates","service":"nas-bot","timestamp":"2026-05-30 08:26:55"}
{"error":"","level":"error","message":"Telegram请求失败","method":"getUpdates","service":"nas-bot","timestamp":"2026-05-30 08:26:57"}
{"error":"","level":"error","message":"Telegram请求失败","method":"getUpdates","service":"nas-bot","timestamp":"2026-05-30 08:26:58"}
{"error":"","level":"error","message":"Telegram请求失败","method":"getUpdates","service":"nas-bot","timestamp":"2026-05-30 08:26:59"}
{"error":"","level":"error","message":"Telegram请求失败","method":"getUpdates","service":"nas-bot","timestamp":"2026-05-30 08:27:00"}
{"error":"","level":"error","message":"Telegram请求失败","method":"getUpdates","service":"nas-bot","timestamp":"2026-05-30 08:27:02"}
{"error":"","level":"error","message":"Telegram请求失败","method":"getUpdates","service":"nas-bot","timestamp":"2026-05-30 08:27:03"}
{"error":"","level":"error","message":"Telegram请求失败","method":"getUpdates","service":"nas-bot","timestamp":"2026-05-30 08:27:04"}
{"error":"","level":"error","message":"Telegram请求失败","method":"getUpdates","service":"nas-bot","timestamp":"2026-05-30 08:27:05"}
{"error":"","level":"error","message":"Telegram请求失败","method":"getUpdates","service":"nas-bot","timestamp":"2026-05-30 08:27:07"}
{"error":"","level":"error","message":"Telegram请求失败","method":"getUpdates","service":"nas-bot","timestamp":"2026-05-30 08:27:08"}
{"error":"","level":"error","message":"Telegram请求失败","method":"getUpdates","service":"nas-bot","timestamp":"2026-05-30 08:27:09"}
{"error":"","level":"error","message":"Telegram请求失败","method":"getUpdates","service":"nas-bot","timestamp":"2026-05-30 08:27:10"}
{"error":"","level":"error","message":"Telegram请求失败","method":"getUpdates","service":"nas-bot","timestamp":"2026-05-30 08:27:12"}
{"error":"","level":"error","message":"Telegram请求失败","method":"getUpdates","service":"nas-bot","timestamp":"2026-05-30 08:27:13"}
{"error":"","level":"error","message":"Telegram请求失败","method":"getUpdates","service":"nas-bot","timestamp":"2026-05-30 08:27:14"}
{"error":"","level":"error","message":"Telegram请求失败","method":"getUpdates","service":"nas-bot","timestamp":"2026-05-30 08:27:15"}
{"error":"","level":"error","message":"Telegram请求失败","method":"getUpdates","service":"nas-bot","timestamp":"2026-05-30 08:27:17"}
{"error":"","level":"error","message":"Telegram请求失败","method":"getUpdates","service":"nas-bot","timestamp":"2026-05-30 08:27:18"}
{"error":"","level":"error","message":"Telegram请求失败","method":"getUpdates","service":"nas-bot","timestamp":"2026-05-30 08:27:19"}
{"error":"","level":"error","message":"Telegram请求失败","method":"getUpdates","service":"nas-bot","timestamp":"2026-05-30 08:27:20"}
{"error":"","level":"error","message":"Telegram请求失败","method":"getUpdates","service":"nas-bot","timestamp":"2026-05-30 08:27:22"}
{"error":"","level":"error","message":"Telegram请求失败","method":"getUpdates","service":"nas-bot","timestamp":"2026-05-30 08:27:23"}
{"error":"","level":"error","message":"Telegram请求失败","method":"getUpdates","service":"nas-bot","timestamp":"2026-05-30 08:27:24"}
{"error":"","level":"error","message":"Telegram请求失败","method":"getUpdates","service":"nas-bot","timestamp":"2026-05-30 08:27:25"}
{"error":"","level":"error","message":"Telegram请求失败","method":"getUpdates","service":"nas-bot","timestamp":"2026-05-30 08:27:27"}
{"error":"","level":"error","message":"Telegram请求失败","method":"getUpdates","service":"nas-bot","timestamp":"2026-05-30 08:27:28"}
{"error":"","level":"error","message":"Telegram请求失败","method":"getUpdates","service":"nas-bot","timestamp":"2026-05-30 08:27:29"}
{"error":"","level":"error","message":"Telegram请求失败","method":"getUpdates","service":"nas-bot","timestamp":"2026-05-30 08:27:30"}
{"error":"","level":"error","message":"Telegram请求失败","method":"getUpdates","service":"nas-bot","timestamp":"2026-05-30 08:27:32"}
{"error":"","level":"error","message":"Telegram请求失败","method":"getUpdates","service":"nas-bot","timestamp":"2026-05-30 08:27:33"}
{"error":"","level":"error","message":"Telegram请求失败","method":"getUpdates","service":"nas-bot","timestamp":"2026-05-30 08:27:34"}
{"error":"","level":"error","message":"Telegram请求失败","method":"getUpdates","service":"nas-bot","timestamp":"2026-05-30 08:27:35"}
{"error":"","level":"error","message":"Telegram请求失败","method":"getUpdates","service":"nas-bot","timestamp":"2026-05-30 08:27:37"}
{"error":"","level":"error","message":"Telegram请求失败","method":"getUpdates","service":"nas-bot","timestamp":"2026-05-30 08:27:38"}
{"error":"","level":"error","message":"Telegram请求失败","method":"getUpdates","service":"nas-bot","timestamp":"2026-05-30 08:27:39"}
{"error":"","level":"error","message":"Telegram请求失败","method":"getUpdates","service":"nas-bot","timestamp":"2026-05-30 08:27:40"}
{"error":"","level":"error","message":"Telegram请求失败","method":"getUpdates","service":"nas-bot","timestamp":"2026-05-30 08:27:42"}
{"error":"","level":"error","message":"Telegram请求失败","method":"getUpdates","service":"nas-bot","timestamp":"2026-05-30 08:27:43"}
{"error":"","level":"error","message":"Telegram请求失败","method":"getUpdates","service":"nas-bot","timestamp":"2026-05-30 08:27:44"}
{"error":"","level":"error","message":"Telegram请求失败","method":"getUpdates","service":"nas-bot","timestamp":"2026-05-30 08:27:46"}
{"error":"","level":"error","message":"Telegram请求失败","method":"getUpdates","service":"nas-bot","timestamp":"2026-05-30 08:27:47"}
{"error":"","level":"error","message":"Telegram请求失败","method":"getUpdates","service":"nas-bot","timestamp":"2026-05-30 08:27:48"}
{"error":"","level":"error","message":"Telegram请求失败","method":"getUpdates","service":"nas-bot","timestamp":"2026-05-30 08:27:49"}
{"error":"","level":"error","message":"Telegram请求失败","method":"getUpdates","service":"nas-bot","timestamp":"2026-05-30 08:27:51"}
{"error":"","level":"error","message":"Telegram请求失败","method":"getUpdates","service":"nas-bot","timestamp":"2026-05-30 08:27:52"}
{"error":"","level":"error","message":"Telegram请求失败","method":"getUpdates","service":"nas-bot","timestamp":"2026-05-30 08:27:53"}
{"error":"","level":"error","message":"Telegram请求失败","method":"getUpdates","service":"nas-bot","timestamp":"2026-05-30 08:27:54"}
{"error":"","level":"error","message":"Telegram请求失败","method":"getUpdates","service":"nas-bot","timestamp":"2026-05-30 08:27:56"}
{"error":"","level":"error","message":"Telegram请求失败","method":"getUpdates","service":"nas-bot","timestamp":"2026-05-30 08:27:57"}
{"error":"","level":"error","message":"Telegram请求失败","method":"getUpdates","service":"nas-bot","timestamp":"2026-05-30 08:27:58"}
{"error":"","level":"error","message":"Telegram请求失败","method":"getUpdates","service":"nas-bot","timestamp":"2026-05-30 08:27:59"}
{"error":"","level":"error","message":"Telegram请求失败","method":"getUpdates","service":"nas-bot","timestamp":"2026-05-30 08:28:01"}
{"error":"","level":"error","message":"Telegram请求失败","method":"getUpdates","service":"nas-bot","timestamp":"2026-05-30 08:28:02"}
{"error":"","level":"error","message":"Telegram请求失败","method":"getUpdates","service":"nas-bot","timestamp":"2026-05-30 08:28:03"}
{"error":"","level":"error","message":"Telegram请求失败","method":"getUpdates","service":"nas-bot","timestamp":"2026-05-30 08:28:04"}
{"error":"","level":"error","message":"Telegram请求失败","method":"getUpdates","service":"nas-bot","timestamp":"2026-05-30 08:28:06"}
{"error":"","level":"error","message":"Telegram请求失败","method":"getUpdates","service":"nas-bot","timestamp":"2026-05-30 08:28:07"}
{"error":"","level":"error","message":"Telegram请求失败","method":"getUpdates","service":"nas-bot","timestamp":"2026-05-30 08:28:08"}
{"error":"","level":"error","message":"Telegram请求失败","method":"getUpdates","service":"nas-bot","timestamp":"2026-05-30 08:28:09"}
{"error":"","level":"error","message":"Telegram请求失败","method":"getUpdates","service":"nas-bot","timestamp":"2026-05-30 08:28:11"}
{"error":"","level":"error","message":"Telegram请求失败","method":"getUpdates","service":"nas-bot","timestamp":"2026-05-30 08:28:12"}
{"error":"","level":"error","message":"Telegram请求失败","method":"getUpdates","service":"nas-bot","timestamp":"2026-05-30 08:28:13"}
{"error":"","level":"error","message":"Telegram请求失败","method":"getUpdates","service":"nas-bot","timestamp":"2026-05-30 08:28:14"}
{"error":"","level":"error","message":"Telegram请求失败","method":"getUpdates","service":"nas-bot","timestamp":"2026-05-30 08:28:16"}
{"error":"","level":"error","message":"Telegram请求失败","method":"getUpdates","service":"nas-bot","timestamp":"2026-05-30 08:28:17"}
{"error":"","level":"error","message":"Telegram请求失败","method":"getUpdates","service":"nas-bot","timestamp":"2026-05-30 08:28:18"}
{"error":"","level":"error","message":"Telegram请求失败","method":"getUpdates","service":"nas-bot","timestamp":"2026-05-30 08:28:19"}
{"error":"","level":"error","message":"Telegram请求失败","method":"getUpdates","service":"nas-bot","timestamp":"2026-05-30 08:28:21"}
{"error":"","level":"error","message":"Telegram请求失败","method":"getUpdates","service":"nas-bot","timestamp":"2026-05-30 08:28:22"}
{"error":"","level":"error","message":"Telegram请求失败","method":"getUpdates","service":"nas-bot","timestamp":"2026-05-30 08:28:23"}
{"error":"","level":"error","message":"Telegram请求失败","method":"getUpdates","service":"nas-bot","timestamp":"2026-05-30 08:28:24"}
{"error":"","level":"error","message":"Telegram请求失败","method":"getUpdates","service":"nas-bot","timestamp":"2026-05-30 08:28:26"}
{"error":"","level":"error","message":"Telegram请求失败","method":"getUpdates","service":"nas-bot","timestamp":"2026-05-30 08:28:27"}
{"error":"","level":"error","message":"Telegram请求失败","method":"getUpdates","service":"nas-bot","timestamp":"2026-05-30 08:28:28"}
{"error":"","level":"error","message":"Telegram请求失败","method":"getUpdates","service":"nas-bot","timestamp":"2026-05-30 08:28:29"}
{"error":"","level":"error","message":"Telegram请求失败","method":"getUpdates","service":"nas-bot","timestamp":"2026-05-30 08:28:31"}
{"error":"","level":"error","message":"Telegram请求失败","method":"getUpdates","service":"nas-bot","timestamp":"2026-05-30 08:28:32"}
{"error":"","level":"error","message":"Telegram请求失败","method":"getUpdates","service":"nas-bot","timestamp":"2026-05-30 08:28:33"}
{"error":"","level":"error","message":"Telegram请求失败","method":"getUpdates","service":"nas-bot","timestamp":"2026-05-30 08:28:34"}
{"error":"","level":"error","message":"Telegram请求失败","method":"getUpdates","service":"nas-bot","timestamp":"2026-05-30 08:28:36"}
{"error":"","level":"error","message":"Telegram请求失败","method":"getUpdates","service":"nas-bot","timestamp":"2026-05-30 08:28:37"}
{"error":"","level":"error","message":"Telegram请求失败","method":"getUpdates","service":"nas-bot","timestamp":"2026-05-30 08:28:38"}
{"error":"","level":"error","message":"Telegram请求失败","method":"getUpdates","service":"nas-bot","timestamp":"2026-05-30 08:28:39"}
{"error":"","level":"error","message":"Telegram请求失败","method":"getUpdates","service":"nas-bot","timestamp":"2026-05-30 08:28:41"}
{"error":"","level":"error","message":"Telegram请求失败","method":"getUpdates","service":"nas-bot","timestamp":"2026-05-30 08:28:42"}
{"error":"","level":"error","message":"Telegram请求失败","method":"getUpdates","service":"nas-bot","timestamp":"2026-05-30 08:28:43"}
{"error":"","level":"error","message":"Telegram请求失败","method":"getUpdates","service":"nas-bot","timestamp":"2026-05-30 08:28:45"}
{"error":"","level":"error","message":"Telegram请求失败","method":"getUpdates","service":"nas-bot","timestamp":"2026-05-30 08:28:46"}
{"error":"","level":"error","message":"Telegram请求失败","method":"getUpdates","service":"nas-bot","timestamp":"2026-05-30 08:28:47"}
{"error":"","level":"error","message":"Telegram请求失败","method":"getUpdates","service":"nas-bot","timestamp":"2026-05-30 08:28:48"}
{"error":"","level":"error","message":"Telegram请求失败","method":"getUpdates","service":"nas-bot","timestamp":"2026-05-30 08:28:50"}
{"error":"","level":"error","message":"Telegram请求失败","method":"getUpdates","service":"nas-bot","timestamp":"2026-05-30 08:28:51"}
{"error":"","level":"error","message":"Telegram请求失败","method":"getUpdates","service":"nas-bot","timestamp":"2026-05-30 08:28:52"}
{"error":"","level":"error","message":"Telegram请求失败","method":"getUpdates","service":"nas-bot","timestamp":"2026-05-30 08:28:53"}
{"error":"","level":"error","message":"Telegram请求失败","method":"getUpdates","service":"nas-bot","timestamp":"2026-05-30 08:28:55"}
{"error":"","level":"error","message":"Telegram请求失败","method":"getUpdates","service":"nas-bot","timestamp":"2026-05-30 08:28:56"}
{"error":"","level":"error","message":"Telegram请求失败","method":"getUpdates","service":"nas-bot","timestamp":"2026-05-30 08:28:57"}
{"error":"","level":"error","message":"Telegram请求失败","method":"getUpdates","service":"nas-bot","timestamp":"2026-05-30 08:28:58"}
{"error":"","level":"error","message":"Telegram请求失败","method":"getUpdates","service":"nas-bot","timestamp":"2026-05-30 08:29:00"}
{"error":"","level":"error","message":"Telegram请求失败","method":"getUpdates","service":"nas-bot","timestamp":"2026-05-30 08:29:01"}
{"error":"","level":"error","message":"Telegram请求失败","method":"getUpdates","service":"nas-bot","timestamp":"2026-05-30 08:29:02"}
{"error":"","level":"error","message":"Telegram请求失败","method":"getUpdates","service":"nas-bot","timestamp":"2026-05-30 08:29:03"}
{"error":"","level":"error","message":"Telegram请求失败","method":"getUpdates","service":"nas-bot","timestamp":"2026-05-30 08:29:05"}
{"error":"","level":"error","message":"Telegram请求失败","method":"getUpdates","service":"nas-bot","timestamp":"2026-05-30 08:29:06"}
{"error":"","level":"error","message":"Telegram请求失败","method":"getUpdates","service":"nas-bot","timestamp":"2026-05-30 08:29:07"}
{"error":"","level":"error","message":"Telegram请求失败","method":"getUpdates","service":"nas-bot","timestamp":"2026-05-30 08:29:08"}
{"error":"","level":"error","message":"Telegram请求失败","method":"getUpdates","service":"nas-bot","timestamp":"2026-05-30 08:29:10"}
{"error":"","level":"error","message":"Telegram请求失败","method":"getUpdates","service":"nas-bot","timestamp":"2026-05-30 08:29:11"}
{"error":"","level":"error","message":"Telegram请求失败","method":"getUpdates","service":"nas-bot","timestamp":"2026-05-30 08:29:12"}
{"error":"","level":"error","message":"Telegram请求失败","method":"getUpdates","service":"nas-bot","timestamp":"2026-05-30 08:29:13"}
{"error":"","level":"error","message":"Telegram请求失败","method":"getUpdates","service":"nas-bot","timestamp":"2026-05-30 08:29:15"}
{"error":"","level":"error","message":"Telegram请求失败","method":"getUpdates","service":"nas-bot","timestamp":"2026-05-30 08:29:16"}
{"error":"","level":"error","message":"Telegram请求失败","method":"getUpdates","service":"nas-bot","timestamp":"2026-05-30 08:29:17"}
{"error":"","level":"error","message":"Telegram请求失败","method":"getUpdates","service":"nas-bot","timestamp":"2026-05-30 08:29:18"}
{"error":"","level":"error","message":"Telegram请求失败","method":"getUpdates","service":"nas-bot","timestamp":"2026-05-30 08:29:20"}
{"error":"","level":"error","message":"Telegram请求失败","method":"getUpdates","service":"nas-bot","timestamp":"2026-05-30 08:29:21"}
{"error":"","level":"error","message":"Telegram请求失败","method":"getUpdates","service":"nas-bot","timestamp":"2026-05-30 08:29:22"}
{"error":"","level":"error","message":"Telegram请求失败","method":"getUpdates","service":"nas-bot","timestamp":"2026-05-30 08:29:23"}
{"error":"","level":"error","message":"Telegram请求失败","method":"getUpdates","service":"nas-bot","timestamp":"2026-05-30 08:29:25"}
{"error":"","level":"error","message":"Telegram请求失败","method":"getUpdates","service":"nas-bot","timestamp":"2026-05-30 08:29:26"}
{"error":"","level":"error","message":"Telegram请求失败","method":"getUpdates","service":"nas-bot","timestamp":"2026-05-30 08:29:27"}
{"error":"","level":"error","message":"Telegram请求失败","method":"getUpdates","service":"nas-bot","timestamp":"2026-05-30 08:29:28"}
{"error":"","level":"error","message":"Telegram请求失败","method":"getUpdates","service":"nas-bot","timestamp":"2026-05-30 08:29:30"}
{"error":"","level":"error","message":"Telegram请求失败","method":"getUpdates","service":"nas-bot","timestamp":"2026-05-30 08:29:31"}
{"error":"","level":"error","message":"Telegram请求失败","method":"getUpdates","service":"nas-bot","timestamp":"2026-05-30 08:29:32"}
{"error":"","level":"error","message":"Telegram请求失败","method":"getUpdates","service":"nas-bot","timestamp":"2026-05-30 08:29:33"}
{"error":"","level":"error","message":"Telegram请求失败","method":"getUpdates","service":"nas-bot","timestamp":"2026-05-30 08:29:35"}
{"error":"","level":"error","message":"Telegram请求失败","method":"getUpdates","service":"nas-bot","timestamp":"2026-05-30 08:29:36"}
{"error":"","level":"error","message":"Telegram请求失败","method":"getUpdates","service":"nas-bot","timestamp":"2026-05-30 08:29:37"}
{"error":"","level":"error","message":"Telegram请求失败","method":"getUpdates","service":"nas-bot","timestamp":"2026-05-30 08:29:38"}
{"error":"","level":"error","message":"Telegram请求失败","method":"getUpdates","service":"nas-bot","timestamp":"2026-05-30 08:29:40"}
{"error":"","level":"error","message":"Telegram请求失败","method":"getUpdates","service":"nas-bot","timestamp":"2026-05-30 08:29:41"}
{"error":"","level":"error","message":"Telegram请求失败","method":"getUpdates","service":"nas-bot","timestamp":"2026-05-30 08:29:42"}
{"error":"","level":"error","message":"Telegram请求失败","method":"getUpdates","service":"nas-bot","timestamp":"2026-05-30 08:29:44"}
{"error":"","level":"error","message":"Telegram请求失败","method":"getUpdates","service":"nas-bot","timestamp":"2026-05-30 08:29:45"}
{"error":"","level":"error","message":"Telegram请求失败","method":"getUpdates","service":"nas-bot","timestamp":"2026-05-30 08:29:46"}
{"error":"","level":"error","message":"Telegram请求失败","method":"getUpdates","service":"nas-bot","timestamp":"2026-05-30 08:29:47"}
{"error":"","level":"error","message":"Telegram请求失败","method":"getUpdates","service":"nas-bot","timestamp":"2026-05-30 08:29:49"}
{"error":"","level":"error","message":"Telegram请求失败","method":"getUpdates","service":"nas-bot","timestamp":"2026-05-30 08:29:50"}
{"error":"","level":"error","message":"Telegram请求失败","method":"getUpdates","service":"nas-bot","timestamp":"2026-05-30 08:29:51"}
{"error":"","level":"error","message":"Telegram请求失败","method":"getUpdates","service":"nas-bot","timestamp":"2026-05-30 08:29:52"}
{"error":"","level":"error","message":"Telegram请求失败","method":"getUpdates","service":"nas-bot","timestamp":"2026-05-30 08:29:54"}
{"error":"","level":"error","message":"Telegram请求失败","method":"getUpdates","service":"nas-bot","timestamp":"2026-05-30 08:29:55"}
{"error":"","level":"error","message":"Telegram请求失败","method":"getUpdates","service":"nas-bot","timestamp":"2026-05-30 08:29:56"}
{"error":"","level":"error","message":"Telegram请求失败","method":"getUpdates","service":"nas-bot","timestamp":"2026-05-30 08:29:57"}
{"error":"","level":"error","message":"Telegram请求失败","method":"getUpdates","service":"nas-bot","timestamp":"2026-05-30 08:29:59"}
{"error":"","level":"error","message":"Telegram请求失败","method":"getUpdates","service":"nas-bot","timestamp":"2026-05-30 08:30:00"}
{"error":"","level":"error","message":"Telegram请求失败","method":"getUpdates","service":"nas-bot","timestamp":"2026-05-30 08:30:01"}
{"error":"","level":"error","message":"Telegram请求失败","method":"getUpdates","service":"nas-bot","timestamp":"2026-05-30 08:30:02"}
{"error":"","level":"error","message":"Telegram请求失败","method":"getUpdates","service":"nas-bot","timestamp":"2026-05-30 08:30:04"}
{"error":"","level":"error","message":"Telegram请求失败","method":"getUpdates","service":"nas-bot","timestamp":"2026-05-30 08:30:05"}
{"error":"","level":"error","message":"Telegram请求失败","method":"getUpdates","service":"nas-bot","timestamp":"2026-05-30 08:30:06"}
{"error":"","level":"error","message":"Telegram请求失败","method":"getUpdates","service":"nas-bot","timestamp":"2026-05-30 08:30:07"}
{"error":"","level":"error","message":"Telegram请求失败","method":"getUpdates","service":"nas-bot","timestamp":"2026-05-30 08:30:09"}
{"error":"","level":"error","message":"Telegram请求失败","method":"getUpdates","service":"nas-bot","timestamp":"2026-05-30 08:30:10"}
{"error":"","level":"error","message":"Telegram请求失败","method":"getUpdates","service":"nas-bot","timestamp":"2026-05-30 08:30:11"}
{"error":"","level":"error","message":"Telegram请求失败","method":"getUpdates","service":"nas-bot","timestamp":"2026-05-30 08:30:12"}
{"error":"","level":"error","message":"Telegram请求失败","method":"getUpdates","service":"nas-bot","timestamp":"2026-05-30 08:30:14"}
{"error":"","level":"error","message":"Telegram请求失败","method":"getUpdates","service":"nas-bot","timestamp":"2026-05-30 08:30:15"}
{"error":"","level":"error","message":"Telegram请求失败","method":"getUpdates","service":"nas-bot","timestamp":"2026-05-30 08:30:16"}
{"error":"","level":"error","message":"Telegram请求失败","method":"getUpdates","service":"nas-bot","timestamp":"2026-05-30 08:30:17"}
{"error":"","level":"error","message":"Telegram请求失败","method":"getUpdates","service":"nas-bot","timestamp":"2026-05-30 08:30:19"}
{"error":"","level":"error","message":"Telegram请求失败","method":"getUpdates","service":"nas-bot","timestamp":"2026-05-30 08:30:20"}
{"error":"","level":"error","message":"Telegram请求失败","method":"getUpdates","service":"nas-bot","timestamp":"2026-05-30 08:30:21"}
{"error":"","level":"error","message":"Telegram请求失败","method":"getUpdates","service":"nas-bot","timestamp":"2026-05-30 08:30:22"}
{"error":"","level":"error","message":"Telegram请求失败","method":"getUpdates","service":"nas-bot","timestamp":"2026-05-30 08:30:24"}
{"error":"","level":"error","message":"Telegram请求失败","method":"getUpdates","service":"nas-bot","timestamp":"2026-05-30 08:30:25"}
{"error":"","level":"error","message":"Telegram请求失败","method":"getUpdates","service":"nas-bot","timestamp":"2026-05-30 08:30:26"}
{"error":"","level":"error","message":"Telegram请求失败","method":"getUpdates","service":"nas-bot","timestamp":"2026-05-30 08:30:27"}
{"error":"","level":"error","message":"Telegram请求失败","method":"getUpdates","service":"nas-bot","timestamp":"2026-05-30 08:30:29"}
{"error":"","level":"error","message":"Telegram请求失败","method":"getUpdates","service":"nas-bot","timestamp":"2026-05-30 08:30:30"}
{"error":"","level":"error","message":"Telegram请求失败","method":"getUpdates","service":"nas-bot","timestamp":"2026-05-30 08:30:31"}
{"error":"","level":"error","message":"Telegram请求失败","method":"getUpdates","service":"nas-bot","timestamp":"2026-05-30 08:30:32"}
{"error":"","level":"error","message":"Telegram请求失败","method":"getUpdates","service":"nas-bot","timestamp":"2026-05-30 08:30:34"}
{"error":"","level":"error","message":"Telegram请求失败","method":"getUpdates","service":"nas-bot","timestamp":"2026-05-30 08:30:35"}
{"error":"","level":"error","message":"Telegram请求失败","method":"getUpdates","service":"nas-bot","timestamp":"2026-05-30 08:30:36"}
{"error":"","level":"error","message":"Telegram请求失败","method":"getUpdates","service":"nas-bot","timestamp":"2026-05-30 08:30:37"}
{"error":"","level":"error","message":"Telegram请求失败","method":"getUpdates","service":"nas-bot","timestamp":"2026-05-30 08:30:39"}
{"error":"","level":"error","message":"Telegram请求失败","method":"getUpdates","service":"nas-bot","timestamp":"2026-05-30 08:30:40"}
{"error":"","level":"error","message":"Telegram请求失败","method":"getUpdates","service":"nas-bot","timestamp":"2026-05-30 08:30:41"}
{"error":"","level":"error","message":"Telegram请求失败","method":"getUpdates","service":"nas-bot","timestamp":"2026-05-30 08:30:43"}
{"error":"","level":"error","message":"Telegram请求失败","method":"getUpdates","service":"nas-bot","timestamp":"2026-05-30 08:30:44"}
{"error":"","level":"error","message":"Telegram请求失败","method":"getUpdates","service":"nas-bot","timestamp":"2026-05-30 08:30:45"}
{"error":"","level":"error","message":"Telegram请求失败","method":"getUpdates","service":"nas-bot","timestamp":"2026-05-30 08:30:46"}
{"error":"","level":"error","message":"Telegram请求失败","method":"getUpdates","service":"nas-bot","timestamp":"2026-05-30 08:30:48"}
{"error":"","level":"error","message":"Telegram请求失败","method":"getUpdates","service":"nas-bot","timestamp":"2026-05-30 08:30:49"}
{"error":"","level":"error","message":"Telegram请求失败","method":"getUpdates","service":"nas-bot","timestamp":"2026-05-30 08:30:50"}
{"error":"","level":"error","message":"Telegram请求失败","method":"getUpdates","service":"nas-bot","timestamp":"2026-05-30 08:30:51"}
{"error":"","level":"error","message":"Telegram请求失败","method":"getUpdates","service":"nas-bot","timestamp":"2026-05-30 08:30:53"}
{"error":"","level":"error","message":"Telegram请求失败","method":"getUpdates","service":"nas-bot","timestamp":"2026-05-30 08:30:54"}
{"error":"","level":"error","message":"Telegram请求失败","method":"getUpdates","service":"nas-bot","timestamp":"2026-05-30 08:30:55"}
{"error":"","level":"error","message":"Telegram请求失败","method":"getUpdates","service":"nas-bot","timestamp":"2026-05-30 08:30:56"}
{"error":"","level":"error","message":"Telegram请求失败","method":"getUpdates","service":"nas-bot","timestamp":"2026-05-30 08:30:58"}
{"error":"","level":"error","message":"Telegram请求失败","method":"getUpdates","service":"nas-bot","timestamp":"2026-05-30 08:30:59"}
{"error":"","level":"error","message":"Telegram请求失败","method":"getUpdates","service":"nas-bot","timestamp":"2026-05-30 08:31:00"}
{"error":"","level":"error","message":"Telegram请求失败","method":"getUpdates","service":"nas-bot","timestamp":"2026-05-30 08:31:01"}
{"error":"","level":"error","message":"Telegram请求失败","method":"getUpdates","service":"nas-bot","timestamp":"2026-05-30 08:31:03"}
{"error":"","level":"error","message":"Telegram请求失败","method":"getUpdates","service":"nas-bot","timestamp":"2026-05-30 08:31:04"}
{"error":"","level":"error","message":"Telegram请求失败","method":"getUpdates","service":"nas-bot","timestamp":"2026-05-30 08:31:05"}
{"error":"","level":"error","message":"Telegram请求失败","method":"getUpdates","service":"nas-bot","timestamp":"2026-05-30 08:31:06"}
{"error":"","level":"error","message":"Telegram请求失败","method":"getUpdates","service":"nas-bot","timestamp":"2026-05-30 08:31:08"}
{"error":"","level":"error","message":"Telegram请求失败","method":"getUpdates","service":"nas-bot","timestamp":"2026-05-30 08:31:09"}
{"error":"","level":"error","message":"Telegram请求失败","method":"getUpdates","service":"nas-bot","timestamp":"2026-05-30 08:31:10"}
{"error":"","level":"error","message":"Telegram请求失败","method":"getUpdates","service":"nas-bot","timestamp":"2026-05-30 08:31:11"}
{"error":"","level":"error","message":"Telegram请求失败","method":"getUpdates","service":"nas-bot","timestamp":"2026-05-30 08:31:13"}
{"error":"","level":"error","message":"Telegram请求失败","method":"getUpdates","service":"nas-bot","timestamp":"2026-05-30 08:31:14"}
{"error":"","level":"error","message":"Telegram请求失败","method":"getUpdates","service":"nas-bot","timestamp":"2026-05-30 08:31:15"}
{"error":"","level":"error","message":"Telegram请求失败","method":"getUpdates","service":"nas-bot","timestamp":"2026-05-30 08:31:16"}
{"error":"","level":"error","message":"Telegram请求失败","method":"getUpdates","service":"nas-bot","timestamp":"2026-05-30 08:31:18"}
{"error":"","level":"error","message":"Telegram请求失败","method":"getUpdates","service":"nas-bot","timestamp":"2026-05-30 08:31:19"}
{"error":"","level":"error","message":"Telegram请求失败","method":"getUpdates","service":"nas-bot","timestamp":"2026-05-30 08:31:20"}
{"error":"","level":"error","message":"Telegram请求失败","method":"getUpdates","service":"nas-bot","timestamp":"2026-05-30 08:31:21"}
{"error":"","level":"error","message":"Telegram请求失败","method":"getUpdates","service":"nas-bot","timestamp":"2026-05-30 08:31:23"}
{"error":"","level":"error","message":"Telegram请求失败","method":"getUpdates","service":"nas-bot","timestamp":"2026-05-30 08:31:24"}
{"error":"","level":"error","message":"Telegram请求失败","method":"getUpdates","service":"nas-bot","timestamp":"2026-05-30 08:31:25"}
{"error":"","level":"error","message":"Telegram请求失败","method":"getUpdates","service":"nas-bot","timestamp":"2026-05-30 08:31:26"}
{"error":"","level":"error","message":"Telegram请求失败","method":"getUpdates","service":"nas-bot","timestamp":"2026-05-30 08:31:28"}
{"error":"","level":"error","message":"Telegram请求失败","method":"getUpdates","service":"nas-bot","timestamp":"2026-05-30 08:31:29"}
{"error":"","level":"error","message":"Telegram请求失败","method":"getUpdates","service":"nas-bot","timestamp":"2026-05-30 08:31:30"}
{"error":"","level":"error","message":"Telegram请求失败","method":"getUpdates","service":"nas-bot","timestamp":"2026-05-30 08:31:31"}
{"error":"","level":"error","message":"Telegram请求失败","method":"getUpdates","service":"nas-bot","timestamp":"2026-05-30 08:31:33"}
{"error":"","level":"error","message":"Telegram请求失败","method":"getUpdates","service":"nas-bot","timestamp":"2026-05-30 08:31:34"}
{"error":"","level":"error","message":"Telegram请求失败","method":"getUpdates","service":"nas-bot","timestamp":"2026-05-30 08:31:35"}
{"error":"","level":"error","message":"Telegram请求失败","method":"getUpdates","service":"nas-bot","timestamp":"2026-05-30 08:31:36"}
{"error":"","level":"error","message":"Telegram请求失败","method":"getUpdates","service":"nas-bot","timestamp":"2026-05-30 08:31:38"}
{"error":"","level":"error","message":"Telegram请求失败","method":"getUpdates","service":"nas-bot","timestamp":"2026-05-30 08:31:39"}
{"error":"","level":"error","message":"Telegram请求失败","method":"getUpdates","service":"nas-bot","timestamp":"2026-05-30 08:31:40"}
{"error":"","level":"error","message":"Telegram请求失败","method":"getUpdates","service":"nas-bot","timestamp":"2026-05-30 08:31:41"}
{"error":"","level":"error","message":"Telegram请求失败","method":"getUpdates","service":"nas-bot","timestamp":"2026-05-30 08:31:43"}
{"error":"","level":"error","message":"Telegram请求失败","method":"getUpdates","service":"nas-bot","timestamp":"2026-05-30 08:31:44"}
{"error":"","level":"error","message":"Telegram请求失败","method":"getUpdates","service":"nas-bot","timestamp":"2026-05-30 08:31:45"}
{"error":"","level":"error","message":"Telegram请求失败","method":"getUpdates","service":"nas-bot","timestamp":"2026-05-30 08:31:47"}
{"error":"","level":"error","message":"Telegram请求失败","method":"getUpdates","service":"nas-bot","timestamp":"2026-05-30 08:31:48"}
{"error":"","level":"error","message":"Telegram请求失败","method":"getUpdates","service":"nas-bot","timestamp":"2026-05-30 08:31:49"}
{"error":"","level":"error","message":"Telegram请求失败","method":"getUpdates","service":"nas-bot","timestamp":"2026-05-30 08:31:50"}
{"error":"","level":"error","message":"Telegram请求失败","method":"getUpdates","service":"nas-bot","timestamp":"2026-05-30 08:31:52"}
{"error":"","level":"error","message":"Telegram请求失败","method":"getUpdates","service":"nas-bot","timestamp":"2026-05-30 08:31:53"}
{"error":"","level":"error","message":"Telegram请求失败","method":"getUpdates","service":"nas-bot","timestamp":"2026-05-30 08:31:54"}
{"error":"","level":"error","message":"Telegram请求失败","method":"getUpdates","service":"nas-bot","timestamp":"2026-05-30 08:31:55"}
{"error":"","level":"error","message":"Telegram请求失败","method":"getUpdates","service":"nas-bot","timestamp":"2026-05-30 08:31:57"}
{"error":"","level":"error","message":"Telegram请求失败","method":"getUpdates","service":"nas-bot","timestamp":"2026-05-30 08:31:58"}
{"error":"","level":"error","message":"Telegram请求失败","method":"getUpdates","service":"nas-bot","timestamp":"2026-05-30 08:31:59"}
{"error":"","level":"error","message":"Telegram请求失败","method":"getUpdates","service":"nas-bot","timestamp":"2026-05-30 08:32:00"}
{"error":"","level":"error","message":"Telegram请求失败","method":"getUpdates","service":"nas-bot","timestamp":"2026-05-30 08:32:02"}
{"error":"","level":"error","message":"Telegram请求失败","method":"getUpdates","service":"nas-bot","timestamp":"2026-05-30 08:32:03"}
{"error":"","level":"error","message":"Telegram请求失败","method":"getUpdates","service":"nas-bot","timestamp":"2026-05-30 08:32:04"}
{"error":"","level":"error","message":"Telegram请求失败","method":"getUpdates","service":"nas-bot","timestamp":"2026-05-30 08:32:05"}
{"error":"","level":"error","message":"Telegram请求失败","method":"getUpdates","service":"nas-bot","timestamp":"2026-05-30 08:32:07"}
{"error":"","level":"error","message":"Telegram请求失败","method":"getUpdates","service":"nas-bot","timestamp":"2026-05-30 08:32:08"}
{"error":"","level":"error","message":"Telegram请求失败","method":"getUpdates","service":"nas-bot","timestamp":"2026-05-30 08:32:09"}
{"error":"","level":"error","message":"Telegram请求失败","method":"getUpdates","service":"nas-bot","timestamp":"2026-05-30 08:32:10"}
{"error":"","level":"error","message":"Telegram请求失败","method":"getUpdates","service":"nas-bot","timestamp":"2026-05-30 08:32:12"}
{"error":"","level":"error","message":"Telegram请求失败","method":"getUpdates","service":"nas-bot","timestamp":"2026-05-30 08:32:13"}
{"error":"","level":"error","message":"Telegram请求失败","method":"getUpdates","service":"nas-bot","timestamp":"2026-05-30 08:32:14"}
{"error":"","level":"error","message":"Telegram请求失败","method":"getUpdates","service":"nas-bot","timestamp":"2026-05-30 08:32:15"}
{"error":"","level":"error","message":"Telegram请求失败","method":"getUpdates","service":"nas-bot","timestamp":"2026-05-30 08:32:17"}
{"error":"","level":"error","message":"Telegram请求失败","method":"getUpdates","service":"nas-bot","timestamp":"2026-05-30 08:32:18"}
{"error":"","level":"error","message":"Telegram请求失败","method":"getUpdates","service":"nas-bot","timestamp":"2026-05-30 08:32:19"}
{"error":"","level":"error","message":"Telegram请求失败","method":"getUpdates","service":"nas-bot","timestamp":"2026-05-30 08:32:20"}
{"error":"","level":"error","message":"Telegram请求失败","method":"getUpdates","service":"nas-bot","timestamp":"2026-05-30 08:32:22"}
{"error":"","level":"error","message":"Telegram请求失败","method":"getUpdates","service":"nas-bot","timestamp":"2026-05-30 08:32:23"}
{"error":"","level":"error","message":"Telegram请求失败","method":"getUpdates","service":"nas-bot","timestamp":"2026-05-30 08:32:24"}
{"error":"","level":"error","message":"Telegram请求失败","method":"getUpdates","service":"nas-bot","timestamp":"2026-05-30 08:32:25"}
{"error":"","level":"error","message":"Telegram请求失败","method":"getUpdates","service":"nas-bot","timestamp":"2026-05-30 08:32:27"}
{"error":"","level":"error","message":"Telegram请求失败","method":"getUpdates","service":"nas-bot","timestamp":"2026-05-30 08:32:28"}
{"error":"","level":"error","message":"Telegram请求失败","method":"getUpdates","service":"nas-bot","timestamp":"2026-05-30 08:32:29"}
{"error":"","level":"error","message":"Telegram请求失败","method":"getUpdates","service":"nas-bot","timestamp":"2026-05-30 08:32:31"}
{"error":"","level":"error","message":"Telegram请求失败","method":"getUpdates","service":"nas-bot","timestamp":"2026-05-30 08:32:32"}
{"error":"","level":"error","message":"Telegram请求失败","method":"getUpdates","service":"nas-bot","timestamp":"2026-05-30 08:32:33"}
{"error":"","level":"error","message":"Telegram请求失败","method":"getUpdates","service":"nas-bot","timestamp":"2026-05-30 08:32:34"}
{"error":"","level":"error","message":"Telegram请求失败","method":"getUpdates","service":"nas-bot","timestamp":"2026-05-30 08:32:36"}
{"error":"","level":"error","message":"Telegram请求失败","method":"getUpdates","service":"nas-bot","timestamp":"2026-05-30 08:32:37"}
{"error":"","level":"error","message":"Telegram请求失败","method":"getUpdates","service":"nas-bot","timestamp":"2026-05-30 08:32:38"}
{"error":"","level":"error","message":"Telegram请求失败","method":"getUpdates","service":"nas-bot","timestamp":"2026-05-30 08:32:39"}
{"error":"","level":"error","message":"Telegram请求失败","method":"getUpdates","service":"nas-bot","timestamp":"2026-05-30 08:32:41"}
{"error":"","level":"error","message":"Telegram请求失败","method":"getUpdates","service":"nas-bot","timestamp":"2026-05-30 08:32:44"}
{"error":"","level":"error","message":"Telegram请求失败","method":"getUpdates","service":"nas-bot","timestamp":"2026-05-30 08:32:46"}
{"error":"","level":"error","message":"Telegram请求失败","method":"getUpdates","service":"nas-bot","timestamp":"2026-05-30 08:32:47"}
{"error":"","level":"error","message":"Telegram请求失败","method":"getUpdates","service":"nas-bot","timestamp":"2026-05-30 08:32:48"}
{"error":"","level":"error","message":"Telegram请求失败","method":"getUpdates","service":"nas-bot","timestamp":"2026-05-30 08:32:49"}
{"error":"","level":"error","message":"Telegram请求失败","method":"getUpdates","service":"nas-bot","timestamp":"2026-05-30 08:32:51"}
{"error":"","level":"error","message":"Telegram请求失败","method":"getUpdates","service":"nas-bot","timestamp":"2026-05-30 08:32:52"}
{"error":"","level":"error","message":"Telegram请求失败","method":"getUpdates","service":"nas-bot","timestamp":"2026-05-30 08:32:53"}
{"error":"","level":"error","message":"Telegram请求失败","method":"getUpdates","service":"nas-bot","timestamp":"2026-05-30 08:32:54"}
{"error":"","level":"error","message":"Telegram请求失败","method":"getUpdates","service":"nas-bot","timestamp":"2026-05-30 08:32:56"}
{"error":"","level":"error","message":"Telegram请求失败","method":"getUpdates","service":"nas-bot","timestamp":"2026-05-30 08:32:57"}
{"error":"","level":"error","message":"Telegram请求失败","method":"getUpdates","service":"nas-bot","timestamp":"2026-05-30 08:32:58"}
{"error":"","level":"error","message":"Telegram请求失败","method":"getUpdates","service":"nas-bot","timestamp":"2026-05-30 08:32:59"}
{"error":"","level":"error","message":"Telegram请求失败","method":"getUpdates","service":"nas-bot","timestamp":"2026-05-30 08:33:01"}
{"error":"","level":"error","message":"Telegram请求失败","method":"getUpdates","service":"nas-bot","timestamp":"2026-05-30 08:33:02"}
{"error":"","level":"error","message":"Telegram请求失败","method":"getUpdates","service":"nas-bot","timestamp":"2026-05-30 08:33:03"}
{"error":"","level":"error","message":"Telegram请求失败","method":"getUpdates","service":"nas-bot","timestamp":"2026-05-30 08:33:04"}
{"error":"","level":"error","message":"Telegram请求失败","method":"getUpdates","service":"nas-bot","timestamp":"2026-05-30 08:33:06"}
{"error":"","level":"error","message":"Telegram请求失败","method":"getUpdates","service":"nas-bot","timestamp":"2026-05-30 08:33:07"}
{"error":"","level":"error","message":"Telegram请求失败","method":"getUpdates","service":"nas-bot","timestamp":"2026-05-30 08:33:08"}
{"error":"","level":"error","message":"Telegram请求失败","method":"getUpdates","service":"nas-bot","timestamp":"2026-05-30 08:33:09"}
{"error":"","level":"error","message":"Telegram请求失败","method":"getUpdates","service":"nas-bot","timestamp":"2026-05-30 08:33:11"}
{"error":"","level":"error","message":"Telegram请求失败","method":"getUpdates","service":"nas-bot","timestamp":"2026-05-30 08:33:12"}
{"error":"","level":"error","message":"Telegram请求失败","method":"getUpdates","service":"nas-bot","timestamp":"2026-05-30 08:33:13"}
{"error":"","level":"error","message":"Telegram请求失败","method":"getUpdates","service":"nas-bot","timestamp":"2026-05-30 08:33:14"}
{"error":"","level":"error","message":"Telegram请求失败","method":"getUpdates","service":"nas-bot","timestamp":"2026-05-30 08:33:16"}
{"error":"","level":"error","message":"Telegram请求失败","method":"getUpdates","service":"nas-bot","timestamp":"2026-05-30 08:33:17"}
{"error":"","level":"error","message":"Telegram请求失败","method":"getUpdates","service":"nas-bot","timestamp":"2026-05-30 08:33:18"}
{"error":"","level":"error","message":"Telegram请求失败","method":"getUpdates","service":"nas-bot","timestamp":"2026-05-30 08:33:19"}
{"error":"","level":"error","message":"Telegram请求失败","method":"getUpdates","service":"nas-bot","timestamp":"2026-05-30 08:33:21"}
{"error":"","level":"error","message":"Telegram请求失败","method":"getUpdates","service":"nas-bot","timestamp":"2026-05-30 08:33:22"}
{"error":"","level":"error","message":"Telegram请求失败","method":"getUpdates","service":"nas-bot","timestamp":"2026-05-30 08:33:23"}
{"error":"","level":"error","message":"Telegram请求失败","method":"getUpdates","service":"nas-bot","timestamp":"2026-05-30 08:33:24"}
{"error":"","level":"error","message":"Telegram请求失败","method":"getUpdates","service":"nas-bot","timestamp":"2026-05-30 08:33:26"}
{"error":"","level":"error","message":"Telegram请求失败","method":"getUpdates","service":"nas-bot","timestamp":"2026-05-30 08:33:27"}
{"error":"","level":"error","message":"Telegram请求失败","method":"getUpdates","service":"nas-bot","timestamp":"2026-05-30 08:33:28"}
{"error":"","level":"error","message":"Telegram请求失败","method":"getUpdates","service":"nas-bot","timestamp":"2026-05-30 08:33:29"}
{"error":"","level":"error","message":"Telegram请求失败","method":"getUpdates","service":"nas-bot","timestamp":"2026-05-30 08:33:31"}
{"error":"","level":"error","message":"Telegram请求失败","method":"getUpdates","service":"nas-bot","timestamp":"2026-05-30 08:33:32"}
{"error":"","level":"error","message":"Telegram请求失败","method":"getUpdates","service":"nas-bot","timestamp":"2026-05-30 08:33:33"}
{"error":"","level":"error","message":"Telegram请求失败","method":"getUpdates","service":"nas-bot","timestamp":"2026-05-30 08:33:35"}
{"error":"","level":"error","message":"Telegram请求失败","method":"getUpdates","service":"nas-bot","timestamp":"2026-05-30 08:33:36"}
{"error":"","level":"error","message":"Telegram请求失败","method":"getUpdates","service":"nas-bot","timestamp":"2026-05-30 08:33:37"}
{"error":"","level":"error","message":"Telegram请求失败","method":"getUpdates","service":"nas-bot","timestamp":"2026-05-30 08:33:38"}
{"error":"","level":"error","message":"Telegram请求失败","method":"getUpdates","service":"nas-bot","timestamp":"2026-05-30 08:33:40"}
{"error":"","level":"error","message":"Telegram请求失败","method":"getUpdates","service":"nas-bot","timestamp":"2026-05-30 08:33:41"}
{"error":"","level":"error","message":"Telegram请求失败","method":"getUpdates","service":"nas-bot","timestamp":"2026-05-30 08:33:42"}
{"error":"","level":"error","message":"Telegram请求失败","method":"getUpdates","service":"nas-bot","timestamp":"2026-05-30 08:33:43"}
{"error":"","level":"error","message":"Telegram请求失败","method":"getUpdates","service":"nas-bot","timestamp":"2026-05-30 08:33:45"}
{"error":"","level":"error","message":"Telegram请求失败","method":"getUpdates","service":"nas-bot","timestamp":"2026-05-30 08:33:46"}
{"error":"","level":"error","message":"Telegram请求失败","method":"getUpdates","service":"nas-bot","timestamp":"2026-05-30 08:33:47"}
{"error":"","level":"error","message":"Telegram请求失败","method":"getUpdates","service":"nas-bot","timestamp":"2026-05-30 08:33:48"}
{"error":"","level":"error","message":"Telegram请求失败","method":"getUpdates","service":"nas-bot","timestamp":"2026-05-30 08:33:50"}
{"error":"","level":"error","message":"Telegram请求失败","method":"getUpdates","service":"nas-bot","timestamp":"2026-05-30 08:33:51"}
{"error":"","level":"error","message":"Telegram请求失败","method":"getUpdates","service":"nas-bot","timestamp":"2026-05-30 08:33:52"}
{"error":"","level":"error","message":"Telegram请求失败","method":"getUpdates","service":"nas-bot","timestamp":"2026-05-30 08:33:53"}
{"error":"","level":"error","message":"Telegram请求失败","method":"getUpdates","service":"nas-bot","timestamp":"2026-05-30 08:33:55"}
{"error":"","level":"error","message":"Telegram请求失败","method":"getUpdates","service":"nas-bot","timestamp":"2026-05-30 08:33:56"}
{"error":"","level":"error","message":"Telegram请求失败","method":"getUpdates","service":"nas-bot","timestamp":"2026-05-30 08:33:57"}
{"error":"","level":"error","message":"Telegram请求失败","method":"getUpdates","service":"nas-bot","timestamp":"2026-05-30 08:33:58"}
{"error":"","level":"error","message":"Telegram请求失败","method":"getUpdates","service":"nas-bot","timestamp":"2026-05-30 08:34:00"}
{"error":"","level":"error","message":"Telegram请求失败","method":"getUpdates","service":"nas-bot","timestamp":"2026-05-30 08:34:01"}
{"error":"","level":"error","message":"Telegram请求失败","method":"getUpdates","service":"nas-bot","timestamp":"2026-05-30 08:34:02"}
{"error":"","level":"error","message":"Telegram请求失败","method":"getUpdates","service":"nas-bot","timestamp":"2026-05-30 08:34:03"}
{"error":"","level":"error","message":"Telegram请求失败","method":"getUpdates","service":"nas-bot","timestamp":"2026-05-30 08:34:05"}
{"error":"","level":"error","message":"Telegram请求失败","method":"getUpdates","service":"nas-bot","timestamp":"2026-05-30 08:34:06"}
{"error":"","level":"error","message":"Telegram请求失败","method":"getUpdates","service":"nas-bot","timestamp":"2026-05-30 08:34:07"}
{"error":"","level":"error","message":"Telegram请求失败","method":"getUpdates","service":"nas-bot","timestamp":"2026-05-30 08:34:08"}
{"error":"","level":"error","message":"Telegram请求失败","method":"getUpdates","service":"nas-bot","timestamp":"2026-05-30 08:34:10"}
{"error":"","level":"error","message":"Telegram请求失败","method":"getUpdates","service":"nas-bot","timestamp":"2026-05-30 08:34:11"}
{"error":"","level":"error","message":"Telegram请求失败","method":"getUpdates","service":"nas-bot","timestamp":"2026-05-30 08:34:12"}
{"error":"","level":"error","message":"Telegram请求失败","method":"getUpdates","service":"nas-bot","timestamp":"2026-05-30 08:34:13"}
{"error":"","level":"error","message":"Telegram请求失败","method":"getUpdates","service":"nas-bot","timestamp":"2026-05-30 08:34:15"}
{"error":"","level":"error","message":"Telegram请求失败","method":"getUpdates","service":"nas-bot","timestamp":"2026-05-30 08:34:16"}
{"error":"","level":"error","message":"Telegram请求失败","method":"getUpdates","service":"nas-bot","timestamp":"2026-05-30 08:34:17"}
{"error":"","level":"error","message":"Telegram请求失败","method":"getUpdates","service":"nas-bot","timestamp":"2026-05-30 08:34:18"}
{"error":"","level":"error","message":"Telegram请求失败","method":"getUpdates","service":"nas-bot","timestamp":"2026-05-30 08:34:20"}
{"error":"","level":"error","message":"Telegram请求失败","method":"getUpdates","service":"nas-bot","timestamp":"2026-05-30 08:34:21"}
{"error":"","level":"error","message":"Telegram请求失败","method":"getUpdates","service":"nas-bot","timestamp":"2026-05-30 08:34:22"}
{"error":"","level":"error","message":"Telegram请求失败","method":"getUpdates","service":"nas-bot","timestamp":"2026-05-30 08:34:24"}
{"error":"","level":"error","message":"Telegram请求失败","method":"getUpdates","service":"nas-bot","timestamp":"2026-05-30 08:34:25"}
{"error":"","level":"error","message":"Telegram请求失败","method":"getUpdates","service":"nas-bot","timestamp":"2026-05-30 08:34:26"}
{"error":"","level":"error","message":"Telegram请求失败","method":"getUpdates","service":"nas-bot","timestamp":"2026-05-30 08:34:27"}
{"error":"","level":"error","message":"Telegram请求失败","method":"getUpdates","service":"nas-bot","timestamp":"2026-05-30 08:34:29"}
{"error":"","level":"error","message":"Telegram请求失败","method":"getUpdates","service":"nas-bot","timestamp":"2026-05-30 08:34:30"}
{"error":"","level":"error","message":"Telegram请求失败","method":"getUpdates","service":"nas-bot","timestamp":"2026-05-30 08:34:31"}
{"error":"","level":"error","message":"Telegram请求失败","method":"getUpdates","service":"nas-bot","timestamp":"2026-05-30 08:34:32"}
{"error":"","level":"error","message":"Telegram请求失败","method":"getUpdates","service":"nas-bot","timestamp":"2026-05-30 08:34:34"}
{"error":"","level":"error","message":"Telegram请求失败","method":"getUpdates","service":"nas-bot","timestamp":"2026-05-30 08:34:35"}
{"error":"","level":"error","message":"Telegram请求失败","method":"getUpdates","service":"nas-bot","timestamp":"2026-05-30 08:34:36"}
{"error":"","level":"error","message":"Telegram请求失败","method":"getUpdates","service":"nas-bot","timestamp":"2026-05-30 08:34:37"}
{"error":"","level":"error","message":"Telegram请求失败","method":"getUpdates","service":"nas-bot","timestamp":"2026-05-30 08:34:39"}
{"error":"","level":"error","message":"Telegram请求失败","method":"getUpdates","service":"nas-bot","timestamp":"2026-05-30 08:34:40"}
{"error":"","level":"error","message":"Telegram请求失败","method":"getUpdates","service":"nas-bot","timestamp":"2026-05-30 08:34:41"}
{"error":"","level":"error","message":"Telegram请求失败","method":"getUpdates","service":"nas-bot","timestamp":"2026-05-30 08:34:42"}
{"error":"","level":"error","message":"Telegram请求失败","method":"getUpdates","service":"nas-bot","timestamp":"2026-05-30 08:34:44"}
{"error":"","level":"error","message":"Telegram请求失败","method":"getUpdates","service":"nas-bot","timestamp":"2026-05-30 08:34:45"}
{"error":"","level":"error","message":"Telegram请求失败","method":"getUpdates","service":"nas-bot","timestamp":"2026-05-30 08:34:46"}
{"error":"","level":"error","message":"Telegram请求失败","method":"getUpdates","service":"nas-bot","timestamp":"2026-05-30 08:34:47"}
{"error":"","level":"error","message":"Telegram请求失败","method":"getUpdates","service":"nas-bot","timestamp":"2026-05-30 08:34:49"}
{"error":"","level":"error","message":"Telegram请求失败","method":"getUpdates","service":"nas-bot","timestamp":"2026-05-30 08:34:50"}
{"error":"","level":"error","message":"Telegram请求失败","method":"getUpdates","service":"nas-bot","timestamp":"2026-05-30 08:34:51"}
{"error":"","level":"error","message":"Telegram请求失败","method":"getUpdates","service":"nas-bot","timestamp":"2026-05-30 08:34:52"}
{"error":"","level":"error","message":"Telegram请求失败","method":"getUpdates","service":"nas-bot","timestamp":"2026-05-30 08:34:54"}
{"error":"","level":"error","message":"Telegram请求失败","method":"getUpdates","service":"nas-bot","timestamp":"2026-05-30 08:34:55"}
{"error":"","level":"error","message":"Telegram请求失败","method":"getUpdates","service":"nas-bot","timestamp":"2026-05-30 08:34:56"}
{"error":"","level":"error","message":"Telegram请求失败","method":"getUpdates","service":"nas-bot","timestamp":"2026-05-30 08:34:57"}
{"error":"","level":"error","message":"Telegram请求失败","method":"getUpdates","service":"nas-bot","timestamp":"2026-05-30 08:34:59"}
{"error":"","level":"error","message":"Telegram请求失败","method":"getUpdates","service":"nas-bot","timestamp":"2026-05-30 08:35:00"}
{"error":"","level":"error","message":"Telegram请求失败","method":"getUpdates","service":"nas-bot","timestamp":"2026-05-30 08:35:01"}
{"error":"","level":"error","message":"Telegram请求失败","method":"getUpdates","service":"nas-bot","timestamp":"2026-05-30 08:35:03"}
{"error":"","level":"error","message":"Telegram请求失败","method":"getUpdates","service":"nas-bot","timestamp":"2026-05-30 08:35:04"}
{"error":"","level":"error","message":"Telegram请求失败","method":"getUpdates","service":"nas-bot","timestamp":"2026-05-30 08:35:05"}
{"error":"","level":"error","message":"Telegram请求失败","method":"getUpdates","service":"nas-bot","timestamp":"2026-05-30 08:35:06"}
{"error":"","level":"error","message":"Telegram请求失败","method":"getUpdates","service":"nas-bot","timestamp":"2026-05-30 08:35:08"}
{"error":"","level":"error","message":"Telegram请求失败","method":"getUpdates","service":"nas-bot","timestamp":"2026-05-30 08:35:09"}
{"error":"","level":"error","message":"Telegram请求失败","method":"getUpdates","service":"nas-bot","timestamp":"2026-05-30 08:35:10"}
{"error":"","level":"error","message":"Telegram请求失败","method":"getUpdates","service":"nas-bot","timestamp":"2026-05-30 08:35:11"}
{"error":"","level":"error","message":"Telegram请求失败","method":"getUpdates","service":"nas-bot","timestamp":"2026-05-30 08:35:13"}
{"error":"","level":"error","message":"Telegram请求失败","method":"getUpdates","service":"nas-bot","timestamp":"2026-05-30 08:35:14"}
{"error":"","level":"error","message":"Telegram请求失败","method":"getUpdates","service":"nas-bot","timestamp":"2026-05-30 08:35:15"}
{"error":"","level":"error","message":"Telegram请求失败","method":"getUpdates","service":"nas-bot","timestamp":"2026-05-30 08:35:16"}
{"error":"","level":"error","message":"Telegram请求失败","method":"getUpdates","service":"nas-bot","timestamp":"2026-05-30 08:35:18"}
{"error":"","level":"error","message":"Telegram请求失败","method":"getUpdates","service":"nas-bot","timestamp":"2026-05-30 08:35:19"}
{"error":"","level":"error","message":"Telegram请求失败","method":"getUpdates","service":"nas-bot","timestamp":"2026-05-30 08:35:20"}
{"error":"","level":"error","message":"Telegram请求失败","method":"getUpdates","service":"nas-bot","timestamp":"2026-05-30 08:35:21"}
{"error":"","level":"error","message":"Telegram请求失败","method":"getUpdates","service":"nas-bot","timestamp":"2026-05-30 08:35:23"}
{"error":"","level":"error","message":"Telegram请求失败","method":"getUpdates","service":"nas-bot","timestamp":"2026-05-30 08:35:24"}
{"error":"","level":"error","message":"Telegram请求失败","method":"getUpdates","service":"nas-bot","timestamp":"2026-05-30 08:35:25"}
{"error":"","level":"error","message":"Telegram请求失败","method":"getUpdates","service":"nas-bot","timestamp":"2026-05-30 08:35:26"}
{"error":"","level":"error","message":"Telegram请求失败","method":"getUpdates","service":"nas-bot","timestamp":"2026-05-30 08:35:28"}
{"error":"","level":"error","message":"Telegram请求失败","method":"getUpdates","service":"nas-bot","timestamp":"2026-05-30 08:35:29"}
{"error":"","level":"error","message":"Telegram请求失败","method":"getUpdates","service":"nas-bot","timestamp":"2026-05-30 08:35:30"}
{"error":"","level":"error","message":"Telegram请求失败","method":"getUpdates","service":"nas-bot","timestamp":"2026-05-30 08:35:31"}
{"error":"","level":"error","message":"Telegram请求失败","method":"getUpdates","service":"nas-bot","timestamp":"2026-05-30 08:35:33"}
{"error":"","level":"error","message":"Telegram请求失败","method":"getUpdates","service":"nas-bot","timestamp":"2026-05-30 08:35:34"}
{"error":"","level":"error","message":"Telegram请求失败","method":"getUpdates","service":"nas-bot","timestamp":"2026-05-30 08:35:35"}
{"error":"","level":"error","message":"Telegram请求失败","method":"getUpdates","service":"nas-bot","timestamp":"2026-05-30 08:35:36"}
{"error":"","level":"error","message":"Telegram请求失败","method":"getUpdates","service":"nas-bot","timestamp":"2026-05-30 08:35:38"}
{"error":"","level":"error","message":"Telegram请求失败","method":"getUpdates","service":"nas-bot","timestamp":"2026-05-30 08:35:39"}
{"error":"","level":"error","message":"Telegram请求失败","method":"getUpdates","service":"nas-bot","timestamp":"2026-05-30 08:35:40"}
{"error":"","level":"error","message":"Telegram请求失败","method":"getUpdates","service":"nas-bot","timestamp":"2026-05-30 08:35:41"}
{"error":"","level":"error","message":"Telegram请求失败","method":"getUpdates","service":"nas-bot","timestamp":"2026-05-30 08:35:43"}
{"error":"","level":"error","message":"Telegram请求失败","method":"getUpdates","service":"nas-bot","timestamp":"2026-05-30 08:35:44"}
{"error":"","level":"error","message":"Telegram请求失败","method":"getUpdates","service":"nas-bot","timestamp":"2026-05-30 08:35:45"}
{"error":"","level":"error","message":"Telegram请求失败","method":"getUpdates","service":"nas-bot","timestamp":"2026-05-30 08:35:46"}
{"error":"","level":"error","message":"Telegram请求失败","method":"getUpdates","service":"nas-bot","timestamp":"2026-05-30 08:35:48"}
{"error":"","level":"error","message":"Telegram请求失败","method":"getUpdates","service":"nas-bot","timestamp":"2026-05-30 08:35:49"}
{"error":"","level":"error","message":"Telegram请求失败","method":"getUpdates","service":"nas-bot","timestamp":"2026-05-30 08:35:50"}
{"error":"","level":"error","message":"Telegram请求失败","method":"getUpdates","service":"nas-bot","timestamp":"2026-05-30 08:35:52"}
{"error":"","level":"error","message":"Telegram请求失败","method":"getUpdates","service":"nas-bot","timestamp":"2026-05-30 08:35:53"}
{"error":"","level":"error","message":"Telegram请求失败","method":"getUpdates","service":"nas-bot","timestamp":"2026-05-30 08:35:54"}
{"error":"","level":"error","message":"Telegram请求失败","method":"getUpdates","service":"nas-bot","timestamp":"2026-05-30 08:35:55"}
{"error":"","level":"error","message":"Telegram请求失败","method":"getUpdates","service":"nas-bot","timestamp":"2026-05-30 08:35:57"}
{"error":"","level":"error","message":"Telegram请求失败","method":"getUpdates","service":"nas-bot","timestamp":"2026-05-30 08:35:58"}
{"error":"","level":"error","message":"Telegram请求失败","method":"getUpdates","service":"nas-bot","timestamp":"2026-05-30 08:35:59"}
{"error":"","level":"error","message":"Telegram请求失败","method":"getUpdates","service":"nas-bot","timestamp":"2026-05-30 08:36:00"}
{"error":"","level":"error","message":"Telegram请求失败","method":"getUpdates","service":"nas-bot","timestamp":"2026-05-30 08:36:02"}
{"error":"","level":"error","message":"Telegram请求失败","method":"getUpdates","service":"nas-bot","timestamp":"2026-05-30 08:36:03"}
{"error":"","level":"error","message":"Telegram请求失败","method":"getUpdates","service":"nas-bot","timestamp":"2026-05-30 08:36:04"}
{"error":"","level":"error","message":"Telegram请求失败","method":"getUpdates","service":"nas-bot","timestamp":"2026-05-30 08:36:05"}
{"error":"","level":"error","message":"Telegram请求失败","method":"getUpdates","service":"nas-bot","timestamp":"2026-05-30 08:36:07"}
{"error":"","level":"error","message":"Telegram请求失败","method":"getUpdates","service":"nas-bot","timestamp":"2026-05-30 08:36:08"}
{"error":"","level":"error","message":"Telegram请求失败","method":"getUpdates","service":"nas-bot","timestamp":"2026-05-30 08:36:09"}
{"error":"","level":"error","message":"Telegram请求失败","method":"getUpdates","service":"nas-bot","timestamp":"2026-05-30 08:36:10"}
{"error":"","level":"error","message":"Telegram请求失败","method":"getUpdates","service":"nas-bot","timestamp":"2026-05-30 08:36:12"}
{"error":"","level":"error","message":"Telegram请求失败","method":"getUpdates","service":"nas-bot","timestamp":"2026-05-30 08:36:13"}
{"error":"","level":"error","message":"Telegram请求失败","method":"getUpdates","service":"nas-bot","timestamp":"2026-05-30 08:36:14"}
{"error":"","level":"error","message":"Telegram请求失败","method":"getUpdates","service":"nas-bot","timestamp":"2026-05-30 08:36:15"}
{"error":"","level":"error","message":"Telegram请求失败","method":"getUpdates","service":"nas-bot","timestamp":"2026-05-30 08:36:17"}
{"error":"","level":"error","message":"Telegram请求失败","method":"getUpdates","service":"nas-bot","timestamp":"2026-05-30 08:36:18"}
{"error":"","level":"error","message":"Telegram请求失败","method":"getUpdates","service":"nas-bot","timestamp":"2026-05-30 08:36:19"}
{"error":"","level":"error","message":"Telegram请求失败","method":"getUpdates","service":"nas-bot","timestamp":"2026-05-30 08:36:20"}
{"error":"","level":"error","message":"Telegram请求失败","method":"getUpdates","service":"nas-bot","timestamp":"2026-05-30 08:36:22"}
{"error":"","level":"error","message":"Telegram请求失败","method":"getUpdates","service":"nas-bot","timestamp":"2026-05-30 08:36:23"}
{"error":"","level":"error","message":"Telegram请求失败","method":"getUpdates","service":"nas-bot","timestamp":"2026-05-30 08:36:24"}
{"error":"","level":"error","message":"Telegram请求失败","method":"getUpdates","service":"nas-bot","timestamp":"2026-05-30 08:36:25"}
{"error":"","level":"error","message":"Telegram请求失败","method":"getUpdates","service":"nas-bot","timestamp":"2026-05-30 08:36:27"}
{"error":"","level":"error","message":"Telegram请求失败","method":"getUpdates","service":"nas-bot","timestamp":"2026-05-30 08:36:28"}
{"error":"","level":"error","message":"Telegram请求失败","method":"getUpdates","service":"nas-bot","timestamp":"2026-05-30 08:36:29"}
{"error":"","level":"error","message":"Telegram请求失败","method":"getUpdates","service":"nas-bot","timestamp":"2026-05-30 08:36:30"}
{"error":"","level":"error","message":"Telegram请求失败","method":"getUpdates","service":"nas-bot","timestamp":"2026-05-30 08:36:32"}
{"error":"","level":"error","message":"Telegram请求失败","method":"getUpdates","service":"nas-bot","timestamp":"2026-05-30 08:36:33"}
{"error":"","level":"error","message":"Telegram请求失败","method":"getUpdates","service":"nas-bot","timestamp":"2026-05-30 08:36:34"}
{"error":"","level":"error","message":"Telegram请求失败","method":"getUpdates","service":"nas-bot","timestamp":"2026-05-30 08:36:35"}
{"error":"","level":"error","message":"Telegram请求失败","method":"getUpdates","service":"nas-bot","timestamp":"2026-05-30 08:36:37"}
{"error":"","level":"error","message":"Telegram请求失败","method":"getUpdates","service":"nas-bot","timestamp":"2026-05-30 08:36:38"}
{"error":"","level":"error","message":"Telegram请求失败","method":"getUpdates","service":"nas-bot","timestamp":"2026-05-30 08:36:39"}
{"error":"","level":"error","message":"Telegram请求失败","method":"getUpdates","service":"nas-bot","timestamp":"2026-05-30 08:36:40"}
{"error":"","level":"error","message":"Telegram请求失败","method":"getUpdates","service":"nas-bot","timestamp":"2026-05-30 08:36:42"}
{"error":"","level":"error","message":"Telegram请求失败","method":"getUpdates","service":"nas-bot","timestamp":"2026-05-30 08:36:43"}
{"error":"","level":"error","message":"Telegram请求失败","method":"getUpdates","service":"nas-bot","timestamp":"2026-05-30 08:36:44"}
{"error":"","level":"error","message":"Telegram请求失败","method":"getUpdates","service":"nas-bot","timestamp":"2026-05-30 08:36:45"}
{"error":"","level":"error","message":"Telegram请求失败","method":"getUpdates","service":"nas-bot","timestamp":"2026-05-30 08:36:47"}
{"error":"","level":"error","message":"Telegram请求失败","method":"getUpdates","service":"nas-bot","timestamp":"2026-05-30 08:36:48"}
{"error":"","level":"error","message":"Telegram请求失败","method":"getUpdates","service":"nas-bot","timestamp":"2026-05-30 08:36:49"}
{"error":"","level":"error","message":"Telegram请求失败","method":"getUpdates","service":"nas-bot","timestamp":"2026-05-30 08:36:50"}
{"error":"","level":"error","message":"Telegram请求失败","method":"getUpdates","service":"nas-bot","timestamp":"2026-05-30 08:36:52"}
{"error":"","level":"error","message":"Telegram请求失败","method":"getUpdates","service":"nas-bot","timestamp":"2026-05-30 08:36:53"}
{"error":"","level":"error","message":"Telegram请求失败","method":"getUpdates","service":"nas-bot","timestamp":"2026-05-30 08:36:54"}
{"error":"","level":"error","message":"Telegram请求失败","method":"getUpdates","service":"nas-bot","timestamp":"2026-05-30 08:36:56"}
{"error":"","level":"error","message":"Telegram请求失败","method":"getUpdates","service":"nas-bot","timestamp":"2026-05-30 08:36:57"}
{"error":"","level":"error","message":"Telegram请求失败","method":"getUpdates","service":"nas-bot","timestamp":"2026-05-30 08:36:58"}
{"error":"","level":"error","message":"Telegram请求失败","method":"getUpdates","service":"nas-bot","timestamp":"2026-05-30 08:36:59"}
{"error":"","level":"error","message":"Telegram请求失败","method":"getUpdates","service":"nas-bot","timestamp":"2026-05-30 08:37:01"}
{"error":"","level":"error","message":"Telegram请求失败","method":"getUpdates","service":"nas-bot","timestamp":"2026-05-30 08:37:02"}
{"error":"","level":"error","message":"Telegram请求失败","method":"getUpdates","service":"nas-bot","timestamp":"2026-05-30 08:37:03"}
{"error":"","level":"error","message":"Telegram请求失败","method":"getUpdates","service":"nas-bot","timestamp":"2026-05-30 08:37:04"}
{"error":"","level":"error","message":"Telegram请求失败","method":"getUpdates","service":"nas-bot","timestamp":"2026-05-30 08:37:06"}
{"error":"","level":"error","message":"Telegram请求失败","method":"getUpdates","service":"nas-bot","timestamp":"2026-05-30 08:37:07"}
{"error":"","level":"error","message":"Telegram请求失败","method":"getUpdates","service":"nas-bot","timestamp":"2026-05-30 08:37:08"}
{"error":"","level":"error","message":"Telegram请求失败","method":"getUpdates","service":"nas-bot","timestamp":"2026-05-30 08:37:09"}
{"error":"","level":"error","message":"Telegram请求失败","method":"getUpdates","service":"nas-bot","timestamp":"2026-05-30 08:37:11"}
{"error":"","level":"error","message":"Telegram请求失败","method":"getUpdates","service":"nas-bot","timestamp":"2026-05-30 08:37:12"}
{"error":"","level":"error","message":"Telegram请求失败","method":"getUpdates","service":"nas-bot","timestamp":"2026-05-30 08:37:13"}
{"error":"","level":"error","message":"Telegram请求失败","method":"getUpdates","service":"nas-bot","timestamp":"2026-05-30 08:37:14"}
{"error":"","level":"error","message":"Telegram请求失败","method":"getUpdates","service":"nas-bot","timestamp":"2026-05-30 08:37:16"}
{"error":"","level":"error","message":"Telegram请求失败","method":"getUpdates","service":"nas-bot","timestamp":"2026-05-30 08:37:17"}
{"error":"","level":"error","message":"Telegram请求失败","method":"getUpdates","service":"nas-bot","timestamp":"2026-05-30 08:37:18"}
{"error":"","level":"error","message":"Telegram请求失败","method":"getUpdates","service":"nas-bot","timestamp":"2026-05-30 08:37:19"}
{"error":"","level":"error","message":"Telegram请求失败","method":"getUpdates","service":"nas-bot","timestamp":"2026-05-30 08:37:21"}
{"error":"","level":"error","message":"Telegram请求失败","method":"getUpdates","service":"nas-bot","timestamp":"2026-05-30 08:37:22"}
{"error":"","level":"error","message":"Telegram请求失败","method":"getUpdates","service":"nas-bot","timestamp":"2026-05-30 08:37:23"}
{"error":"","level":"error","message":"Telegram请求失败","method":"getUpdates","service":"nas-bot","timestamp":"2026-05-30 08:37:24"}
{"error":"","level":"error","message":"Telegram请求失败","method":"getUpdates","service":"nas-bot","timestamp":"2026-05-30 08:37:26"}
{"error":"","level":"error","message":"Telegram请求失败","method":"getUpdates","service":"nas-bot","timestamp":"2026-05-30 08:37:27"}
{"error":"","level":"error","message":"Telegram请求失败","method":"getUpdates","service":"nas-bot","timestamp":"2026-05-30 08:37:28"}
{"error":"","level":"error","message":"Telegram请求失败","method":"getUpdates","service":"nas-bot","timestamp":"2026-05-30 08:37:29"}
{"error":"","level":"error","message":"Telegram请求失败","method":"getUpdates","service":"nas-bot","timestamp":"2026-05-30 08:37:31"}
{"error":"","level":"error","message":"Telegram请求失败","method":"getUpdates","service":"nas-bot","timestamp":"2026-05-30 08:37:32"}
{"error":"","level":"error","message":"Telegram请求失败","method":"getUpdates","service":"nas-bot","timestamp":"2026-05-30 08:37:33"}
{"error":"","level":"error","message":"Telegram请求失败","method":"getUpdates","service":"nas-bot","timestamp":"2026-05-30 08:37:34"}
{"error":"","level":"error","message":"Telegram请求失败","method":"getUpdates","service":"nas-bot","timestamp":"2026-05-30 08:37:36"}
{"error":"","level":"error","message":"Telegram请求失败","method":"getUpdates","service":"nas-bot","timestamp":"2026-05-30 08:37:37"}
{"error":"","level":"error","message":"Telegram请求失败","method":"getUpdates","service":"nas-bot","timestamp":"2026-05-30 08:37:38"}
{"error":"","level":"error","message":"Telegram请求失败","method":"getUpdates","service":"nas-bot","timestamp":"2026-05-30 08:37:39"}
{"error":"","level":"error","message":"Telegram请求失败","method":"getUpdates","service":"nas-bot","timestamp":"2026-05-30 08:37:41"}
{"error":"","level":"error","message":"Telegram请求失败","method":"getUpdates","service":"nas-bot","timestamp":"2026-05-30 08:37:42"}
{"error":"","level":"error","message":"Telegram请求失败","method":"getUpdates","service":"nas-bot","timestamp":"2026-05-30 08:37:43"}
{"error":"","level":"error","message":"Telegram请求失败","method":"getUpdates","service":"nas-bot","timestamp":"2026-05-30 08:37:44"}
{"error":"","level":"error","message":"Telegram请求失败","method":"getUpdates","service":"nas-bot","timestamp":"2026-05-30 08:37:46"}
{"error":"","level":"error","message":"Telegram请求失败","method":"getUpdates","service":"nas-bot","timestamp":"2026-05-30 08:37:47"}
{"error":"","level":"error","message":"Telegram请求失败","method":"getUpdates","service":"nas-bot","timestamp":"2026-05-30 08:37:48"}
{"error":"","level":"error","message":"Telegram请求失败","method":"getUpdates","service":"nas-bot","timestamp":"2026-05-30 08:37:50"}
{"error":"","level":"error","message":"Telegram请求失败","method":"getUpdates","service":"nas-bot","timestamp":"2026-05-30 08:37:51"}
{"error":"","level":"error","message":"Telegram请求失败","method":"getUpdates","service":"nas-bot","timestamp":"2026-05-30 08:37:52"}
{"error":"","level":"error","message":"Telegram请求失败","method":"getUpdates","service":"nas-bot","timestamp":"2026-05-30 08:37:53"}
{"error":"","level":"error","message":"Telegram请求失败","method":"getUpdates","service":"nas-bot","timestamp":"2026-05-30 08:37:55"}
{"error":"","level":"error","message":"Telegram请求失败","method":"getUpdates","service":"nas-bot","timestamp":"2026-05-30 08:37:56"}
{"error":"","level":"error","message":"Telegram请求失败","method":"getUpdates","service":"nas-bot","timestamp":"2026-05-30 08:37:57"}
{"error":"","level":"error","message":"Telegram请求失败","method":"getUpdates","service":"nas-bot","timestamp":"2026-05-30 08:37:58"}
{"error":"","level":"error","message":"Telegram请求失败","method":"getUpdates","service":"nas-bot","timestamp":"2026-05-30 08:38:00"}
{"error":"","level":"error","message":"Telegram请求失败","method":"getUpdates","service":"nas-bot","timestamp":"2026-05-30 08:38:01"}
{"error":"","level":"error","message":"Telegram请求失败","method":"getUpdates","service":"nas-bot","timestamp":"2026-05-30 08:38:02"}
{"error":"","level":"error","message":"Telegram请求失败","method":"getUpdates","service":"nas-bot","timestamp":"2026-05-30 08:38:03"}
{"error":"","level":"error","message":"Telegram请求失败","method":"getUpdates","service":"nas-bot","timestamp":"2026-05-30 08:38:05"}
{"error":"","level":"error","message":"Telegram请求失败","method":"getUpdates","service":"nas-bot","timestamp":"2026-05-30 08:38:06"}
{"error":"","level":"error","message":"Telegram请求失败","method":"getUpdates","service":"nas-bot","timestamp":"2026-05-30 08:38:07"}
{"error":"","level":"error","message":"Telegram请求失败","method":"getUpdates","service":"nas-bot","timestamp":"2026-05-30 08:38:08"}
{"error":"","level":"error","message":"Telegram请求失败","method":"getUpdates","service":"nas-bot","timestamp":"2026-05-30 08:38:10"}
{"error":"","level":"error","message":"Telegram请求失败","method":"getUpdates","service":"nas-bot","timestamp":"2026-05-30 08:38:11"}
{"error":"","level":"error","message":"Telegram请求失败","method":"getUpdates","service":"nas-bot","timestamp":"2026-05-30 08:38:12"}
{"error":"","level":"error","message":"Telegram请求失败","method":"getUpdates","service":"nas-bot","timestamp":"2026-05-30 08:38:13"}
{"error":"","level":"error","message":"Telegram请求失败","method":"getUpdates","service":"nas-bot","timestamp":"2026-05-30 08:38:15"}
{"error":"","level":"error","message":"Telegram请求失败","method":"getUpdates","service":"nas-bot","timestamp":"2026-05-30 08:38:16"}
{"error":"","level":"error","message":"Telegram请求失败","method":"getUpdates","service":"nas-bot","timestamp":"2026-05-30 08:38:17"}
{"error":"","level":"error","message":"Telegram请求失败","method":"getUpdates","service":"nas-bot","timestamp":"2026-05-30 08:38:18"}
{"error":"","level":"error","message":"Telegram请求失败","method":"getUpdates","service":"nas-bot","timestamp":"2026-05-30 08:38:20"}
{"error":"","level":"error","message":"Telegram请求失败","method":"getUpdates","service":"nas-bot","timestamp":"2026-05-30 08:38:21"}
{"error":"","level":"error","message":"Telegram请求失败","method":"getUpdates","service":"nas-bot","timestamp":"2026-05-30 08:38:22"}
{"error":"","level":"error","message":"Telegram请求失败","method":"getUpdates","service":"nas-bot","timestamp":"2026-05-30 08:38:23"}
{"error":"","level":"error","message":"Telegram请求失败","method":"getUpdates","service":"nas-bot","timestamp":"2026-05-30 08:38:25"}
{"error":"","level":"error","message":"Telegram请求失败","method":"getUpdates","service":"nas-bot","timestamp":"2026-05-30 08:38:26"}
{"error":"","level":"error","message":"Telegram请求失败","method":"getUpdates","service":"nas-bot","timestamp":"2026-05-30 08:38:27"}
{"error":"","level":"error","message":"Telegram请求失败","method":"getUpdates","service":"nas-bot","timestamp":"2026-05-30 08:38:28"}
{"error":"","level":"error","message":"Telegram请求失败","method":"getUpdates","service":"nas-bot","timestamp":"2026-05-30 08:38:30"}
{"error":"","level":"error","message":"Telegram请求失败","method":"getUpdates","service":"nas-bot","timestamp":"2026-05-30 08:38:31"}
{"error":"","level":"error","message":"Telegram请求失败","method":"getUpdates","service":"nas-bot","timestamp":"2026-05-30 08:38:32"}
{"error":"","level":"error","message":"Telegram请求失败","method":"getUpdates","service":"nas-bot","timestamp":"2026-05-30 08:38:33"}
{"error":"","level":"error","message":"Telegram请求失败","method":"getUpdates","service":"nas-bot","timestamp":"2026-05-30 08:38:35"}
{"error":"","level":"error","message":"Telegram请求失败","method":"getUpdates","service":"nas-bot","timestamp":"2026-05-30 08:38:36"}
{"error":"","level":"error","message":"Telegram请求失败","method":"getUpdates","service":"nas-bot","timestamp":"2026-05-30 08:38:37"}
{"error":"","level":"error","message":"Telegram请求失败","method":"getUpdates","service":"nas-bot","timestamp":"2026-05-30 08:38:38"}
{"error":"","level":"error","message":"Telegram请求失败","method":"getUpdates","service":"nas-bot","timestamp":"2026-05-30 08:38:40"}
{"error":"","level":"error","message":"Telegram请求失败","method":"getUpdates","service":"nas-bot","timestamp":"2026-05-30 08:38:41"}
{"error":"","level":"error","message":"Telegram请求失败","method":"getUpdates","service":"nas-bot","timestamp":"2026-05-30 08:38:42"}
{"error":"","level":"error","message":"Telegram请求失败","method":"getUpdates","service":"nas-bot","timestamp":"2026-05-30 08:38:44"}
{"error":"","level":"error","message":"Telegram请求失败","method":"getUpdates","service":"nas-bot","timestamp":"2026-05-30 08:38:45"}
{"error":"","level":"error","message":"Telegram请求失败","method":"getUpdates","service":"nas-bot","timestamp":"2026-05-30 08:38:46"}
{"error":"","level":"error","message":"Telegram请求失败","method":"getUpdates","service":"nas-bot","timestamp":"2026-05-30 08:38:47"}
{"error":"","level":"error","message":"Telegram请求失败","method":"getUpdates","service":"nas-bot","timestamp":"2026-05-30 08:38:49"}
{"error":"","level":"error","message":"Telegram请求失败","method":"getUpdates","service":"nas-bot","timestamp":"2026-05-30 08:38:50"}
{"error":"","level":"error","message":"Telegram请求失败","method":"getUpdates","service":"nas-bot","timestamp":"2026-05-30 08:38:51"}
{"error":"","level":"error","message":"Telegram请求失败","method":"getUpdates","service":"nas-bot","timestamp":"2026-05-30 08:38:52"}
{"error":"","level":"error","message":"Telegram请求失败","method":"getUpdates","service":"nas-bot","timestamp":"2026-05-30 08:38:54"}
{"error":"","level":"error","message":"Telegram请求失败","method":"getUpdates","service":"nas-bot","timestamp":"2026-05-30 08:38:55"}
{"error":"","level":"error","message":"Telegram请求失败","method":"getUpdates","service":"nas-bot","timestamp":"2026-05-30 08:38:56"}
{"error":"","level":"error","message":"Telegram请求失败","method":"getUpdates","service":"nas-bot","timestamp":"2026-05-30 08:38:57"}
{"error":"","level":"error","message":"Telegram请求失败","method":"getUpdates","service":"nas-bot","timestamp":"2026-05-30 08:38:59"}
{"error":"","level":"error","message":"Telegram请求失败","method":"getUpdates","service":"nas-bot","timestamp":"2026-05-30 08:39:00"}
{"error":"","level":"error","message":"Telegram请求失败","method":"getUpdates","service":"nas-bot","timestamp":"2026-05-30 08:39:01"}
{"error":"","level":"error","message":"Telegram请求失败","method":"getUpdates","service":"nas-bot","timestamp":"2026-05-30 08:39:02"}
{"error":"","level":"error","message":"Telegram请求失败","method":"getUpdates","service":"nas-bot","timestamp":"2026-05-30 08:39:04"}
{"error":"","level":"error","message":"Telegram请求失败","method":"getUpdates","service":"nas-bot","timestamp":"2026-05-30 08:39:05"}
{"error":"","level":"error","message":"Telegram请求失败","method":"getUpdates","service":"nas-bot","timestamp":"2026-05-30 08:39:06"}
{"error":"","level":"error","message":"Telegram请求失败","method":"getUpdates","service":"nas-bot","timestamp":"2026-05-30 08:39:07"}
{"error":"","level":"error","message":"Telegram请求失败","method":"getUpdates","service":"nas-bot","timestamp":"2026-05-30 08:39:09"}
{"error":"","level":"error","message":"Telegram请求失败","method":"getUpdates","service":"nas-bot","timestamp":"2026-05-30 08:39:10"}
{"error":"","level":"error","message":"Telegram请求失败","method":"getUpdates","service":"nas-bot","timestamp":"2026-05-30 08:39:11"}
{"error":"","level":"error","message":"Telegram请求失败","method":"getUpdates","service":"nas-bot","timestamp":"2026-05-30 08:39:12"}
{"error":"","level":"error","message":"Telegram请求失败","method":"getUpdates","service":"nas-bot","timestamp":"2026-05-30 08:39:14"}
{"error":"","level":"error","message":"Telegram请求失败","method":"getUpdates","service":"nas-bot","timestamp":"2026-05-30 08:39:15"}
{"error":"","level":"error","message":"Telegram请求失败","method":"getUpdates","service":"nas-bot","timestamp":"2026-05-30 08:39:16"}
{"error":"","level":"error","message":"Telegram请求失败","method":"getUpdates","service":"nas-bot","timestamp":"2026-05-30 08:39:17"}
{"error":"","level":"error","message":"Telegram请求失败","method":"getUpdates","service":"nas-bot","timestamp":"2026-05-30 08:39:19"}
{"error":"","level":"error","message":"Telegram请求失败","method":"getUpdates","service":"nas-bot","timestamp":"2026-05-30 08:39:20"}
{"error":"","level":"error","message":"Telegram请求失败","method":"getUpdates","service":"nas-bot","timestamp":"2026-05-30 08:39:21"}
{"error":"","level":"error","message":"Telegram请求失败","method":"getUpdates","service":"nas-bot","timestamp":"2026-05-30 08:39:22"}
{"error":"","level":"error","message":"Telegram请求失败","method":"getUpdates","service":"nas-bot","timestamp":"2026-05-30 08:39:24"}
{"error":"","level":"error","message":"Telegram请求失败","method":"getUpdates","service":"nas-bot","timestamp":"2026-05-30 08:39:25"}
{"error":"","level":"error","message":"Telegram请求失败","method":"getUpdates","service":"nas-bot","timestamp":"2026-05-30 08:39:26"}
{"error":"","level":"error","message":"Telegram请求失败","method":"getUpdates","service":"nas-bot","timestamp":"2026-05-30 08:39:27"}
{"error":"","level":"error","message":"Telegram请求失败","method":"getUpdates","service":"nas-bot","timestamp":"2026-05-30 08:39:29"}
{"error":"","level":"error","message":"Telegram请求失败","method":"getUpdates","service":"nas-bot","timestamp":"2026-05-30 08:39:30"}
{"error":"","level":"error","message":"Telegram请求失败","method":"getUpdates","service":"nas-bot","timestamp":"2026-05-30 08:39:31"}
{"error":"","level":"error","message":"Telegram请求失败","method":"getUpdates","service":"nas-bot","timestamp":"2026-05-30 08:39:32"}
{"error":"","level":"error","message":"Telegram请求失败","method":"getUpdates","service":"nas-bot","timestamp":"2026-05-30 08:39:34"}
{"error":"","level":"error","message":"Telegram请求失败","method":"getUpdates","service":"nas-bot","timestamp":"2026-05-30 08:39:35"}
{"error":"","level":"error","message":"Telegram请求失败","method":"getUpdates","service":"nas-bot","timestamp":"2026-05-30 08:39:36"}
{"error":"","level":"error","message":"Telegram请求失败","method":"getUpdates","service":"nas-bot","timestamp":"2026-05-30 08:39:38"}
{"error":"","level":"error","message":"Telegram请求失败","method":"getUpdates","service":"nas-bot","timestamp":"2026-05-30 08:39:39"}
{"error":"","level":"error","message":"Telegram请求失败","method":"getUpdates","service":"nas-bot","timestamp":"2026-05-30 08:39:40"}
{"error":"","level":"error","message":"Telegram请求失败","method":"getUpdates","service":"nas-bot","timestamp":"2026-05-30 08:39:41"}
{"error":"","level":"error","message":"Telegram请求失败","method":"getUpdates","service":"nas-bot","timestamp":"2026-05-30 08:39:43"}
{"error":"","level":"error","message":"Telegram请求失败","method":"getUpdates","service":"nas-bot","timestamp":"2026-05-30 08:39:44"}
{"error":"","level":"error","message":"Telegram请求失败","method":"getUpdates","service":"nas-bot","timestamp":"2026-05-30 08:39:45"}
{"error":"","level":"error","message":"Telegram请求失败","method":"getUpdates","service":"nas-bot","timestamp":"2026-05-30 08:39:46"}
{"error":"","level":"error","message":"Telegram请求失败","method":"getUpdates","service":"nas-bot","timestamp":"2026-05-30 08:39:48"}
{"error":"","level":"error","message":"Telegram请求失败","method":"getUpdates","service":"nas-bot","timestamp":"2026-05-30 08:39:49"}
{"error":"","level":"error","message":"Telegram请求失败","method":"getUpdates","service":"nas-bot","timestamp":"2026-05-30 08:39:50"}
{"error":"","level":"error","message":"Telegram请求失败","method":"getUpdates","service":"nas-bot","timestamp":"2026-05-30 08:39:51"}
{"error":"","level":"error","message":"Telegram请求失败","method":"getUpdates","service":"nas-bot","timestamp":"2026-05-30 08:39:53"}
{"error":"","level":"error","message":"Telegram请求失败","method":"getUpdates","service":"nas-bot","timestamp":"2026-05-30 08:39:54"}
{"error":"","level":"error","message":"Telegram请求失败","method":"getUpdates","service":"nas-bot","timestamp":"2026-05-30 08:39:55"}
{"error":"","level":"error","message":"Telegram请求失败","method":"getUpdates","service":"nas-bot","timestamp":"2026-05-30 08:39:56"}
{"error":"","level":"error","message":"Telegram请求失败","method":"getUpdates","service":"nas-bot","timestamp":"2026-05-30 08:39:58"}
{"error":"","level":"error","message":"Telegram请求失败","method":"getUpdates","service":"nas-bot","timestamp":"2026-05-30 08:39:59"}
{"error":"","level":"error","message":"Telegram请求失败","method":"getUpdates","service":"nas-bot","timestamp":"2026-05-30 08:40:00"}
{"error":"","level":"error","message":"Telegram请求失败","method":"getUpdates","service":"nas-bot","timestamp":"2026-05-30 08:40:01"}
{"error":"","level":"error","message":"Telegram请求失败","method":"getUpdates","service":"nas-bot","timestamp":"2026-05-30 08:40:03"}
{"error":"","level":"error","message":"Telegram请求失败","method":"getUpdates","service":"nas-bot","timestamp":"2026-05-30 08:40:04"}
{"error":"","level":"error","message":"Telegram请求失败","method":"getUpdates","service":"nas-bot","timestamp":"2026-05-30 08:40:05"}
{"error":"","level":"error","message":"Telegram请求失败","method":"getUpdates","service":"nas-bot","timestamp":"2026-05-30 08:40:06"}
{"error":"","level":"error","message":"Telegram请求失败","method":"getUpdates","service":"nas-bot","timestamp":"2026-05-30 08:40:08"}
{"error":"","level":"error","message":"Telegram请求失败","method":"getUpdates","service":"nas-bot","timestamp":"2026-05-30 08:40:09"}
{"error":"","level":"error","message":"Telegram请求失败","method":"getUpdates","service":"nas-bot","timestamp":"2026-05-30 08:40:10"}
{"error":"","level":"error","message":"Telegram请求失败","method":"getUpdates","service":"nas-bot","timestamp":"2026-05-30 08:40:11"}
{"error":"","level":"error","message":"Telegram请求失败","method":"getUpdates","service":"nas-bot","timestamp":"2026-05-30 08:40:13"}
{"error":"","level":"error","message":"Telegram请求失败","method":"getUpdates","service":"nas-bot","timestamp":"2026-05-30 08:40:14"}
{"error":"","level":"error","message":"Telegram请求失败","method":"getUpdates","service":"nas-bot","timestamp":"2026-05-30 08:40:15"}
{"error":"","level":"error","message":"Telegram请求失败","method":"getUpdates","service":"nas-bot","timestamp":"2026-05-30 08:40:16"}
{"error":"","level":"error","message":"Telegram请求失败","method":"getUpdates","service":"nas-bot","timestamp":"2026-05-30 08:40:18"}
{"error":"","level":"error","message":"Telegram请求失败","method":"getUpdates","service":"nas-bot","timestamp":"2026-05-30 08:40:19"}
{"error":"","level":"error","message":"Telegram请求失败","method":"getUpdates","service":"nas-bot","timestamp":"2026-05-30 08:40:20"}
{"error":"","level":"error","message":"Telegram请求失败","method":"getUpdates","service":"nas-bot","timestamp":"2026-05-30 08:40:21"}
{"error":"","level":"error","message":"Telegram请求失败","method":"getUpdates","service":"nas-bot","timestamp":"2026-05-30 08:40:23"}
{"error":"","level":"error","message":"Telegram请求失败","method":"getUpdates","service":"nas-bot","timestamp":"2026-05-30 08:40:24"}
{"error":"","level":"error","message":"Telegram请求失败","method":"getUpdates","service":"nas-bot","timestamp":"2026-05-30 08:40:25"}
{"error":"","level":"error","message":"Telegram请求失败","method":"getUpdates","service":"nas-bot","timestamp":"2026-05-30 08:40:26"}
{"error":"","level":"error","message":"Telegram请求失败","method":"getUpdates","service":"nas-bot","timestamp":"2026-05-30 08:40:28"}
{"error":"","level":"error","message":"Telegram请求失败","method":"getUpdates","service":"nas-bot","timestamp":"2026-05-30 08:40:29"}
{"error":"","level":"error","message":"Telegram请求失败","method":"getUpdates","service":"nas-bot","timestamp":"2026-05-30 08:40:30"}
{"error":"","level":"error","message":"Telegram请求失败","method":"getUpdates","service":"nas-bot","timestamp":"2026-05-30 08:40:31"}
{"error":"","level":"error","message":"Telegram请求失败","method":"getUpdates","service":"nas-bot","timestamp":"2026-05-30 08:40:33"}
{"error":"","level":"error","message":"Telegram请求失败","method":"getUpdates","service":"nas-bot","timestamp":"2026-05-30 08:40:34"}
{"error":"","level":"error","message":"Telegram请求失败","method":"getUpdates","service":"nas-bot","timestamp":"2026-05-30 08:40:35"}
{"error":"","level":"error","message":"Telegram请求失败","method":"getUpdates","service":"nas-bot","timestamp":"2026-05-30 08:40:36"}
{"error":"","level":"error","message":"Telegram请求失败","method":"getUpdates","service":"nas-bot","timestamp":"2026-05-30 08:40:38"}
{"error":"","level":"error","message":"Telegram请求失败","method":"getUpdates","service":"nas-bot","timestamp":"2026-05-30 08:40:39"}
{"error":"","level":"error","message":"Telegram请求失败","method":"getUpdates","service":"nas-bot","timestamp":"2026-05-30 08:40:40"}
{"error":"","level":"error","message":"Telegram请求失败","method":"getUpdates","service":"nas-bot","timestamp":"2026-05-30 08:40:41"}
{"error":"","level":"error","message":"Telegram请求失败","method":"getUpdates","service":"nas-bot","timestamp":"2026-05-30 08:40:43"}
{"error":"","level":"error","message":"Telegram请求失败","method":"getUpdates","service":"nas-bot","timestamp":"2026-05-30 08:40:44"}
{"error":"","level":"error","message":"Telegram请求失败","method":"getUpdates","service":"nas-bot","timestamp":"2026-05-30 08:40:45"}
{"error":"","level":"error","message":"Telegram请求失败","method":"getUpdates","service":"nas-bot","timestamp":"2026-05-30 08:40:47"}
{"error":"","level":"error","message":"Telegram请求失败","method":"getUpdates","service":"nas-bot","timestamp":"2026-05-30 08:40:48"}
{"error":"","level":"error","message":"Telegram请求失败","method":"getUpdates","service":"nas-bot","timestamp":"2026-05-30 08:40:49"}
{"error":"","level":"error","message":"Telegram请求失败","method":"getUpdates","service":"nas-bot","timestamp":"2026-05-30 08:40:50"}
{"error":"","level":"error","message":"Telegram请求失败","method":"getUpdates","service":"nas-bot","timestamp":"2026-05-30 08:40:52"}
{"error":"","level":"error","message":"Telegram请求失败","method":"getUpdates","service":"nas-bot","timestamp":"2026-05-30 08:40:53"}
{"error":"","level":"error","message":"Telegram请求失败","method":"getUpdates","service":"nas-bot","timestamp":"2026-05-30 08:40:54"}
{"error":"","level":"error","message":"Telegram请求失败","method":"getUpdates","service":"nas-bot","timestamp":"2026-05-30 08:40:55"}
{"error":"","level":"error","message":"Telegram请求失败","method":"getUpdates","service":"nas-bot","timestamp":"2026-05-30 08:40:57"}
{"error":"","level":"error","message":"Telegram请求失败","method":"getUpdates","service":"nas-bot","timestamp":"2026-05-30 08:40:58"}
{"error":"","level":"error","message":"Telegram请求失败","method":"getUpdates","service":"nas-bot","timestamp":"2026-05-30 08:40:59"}
{"error":"","level":"error","message":"Telegram请求失败","method":"getUpdates","service":"nas-bot","timestamp":"2026-05-30 08:41:00"}
{"error":"","level":"error","message":"Telegram请求失败","method":"getUpdates","service":"nas-bot","timestamp":"2026-05-30 08:41:02"}
{"error":"","level":"error","message":"Telegram请求失败","method":"getUpdates","service":"nas-bot","timestamp":"2026-05-30 08:41:03"}
{"error":"","level":"error","message":"Telegram请求失败","method":"getUpdates","service":"nas-bot","timestamp":"2026-05-30 08:41:04"}
{"error":"","level":"error","message":"Telegram请求失败","method":"getUpdates","service":"nas-bot","timestamp":"2026-05-30 08:41:05"}
{"error":"","level":"error","message":"Telegram请求失败","method":"getUpdates","service":"nas-bot","timestamp":"2026-05-30 08:41:07"}
{"error":"","level":"error","message":"Telegram请求失败","method":"getUpdates","service":"nas-bot","timestamp":"2026-05-30 08:41:08"}
{"error":"","level":"error","message":"Telegram请求失败","method":"getUpdates","service":"nas-bot","timestamp":"2026-05-30 08:41:09"}
{"error":"","level":"error","message":"Telegram请求失败","method":"getUpdates","service":"nas-bot","timestamp":"2026-05-30 08:41:10"}
{"error":"","level":"error","message":"Telegram请求失败","method":"getUpdates","service":"nas-bot","timestamp":"2026-05-30 08:41:12"}
{"error":"","level":"error","message":"Telegram请求失败","method":"getUpdates","service":"nas-bot","timestamp":"2026-05-30 08:41:13"}
{"error":"","level":"error","message":"Telegram请求失败","method":"getUpdates","service":"nas-bot","timestamp":"2026-05-30 08:41:14"}
{"error":"","level":"error","message":"Telegram请求失败","method":"getUpdates","service":"nas-bot","timestamp":"2026-05-30 08:41:15"}
{"error":"","level":"error","message":"Telegram请求失败","method":"getUpdates","service":"nas-bot","timestamp":"2026-05-30 08:41:17"}
{"error":"","level":"error","message":"Telegram请求失败","method":"getUpdates","service":"nas-bot","timestamp":"2026-05-30 08:41:18"}
{"error":"","level":"error","message":"Telegram请求失败","method":"getUpdates","service":"nas-bot","timestamp":"2026-05-30 08:41:19"}
{"error":"","level":"error","message":"Telegram请求失败","method":"getUpdates","service":"nas-bot","timestamp":"2026-05-30 08:41:20"}
{"error":"","level":"error","message":"Telegram请求失败","method":"getUpdates","service":"nas-bot","timestamp":"2026-05-30 08:41:22"}
{"error":"","level":"error","message":"Telegram请求失败","method":"getUpdates","service":"nas-bot","timestamp":"2026-05-30 08:41:23"}
{"error":"","level":"error","message":"Telegram请求失败","method":"getUpdates","service":"nas-bot","timestamp":"2026-05-30 08:41:24"}
{"error":"","level":"error","message":"Telegram请求失败","method":"getUpdates","service":"nas-bot","timestamp":"2026-05-30 08:41:25"}
{"error":"","level":"error","message":"Telegram请求失败","method":"getUpdates","service":"nas-bot","timestamp":"2026-05-30 08:41:27"}
{"error":"","level":"error","message":"Telegram请求失败","method":"getUpdates","service":"nas-bot","timestamp":"2026-05-30 08:41:28"}
{"error":"","level":"error","message":"Telegram请求失败","method":"getUpdates","service":"nas-bot","timestamp":"2026-05-30 08:41:29"}
{"error":"","level":"error","message":"Telegram请求失败","method":"getUpdates","service":"nas-bot","timestamp":"2026-05-30 08:41:30"}
{"error":"","level":"error","message":"Telegram请求失败","method":"getUpdates","service":"nas-bot","timestamp":"2026-05-30 08:41:32"}
{"error":"","level":"error","message":"Telegram请求失败","method":"getUpdates","service":"nas-bot","timestamp":"2026-05-30 08:41:33"}
{"error":"","level":"error","message":"Telegram请求失败","method":"getUpdates","service":"nas-bot","timestamp":"2026-05-30 08:41:34"}
{"error":"","level":"error","message":"Telegram请求失败","method":"getUpdates","service":"nas-bot","timestamp":"2026-05-30 08:41:35"}
{"error":"","level":"error","message":"Telegram请求失败","method":"getUpdates","service":"nas-bot","timestamp":"2026-05-30 08:41:37"}
{"error":"","level":"error","message":"Telegram请求失败","method":"getUpdates","service":"nas-bot","timestamp":"2026-05-30 08:41:38"}
{"error":"","level":"error","message":"Telegram请求失败","method":"getUpdates","service":"nas-bot","timestamp":"2026-05-30 08:41:39"}
{"error":"","level":"error","message":"Telegram请求失败","method":"getUpdates","service":"nas-bot","timestamp":"2026-05-30 08:41:40"}
{"error":"","level":"error","message":"Telegram请求失败","method":"getUpdates","service":"nas-bot","timestamp":"2026-05-30 08:41:42"}
{"error":"","level":"error","message":"Telegram请求失败","method":"getUpdates","service":"nas-bot","timestamp":"2026-05-30 08:41:43"}
{"error":"","level":"error","message":"Telegram请求失败","method":"getUpdates","service":"nas-bot","timestamp":"2026-05-30 08:41:44"}
{"error":"","level":"error","message":"Telegram请求失败","method":"getUpdates","service":"nas-bot","timestamp":"2026-05-30 08:41:46"}
{"error":"","level":"error","message":"Telegram请求失败","method":"getUpdates","service":"nas-bot","timestamp":"2026-05-30 08:41:47"}
{"error":"","level":"error","message":"Telegram请求失败","method":"getUpdates","service":"nas-bot","timestamp":"2026-05-30 08:41:48"}
{"error":"","level":"error","message":"Telegram请求失败","method":"getUpdates","service":"nas-bot","timestamp":"2026-05-30 08:41:49"}
{"error":"","level":"error","message":"Telegram请求失败","method":"getUpdates","service":"nas-bot","timestamp":"2026-05-30 08:41:51"}
{"error":"","level":"error","message":"Telegram请求失败","method":"getUpdates","service":"nas-bot","timestamp":"2026-05-30 08:41:52"}
{"error":"","level":"error","message":"Telegram请求失败","method":"getUpdates","service":"nas-bot","timestamp":"2026-05-30 08:41:53"}
{"error":"","level":"error","message":"Telegram请求失败","method":"getUpdates","service":"nas-bot","timestamp":"2026-05-30 08:41:54"}
{"error":"","level":"error","message":"Telegram请求失败","method":"getUpdates","service":"nas-bot","timestamp":"2026-05-30 08:41:56"}
{"error":"","level":"error","message":"Telegram请求失败","method":"getUpdates","service":"nas-bot","timestamp":"2026-05-30 08:41:57"}
{"error":"","level":"error","message":"Telegram请求失败","method":"getUpdates","service":"nas-bot","timestamp":"2026-05-30 08:41:58"}
{"error":"","level":"error","message":"Telegram请求失败","method":"getUpdates","service":"nas-bot","timestamp":"2026-05-30 08:41:59"}
{"error":"","level":"error","message":"Telegram请求失败","method":"getUpdates","service":"nas-bot","timestamp":"2026-05-30 08:42:01"}
{"error":"","level":"error","message":"Telegram请求失败","method":"getUpdates","service":"nas-bot","timestamp":"2026-05-30 08:42:02"}
{"error":"","level":"error","message":"Telegram请求失败","method":"getUpdates","service":"nas-bot","timestamp":"2026-05-30 08:42:03"}
{"error":"","level":"error","message":"Telegram请求失败","method":"getUpdates","service":"nas-bot","timestamp":"2026-05-30 08:42:04"}
{"error":"","level":"error","message":"Telegram请求失败","method":"getUpdates","service":"nas-bot","timestamp":"2026-05-30 08:42:06"}
{"error":"","level":"error","message":"Telegram请求失败","method":"getUpdates","service":"nas-bot","timestamp":"2026-05-30 08:42:07"}
{"error":"","level":"error","message":"Telegram请求失败","method":"getUpdates","service":"nas-bot","timestamp":"2026-05-30 08:42:08"}
{"error":"","level":"error","message":"Telegram请求失败","method":"getUpdates","service":"nas-bot","timestamp":"2026-05-30 08:42:09"}
{"error":"","level":"error","message":"Telegram请求失败","method":"getUpdates","service":"nas-bot","timestamp":"2026-05-30 08:42:11"}
{"error":"","level":"error","message":"Telegram请求失败","method":"getUpdates","service":"nas-bot","timestamp":"2026-05-30 08:42:12"}
{"error":"","level":"error","message":"Telegram请求失败","method":"getUpdates","service":"nas-bot","timestamp":"2026-05-30 08:42:13"}
{"error":"","level":"error","message":"Telegram请求失败","method":"getUpdates","service":"nas-bot","timestamp":"2026-05-30 08:42:14"}
{"error":"","level":"error","message":"Telegram请求失败","method":"getUpdates","service":"nas-bot","timestamp":"2026-05-30 08:42:16"}
{"error":"","level":"error","message":"Telegram请求失败","method":"getUpdates","service":"nas-bot","timestamp":"2026-05-30 08:42:17"}
{"error":"","level":"error","message":"Telegram请求失败","method":"getUpdates","service":"nas-bot","timestamp":"2026-05-30 08:42:18"}
{"error":"","level":"error","message":"Telegram请求失败","method":"getUpdates","service":"nas-bot","timestamp":"2026-05-30 08:42:19"}
{"error":"","level":"error","message":"Telegram请求失败","method":"getUpdates","service":"nas-bot","timestamp":"2026-05-30 08:42:21"}
{"error":"","level":"error","message":"Telegram请求失败","method":"getUpdates","service":"nas-bot","timestamp":"2026-05-30 08:42:22"}
{"error":"","level":"error","message":"Telegram请求失败","method":"getUpdates","service":"nas-bot","timestamp":"2026-05-30 08:42:23"}
{"error":"","level":"error","message":"Telegram请求失败","method":"getUpdates","service":"nas-bot","timestamp":"2026-05-30 08:42:24"}
{"error":"","level":"error","message":"Telegram请求失败","method":"getUpdates","service":"nas-bot","timestamp":"2026-05-30 08:42:26"}
{"error":"","level":"error","message":"Telegram请求失败","method":"getUpdates","service":"nas-bot","timestamp":"2026-05-30 08:42:27"}
{"error":"","level":"error","message":"Telegram请求失败","method":"getUpdates","service":"nas-bot","timestamp":"2026-05-30 08:42:28"}
{"error":"","level":"error","message":"Telegram请求失败","method":"getUpdates","service":"nas-bot","timestamp":"2026-05-30 08:42:29"}
{"error":"","level":"error","message":"Telegram请求失败","method":"getUpdates","service":"nas-bot","timestamp":"2026-05-30 08:42:31"}
{"error":"","level":"error","message":"Telegram请求失败","method":"getUpdates","service":"nas-bot","timestamp":"2026-05-30 08:42:32"}
{"error":"","level":"error","message":"Telegram请求失败","method":"getUpdates","service":"nas-bot","timestamp":"2026-05-30 08:42:33"}
{"error":"","level":"error","message":"Telegram请求失败","method":"getUpdates","service":"nas-bot","timestamp":"2026-05-30 08:42:34"}
{"error":"","level":"error","message":"Telegram请求失败","method":"getUpdates","service":"nas-bot","timestamp":"2026-05-30 08:42:36"}
{"error":"","level":"error","message":"Telegram请求失败","method":"getUpdates","service":"nas-bot","timestamp":"2026-05-30 08:42:37"}
{"error":"","level":"error","message":"Telegram请求失败","method":"getUpdates","service":"nas-bot","timestamp":"2026-05-30 08:42:38"}
{"error":"","level":"error","message":"Telegram请求失败","method":"getUpdates","service":"nas-bot","timestamp":"2026-05-30 08:42:39"}
{"error":"","level":"error","message":"Telegram请求失败","method":"getUpdates","service":"nas-bot","timestamp":"2026-05-30 08:42:41"}
{"error":"","level":"error","message":"Telegram请求失败","method":"getUpdates","service":"nas-bot","timestamp":"2026-05-30 08:42:42"}
{"error":"","level":"error","message":"Telegram请求失败","method":"getUpdates","service":"nas-bot","timestamp":"2026-05-30 08:42:43"}
{"error":"","level":"error","message":"Telegram请求失败","method":"getUpdates","service":"nas-bot","timestamp":"2026-05-30 08:42:45"}
{"error":"","level":"error","message":"Telegram请求失败","method":"getUpdates","service":"nas-bot","timestamp":"2026-05-30 08:42:46"}
{"error":"","level":"error","message":"Telegram请求失败","method":"getUpdates","service":"nas-bot","timestamp":"2026-05-30 08:42:47"}
{"error":"","level":"error","message":"Telegram请求失败","method":"getUpdates","service":"nas-bot","timestamp":"2026-05-30 08:42:48"}
{"error":"","level":"error","message":"Telegram请求失败","method":"getUpdates","service":"nas-bot","timestamp":"2026-05-30 08:42:50"}
{"error":"","level":"error","message":"Telegram请求失败","method":"getUpdates","service":"nas-bot","timestamp":"2026-05-30 08:42:51"}
{"error":"","level":"error","message":"Telegram请求失败","method":"getUpdates","service":"nas-bot","timestamp":"2026-05-30 08:42:52"}
{"error":"","level":"error","message":"Telegram请求失败","method":"getUpdates","service":"nas-bot","timestamp":"2026-05-30 08:42:53"}
{"error":"","level":"error","message":"Telegram请求失败","method":"getUpdates","service":"nas-bot","timestamp":"2026-05-30 08:42:55"}
{"error":"","level":"error","message":"Telegram请求失败","method":"getUpdates","service":"nas-bot","timestamp":"2026-05-30 08:42:56"}
{"error":"","level":"error","message":"Telegram请求失败","method":"getUpdates","service":"nas-bot","timestamp":"2026-05-30 08:42:57"}
{"error":"","level":"error","message":"Telegram请求失败","method":"getUpdates","service":"nas-bot","timestamp":"2026-05-30 08:42:58"}
{"error":"","level":"error","message":"Telegram请求失败","method":"getUpdates","service":"nas-bot","timestamp":"2026-05-30 08:43:00"}
{"error":"","level":"error","message":"Telegram请求失败","method":"getUpdates","service":"nas-bot","timestamp":"2026-05-30 08:43:01"}
{"error":"","level":"error","message":"Telegram请求失败","method":"getUpdates","service":"nas-bot","timestamp":"2026-05-30 08:43:02"}
{"error":"","level":"error","message":"Telegram请求失败","method":"getUpdates","service":"nas-bot","timestamp":"2026-05-30 08:43:03"}
{"error":"","level":"error","message":"Telegram请求失败","method":"getUpdates","service":"nas-bot","timestamp":"2026-05-30 08:43:05"}
{"error":"","level":"error","message":"Telegram请求失败","method":"getUpdates","service":"nas-bot","timestamp":"2026-05-30 08:43:06"}
{"error":"","level":"error","message":"Telegram请求失败","method":"getUpdates","service":"nas-bot","timestamp":"2026-05-30 08:43:07"}
{"error":"","level":"error","message":"Telegram请求失败","method":"getUpdates","service":"nas-bot","timestamp":"2026-05-30 08:43:08"}
{"error":"","level":"error","message":"Telegram请求失败","method":"getUpdates","service":"nas-bot","timestamp":"2026-05-30 08:43:10"}
{"error":"","level":"error","message":"Telegram请求失败","method":"getUpdates","service":"nas-bot","timestamp":"2026-05-30 08:43:11"}
{"error":"","level":"error","message":"Telegram请求失败","method":"getUpdates","service":"nas-bot","timestamp":"2026-05-30 08:43:12"}
{"error":"","level":"error","message":"Telegram请求失败","method":"getUpdates","service":"nas-bot","timestamp":"2026-05-30 08:43:13"}
{"error":"","level":"error","message":"Telegram请求失败","method":"getUpdates","service":"nas-bot","timestamp":"2026-05-30 08:43:15"}
{"error":"","level":"error","message":"Telegram请求失败","method":"getUpdates","service":"nas-bot","timestamp":"2026-05-30 08:43:16"}
{"error":"","level":"error","message":"Telegram请求失败","method":"getUpdates","service":"nas-bot","timestamp":"2026-05-30 08:43:17"}
{"error":"","level":"error","message":"Telegram请求失败","method":"getUpdates","service":"nas-bot","timestamp":"2026-05-30 08:43:18"}
{"error":"","level":"error","message":"Telegram请求失败","method":"getUpdates","service":"nas-bot","timestamp":"2026-05-30 08:43:20"}
{"error":"","level":"error","message":"Telegram请求失败","method":"getUpdates","service":"nas-bot","timestamp":"2026-05-30 08:43:21"}
{"error":"","level":"error","message":"Telegram请求失败","method":"getUpdates","service":"nas-bot","timestamp":"2026-05-30 08:43:22"}
{"error":"","level":"error","message":"Telegram请求失败","method":"getUpdates","service":"nas-bot","timestamp":"2026-05-30 08:43:23"}
{"error":"","level":"error","message":"Telegram请求失败","method":"getUpdates","service":"nas-bot","timestamp":"2026-05-30 08:43:25"}
{"error":"","level":"error","message":"Telegram请求失败","method":"getUpdates","service":"nas-bot","timestamp":"2026-05-30 08:43:26"}
{"error":"","level":"error","message":"Telegram请求失败","method":"getUpdates","service":"nas-bot","timestamp":"2026-05-30 08:43:27"}
{"error":"","level":"error","message":"Telegram请求失败","method":"getUpdates","service":"nas-bot","timestamp":"2026-05-30 08:43:28"}
{"error":"","level":"error","message":"Telegram请求失败","method":"getUpdates","service":"nas-bot","timestamp":"2026-05-30 08:43:30"}
{"error":"","level":"error","message":"Telegram请求失败","method":"getUpdates","service":"nas-bot","timestamp":"2026-05-30 08:43:31"}
{"error":"","level":"error","message":"Telegram请求失败","method":"getUpdates","service":"nas-bot","timestamp":"2026-05-30 08:43:32"}
{"error":"","level":"error","message":"Telegram请求失败","method":"getUpdates","service":"nas-bot","timestamp":"2026-05-30 08:43:34"}
{"error":"","level":"error","message":"Telegram请求失败","method":"getUpdates","service":"nas-bot","timestamp":"2026-05-30 08:43:35"}
{"error":"","level":"error","message":"Telegram请求失败","method":"getUpdates","service":"nas-bot","timestamp":"2026-05-30 08:43:36"}
{"error":"","level":"error","message":"Telegram请求失败","method":"getUpdates","service":"nas-bot","timestamp":"2026-05-30 08:43:37"}
{"error":"","level":"error","message":"Telegram请求失败","method":"getUpdates","service":"nas-bot","timestamp":"2026-05-30 08:43:39"}
{"error":"","level":"error","message":"Telegram请求失败","method":"getUpdates","service":"nas-bot","timestamp":"2026-05-30 08:43:40"}
{"error":"","level":"error","message":"Telegram请求失败","method":"getUpdates","service":"nas-bot","timestamp":"2026-05-30 08:43:41"}
{"error":"","level":"error","message":"Telegram请求失败","method":"getUpdates","service":"nas-bot","timestamp":"2026-05-30 08:43:42"}
{"error":"","level":"error","message":"Telegram请求失败","method":"getUpdates","service":"nas-bot","timestamp":"2026-05-30 08:43:44"}
{"error":"","level":"error","message":"Telegram请求失败","method":"getUpdates","service":"nas-bot","timestamp":"2026-05-30 08:43:45"}
{"error":"","level":"error","message":"Telegram请求失败","method":"getUpdates","service":"nas-bot","timestamp":"2026-05-30 08:43:46"}
{"error":"","level":"error","message":"Telegram请求失败","method":"getUpdates","service":"nas-bot","timestamp":"2026-05-30 08:43:47"}
{"error":"","level":"error","message":"Telegram请求失败","method":"getUpdates","service":"nas-bot","timestamp":"2026-05-30 08:43:49"}
{"error":"","level":"error","message":"Telegram请求失败","method":"getUpdates","service":"nas-bot","timestamp":"2026-05-30 08:43:50"}
{"error":"","level":"error","message":"Telegram请求失败","method":"getUpdates","service":"nas-bot","timestamp":"2026-05-30 08:43:51"}
{"error":"","level":"error","message":"Telegram请求失败","method":"getUpdates","service":"nas-bot","timestamp":"2026-05-30 08:43:52"}
{"error":"","level":"error","message":"Telegram请求失败","method":"getUpdates","service":"nas-bot","timestamp":"2026-05-30 08:43:54"}
{"error":"","level":"error","message":"Telegram请求失败","method":"getUpdates","service":"nas-bot","timestamp":"2026-05-30 08:43:55"}
{"error":"","level":"error","message":"Telegram请求失败","method":"getUpdates","service":"nas-bot","timestamp":"2026-05-30 08:43:56"}
{"error":"","level":"error","message":"Telegram请求失败","method":"getUpdates","service":"nas-bot","timestamp":"2026-05-30 08:43:57"}
{"error":"","level":"error","message":"Telegram请求失败","method":"getUpdates","service":"nas-bot","timestamp":"2026-05-30 08:43:59"}
{"error":"","level":"error","message":"Telegram请求失败","method":"getUpdates","service":"nas-bot","timestamp":"2026-05-30 08:44:00"}
{"error":"","level":"error","message":"Telegram请求失败","method":"getUpdates","service":"nas-bot","timestamp":"2026-05-30 08:44:01"}
{"error":"","level":"error","message":"Telegram请求失败","method":"getUpdates","service":"nas-bot","timestamp":"2026-05-30 08:44:02"}
{"error":"","level":"error","message":"Telegram请求失败","method":"getUpdates","service":"nas-bot","timestamp":"2026-05-30 08:44:04"}
{"error":"","level":"error","message":"Telegram请求失败","method":"getUpdates","service":"nas-bot","timestamp":"2026-05-30 08:44:05"}
{"error":"","level":"error","message":"Telegram请求失败","method":"getUpdates","service":"nas-bot","timestamp":"2026-05-30 08:44:06"}
{"error":"","level":"error","message":"Telegram请求失败","method":"getUpdates","service":"nas-bot","timestamp":"2026-05-30 08:44:07"}
{"error":"","level":"error","message":"Telegram请求失败","method":"getUpdates","service":"nas-bot","timestamp":"2026-05-30 08:44:09"}
{"error":"","level":"error","message":"Telegram请求失败","method":"getUpdates","service":"nas-bot","timestamp":"2026-05-30 08:44:10"}
{"error":"","level":"error","message":"Telegram请求失败","method":"getUpdates","service":"nas-bot","timestamp":"2026-05-30 08:44:11"}
{"error":"","level":"error","message":"Telegram请求失败","method":"getUpdates","service":"nas-bot","timestamp":"2026-05-30 08:44:12"}
{"error":"","level":"error","message":"Telegram请求失败","method":"getUpdates","service":"nas-bot","timestamp":"2026-05-30 08:44:14"}
{"error":"","level":"error","message":"Telegram请求失败","method":"getUpdates","service":"nas-bot","timestamp":"2026-05-30 08:44:15"}
{"error":"","level":"error","message":"Telegram请求失败","method":"getUpdates","service":"nas-bot","timestamp":"2026-05-30 08:44:16"}
{"error":"","level":"error","message":"Telegram请求失败","method":"getUpdates","service":"nas-bot","timestamp":"2026-05-30 08:44:17"}
{"error":"","level":"error","message":"Telegram请求失败","method":"getUpdates","service":"nas-bot","timestamp":"2026-05-30 08:44:19"}
{"error":"","level":"error","message":"Telegram请求失败","method":"getUpdates","service":"nas-bot","timestamp":"2026-05-30 08:44:20"}
{"error":"","level":"error","message":"Telegram请求失败","method":"getUpdates","service":"nas-bot","timestamp":"2026-05-30 08:44:21"}
{"error":"","level":"error","message":"Telegram请求失败","method":"getUpdates","service":"nas-bot","timestamp":"2026-05-30 08:44:22"}
{"error":"","level":"error","message":"Telegram请求失败","method":"getUpdates","service":"nas-bot","timestamp":"2026-05-30 08:44:24"}
{"error":"","level":"error","message":"Telegram请求失败","method":"getUpdates","service":"nas-bot","timestamp":"2026-05-30 08:44:25"}
{"error":"","level":"error","message":"Telegram请求失败","method":"getUpdates","service":"nas-bot","timestamp":"2026-05-30 08:44:26"}
{"error":"","level":"error","message":"Telegram请求失败","method":"getUpdates","service":"nas-bot","timestamp":"2026-05-30 08:44:27"}
{"error":"","level":"error","message":"Telegram请求失败","method":"getUpdates","service":"nas-bot","timestamp":"2026-05-30 08:44:29"}
{"error":"","level":"error","message":"Telegram请求失败","method":"getUpdates","service":"nas-bot","timestamp":"2026-05-30 08:44:30"}
{"error":"","level":"error","message":"Telegram请求失败","method":"getUpdates","service":"nas-bot","timestamp":"2026-05-30 08:44:31"}
{"error":"","level":"error","message":"Telegram请求失败","method":"getUpdates","service":"nas-bot","timestamp":"2026-05-30 08:44:32"}
{"error":"","level":"error","message":"Telegram请求失败","method":"getUpdates","service":"nas-bot","timestamp":"2026-05-30 08:44:34"}
{"error":"","level":"error","message":"Telegram请求失败","method":"getUpdates","service":"nas-bot","timestamp":"2026-05-30 08:44:35"}
{"error":"","level":"error","message":"Telegram请求失败","method":"getUpdates","service":"nas-bot","timestamp":"2026-05-30 08:44:36"}
{"error":"","level":"error","message":"Telegram请求失败","method":"getUpdates","service":"nas-bot","timestamp":"2026-05-30 08:44:38"}
{"error":"","level":"error","message":"Telegram请求失败","method":"getUpdates","service":"nas-bot","timestamp":"2026-05-30 08:44:39"}
{"error":"","level":"error","message":"Telegram请求失败","method":"getUpdates","service":"nas-bot","timestamp":"2026-05-30 08:44:40"}
{"error":"","level":"error","message":"Telegram请求失败","method":"getUpdates","service":"nas-bot","timestamp":"2026-05-30 08:44:41"}
{"error":"","level":"error","message":"Telegram请求失败","method":"getUpdates","service":"nas-bot","timestamp":"2026-05-30 08:44:43"}
{"error":"","level":"error","message":"Telegram请求失败","method":"getUpdates","service":"nas-bot","timestamp":"2026-05-30 08:44:44"}
{"error":"","level":"error","message":"Telegram请求失败","method":"getUpdates","service":"nas-bot","timestamp":"2026-05-30 08:44:45"}
{"error":"","level":"error","message":"Telegram请求失败","method":"getUpdates","service":"nas-bot","timestamp":"2026-05-30 08:44:46"}
{"error":"","level":"error","message":"Telegram请求失败","method":"getUpdates","service":"nas-bot","timestamp":"2026-05-30 08:44:48"}
{"error":"","level":"error","message":"Telegram请求失败","method":"getUpdates","service":"nas-bot","timestamp":"2026-05-30 08:44:49"}
{"error":"","level":"error","message":"Telegram请求失败","method":"getUpdates","service":"nas-bot","timestamp":"2026-05-30 08:44:50"}
{"error":"","level":"error","message":"Telegram请求失败","method":"getUpdates","service":"nas-bot","timestamp":"2026-05-30 08:44:51"}
{"error":"","level":"error","message":"Telegram请求失败","method":"getUpdates","service":"nas-bot","timestamp":"2026-05-30 08:44:53"}
{"error":"","level":"error","message":"Telegram请求失败","method":"getUpdates","service":"nas-bot","timestamp":"2026-05-30 08:44:54"}
{"error":"","level":"error","message":"Telegram请求失败","method":"getUpdates","service":"nas-bot","timestamp":"2026-05-30 08:44:55"}
{"error":"","level":"error","message":"Telegram请求失败","method":"getUpdates","service":"nas-bot","timestamp":"2026-05-30 08:44:56"}
{"error":"","level":"error","message":"Telegram请求失败","method":"getUpdates","service":"nas-bot","timestamp":"2026-05-30 08:44:58"}
{"error":"","level":"error","message":"Telegram请求失败","method":"getUpdates","service":"nas-bot","timestamp":"2026-05-30 08:44:59"}
{"error":"","level":"error","message":"Telegram请求失败","method":"getUpdates","service":"nas-bot","timestamp":"2026-05-30 08:45:00"}
{"error":"","level":"error","message":"Telegram请求失败","method":"getUpdates","service":"nas-bot","timestamp":"2026-05-30 08:45:01"}
{"error":"","level":"error","message":"Telegram请求失败","method":"getUpdates","service":"nas-bot","timestamp":"2026-05-30 08:45:03"}
{"error":"","level":"error","message":"Telegram请求失败","method":"getUpdates","service":"nas-bot","timestamp":"2026-05-30 08:45:04"}
{"error":"","level":"error","message":"Telegram请求失败","method":"getUpdates","service":"nas-bot","timestamp":"2026-05-30 08:45:05"}
{"error":"","level":"error","message":"Telegram请求失败","method":"getUpdates","service":"nas-bot","timestamp":"2026-05-30 08:45:06"}
{"error":"","level":"error","message":"Telegram请求失败","method":"getUpdates","service":"nas-bot","timestamp":"2026-05-30 08:45:08"}
{"error":"","level":"error","message":"Telegram请求失败","method":"getUpdates","service":"nas-bot","timestamp":"2026-05-30 08:45:09"}
{"error":"","level":"error","message":"Telegram请求失败","method":"getUpdates","service":"nas-bot","timestamp":"2026-05-30 08:45:10"}
{"error":"","level":"error","message":"Telegram请求失败","method":"getUpdates","service":"nas-bot","timestamp":"2026-05-30 08:45:11"}
{"error":"","level":"error","message":"Telegram请求失败","method":"getUpdates","service":"nas-bot","timestamp":"2026-05-30 08:45:13"}
{"error":"","level":"error","message":"Telegram请求失败","method":"getUpdates","service":"nas-bot","timestamp":"2026-05-30 08:45:14"}
{"error":"","level":"error","message":"Telegram请求失败","method":"getUpdates","service":"nas-bot","timestamp":"2026-05-30 08:45:15"}
{"error":"","level":"error","message":"Telegram请求失败","method":"getUpdates","service":"nas-bot","timestamp":"2026-05-30 08:45:16"}
{"error":"","level":"error","message":"Telegram请求失败","method":"getUpdates","service":"nas-bot","timestamp":"2026-05-30 08:45:18"}
{"error":"","level":"error","message":"Telegram请求失败","method":"getUpdates","service":"nas-bot","timestamp":"2026-05-30 08:45:19"}
{"error":"","level":"error","message":"Telegram请求失败","method":"getUpdates","service":"nas-bot","timestamp":"2026-05-30 08:45:20"}
{"error":"","level":"error","message":"Telegram请求失败","method":"getUpdates","service":"nas-bot","timestamp":"2026-05-30 08:45:21"}
{"error":"","level":"error","message":"Telegram请求失败","method":"getUpdates","service":"nas-bot","timestamp":"2026-05-30 08:45:23"}
{"error":"","level":"error","message":"Telegram请求失败","method":"getUpdates","service":"nas-bot","timestamp":"2026-05-30 08:45:24"}
{"error":"","level":"error","message":"Telegram请求失败","method":"getUpdates","service":"nas-bot","timestamp":"2026-05-30 08:45:25"}
{"error":"","level":"error","message":"Telegram请求失败","method":"getUpdates","service":"nas-bot","timestamp":"2026-05-30 08:45:26"}
{"error":"","level":"error","message":"Telegram请求失败","method":"getUpdates","service":"nas-bot","timestamp":"2026-05-30 08:45:28"}
{"error":"","level":"error","message":"Telegram请求失败","method":"getUpdates","service":"nas-bot","timestamp":"2026-05-30 08:45:29"}
{"error":"","level":"error","message":"Telegram请求失败","method":"getUpdates","service":"nas-bot","timestamp":"2026-05-30 08:45:30"}
{"error":"","level":"error","message":"Telegram请求失败","method":"getUpdates","service":"nas-bot","timestamp":"2026-05-30 08:45:31"}
{"error":"","level":"error","message":"Telegram请求失败","method":"getUpdates","service":"nas-bot","timestamp":"2026-05-30 08:45:33"}
{"error":"","level":"error","message":"Telegram请求失败","method":"getUpdates","service":"nas-bot","timestamp":"2026-05-30 08:45:34"}
{"error":"","level":"error","message":"Telegram请求失败","method":"getUpdates","service":"nas-bot","timestamp":"2026-05-30 08:45:35"}
{"error":"","level":"error","message":"Telegram请求失败","method":"getUpdates","service":"nas-bot","timestamp":"2026-05-30 08:45:36"}
{"error":"","level":"error","message":"Telegram请求失败","method":"getUpdates","service":"nas-bot","timestamp":"2026-05-30 08:45:38"}
{"error":"","level":"error","message":"Telegram请求失败","method":"getUpdates","service":"nas-bot","timestamp":"2026-05-30 08:45:39"}
{"error":"","level":"error","message":"Telegram请求失败","method":"getUpdates","service":"nas-bot","timestamp":"2026-05-30 08:45:40"}
{"error":"","level":"error","message":"Telegram请求失败","method":"getUpdates","service":"nas-bot","timestamp":"2026-05-30 08:45:41"}
{"error":"","level":"error","message":"Telegram请求失败","method":"getUpdates","service":"nas-bot","timestamp":"2026-05-30 08:45:43"}
{"error":"","level":"error","message":"Telegram请求失败","method":"getUpdates","service":"nas-bot","timestamp":"2026-05-30 08:45:44"}
{"error":"","level":"error","message":"Telegram请求失败","method":"getUpdates","service":"nas-bot","timestamp":"2026-05-30 08:45:45"}
{"error":"","level":"error","message":"Telegram请求失败","method":"getUpdates","service":"nas-bot","timestamp":"2026-05-30 08:45:46"}
{"error":"","level":"error","message":"Telegram请求失败","method":"getUpdates","service":"nas-bot","timestamp":"2026-05-30 08:45:48"}
{"error":"","level":"error","message":"Telegram请求失败","method":"getUpdates","service":"nas-bot","timestamp":"2026-05-30 08:45:49"}
{"error":"","level":"error","message":"Telegram请求失败","method":"getUpdates","service":"nas-bot","timestamp":"2026-05-30 08:45:50"}
{"error":"","level":"error","message":"Telegram请求失败","method":"getUpdates","service":"nas-bot","timestamp":"2026-05-30 08:45:51"}
{"error":"","level":"error","message":"Telegram请求失败","method":"getUpdates","service":"nas-bot","timestamp":"2026-05-30 08:45:53"}
{"error":"","level":"error","message":"Telegram请求失败","method":"getUpdates","service":"nas-bot","timestamp":"2026-05-30 08:45:54"}
{"error":"","level":"error","message":"Telegram请求失败","method":"getUpdates","service":"nas-bot","timestamp":"2026-05-30 08:45:55"}
{"error":"","level":"error","message":"Telegram请求失败","method":"getUpdates","service":"nas-bot","timestamp":"2026-05-30 08:45:56"}
{"error":"","level":"error","message":"Telegram请求失败","method":"getUpdates","service":"nas-bot","timestamp":"2026-05-30 08:45:58"}
{"error":"","level":"error","message":"Telegram请求失败","method":"getUpdates","service":"nas-bot","timestamp":"2026-05-30 08:45:59"}
{"error":"","level":"error","message":"Telegram请求失败","method":"getUpdates","service":"nas-bot","timestamp":"2026-05-30 08:46:00"}
{"error":"","level":"error","message":"Telegram请求失败","method":"getUpdates","service":"nas-bot","timestamp":"2026-05-30 08:46:02"}
{"error":"","level":"error","message":"Telegram请求失败","method":"getUpdates","service":"nas-bot","timestamp":"2026-05-30 08:46:03"}
{"error":"","level":"error","message":"Telegram请求失败","method":"getUpdates","service":"nas-bot","timestamp":"2026-05-30 08:46:04"}
{"error":"","level":"error","message":"Telegram请求失败","method":"getUpdates","service":"nas-bot","timestamp":"2026-05-30 08:46:05"}
{"error":"","level":"error","message":"Telegram请求失败","method":"getUpdates","service":"nas-bot","timestamp":"2026-05-30 08:46:07"}
{"error":"","level":"error","message":"Telegram请求失败","method":"getUpdates","service":"nas-bot","timestamp":"2026-05-30 08:46:08"}
{"error":"","level":"error","message":"Telegram请求失败","method":"getUpdates","service":"nas-bot","timestamp":"2026-05-30 08:46:09"}
{"error":"","level":"error","message":"Telegram请求失败","method":"getUpdates","service":"nas-bot","timestamp":"2026-05-30 08:46:10"}
{"error":"","level":"error","message":"Telegram请求失败","method":"getUpdates","service":"nas-bot","timestamp":"2026-05-30 08:46:12"}
{"error":"","level":"error","message":"Telegram请求失败","method":"getUpdates","service":"nas-bot","timestamp":"2026-05-30 08:46:13"}
{"error":"","level":"error","message":"Telegram请求失败","method":"getUpdates","service":"nas-bot","timestamp":"2026-05-30 08:46:14"}
{"error":"","level":"error","message":"Telegram请求失败","method":"getUpdates","service":"nas-bot","timestamp":"2026-05-30 08:46:15"}
{"error":"","level":"error","message":"Telegram请求失败","method":"getUpdates","service":"nas-bot","timestamp":"2026-05-30 08:46:17"}
{"error":"","level":"error","message":"Telegram请求失败","method":"getUpdates","service":"nas-bot","timestamp":"2026-05-30 08:46:18"}
{"error":"","level":"error","message":"Telegram请求失败","method":"getUpdates","service":"nas-bot","timestamp":"2026-05-30 08:46:19"}
{"error":"","level":"error","message":"Telegram请求失败","method":"getUpdates","service":"nas-bot","timestamp":"2026-05-30 08:46:20"}
{"error":"","level":"error","message":"Telegram请求失败","method":"getUpdates","service":"nas-bot","timestamp":"2026-05-30 08:46:22"}
{"error":"","level":"error","message":"Telegram请求失败","method":"getUpdates","service":"nas-bot","timestamp":"2026-05-30 08:46:23"}
{"error":"","level":"error","message":"Telegram请求失败","method":"getUpdates","service":"nas-bot","timestamp":"2026-05-30 08:46:24"}
{"error":"","level":"error","message":"Telegram请求失败","method":"getUpdates","service":"nas-bot","timestamp":"2026-05-30 08:46:25"}
{"error":"","level":"error","message":"Telegram请求失败","method":"getUpdates","service":"nas-bot","timestamp":"2026-05-30 08:46:27"}
{"error":"","level":"error","message":"Telegram请求失败","method":"getUpdates","service":"nas-bot","timestamp":"2026-05-30 08:46:28"}
{"error":"","level":"error","message":"Telegram请求失败","method":"getUpdates","service":"nas-bot","timestamp":"2026-05-30 08:46:29"}
{"error":"","level":"error","message":"Telegram请求失败","method":"getUpdates","service":"nas-bot","timestamp":"2026-05-30 08:46:30"}
{"error":"","level":"error","message":"Telegram请求失败","method":"getUpdates","service":"nas-bot","timestamp":"2026-05-30 08:46:32"}
{"error":"","level":"error","message":"Telegram请求失败","method":"getUpdates","service":"nas-bot","timestamp":"2026-05-30 08:46:33"}
{"error":"","level":"error","message":"Telegram请求失败","method":"getUpdates","service":"nas-bot","timestamp":"2026-05-30 08:46:34"}
{"error":"","level":"error","message":"Telegram请求失败","method":"getUpdates","service":"nas-bot","timestamp":"2026-05-30 08:46:35"}
{"error":"","level":"error","message":"Telegram请求失败","method":"getUpdates","service":"nas-bot","timestamp":"2026-05-30 08:46:37"}
{"error":"","level":"error","message":"Telegram请求失败","method":"getUpdates","service":"nas-bot","timestamp":"2026-05-30 08:46:38"}
{"error":"","level":"error","message":"Telegram请求失败","method":"getUpdates","service":"nas-bot","timestamp":"2026-05-30 08:46:39"}
{"error":"","level":"error","message":"Telegram请求失败","method":"getUpdates","service":"nas-bot","timestamp":"2026-05-30 10:48:37"}
{"error":"","level":"error","message":"Telegram请求失败","method":"getUpdates","service":"nas-bot","timestamp":"2026-05-30 10:48:38"}
{"error":"","level":"error","message":"Telegram请求失败","method":"getUpdates","service":"nas-bot","timestamp":"2026-05-30 10:48:40"}
{"error":"","level":"error","message":"Telegram请求失败","method":"getUpdates","service":"nas-bot","timestamp":"2026-05-30 10:48:41"}
{"error":"","level":"error","message":"Telegram请求失败","method":"getUpdates","service":"nas-bot","timestamp":"2026-05-30 10:48:42"}
{"error":"","level":"error","message":"Telegram请求失败","method":"getUpdates","service":"nas-bot","timestamp":"2026-05-30 10:48:44"}
{"error":"","level":"error","message":"Telegram请求失败","method":"getUpdates","service":"nas-bot","timestamp":"2026-05-30 10:48:45"}
{"error":"","level":"error","message":"Telegram请求失败","method":"getUpdates","service":"nas-bot","timestamp":"2026-05-30 10:48:46"}
{"error":"","level":"error","message":"Telegram请求失败","method":"getUpdates","service":"nas-bot","timestamp":"2026-05-30 10:48:47"}
{"error":"","level":"error","message":"Telegram请求失败","method":"getUpdates","service":"nas-bot","timestamp":"2026-05-30 10:48:49"}
{"error":"","level":"error","message":"Telegram请求失败","method":"getUpdates","service":"nas-bot","timestamp":"2026-05-30 10:48:50"}
{"error":"","level":"error","message":"Telegram请求失败","method":"getUpdates","service":"nas-bot","timestamp":"2026-05-30 10:48:51"}
{"error":"","level":"error","message":"Telegram请求失败","method":"getUpdates","service":"nas-bot","timestamp":"2026-05-30 10:48:52"}
{"error":"","level":"error","message":"Telegram请求失败","method":"getUpdates","service":"nas-bot","timestamp":"2026-05-30 10:48:54"}
{"error":"","level":"error","message":"Telegram请求失败","method":"getUpdates","service":"nas-bot","timestamp":"2026-05-30 11:49:52"}
{"error":"","level":"error","message":"Telegram请求失败","method":"getUpdates","service":"nas-bot","timestamp":"2026-05-30 11:49:54"}
{"error":"","level":"error","message":"Telegram请求失败","method":"getUpdates","service":"nas-bot","timestamp":"2026-05-30 11:49:55"}
{"error":"","level":"error","message":"Telegram请求失败","method":"getUpdates","service":"nas-bot","timestamp":"2026-05-30 11:49:56"}
{"error":"","level":"error","message":"Telegram请求失败","method":"getUpdates","service":"nas-bot","timestamp":"2026-05-30 11:49:57"}
{"error":"","level":"error","message":"Telegram请求失败","method":"getUpdates","service":"nas-bot","timestamp":"2026-05-30 11:49:59"}
{"error":"","level":"error","message":"Telegram请求失败","method":"getUpdates","service":"nas-bot","timestamp":"2026-05-30 14:43:07"}
{"error":"connect ECONNREFUSED 192.168.0.3:3000","level":"error","message":"获取股票数据失败","service":"nas-bot","timestamp":"2026-05-30 14:45:53"}
{"error":"connect ECONNREFUSED 192.168.0.3:3000","level":"error","message":"获取股票数据失败","service":"nas-bot","timestamp":"2026-05-30 14:50:53"}
{"error":"connect ECONNREFUSED 192.168.0.3:3000","level":"error","message":"获取股票数据失败","service":"nas-bot","timestamp":"2026-05-30 14:55:53"}
{"error":"","level":"error","message":"Telegram请求失败","method":"getUpdates","service":"nas-bot","timestamp":"2026-05-30 14:58:44"}
{"error":"connect ECONNREFUSED 192.168.0.3:3000","level":"error","message":"获取股票数据失败","service":"nas-bot","timestamp":"2026-05-30 15:00:44"}
{"error":"connect ECONNREFUSED 192.168.0.3:3000","level":"error","message":"获取股票数据失败","service":"nas-bot","timestamp":"2026-05-30 15:05:44"}
{"error":"connect ECONNREFUSED 192.168.0.3:3000","level":"error","message":"获取股票数据失败","service":"nas-bot","timestamp":"2026-05-30 15:10:44"}
{"error":"connect ECONNREFUSED 192.168.0.3:3000","level":"error","message":"获取股票数据失败","service":"nas-bot","timestamp":"2026-05-30 15:15:44"}
{"error":"connect ECONNREFUSED 192.168.0.3:3000","level":"error","message":"获取股票数据失败","service":"nas-bot","timestamp":"2026-05-30 15:20:44"}
