{"level":"info","message":"IOC容器构建完成","service":"nas-bot","timestamp":"2026-05-24 03:34:20"}
{"alertInterval":"每5分钟","level":"info","message":"定时调度器启动","service":"nas-bot","summaryTime":"15:35","timestamp":"2026-05-24 03:34:20"}
{"level":"info","message":"Bot启动","service":"nas-bot","timestamp":"2026-05-24 03:34:20"}
{"level":"info","message":"NAS Bot 已启动 🚀","service":"nas-bot","timestamp":"2026-05-24 03:34:20"}
{"level":"warn","message":"Telegram请求超时","method":"getUpdates","service":"nas-bot","timestamp":"2026-05-24 03:34:31"}
{"error":"socket hang up","level":"error","message":"Telegram请求失败","method":"getUpdates","service":"nas-bot","timestamp":"2026-05-24 03:34:31"}
{"level":"warn","message":"Telegram请求超时","method":"getUpdates","service":"nas-bot","timestamp":"2026-05-24 03:34:42"}
{"error":"socket hang up","level":"error","message":"Telegram请求失败","method":"getUpdates","service":"nas-bot","timestamp":"2026-05-24 03:34:42"}
{"error":"","level":"error","message":"Telegram请求失败","method":"getUpdates","service":"nas-bot","timestamp":"2026-05-24 03:34:44"}
{"error":"","level":"error","message":"Telegram请求失败","method":"getUpdates","service":"nas-bot","timestamp":"2026-05-24 03:34:45"}
{"level":"warn","message":"Telegram请求超时","method":"getUpdates","service":"nas-bot","timestamp":"2026-05-24 03:34:56"}
{"error":"socket hang up","level":"error","message":"Telegram请求失败","method":"getUpdates","service":"nas-bot","timestamp":"2026-05-24 03:34:56"}
{"error":"","level":"error","message":"Telegram请求失败","method":"getUpdates","service":"nas-bot","timestamp":"2026-05-24 03:34:58"}
{"error":"","level":"error","message":"Telegram请求失败","method":"getUpdates","service":"nas-bot","timestamp":"2026-05-24 03:34:59"}
{"error":"","level":"error","message":"Telegram请求失败","method":"getUpdates","service":"nas-bot","timestamp":"2026-05-24 03:35:00"}
{"error":"","level":"error","message":"Telegram请求失败","method":"getUpdates","service":"nas-bot","timestamp":"2026-05-24 03:35:01"}
{"level":"warn","message":"Telegram请求超时","method":"getUpdates","service":"nas-bot","timestamp":"2026-05-24 03:35:13"}
{"error":"socket hang up","level":"error","message":"Telegram请求失败","method":"getUpdates","service":"nas-bot","timestamp":"2026-05-24 03:35:13"}
{"error":"","level":"error","message":"Telegram请求失败","method":"getUpdates","service":"nas-bot","timestamp":"2026-05-24 03:35:14"}
{"error":"","level":"error","message":"Telegram请求失败","method":"getUpdates","service":"nas-bot","timestamp":"2026-05-24 03:35:15"}
{"error":"","level":"error","message":"Telegram请求失败","method":"getUpdates","service":"nas-bot","timestamp":"2026-05-24 03:35:17"}
{"level":"warn","message":"Telegram请求超时","method":"getUpdates","service":"nas-bot","timestamp":"2026-05-24 03:35:28"}
{"error":"socket hang up","level":"error","message":"Telegram请求失败","method":"getUpdates","service":"nas-bot","timestamp":"2026-05-24 03:35:28"}
{"error":"","level":"error","message":"Telegram请求失败","method":"getUpdates","service":"nas-bot","timestamp":"2026-05-24 03:35:30"}
{"level":"warn","message":"Telegram请求超时","method":"getUpdates","service":"nas-bot","timestamp":"2026-05-24 03:35:41"}
{"error":"socket hang up","level":"error","message":"Telegram请求失败","method":"getUpdates","service":"nas-bot","timestamp":"2026-05-24 03:35:41"}
{"error":"","level":"error","message":"Telegram请求失败","method":"getUpdates","service":"nas-bot","timestamp":"2026-05-24 03:35:42"}
{"level":"warn","message":"Telegram请求超时","method":"getUpdates","service":"nas-bot","timestamp":"2026-05-24 03:35:54"}
{"error":"socket hang up","level":"error","message":"Telegram请求失败","method":"getUpdates","service":"nas-bot","timestamp":"2026-05-24 03:35:54"}
{"level":"warn","message":"Telegram请求超时","method":"getUpdates","service":"nas-bot","timestamp":"2026-05-24 03:36:05"}
{"error":"socket hang up","level":"error","message":"Telegram请求失败","method":"getUpdates","service":"nas-bot","timestamp":"2026-05-24 03:36:05"}
{"error":"","level":"error","message":"Telegram请求失败","method":"getUpdates","service":"nas-bot","timestamp":"2026-05-24 03:36:07"}
{"error":"","level":"error","message":"Telegram请求失败","method":"getUpdates","service":"nas-bot","timestamp":"2026-05-24 03:36:08"}
{"error":"","level":"error","message":"Telegram请求失败","method":"getUpdates","service":"nas-bot","timestamp":"2026-05-24 03:36:09"}
{"error":"","level":"error","message":"Telegram请求失败","method":"getUpdates","service":"nas-bot","timestamp":"2026-05-24 03:36:10"}
{"error":"","level":"error","message":"Telegram请求失败","method":"getUpdates","service":"nas-bot","timestamp":"2026-05-24 03:36:12"}
{"error":"","level":"error","message":"Telegram请求失败","method":"getUpdates","service":"nas-bot","timestamp":"2026-05-24 03:36:13"}
{"level":"warn","message":"Telegram请求超时","method":"getUpdates","service":"nas-bot","timestamp":"2026-05-24 03:36:24"}
{"error":"socket hang up","level":"error","message":"Telegram请求失败","method":"getUpdates","service":"nas-bot","timestamp":"2026-05-24 03:36:24"}
{"error":"","level":"error","message":"Telegram请求失败","method":"getUpdates","service":"nas-bot","timestamp":"2026-05-24 03:36:26"}
{"level":"info","message":"收到信号 SIGTERM，正在关闭...","service":"nas-bot","timestamp":"2026-05-24 03:36:31"}
{"level":"info","message":"IOC容器构建完成","service":"nas-bot","timestamp":"2026-05-24 03:37:49"}
{"alertInterval":"每5分钟","level":"info","message":"定时调度器启动","service":"nas-bot","summaryTime":"15:35","timestamp":"2026-05-24 03:37:49"}
{"level":"info","message":"Bot启动","service":"nas-bot","timestamp":"2026-05-24 03:37:49"}
{"level":"info","message":"NAS Bot 已启动 🚀","service":"nas-bot","timestamp":"2026-05-24 03:37:50"}
{"error":"","level":"error","message":"Telegram请求失败","method":"getUpdates","service":"nas-bot","timestamp":"2026-05-24 03:37:50"}
{"error":"","level":"error","message":"Telegram请求失败","method":"getUpdates","service":"nas-bot","timestamp":"2026-05-24 03:37:51"}
{"level":"info","message":"收到信号 SIGTERM，正在关闭...","service":"nas-bot","timestamp":"2026-05-24 03:38:10"}
{"level":"info","message":"IOC容器构建完成","service":"nas-bot","timestamp":"2026-05-24 03:39:23"}
{"alertInterval":"每5分钟","level":"info","message":"定时调度器启动","service":"nas-bot","summaryTime":"15:35","timestamp":"2026-05-24 03:39:23"}
{"level":"info","message":"Bot启动","service":"nas-bot","timestamp":"2026-05-24 03:39:23"}
{"level":"info","message":"NAS Bot 已启动 🚀","service":"nas-bot","timestamp":"2026-05-24 03:39:23"}
{"args":"","command":"/start","level":"info","message":"收到指令","service":"nas-bot","timestamp":"2026-05-24 03:40:21","userId":"6423823321"}
{"command":"/start","elapsed":442,"level":"info","message":"指令处理完成","service":"nas-bot","timestamp":"2026-05-24 03:40:21"}
{"args":"状态","command":"股票","level":"info","message":"收到指令","service":"nas-bot","timestamp":"2026-05-24 03:40:25","userId":"6423823321"}
{"command":"股票","elapsed":482,"level":"info","message":"指令处理完成","service":"nas-bot","timestamp":"2026-05-24 03:40:25"}
{"args":"开启","command":"股票","level":"info","message":"收到指令","service":"nas-bot","timestamp":"2026-05-24 03:40:27","userId":"6423823321"}
{"level":"info","message":"启动容器","name":"stock-monitor","service":"nas-bot","timestamp":"2026-05-24 03:40:28"}
{"command":"股票","elapsed":925,"level":"info","message":"指令处理完成","service":"nas-bot","timestamp":"2026-05-24 03:40:28"}
{"args":"状态","command":"系统","level":"info","message":"收到指令","service":"nas-bot","timestamp":"2026-05-24 03:40:31","userId":"6423823321"}
{"level":"info","message":"获取系统状态","service":"nas-bot","timestamp":"2026-05-24 03:40:31"}
{"command":"系统","elapsed":491,"level":"info","message":"指令处理完成","service":"nas-bot","timestamp":"2026-05-24 03:40:31"}
{"args":"容器","command":"系统","level":"info","message":"收到指令","service":"nas-bot","timestamp":"2026-05-24 03:40:34","userId":"6423823321"}
{"level":"info","message":"获取容器列表","service":"nas-bot","timestamp":"2026-05-24 03:40:34"}
{"command":"系统","elapsed":518,"level":"info","message":"指令处理完成","service":"nas-bot","timestamp":"2026-05-24 03:40:34"}
{"args":"链接","command":"股票","level":"info","message":"收到指令","service":"nas-bot","timestamp":"2026-05-24 03:40:44","userId":"6423823321"}
{"command":"股票","elapsed":590,"level":"info","message":"指令处理完成","service":"nas-bot","timestamp":"2026-05-24 03:40:45"}
{"args":"","command":"股票简报","level":"info","message":"收到指令","service":"nas-bot","timestamp":"2026-05-24 03:41:29","userId":"6423823321"}
{"command":"股票简报","elapsed":457,"level":"info","message":"指令处理完成","service":"nas-bot","timestamp":"2026-05-24 03:41:29"}
{"level":"info","message":"收到信号 SIGTERM，正在关闭...","service":"nas-bot","timestamp":"2026-05-24 03:43:23"}
{"level":"info","message":"IOC容器构建完成","service":"nas-bot","timestamp":"2026-05-24 03:44:35"}
{"alertInterval":"每5分钟","level":"info","message":"定时调度器启动","service":"nas-bot","summaryTime":"15:35","timestamp":"2026-05-24 03:44:35"}
{"level":"info","message":"Bot启动","service":"nas-bot","timestamp":"2026-05-24 03:44:35"}
{"level":"info","message":"NAS Bot 已启动 🚀","service":"nas-bot","timestamp":"2026-05-24 03:44:35"}
{"error":"","level":"error","message":"Telegram请求失败","method":"getUpdates","service":"nas-bot","timestamp":"2026-05-24 03:44:36"}
{"args":"","command":"/start","level":"info","message":"收到指令","service":"nas-bot","timestamp":"2026-05-24 03:45:35","userId":"6423823321"}
{"command":"/start","elapsed":447,"level":"info","message":"指令处理完成","service":"nas-bot","timestamp":"2026-05-24 03:45:36"}
{"args":"检测","command":"股票","level":"info","message":"收到指令","service":"nas-bot","timestamp":"2026-05-24 03:45:38","userId":"6423823321"}
{"command":"股票","elapsed":699,"level":"info","message":"指令处理完成","service":"nas-bot","timestamp":"2026-05-24 03:45:39"}
{"args":"简报","command":"股票","level":"info","message":"收到指令","service":"nas-bot","timestamp":"2026-05-24 03:45:43","userId":"6423823321"}
{"count":5,"level":"info","message":"收盘简报生成成功","service":"nas-bot","timestamp":"2026-05-24 03:45:43"}
{"args":"状态","command":"系统","level":"info","message":"收到指令","service":"nas-bot","timestamp":"2026-05-24 03:45:47","userId":"6423823321"}
{"level":"info","message":"获取系统状态","service":"nas-bot","timestamp":"2026-05-24 03:45:47"}
{"command":"系统","elapsed":454,"level":"info","message":"指令处理完成","service":"nas-bot","timestamp":"2026-05-24 03:45:48"}
{"args":"状态","command":"股票","level":"info","message":"收到指令","service":"nas-bot","timestamp":"2026-05-24 03:45:49","userId":"6423823321"}
{"command":"股票","elapsed":480,"level":"info","message":"指令处理完成","service":"nas-bot","timestamp":"2026-05-24 03:45:49"}
{"args":"链接","command":"股票","level":"info","message":"收到指令","service":"nas-bot","timestamp":"2026-05-24 03:45:52","userId":"6423823321"}
{"command":"股票","elapsed":473,"level":"info","message":"指令处理完成","service":"nas-bot","timestamp":"2026-05-24 03:45:52"}
{"args":"","command":"帮助","level":"info","message":"收到指令","service":"nas-bot","timestamp":"2026-05-24 03:45:53","userId":"6423823321"}
{"command":"帮助","elapsed":444,"level":"info","message":"指令处理完成","service":"nas-bot","timestamp":"2026-05-24 03:45:54"}
{"args":"检测","command":"股票","level":"info","message":"收到指令","service":"nas-bot","timestamp":"2026-05-24 03:45:56","userId":"6423823321"}
{"command":"股票","elapsed":535,"level":"info","message":"指令处理完成","service":"nas-bot","timestamp":"2026-05-24 03:45:57"}
{"elapsed":60386,"level":"info","message":"Ollama响应完成","model":"qwen2.5:1.5b","service":"nas-bot","timestamp":"2026-05-24 03:46:44"}
{"command":"股票","elapsed":61858,"level":"info","message":"指令处理完成","service":"nas-bot","timestamp":"2026-05-24 03:46:45"}
{"level":"info","message":"收到信号 SIGTERM，正在关闭...","service":"nas-bot","timestamp":"2026-05-24 03:50:20"}
{"level":"info","message":"IOC容器构建完成","service":"nas-bot","timestamp":"2026-05-24 03:51:39"}
{"alertInterval":"每5分钟","level":"info","message":"定时调度器启动","service":"nas-bot","summaryTime":"15:35","timestamp":"2026-05-24 03:51:39"}
{"level":"info","message":"Bot启动","service":"nas-bot","timestamp":"2026-05-24 03:51:39"}
{"level":"info","message":"NAS Bot 已启动 🚀","service":"nas-bot","timestamp":"2026-05-24 03:51:39"}
{"error":"","level":"error","message":"Telegram请求失败","method":"getUpdates","service":"nas-bot","timestamp":"2026-05-24 03:51:39"}
{"args":"","command":"/start","level":"info","message":"收到指令","service":"nas-bot","timestamp":"2026-05-24 03:52:32","userId":"6423823321"}
{"command":"/start","elapsed":440,"level":"info","message":"指令处理完成","service":"nas-bot","timestamp":"2026-05-24 03:52:32"}
{"args":"检测","command":"股票","level":"info","message":"收到指令","service":"nas-bot","timestamp":"2026-05-24 03:52:38","userId":"6423823321"}
{"command":"股票","elapsed":755,"level":"info","message":"指令处理完成","service":"nas-bot","timestamp":"2026-05-24 03:52:39"}
{"args":"简报","command":"股票","level":"info","message":"收到指令","service":"nas-bot","timestamp":"2026-05-24 03:52:44","userId":"6423823321"}
{"count":5,"level":"info","message":"收盘简报生成成功","service":"nas-bot","timestamp":"2026-05-24 03:52:44"}
{"args":"状态","command":"系统","level":"info","message":"收到指令","service":"nas-bot","timestamp":"2026-05-24 03:52:47","userId":"6423823321"}
{"level":"info","message":"获取系统状态","service":"nas-bot","timestamp":"2026-05-24 03:52:47"}
{"command":"系统","elapsed":487,"level":"info","message":"指令处理完成","service":"nas-bot","timestamp":"2026-05-24 03:52:48"}
{"args":"容器","command":"系统","level":"info","message":"收到指令","service":"nas-bot","timestamp":"2026-05-24 03:52:49","userId":"6423823321"}
{"level":"info","message":"获取容器列表","service":"nas-bot","timestamp":"2026-05-24 03:52:49"}
{"command":"系统","elapsed":473,"level":"info","message":"指令处理完成","service":"nas-bot","timestamp":"2026-05-24 03:52:49"}
{"elapsed":76125,"level":"info","message":"Ollama响应完成","model":"qwen2.5:1.5b","service":"nas-bot","timestamp":"2026-05-24 03:54:01"}
{"command":"股票","elapsed":78242,"level":"info","message":"指令处理完成","service":"nas-bot","timestamp":"2026-05-24 03:54:02"}
{"level":"info","message":"收到信号 SIGTERM，正在关闭...","service":"nas-bot","timestamp":"2026-05-24 03:58:43"}
{"level":"info","message":"IOC容器构建完成","service":"nas-bot","timestamp":"2026-05-24 03:59:59"}
{"alertInterval":"每5分钟","level":"info","message":"定时调度器启动","service":"nas-bot","summaryTime":"15:35","timestamp":"2026-05-24 03:59:59"}
{"level":"info","message":"Bot启动","service":"nas-bot","timestamp":"2026-05-24 03:59:59"}
{"level":"info","message":"NAS Bot 已启动 🚀","service":"nas-bot","timestamp":"2026-05-24 03:59:59"}
{"error":"","level":"error","message":"Telegram请求失败","method":"getUpdates","service":"nas-bot","timestamp":"2026-05-24 04:00:00"}
{"args":"","command":"/start","level":"info","message":"收到指令","service":"nas-bot","timestamp":"2026-05-24 04:01:36","userId":"6423823321"}
{"command":"/start","elapsed":460,"level":"info","message":"指令处理完成","service":"nas-bot","timestamp":"2026-05-24 04:01:37"}
{"args":"状态","command":"股票","level":"info","message":"收到指令","service":"nas-bot","timestamp":"2026-05-24 04:01:52","userId":"6423823321"}
{"command":"股票","elapsed":500,"level":"info","message":"指令处理完成","service":"nas-bot","timestamp":"2026-05-24 04:01:53"}
{"args":"检测","command":"股票","level":"info","message":"收到指令","service":"nas-bot","timestamp":"2026-05-24 04:01:55","userId":"6423823321"}
{"command":"股票","elapsed":901,"level":"info","message":"指令处理完成","service":"nas-bot","timestamp":"2026-05-24 04:01:56"}
{"args":"开启","command":"ai","level":"info","message":"收到指令","service":"nas-bot","timestamp":"2026-05-24 04:01:58","userId":"6423823321"}
{"level":"info","message":"AI对话模式已开启","service":"nas-bot","timestamp":"2026-05-24 04:01:58","userId":"6423823321"}
{"command":"ai","elapsed":475,"level":"info","message":"指令处理完成","service":"nas-bot","timestamp":"2026-05-24 04:01:59"}
{"args":"","command":"今天东京天气怎么样","level":"info","message":"收到指令","service":"nas-bot","timestamp":"2026-05-24 04:02:08","userId":"6423823321"}
{"elapsed":33695,"level":"info","message":"Ollama响应完成","model":"qwen2.5:1.5b","service":"nas-bot","timestamp":"2026-05-24 04:02:42"}
{"error":"","level":"error","message":"Telegram请求失败","method":"sendMessage","service":"nas-bot","timestamp":"2026-05-24 04:02:42"}
{"chatId":"6423823321","level":"warn","message":"消息发送失败","service":"nas-bot","timestamp":"2026-05-24 04:02:42"}
{"command":"今天东京天气怎么样","elapsed":34551,"level":"info","message":"指令处理完成","service":"nas-bot","timestamp":"2026-05-24 04:02:42"}
{"args":"关闭","command":"ai","level":"info","message":"收到指令","service":"nas-bot","timestamp":"2026-05-24 04:04:02","userId":"6423823321"}
{"level":"info","message":"AI对话模式已关闭","service":"nas-bot","timestamp":"2026-05-24 04:04:02","userId":"6423823321"}
{"command":"ai","elapsed":448,"level":"info","message":"指令处理完成","service":"nas-bot","timestamp":"2026-05-24 04:04:02"}
{"args":"容器","command":"系统","level":"info","message":"收到指令","service":"nas-bot","timestamp":"2026-05-24 04:04:06","userId":"6423823321"}
{"level":"info","message":"获取容器列表","service":"nas-bot","timestamp":"2026-05-24 04:04:06"}
{"command":"系统","elapsed":1125,"level":"info","message":"指令处理完成","service":"nas-bot","timestamp":"2026-05-24 04:04:07"}
{"args":"开启","command":"股票","level":"info","message":"收到指令","service":"nas-bot","timestamp":"2026-05-24 04:04:10","userId":"6423823321"}
{"level":"info","message":"启动容器","name":"stock-monitor","service":"nas-bot","timestamp":"2026-05-24 04:04:11"}
{"command":"股票","elapsed":978,"level":"info","message":"指令处理完成","service":"nas-bot","timestamp":"2026-05-24 04:04:11"}
{"args":"简报","command":"股票","level":"info","message":"收到指令","service":"nas-bot","timestamp":"2026-05-24 04:04:12","userId":"6423823321"}
{"count":5,"level":"info","message":"收盘简报生成成功","service":"nas-bot","timestamp":"2026-05-24 04:04:12"}
{"args":"状态","command":"股票","level":"info","message":"收到指令","service":"nas-bot","timestamp":"2026-05-24 04:04:16","userId":"6423823321"}
{"command":"股票","elapsed":503,"level":"info","message":"指令处理完成","service":"nas-bot","timestamp":"2026-05-24 04:04:16"}
{"args":"链接","command":"股票","level":"info","message":"收到指令","service":"nas-bot","timestamp":"2026-05-24 04:04:18","userId":"6423823321"}
{"command":"股票","elapsed":526,"level":"info","message":"指令处理完成","service":"nas-bot","timestamp":"2026-05-24 04:04:19"}
{"level":"info","message":"收到信号 SIGTERM，正在关闭...","service":"nas-bot","timestamp":"2026-05-24 04:04:28"}
{"level":"info","message":"IOC容器构建完成","service":"nas-bot","timestamp":"2026-05-24 04:05:59"}
{"alertInterval":"每5分钟","level":"info","message":"定时调度器启动","service":"nas-bot","summaryTime":"15:35","timestamp":"2026-05-24 04:05:59"}
{"level":"info","message":"Bot启动","service":"nas-bot","timestamp":"2026-05-24 04:05:59"}
{"level":"info","message":"NAS Bot 已启动 🚀","service":"nas-bot","timestamp":"2026-05-24 04:05:59"}
{"level":"info","message":"收到信号 SIGTERM，正在关闭...","service":"nas-bot","timestamp":"2026-05-24 04:10:25"}
{"level":"info","message":"IOC容器构建完成","service":"nas-bot","timestamp":"2026-05-24 04:12:11"}
{"alertInterval":"每5分钟","level":"info","message":"定时调度器启动","service":"nas-bot","summaryTime":"15:35","timestamp":"2026-05-24 04:12:11"}
{"level":"info","message":"Bot启动","service":"nas-bot","timestamp":"2026-05-24 04:12:11"}
{"level":"info","message":"NAS Bot 已启动 🚀","service":"nas-bot","timestamp":"2026-05-24 04:12:11"}
{"args":"","command":"帮助","level":"info","message":"收到指令","service":"nas-bot","timestamp":"2026-05-24 04:12:12","userId":"6423823321"}
{"command":"帮助","elapsed":446,"level":"info","message":"指令处理完成","service":"nas-bot","timestamp":"2026-05-24 04:12:13"}
{"args":"","command":"/start","level":"info","message":"收到指令","service":"nas-bot","timestamp":"2026-05-24 04:14:37","userId":"6423823321"}
{"command":"/start","elapsed":601,"level":"info","message":"指令处理完成","service":"nas-bot","timestamp":"2026-05-24 04:14:37"}
{"args":"","command":"帮助","level":"info","message":"收到指令","service":"nas-bot","timestamp":"2026-05-24 04:14:41","userId":"6423823321"}
{"command":"帮助","elapsed":449,"level":"info","message":"指令处理完成","service":"nas-bot","timestamp":"2026-05-24 04:14:41"}
{"args":"今日","command":"天气","level":"info","message":"收到指令","service":"nas-bot","timestamp":"2026-05-24 04:14:44","userId":"6423823321"}
{"cod":401,"level":"warn","message":"天气API错误 Invalid API key. Please see https://openweathermap.org/faq#error401 for more info.","service":"nas-bot","timestamp":"2026-05-24 04:14:44"}
{"command":"天气","elapsed":796,"level":"info","message":"指令处理完成","service":"nas-bot","timestamp":"2026-05-24 04:14:45"}
{"args":"明日","command":"天气","level":"info","message":"收到指令","service":"nas-bot","timestamp":"2026-05-24 04:14:46","userId":"6423823321"}
{"cod":401,"level":"warn","message":"天气API错误 Invalid API key. Please see https://openweathermap.org/faq#error401 for more info.","service":"nas-bot","timestamp":"2026-05-24 04:14:46"}
{"command":"天气","elapsed":524,"level":"info","message":"指令处理完成","service":"nas-bot","timestamp":"2026-05-24 04:14:47"}
{"args":"开启","command":"ai","level":"info","message":"收到指令","service":"nas-bot","timestamp":"2026-05-24 04:14:57","userId":"6423823321"}
{"level":"info","message":"AI对话模式已开启","service":"nas-bot","timestamp":"2026-05-24 04:14:57","userId":"6423823321"}
{"command":"ai","elapsed":444,"level":"info","message":"指令处理完成","service":"nas-bot","timestamp":"2026-05-24 04:14:57"}
{"args":"","command":"一加一等于几","level":"info","message":"收到指令","service":"nas-bot","timestamp":"2026-05-24 04:15:08","userId":"6423823321"}
{"args":"状态","command":"股票","level":"info","message":"收到指令","service":"nas-bot","timestamp":"2026-05-24 04:15:45","userId":"6423823321"}
{"command":"股票","elapsed":1039,"level":"info","message":"指令处理完成","service":"nas-bot","timestamp":"2026-05-24 04:15:46"}
{"args":"开启","command":"股票","level":"info","message":"收到指令","service":"nas-bot","timestamp":"2026-05-24 04:15:48","userId":"6423823321"}
{"level":"info","message":"启动容器","name":"stock-monitor","service":"nas-bot","timestamp":"2026-05-24 04:15:48"}
{"command":"股票","elapsed":953,"level":"info","message":"指令处理完成","service":"nas-bot","timestamp":"2026-05-24 04:15:49"}
{"args":"简报","command":"股票","level":"info","message":"收到指令","service":"nas-bot","timestamp":"2026-05-24 04:15:49","userId":"6423823321"}
{"count":5,"level":"info","message":"收盘简报生成成功","service":"nas-bot","timestamp":"2026-05-24 04:15:49"}
{"args":"明日","command":"天气","level":"info","message":"收到指令","service":"nas-bot","timestamp":"2026-05-24 04:15:59","userId":"6423823321"}
{"cod":401,"level":"warn","message":"天气API错误 Invalid API key. Please see https://openweathermap.org/faq#error401 for more info.","service":"nas-bot","timestamp":"2026-05-24 04:15:59"}
{"command":"天气","elapsed":671,"level":"info","message":"指令处理完成","service":"nas-bot","timestamp":"2026-05-24 04:16:00"}
{"args":"关闭","command":"ai","level":"info","message":"收到指令","service":"nas-bot","timestamp":"2026-05-24 04:16:02","userId":"6423823321"}
{"level":"info","message":"AI对话模式已关闭","service":"nas-bot","timestamp":"2026-05-24 04:16:02","userId":"6423823321"}
{"command":"ai","elapsed":499,"level":"info","message":"指令处理完成","service":"nas-bot","timestamp":"2026-05-24 04:16:02"}
{"elapsed":58664,"level":"info","message":"Ollama响应完成","model":"qwen2.5:1.5b","service":"nas-bot","timestamp":"2026-05-24 04:16:07"}
{"level":"warn","message":"Telegram请求失败，重试中","method":"sendMessage","remaining":2,"service":"nas-bot","timestamp":"2026-05-24 04:16:07"}
{"level":"warn","message":"Telegram请求失败，重试中","method":"sendMessage","remaining":1,"service":"nas-bot","timestamp":"2026-05-24 04:16:08"}
{"error":"","level":"error","message":"Telegram请求失败","method":"sendMessage","service":"nas-bot","timestamp":"2026-05-24 04:16:10"}
{"chatId":"6423823321","level":"warn","message":"消息发送失败","service":"nas-bot","timestamp":"2026-05-24 04:16:10"}
{"command":"一加一等于几","elapsed":61885,"level":"info","message":"指令处理完成","service":"nas-bot","timestamp":"2026-05-24 04:16:10"}
{"args":"","command":"帮助","level":"info","message":"收到指令","service":"nas-bot","timestamp":"2026-05-24 04:16:17","userId":"6423823321"}
{"command":"帮助","elapsed":440,"level":"info","message":"指令处理完成","service":"nas-bot","timestamp":"2026-05-24 04:16:17"}
{"elapsed":57160,"level":"info","message":"Ollama响应完成","model":"qwen2.5:1.5b","service":"nas-bot","timestamp":"2026-05-24 04:16:47"}
{"level":"warn","message":"Telegram请求失败，重试中","method":"sendMessage","remaining":2,"service":"nas-bot","timestamp":"2026-05-24 04:16:47"}
{"command":"股票","elapsed":59641,"level":"info","message":"指令处理完成","service":"nas-bot","timestamp":"2026-05-24 04:16:49"}
{"args":"检测","command":"股票","level":"info","message":"收到指令","service":"nas-bot","timestamp":"2026-05-24 04:16:59","userId":"6423823321"}
{"command":"股票","elapsed":650,"level":"info","message":"指令处理完成","service":"nas-bot","timestamp":"2026-05-24 04:17:00"}
{"args":"简报","command":"股票","level":"info","message":"收到指令","service":"nas-bot","timestamp":"2026-05-24 05:04:02","userId":"6423823321"}
{"count":5,"level":"info","message":"收盘简报生成成功","service":"nas-bot","timestamp":"2026-05-24 05:04:02"}
{"args":"检测","command":"股票","level":"info","message":"收到指令","service":"nas-bot","timestamp":"2026-05-24 05:04:11","userId":"6423823321"}
{"command":"股票","elapsed":504,"level":"info","message":"指令处理完成","service":"nas-bot","timestamp":"2026-05-24 05:04:11"}
{"args":"链接","command":"股票","level":"info","message":"收到指令","service":"nas-bot","timestamp":"2026-05-24 05:04:16","userId":"6423823321"}
{"command":"股票","elapsed":597,"level":"info","message":"指令处理完成","service":"nas-bot","timestamp":"2026-05-24 05:04:17"}
{"elapsed":61148,"level":"info","message":"Ollama响应完成","model":"qwen2.5:1.5b","service":"nas-bot","timestamp":"2026-05-24 05:05:04"}
{"command":"股票","elapsed":62699,"level":"info","message":"指令处理完成","service":"nas-bot","timestamp":"2026-05-24 05:05:05"}
{"args":"docker start stock-monitor\nexec docker stop stock-monitor\nexec docker restart nas-bot\nexec df -h\nexec free -h","command":"exec","level":"info","message":"收到指令","service":"nas-bot","timestamp":"2026-05-24 05:16:49","userId":"6423823321"}
{"cmd":"docker start stock-monitor\nexec docker stop stock-monitor\nexec docker restart nas-bot\nexec df -h\nexec free -h","level":"info","message":"执行命令","service":"nas-bot","timestamp":"2026-05-24 05:16:49"}
{"cmd":"docker start stock-monitor\nexec docker stop stock-monitor\nexec docker restart nas-bot\nexec df -h\nexec free -h","error":"spawnSync /bin/sh ETIMEDOUT","level":"error","message":"Docker命令执行失败","service":"nas-bot","timestamp":"2026-05-24 05:16:59"}
{"command":"exec","elapsed":10467,"level":"info","message":"指令处理完成","service":"nas-bot","timestamp":"2026-05-24 05:16:59"}
{"args":"docker restart nas-bot","command":"exec","level":"info","message":"收到指令","service":"nas-bot","timestamp":"2026-05-24 05:18:39","userId":"6423823321"}
{"cmd":"docker restart nas-bot","level":"info","message":"执行命令","service":"nas-bot","timestamp":"2026-05-24 05:18:39"}
{"cmd":"docker restart nas-bot","error":"spawnSync /bin/sh ETIMEDOUT","level":"error","message":"Docker命令执行失败","service":"nas-bot","timestamp":"2026-05-24 05:18:49"}
{"level":"info","message":"IOC容器构建完成","service":"nas-bot","timestamp":"2026-05-24 05:18:50"}
{"alertInterval":"每5分钟","level":"info","message":"定时调度器启动","service":"nas-bot","summaryTime":"15:35","timestamp":"2026-05-24 05:18:50"}
{"level":"info","message":"Bot启动","service":"nas-bot","timestamp":"2026-05-24 05:18:50"}
{"level":"info","message":"NAS Bot 已启动 🚀","service":"nas-bot","timestamp":"2026-05-24 05:18:51"}
{"error":"","level":"error","message":"Telegram请求失败","method":"getUpdates","service":"nas-bot","timestamp":"2026-05-24 05:18:51"}
{"error":"","level":"error","message":"Telegram请求失败","method":"getUpdates","service":"nas-bot","timestamp":"2026-05-24 05:18:52"}
{"args":"docker restart nas-bot","command":"exec","level":"info","message":"收到指令","service":"nas-bot","timestamp":"2026-05-24 05:18:54","userId":"6423823321"}
{"cmd":"docker restart nas-bot","level":"info","message":"执行命令","service":"nas-bot","timestamp":"2026-05-24 05:18:54"}
{"cmd":"docker restart nas-bot","error":"spawnSync /bin/sh ETIMEDOUT","level":"error","message":"Docker命令执行失败","service":"nas-bot","timestamp":"2026-05-24 05:19:04"}
{"level":"info","message":"IOC容器构建完成","service":"nas-bot","timestamp":"2026-05-24 05:19:05"}
{"alertInterval":"每5分钟","level":"info","message":"定时调度器启动","service":"nas-bot","summaryTime":"15:35","timestamp":"2026-05-24 05:19:05"}
{"level":"info","message":"Bot启动","service":"nas-bot","timestamp":"2026-05-24 05:19:05"}
{"level":"info","message":"NAS Bot 已启动 🚀","service":"nas-bot","timestamp":"2026-05-24 05:19:05"}
{"error":"","level":"error","message":"Telegram请求失败","method":"getUpdates","service":"nas-bot","timestamp":"2026-05-24 05:19:06"}
{"error":"","level":"error","message":"Telegram请求失败","method":"getUpdates","service":"nas-bot","timestamp":"2026-05-24 05:19:07"}
{"error":"","level":"error","message":"Telegram请求失败","method":"getUpdates","service":"nas-bot","timestamp":"2026-05-24 05:19:08"}
{"args":"docker restart nas-bot","command":"exec","level":"info","message":"收到指令","service":"nas-bot","timestamp":"2026-05-24 05:19:11","userId":"6423823321"}
{"cmd":"docker restart nas-bot","level":"info","message":"执行命令","service":"nas-bot","timestamp":"2026-05-24 05:19:11"}
{"cmd":"docker restart nas-bot","error":"spawnSync /bin/sh ETIMEDOUT","level":"error","message":"Docker命令执行失败","service":"nas-bot","timestamp":"2026-05-24 05:19:21"}
{"level":"info","message":"IOC容器构建完成","service":"nas-bot","timestamp":"2026-05-24 05:19:22"}
{"alertInterval":"每5分钟","level":"info","message":"定时调度器启动","service":"nas-bot","summaryTime":"15:35","timestamp":"2026-05-24 05:19:22"}
{"level":"info","message":"Bot启动","service":"nas-bot","timestamp":"2026-05-24 05:19:22"}
{"level":"info","message":"NAS Bot 已启动 🚀","service":"nas-bot","timestamp":"2026-05-24 05:19:22"}
{"args":"docker restart nas-bot","command":"exec","level":"info","message":"收到指令","service":"nas-bot","timestamp":"2026-05-24 05:19:23","userId":"6423823321"}
{"cmd":"docker restart nas-bot","level":"info","message":"执行命令","service":"nas-bot","timestamp":"2026-05-24 05:19:23"}
{"cmd":"docker restart nas-bot","error":"spawnSync /bin/sh ETIMEDOUT","level":"error","message":"Docker命令执行失败","service":"nas-bot","timestamp":"2026-05-24 05:19:33"}
{"level":"info","message":"IOC容器构建完成","service":"nas-bot","timestamp":"2026-05-24 05:19:34"}
{"alertInterval":"每5分钟","level":"info","message":"定时调度器启动","service":"nas-bot","summaryTime":"15:35","timestamp":"2026-05-24 05:19:34"}
{"level":"info","message":"Bot启动","service":"nas-bot","timestamp":"2026-05-24 05:19:34"}
{"level":"info","message":"NAS Bot 已启动 🚀","service":"nas-bot","timestamp":"2026-05-24 05:19:34"}
{"error":"","level":"error","message":"Telegram请求失败","method":"getUpdates","service":"nas-bot","timestamp":"2026-05-24 05:19:34"}
{"args":"docker restart nas-bot","command":"exec","level":"info","message":"收到指令","service":"nas-bot","timestamp":"2026-05-24 05:19:36","userId":"6423823321"}
{"cmd":"docker restart nas-bot","level":"info","message":"执行命令","service":"nas-bot","timestamp":"2026-05-24 05:19:36"}
{"cmd":"docker restart nas-bot","error":"spawnSync /bin/sh ETIMEDOUT","level":"error","message":"Docker命令执行失败","service":"nas-bot","timestamp":"2026-05-24 05:19:46"}
{"level":"info","message":"IOC容器构建完成","service":"nas-bot","timestamp":"2026-05-24 05:19:47"}
{"alertInterval":"每5分钟","level":"info","message":"定时调度器启动","service":"nas-bot","summaryTime":"15:35","timestamp":"2026-05-24 05:19:47"}
{"level":"info","message":"Bot启动","service":"nas-bot","timestamp":"2026-05-24 05:19:47"}
{"level":"info","message":"NAS Bot 已启动 🚀","service":"nas-bot","timestamp":"2026-05-24 05:19:48"}
{"error":"","level":"error","message":"Telegram请求失败","method":"getUpdates","service":"nas-bot","timestamp":"2026-05-24 05:19:48"}
{"error":"","level":"error","message":"Telegram请求失败","method":"getUpdates","service":"nas-bot","timestamp":"2026-05-24 05:19:49"}
{"error":"","level":"error","message":"Telegram请求失败","method":"getUpdates","service":"nas-bot","timestamp":"2026-05-24 05:19:50"}
{"error":"","level":"error","message":"Telegram请求失败","method":"getUpdates","service":"nas-bot","timestamp":"2026-05-24 05:19:52"}
{"error":"","level":"error","message":"Telegram请求失败","method":"getUpdates","service":"nas-bot","timestamp":"2026-05-24 05:19:53"}
{"error":"","level":"error","message":"Telegram请求失败","method":"getUpdates","service":"nas-bot","timestamp":"2026-05-24 05:19:54"}
{"error":"","level":"error","message":"Telegram请求失败","method":"getUpdates","service":"nas-bot","timestamp":"2026-05-24 05:19:55"}
{"error":"","level":"error","message":"Telegram请求失败","method":"getUpdates","service":"nas-bot","timestamp":"2026-05-24 05:19:57"}
{"error":"","level":"error","message":"Telegram请求失败","method":"getUpdates","service":"nas-bot","timestamp":"2026-05-24 05:19:58"}
{"error":"","level":"error","message":"Telegram请求失败","method":"getUpdates","service":"nas-bot","timestamp":"2026-05-24 05:19:59"}
{"args":"docker restart nas-bot","command":"exec","level":"info","message":"收到指令","service":"nas-bot","timestamp":"2026-05-24 05:20:01","userId":"6423823321"}
{"cmd":"docker restart nas-bot","level":"info","message":"执行命令","service":"nas-bot","timestamp":"2026-05-24 05:20:01"}
{"cmd":"docker restart nas-bot","error":"spawnSync /bin/sh ETIMEDOUT","level":"error","message":"Docker命令执行失败","service":"nas-bot","timestamp":"2026-05-24 05:20:11"}
{"level":"info","message":"IOC容器构建完成","service":"nas-bot","timestamp":"2026-05-24 05:20:12"}
{"alertInterval":"每5分钟","level":"info","message":"定时调度器启动","service":"nas-bot","summaryTime":"15:35","timestamp":"2026-05-24 05:20:12"}
{"level":"info","message":"Bot启动","service":"nas-bot","timestamp":"2026-05-24 05:20:12"}
{"level":"info","message":"NAS Bot 已启动 🚀","service":"nas-bot","timestamp":"2026-05-24 05:20:12"}
{"error":"","level":"error","message":"Telegram请求失败","method":"getUpdates","service":"nas-bot","timestamp":"2026-05-24 05:20:13"}
{"error":"","level":"error","message":"Telegram请求失败","method":"getUpdates","service":"nas-bot","timestamp":"2026-05-24 05:20:14"}
{"error":"","level":"error","message":"Telegram请求失败","method":"getUpdates","service":"nas-bot","timestamp":"2026-05-24 05:20:15"}
{"error":"","level":"error","message":"Telegram请求失败","method":"getUpdates","service":"nas-bot","timestamp":"2026-05-24 05:20:16"}
{"error":"","level":"error","message":"Telegram请求失败","method":"getUpdates","service":"nas-bot","timestamp":"2026-05-24 05:20:18"}
{"error":"","level":"error","message":"Telegram请求失败","method":"getUpdates","service":"nas-bot","timestamp":"2026-05-24 05:20:19"}
{"error":"","level":"error","message":"Telegram请求失败","method":"getUpdates","service":"nas-bot","timestamp":"2026-05-24 05:20:20"}
{"error":"","level":"error","message":"Telegram请求失败","method":"getUpdates","service":"nas-bot","timestamp":"2026-05-24 05:20:21"}
{"error":"","level":"error","message":"Telegram请求失败","method":"getUpdates","service":"nas-bot","timestamp":"2026-05-24 05:20:23"}
{"args":"docker restart nas-bot","command":"exec","level":"info","message":"收到指令","service":"nas-bot","timestamp":"2026-05-24 05:20:24","userId":"6423823321"}
{"cmd":"docker restart nas-bot","level":"info","message":"执行命令","service":"nas-bot","timestamp":"2026-05-24 05:20:24"}
{"cmd":"docker restart nas-bot","error":"spawnSync /bin/sh ETIMEDOUT","level":"error","message":"Docker命令执行失败","service":"nas-bot","timestamp":"2026-05-24 05:20:34"}
{"level":"info","message":"IOC容器构建完成","service":"nas-bot","timestamp":"2026-05-24 05:20:36"}
{"alertInterval":"每5分钟","level":"info","message":"定时调度器启动","service":"nas-bot","summaryTime":"15:35","timestamp":"2026-05-24 05:20:36"}
{"level":"info","message":"Bot启动","service":"nas-bot","timestamp":"2026-05-24 05:20:36"}
{"level":"info","message":"NAS Bot 已启动 🚀","service":"nas-bot","timestamp":"2026-05-24 05:20:36"}
{"error":"","level":"error","message":"Telegram请求失败","method":"getUpdates","service":"nas-bot","timestamp":"2026-05-24 05:20:36"}
{"error":"","level":"error","message":"Telegram请求失败","method":"getUpdates","service":"nas-bot","timestamp":"2026-05-24 05:20:37"}
{"error":"","level":"error","message":"Telegram请求失败","method":"getUpdates","service":"nas-bot","timestamp":"2026-05-24 05:20:38"}
{"error":"","level":"error","message":"Telegram请求失败","method":"getUpdates","service":"nas-bot","timestamp":"2026-05-24 05:20:40"}
{"error":"","level":"error","message":"Telegram请求失败","method":"getUpdates","service":"nas-bot","timestamp":"2026-05-24 05:20:41"}
{"args":"docker restart nas-bot","command":"exec","level":"info","message":"收到指令","service":"nas-bot","timestamp":"2026-05-24 05:20:43","userId":"6423823321"}
{"cmd":"docker restart nas-bot","level":"info","message":"执行命令","service":"nas-bot","timestamp":"2026-05-24 05:20:43"}
{"cmd":"docker restart nas-bot","error":"spawnSync /bin/sh ETIMEDOUT","level":"error","message":"Docker命令执行失败","service":"nas-bot","timestamp":"2026-05-24 05:20:53"}
{"args":"ls /bin/","command":"exec","level":"info","message":"收到指令","service":"nas-bot","timestamp":"2026-05-24 05:20:53","userId":"6423823321"}
{"cmd":"ls /bin/","level":"info","message":"执行命令","service":"nas-bot","timestamp":"2026-05-24 05:20:53"}
{"level":"info","message":"IOC容器构建完成","service":"nas-bot","timestamp":"2026-05-24 05:20:54"}
{"alertInterval":"每5分钟","level":"info","message":"定时调度器启动","service":"nas-bot","summaryTime":"15:35","timestamp":"2026-05-24 05:20:54"}
{"level":"info","message":"Bot启动","service":"nas-bot","timestamp":"2026-05-24 05:20:54"}
{"level":"info","message":"NAS Bot 已启动 🚀","service":"nas-bot","timestamp":"2026-05-24 05:20:54"}
{"args":"docker restart nas-bot","command":"exec","level":"info","message":"收到指令","service":"nas-bot","timestamp":"2026-05-24 05:20:55","userId":"6423823321"}
{"cmd":"docker restart nas-bot","level":"info","message":"执行命令","service":"nas-bot","timestamp":"2026-05-24 05:20:55"}
{"cmd":"docker restart nas-bot","error":"spawnSync /bin/sh ETIMEDOUT","level":"error","message":"Docker命令执行失败","service":"nas-bot","timestamp":"2026-05-24 05:21:05"}
{"args":"ls /bin/","command":"exec","level":"info","message":"收到指令","service":"nas-bot","timestamp":"2026-05-24 05:21:05","userId":"6423823321"}
{"cmd":"ls /bin/","level":"info","message":"执行命令","service":"nas-bot","timestamp":"2026-05-24 05:21:05"}
{"level":"info","message":"IOC容器构建完成","service":"nas-bot","timestamp":"2026-05-24 05:21:06"}
{"alertInterval":"每5分钟","level":"info","message":"定时调度器启动","service":"nas-bot","summaryTime":"15:35","timestamp":"2026-05-24 05:21:06"}
{"level":"info","message":"Bot启动","service":"nas-bot","timestamp":"2026-05-24 05:21:06"}
{"level":"info","message":"NAS Bot 已启动 🚀","service":"nas-bot","timestamp":"2026-05-24 05:21:06"}
{"error":"","level":"error","message":"Telegram请求失败","method":"getUpdates","service":"nas-bot","timestamp":"2026-05-24 05:21:06"}
{"error":"","level":"error","message":"Telegram请求失败","method":"getUpdates","service":"nas-bot","timestamp":"2026-05-24 05:21:08"}
{"error":"","level":"error","message":"Telegram请求失败","method":"getUpdates","service":"nas-bot","timestamp":"2026-05-24 05:21:09"}
{"args":"docker restart nas-bot","command":"exec","level":"info","message":"收到指令","service":"nas-bot","timestamp":"2026-05-24 05:21:11","userId":"6423823321"}
{"cmd":"docker restart nas-bot","level":"info","message":"执行命令","service":"nas-bot","timestamp":"2026-05-24 05:21:11"}
{"cmd":"docker restart nas-bot","error":"spawnSync /bin/sh ETIMEDOUT","level":"error","message":"Docker命令执行失败","service":"nas-bot","timestamp":"2026-05-24 05:21:21"}
{"args":"ls /bin/","command":"exec","level":"info","message":"收到指令","service":"nas-bot","timestamp":"2026-05-24 05:21:21","userId":"6423823321"}
{"cmd":"ls /bin/","level":"info","message":"执行命令","service":"nas-bot","timestamp":"2026-05-24 05:21:21"}
{"level":"info","message":"IOC容器构建完成","service":"nas-bot","timestamp":"2026-05-24 05:21:22"}
{"alertInterval":"每5分钟","level":"info","message":"定时调度器启动","service":"nas-bot","summaryTime":"15:35","timestamp":"2026-05-24 05:21:22"}
{"level":"info","message":"Bot启动","service":"nas-bot","timestamp":"2026-05-24 05:21:22"}
{"level":"info","message":"NAS Bot 已启动 🚀","service":"nas-bot","timestamp":"2026-05-24 05:21:22"}
{"error":"","level":"error","message":"Telegram请求失败","method":"getUpdates","service":"nas-bot","timestamp":"2026-05-24 05:21:22"}
{"error":"","level":"error","message":"Telegram请求失败","method":"getUpdates","service":"nas-bot","timestamp":"2026-05-24 05:21:24"}
{"error":"","level":"error","message":"Telegram请求失败","method":"getUpdates","service":"nas-bot","timestamp":"2026-05-24 05:21:25"}
{"error":"","level":"error","message":"Telegram请求失败","method":"getUpdates","service":"nas-bot","timestamp":"2026-05-24 05:21:26"}
{"args":"docker restart nas-bot","command":"exec","level":"info","message":"收到指令","service":"nas-bot","timestamp":"2026-05-24 05:21:28","userId":"6423823321"}
{"cmd":"docker restart nas-bot","level":"info","message":"执行命令","service":"nas-bot","timestamp":"2026-05-24 05:21:28"}
{"cmd":"docker restart nas-bot","error":"spawnSync /bin/sh ETIMEDOUT","level":"error","message":"Docker命令执行失败","service":"nas-bot","timestamp":"2026-05-24 05:21:38"}
{"args":"ls /bin/","command":"exec","level":"info","message":"收到指令","service":"nas-bot","timestamp":"2026-05-24 05:21:38","userId":"6423823321"}
{"cmd":"ls /bin/","level":"info","message":"执行命令","service":"nas-bot","timestamp":"2026-05-24 05:21:38"}
{"args":"node -e \"require('child_process').execSync('ls /bin/sh').toString()\"","command":"exec","level":"info","message":"收到指令","service":"nas-bot","timestamp":"2026-05-24 05:21:38","userId":"6423823321"}
{"cmd":"node -e \"require('child_process').execSync('ls /bin/sh').toString()\"","level":"info","message":"执行命令","service":"nas-bot","timestamp":"2026-05-24 05:21:38"}
{"level":"info","message":"IOC容器构建完成","service":"nas-bot","timestamp":"2026-05-24 05:21:39"}
{"alertInterval":"每5分钟","level":"info","message":"定时调度器启动","service":"nas-bot","summaryTime":"15:35","timestamp":"2026-05-24 05:21:39"}
{"level":"info","message":"Bot启动","service":"nas-bot","timestamp":"2026-05-24 05:21:39"}
{"level":"info","message":"NAS Bot 已启动 🚀","service":"nas-bot","timestamp":"2026-05-24 05:21:39"}
{"error":"","level":"error","message":"Telegram请求失败","method":"getUpdates","service":"nas-bot","timestamp":"2026-05-24 05:21:40"}
{"error":"","level":"error","message":"Telegram请求失败","method":"getUpdates","service":"nas-bot","timestamp":"2026-05-24 05:21:41"}
{"error":"","level":"error","message":"Telegram请求失败","method":"getUpdates","service":"nas-bot","timestamp":"2026-05-24 05:21:42"}
{"error":"","level":"error","message":"Telegram请求失败","method":"getUpdates","service":"nas-bot","timestamp":"2026-05-24 05:21:44"}
{"error":"","level":"error","message":"Telegram请求失败","method":"getUpdates","service":"nas-bot","timestamp":"2026-05-24 05:21:45"}
{"error":"","level":"error","message":"Telegram请求失败","method":"getUpdates","service":"nas-bot","timestamp":"2026-05-24 05:21:46"}
{"error":"","level":"error","message":"Telegram请求失败","method":"getUpdates","service":"nas-bot","timestamp":"2026-05-24 05:21:47"}
{"error":"","level":"error","message":"Telegram请求失败","method":"getUpdates","service":"nas-bot","timestamp":"2026-05-24 05:21:49"}
{"error":"","level":"error","message":"Telegram请求失败","method":"getUpdates","service":"nas-bot","timestamp":"2026-05-24 05:21:50"}
{"error":"","level":"error","message":"Telegram请求失败","method":"getUpdates","service":"nas-bot","timestamp":"2026-05-24 05:21:51"}
{"args":"docker restart nas-bot","command":"exec","level":"info","message":"收到指令","service":"nas-bot","timestamp":"2026-05-24 05:21:53","userId":"6423823321"}
{"cmd":"docker restart nas-bot","level":"info","message":"执行命令","service":"nas-bot","timestamp":"2026-05-24 05:21:53"}
{"cmd":"docker restart nas-bot","error":"spawnSync /bin/sh ETIMEDOUT","level":"error","message":"Docker命令执行失败","service":"nas-bot","timestamp":"2026-05-24 05:22:03"}
{"args":"ls /bin/","command":"exec","level":"info","message":"收到指令","service":"nas-bot","timestamp":"2026-05-24 05:22:03","userId":"6423823321"}
{"cmd":"ls /bin/","level":"info","message":"执行命令","service":"nas-bot","timestamp":"2026-05-24 05:22:03"}
{"args":"node -e \"require('child_process').execSync('ls /bin/sh').toString()\"","command":"exec","level":"info","message":"收到指令","service":"nas-bot","timestamp":"2026-05-24 05:22:03","userId":"6423823321"}
{"cmd":"node -e \"require('child_process').execSync('ls /bin/sh').toString()\"","level":"info","message":"执行命令","service":"nas-bot","timestamp":"2026-05-24 05:22:03"}
{"args":"状态","command":"股票","level":"info","message":"收到指令","service":"nas-bot","timestamp":"2026-05-24 05:22:03","userId":"6423823321"}
{"level":"info","message":"IOC容器构建完成","service":"nas-bot","timestamp":"2026-05-24 05:22:04"}
{"alertInterval":"每5分钟","level":"info","message":"定时调度器启动","service":"nas-bot","summaryTime":"15:35","timestamp":"2026-05-24 05:22:04"}
{"level":"info","message":"Bot启动","service":"nas-bot","timestamp":"2026-05-24 05:22:04"}
{"level":"info","message":"NAS Bot 已启动 🚀","service":"nas-bot","timestamp":"2026-05-24 05:22:04"}
{"error":"","level":"error","message":"Telegram请求失败","method":"getUpdates","service":"nas-bot","timestamp":"2026-05-24 05:22:05"}
{"error":"","level":"error","message":"Telegram请求失败","method":"getUpdates","service":"nas-bot","timestamp":"2026-05-24 05:22:06"}
{"error":"","level":"error","message":"Telegram请求失败","method":"getUpdates","service":"nas-bot","timestamp":"2026-05-24 05:22:07"}
{"args":"docker restart nas-bot","command":"exec","level":"info","message":"收到指令","service":"nas-bot","timestamp":"2026-05-24 05:22:09","userId":"6423823321"}
{"cmd":"docker restart nas-bot","level":"info","message":"执行命令","service":"nas-bot","timestamp":"2026-05-24 05:22:09"}
{"cmd":"docker restart nas-bot","error":"spawnSync /bin/sh ETIMEDOUT","level":"error","message":"Docker命令执行失败","service":"nas-bot","timestamp":"2026-05-24 05:22:19"}
{"args":"ls /bin/","command":"exec","level":"info","message":"收到指令","service":"nas-bot","timestamp":"2026-05-24 05:22:19","userId":"6423823321"}
{"cmd":"ls /bin/","level":"info","message":"执行命令","service":"nas-bot","timestamp":"2026-05-24 05:22:19"}
{"args":"node -e \"require('child_process').execSync('ls /bin/sh').toString()\"","command":"exec","level":"info","message":"收到指令","service":"nas-bot","timestamp":"2026-05-24 05:22:19","userId":"6423823321"}
{"cmd":"node -e \"require('child_process').execSync('ls /bin/sh').toString()\"","level":"info","message":"执行命令","service":"nas-bot","timestamp":"2026-05-24 05:22:19"}
{"args":"状态","command":"股票","level":"info","message":"收到指令","service":"nas-bot","timestamp":"2026-05-24 05:22:19","userId":"6423823321"}
{"args":"","command":"/start","level":"info","message":"收到指令","service":"nas-bot","timestamp":"2026-05-24 05:22:19","userId":"6423823321"}
{"level":"info","message":"IOC容器构建完成","service":"nas-bot","timestamp":"2026-05-24 05:22:20"}
{"alertInterval":"每5分钟","level":"info","message":"定时调度器启动","service":"nas-bot","summaryTime":"15:35","timestamp":"2026-05-24 05:22:20"}
{"level":"info","message":"Bot启动","service":"nas-bot","timestamp":"2026-05-24 05:22:21"}
{"level":"info","message":"NAS Bot 已启动 🚀","service":"nas-bot","timestamp":"2026-05-24 05:22:21"}
{"error":"","level":"error","message":"Telegram请求失败","method":"getUpdates","service":"nas-bot","timestamp":"2026-05-24 05:22:21"}
{"error":"","level":"error","message":"Telegram请求失败","method":"getUpdates","service":"nas-bot","timestamp":"2026-05-24 05:22:22"}
{"error":"","level":"error","message":"Telegram请求失败","method":"getUpdates","service":"nas-bot","timestamp":"2026-05-24 05:22:23"}
{"args":"docker restart nas-bot","command":"exec","level":"info","message":"收到指令","service":"nas-bot","timestamp":"2026-05-24 05:22:25","userId":"6423823321"}
{"cmd":"docker restart nas-bot","level":"info","message":"执行命令","service":"nas-bot","timestamp":"2026-05-24 05:22:25"}
{"cmd":"docker restart nas-bot","error":"spawnSync /bin/sh ETIMEDOUT","level":"error","message":"Docker命令执行失败","service":"nas-bot","timestamp":"2026-05-24 05:22:35"}
{"args":"ls /bin/","command":"exec","level":"info","message":"收到指令","service":"nas-bot","timestamp":"2026-05-24 05:22:35","userId":"6423823321"}
{"cmd":"ls /bin/","level":"info","message":"执行命令","service":"nas-bot","timestamp":"2026-05-24 05:22:35"}
{"args":"node -e \"require('child_process').execSync('ls /bin/sh').toString()\"","command":"exec","level":"info","message":"收到指令","service":"nas-bot","timestamp":"2026-05-24 05:22:35","userId":"6423823321"}
{"cmd":"node -e \"require('child_process').execSync('ls /bin/sh').toString()\"","level":"info","message":"执行命令","service":"nas-bot","timestamp":"2026-05-24 05:22:35"}
{"args":"状态","command":"股票","level":"info","message":"收到指令","service":"nas-bot","timestamp":"2026-05-24 05:22:35","userId":"6423823321"}
{"args":"","command":"/start","level":"info","message":"收到指令","service":"nas-bot","timestamp":"2026-05-24 05:22:35","userId":"6423823321"}
{"level":"info","message":"IOC容器构建完成","service":"nas-bot","timestamp":"2026-05-24 05:22:36"}
{"alertInterval":"每5分钟","level":"info","message":"定时调度器启动","service":"nas-bot","summaryTime":"15:35","timestamp":"2026-05-24 05:22:36"}
{"level":"info","message":"Bot启动","service":"nas-bot","timestamp":"2026-05-24 05:22:36"}
{"level":"info","message":"NAS Bot 已启动 🚀","service":"nas-bot","timestamp":"2026-05-24 05:22:37"}
{"args":"docker restart nas-bot","command":"exec","level":"info","message":"收到指令","service":"nas-bot","timestamp":"2026-05-24 05:22:37","userId":"6423823321"}
{"cmd":"docker restart nas-bot","level":"info","message":"执行命令","service":"nas-bot","timestamp":"2026-05-24 05:22:37"}
{"cmd":"docker restart nas-bot","error":"spawnSync /bin/sh ETIMEDOUT","level":"error","message":"Docker命令执行失败","service":"nas-bot","timestamp":"2026-05-24 05:22:47"}
{"args":"ls /bin/","command":"exec","level":"info","message":"收到指令","service":"nas-bot","timestamp":"2026-05-24 05:22:47","userId":"6423823321"}
{"cmd":"ls /bin/","level":"info","message":"执行命令","service":"nas-bot","timestamp":"2026-05-24 05:22:47"}
{"args":"node -e \"require('child_process').execSync('ls /bin/sh').toString()\"","command":"exec","level":"info","message":"收到指令","service":"nas-bot","timestamp":"2026-05-24 05:22:47","userId":"6423823321"}
{"cmd":"node -e \"require('child_process').execSync('ls /bin/sh').toString()\"","level":"info","message":"执行命令","service":"nas-bot","timestamp":"2026-05-24 05:22:47"}
{"args":"状态","command":"股票","level":"info","message":"收到指令","service":"nas-bot","timestamp":"2026-05-24 05:22:47","userId":"6423823321"}
{"args":"","command":"/start","level":"info","message":"收到指令","service":"nas-bot","timestamp":"2026-05-24 05:22:47","userId":"6423823321"}
{"level":"info","message":"IOC容器构建完成","service":"nas-bot","timestamp":"2026-05-24 05:22:49"}
{"alertInterval":"每5分钟","level":"info","message":"定时调度器启动","service":"nas-bot","summaryTime":"15:35","timestamp":"2026-05-24 05:22:49"}
{"level":"info","message":"Bot启动","service":"nas-bot","timestamp":"2026-05-24 05:22:49"}
{"level":"info","message":"NAS Bot 已启动 🚀","service":"nas-bot","timestamp":"2026-05-24 05:22:49"}
{"error":"","level":"error","message":"Telegram请求失败","method":"getUpdates","service":"nas-bot","timestamp":"2026-05-24 05:22:49"}
{"error":"","level":"error","message":"Telegram请求失败","method":"getUpdates","service":"nas-bot","timestamp":"2026-05-24 05:22:50"}
{"error":"","level":"error","message":"Telegram请求失败","method":"getUpdates","service":"nas-bot","timestamp":"2026-05-24 05:22:52"}
{"error":"","level":"error","message":"Telegram请求失败","method":"getUpdates","service":"nas-bot","timestamp":"2026-05-24 05:22:53"}
{"error":"","level":"error","message":"Telegram请求失败","method":"getUpdates","service":"nas-bot","timestamp":"2026-05-24 05:22:54"}
{"error":"","level":"error","message":"Telegram请求失败","method":"getUpdates","service":"nas-bot","timestamp":"2026-05-24 05:22:55"}
{"args":"docker restart nas-bot","command":"exec","level":"info","message":"收到指令","service":"nas-bot","timestamp":"2026-05-24 05:22:57","userId":"6423823321"}
{"cmd":"docker restart nas-bot","level":"info","message":"执行命令","service":"nas-bot","timestamp":"2026-05-24 05:22:57"}
{"cmd":"docker restart nas-bot","error":"spawnSync /bin/sh ETIMEDOUT","level":"error","message":"Docker命令执行失败","service":"nas-bot","timestamp":"2026-05-24 05:23:07"}
{"args":"ls /bin/","command":"exec","level":"info","message":"收到指令","service":"nas-bot","timestamp":"2026-05-24 05:23:07","userId":"6423823321"}
{"cmd":"ls /bin/","level":"info","message":"执行命令","service":"nas-bot","timestamp":"2026-05-24 05:23:07"}
{"args":"node -e \"require('child_process').execSync('ls /bin/sh').toString()\"","command":"exec","level":"info","message":"收到指令","service":"nas-bot","timestamp":"2026-05-24 05:23:07","userId":"6423823321"}
{"cmd":"node -e \"require('child_process').execSync('ls /bin/sh').toString()\"","level":"info","message":"执行命令","service":"nas-bot","timestamp":"2026-05-24 05:23:07"}
{"args":"状态","command":"股票","level":"info","message":"收到指令","service":"nas-bot","timestamp":"2026-05-24 05:23:07","userId":"6423823321"}
{"args":"","command":"/start","level":"info","message":"收到指令","service":"nas-bot","timestamp":"2026-05-24 05:23:07","userId":"6423823321"}
{"level":"info","message":"IOC容器构建完成","service":"nas-bot","timestamp":"2026-05-24 05:23:09"}
{"alertInterval":"每5分钟","level":"info","message":"定时调度器启动","service":"nas-bot","summaryTime":"15:35","timestamp":"2026-05-24 05:23:09"}
{"level":"info","message":"Bot启动","service":"nas-bot","timestamp":"2026-05-24 05:23:09"}
{"level":"info","message":"NAS Bot 已启动 🚀","service":"nas-bot","timestamp":"2026-05-24 05:23:09"}
{"args":"docker restart nas-bot","command":"exec","level":"info","message":"收到指令","service":"nas-bot","timestamp":"2026-05-24 05:23:09","userId":"6423823321"}
{"cmd":"docker restart nas-bot","level":"info","message":"执行命令","service":"nas-bot","timestamp":"2026-05-24 05:23:09"}
{"cmd":"docker restart nas-bot","error":"spawnSync /bin/sh ETIMEDOUT","level":"error","message":"Docker命令执行失败","service":"nas-bot","timestamp":"2026-05-24 05:23:19"}
{"args":"ls /bin/","command":"exec","level":"info","message":"收到指令","service":"nas-bot","timestamp":"2026-05-24 05:23:19","userId":"6423823321"}
{"cmd":"ls /bin/","level":"info","message":"执行命令","service":"nas-bot","timestamp":"2026-05-24 05:23:19"}
{"args":"node -e \"require('child_process').execSync('ls /bin/sh').toString()\"","command":"exec","level":"info","message":"收到指令","service":"nas-bot","timestamp":"2026-05-24 05:23:19","userId":"6423823321"}
{"cmd":"node -e \"require('child_process').execSync('ls /bin/sh').toString()\"","level":"info","message":"执行命令","service":"nas-bot","timestamp":"2026-05-24 05:23:19"}
{"args":"状态","command":"股票","level":"info","message":"收到指令","service":"nas-bot","timestamp":"2026-05-24 05:23:20","userId":"6423823321"}
{"args":"","command":"/start","level":"info","message":"收到指令","service":"nas-bot","timestamp":"2026-05-24 05:23:20","userId":"6423823321"}
{"level":"info","message":"IOC容器构建完成","service":"nas-bot","timestamp":"2026-05-24 05:23:21"}
{"alertInterval":"每5分钟","level":"info","message":"定时调度器启动","service":"nas-bot","summaryTime":"15:35","timestamp":"2026-05-24 05:23:21"}
{"level":"info","message":"Bot启动","service":"nas-bot","timestamp":"2026-05-24 05:23:21"}
{"level":"info","message":"NAS Bot 已启动 🚀","service":"nas-bot","timestamp":"2026-05-24 05:23:21"}
{"error":"","level":"error","message":"Telegram请求失败","method":"getUpdates","service":"nas-bot","timestamp":"2026-05-24 05:23:22"}
{"error":"","level":"error","message":"Telegram请求失败","method":"getUpdates","service":"nas-bot","timestamp":"2026-05-24 05:23:23"}
{"error":"","level":"error","message":"Telegram请求失败","method":"getUpdates","service":"nas-bot","timestamp":"2026-05-24 05:23:24"}
{"args":"docker restart nas-bot","command":"exec","level":"info","message":"收到指令","service":"nas-bot","timestamp":"2026-05-24 05:23:26","userId":"6423823321"}
{"cmd":"docker restart nas-bot","level":"info","message":"执行命令","service":"nas-bot","timestamp":"2026-05-24 05:23:26"}
{"cmd":"docker restart nas-bot","error":"spawnSync /bin/sh ETIMEDOUT","level":"error","message":"Docker命令执行失败","service":"nas-bot","timestamp":"2026-05-24 05:23:36"}
{"args":"ls /bin/","command":"exec","level":"info","message":"收到指令","service":"nas-bot","timestamp":"2026-05-24 05:23:36","userId":"6423823321"}
{"cmd":"ls /bin/","level":"info","message":"执行命令","service":"nas-bot","timestamp":"2026-05-24 05:23:36"}
{"args":"node -e \"require('child_process').execSync('ls /bin/sh').toString()\"","command":"exec","level":"info","message":"收到指令","service":"nas-bot","timestamp":"2026-05-24 05:23:36","userId":"6423823321"}
{"cmd":"node -e \"require('child_process').execSync('ls /bin/sh').toString()\"","level":"info","message":"执行命令","service":"nas-bot","timestamp":"2026-05-24 05:23:36"}
{"args":"状态","command":"股票","level":"info","message":"收到指令","service":"nas-bot","timestamp":"2026-05-24 05:23:36","userId":"6423823321"}
{"args":"","command":"/start","level":"info","message":"收到指令","service":"nas-bot","timestamp":"2026-05-24 05:23:36","userId":"6423823321"}
{"level":"info","message":"IOC容器构建完成","service":"nas-bot","timestamp":"2026-05-24 05:23:37"}
{"alertInterval":"每5分钟","level":"info","message":"定时调度器启动","service":"nas-bot","summaryTime":"15:35","timestamp":"2026-05-24 05:23:37"}
{"level":"info","message":"Bot启动","service":"nas-bot","timestamp":"2026-05-24 05:23:37"}
{"level":"info","message":"NAS Bot 已启动 🚀","service":"nas-bot","timestamp":"2026-05-24 05:23:37"}
{"args":"docker restart nas-bot","command":"exec","level":"info","message":"收到指令","service":"nas-bot","timestamp":"2026-05-24 05:23:38","userId":"6423823321"}
{"cmd":"docker restart nas-bot","level":"info","message":"执行命令","service":"nas-bot","timestamp":"2026-05-24 05:23:38"}
{"cmd":"docker restart nas-bot","error":"spawnSync /bin/sh ETIMEDOUT","level":"error","message":"Docker命令执行失败","service":"nas-bot","timestamp":"2026-05-24 05:23:48"}
{"args":"ls /bin/","command":"exec","level":"info","message":"收到指令","service":"nas-bot","timestamp":"2026-05-24 05:23:48","userId":"6423823321"}
{"cmd":"ls /bin/","level":"info","message":"执行命令","service":"nas-bot","timestamp":"2026-05-24 05:23:48"}
{"args":"node -e \"require('child_process').execSync('ls /bin/sh').toString()\"","command":"exec","level":"info","message":"收到指令","service":"nas-bot","timestamp":"2026-05-24 05:23:48","userId":"6423823321"}
{"cmd":"node -e \"require('child_process').execSync('ls /bin/sh').toString()\"","level":"info","message":"执行命令","service":"nas-bot","timestamp":"2026-05-24 05:23:48"}
{"args":"状态","command":"股票","level":"info","message":"收到指令","service":"nas-bot","timestamp":"2026-05-24 05:23:48","userId":"6423823321"}
{"args":"","command":"/start","level":"info","message":"收到指令","service":"nas-bot","timestamp":"2026-05-24 05:23:48","userId":"6423823321"}
{"args":"容器","command":"系统","level":"info","message":"收到指令","service":"nas-bot","timestamp":"2026-05-24 05:23:48","userId":"6423823321"}
{"level":"info","message":"获取容器列表","service":"nas-bot","timestamp":"2026-05-24 05:23:48"}
{"args":"状态","command":"股票","level":"info","message":"收到指令","service":"nas-bot","timestamp":"2026-05-24 05:23:48","userId":"6423823321"}
{"level":"info","message":"IOC容器构建完成","service":"nas-bot","timestamp":"2026-05-24 05:23:50"}
{"alertInterval":"每5分钟","level":"info","message":"定时调度器启动","service":"nas-bot","summaryTime":"15:35","timestamp":"2026-05-24 05:23:50"}
{"level":"info","message":"Bot启动","service":"nas-bot","timestamp":"2026-05-24 05:23:50"}
{"level":"info","message":"NAS Bot 已启动 🚀","service":"nas-bot","timestamp":"2026-05-24 05:23:50"}
{"error":"","level":"error","message":"Telegram请求失败","method":"getUpdates","service":"nas-bot","timestamp":"2026-05-24 05:23:50"}
{"args":"docker restart nas-bot","command":"exec","level":"info","message":"收到指令","service":"nas-bot","timestamp":"2026-05-24 05:23:52","userId":"6423823321"}
{"level":"info","message":"IOC容器构建完成","service":"nas-bot","timestamp":"2026-05-24 05:24:03"}
{"alertInterval":"每5分钟","level":"info","message":"定时调度器启动","service":"nas-bot","summaryTime":"15:35","timestamp":"2026-05-24 05:24:03"}
{"level":"info","message":"Bot启动","service":"nas-bot","timestamp":"2026-05-24 05:24:03"}
{"level":"info","message":"NAS Bot 已启动 🚀","service":"nas-bot","timestamp":"2026-05-24 05:24:03"}
{"error":"","level":"error","message":"Telegram请求失败","method":"getUpdates","service":"nas-bot","timestamp":"2026-05-24 05:24:04"}
{"error":"","level":"error","message":"Telegram请求失败","method":"getUpdates","service":"nas-bot","timestamp":"2026-05-24 05:24:05"}
{"error":"","level":"error","message":"Telegram请求失败","method":"getUpdates","service":"nas-bot","timestamp":"2026-05-24 05:24:06"}
{"error":"","level":"error","message":"Telegram请求失败","method":"getUpdates","service":"nas-bot","timestamp":"2026-05-24 05:24:07"}
{"error":"","level":"error","message":"Telegram请求失败","method":"getUpdates","service":"nas-bot","timestamp":"2026-05-24 05:24:09"}
{"args":"docker restart nas-bot","command":"exec","level":"info","message":"收到指令","service":"nas-bot","timestamp":"2026-05-24 05:24:10","userId":"6423823321"}
{"cmd":"docker restart nas-bot","level":"info","message":"执行命令","service":"nas-bot","timestamp":"2026-05-24 05:24:10"}
{"cmd":"docker restart nas-bot","error":"spawnSync /bin/sh ETIMEDOUT","level":"error","message":"Docker命令执行失败","service":"nas-bot","timestamp":"2026-05-24 05:24:20"}
{"args":"ls /bin/","command":"exec","level":"info","message":"收到指令","service":"nas-bot","timestamp":"2026-05-24 05:24:20","userId":"6423823321"}
{"cmd":"ls /bin/","level":"info","message":"执行命令","service":"nas-bot","timestamp":"2026-05-24 05:24:20"}
{"args":"node -e \"require('child_process').execSync('ls /bin/sh').toString()\"","command":"exec","level":"info","message":"收到指令","service":"nas-bot","timestamp":"2026-05-24 05:24:20","userId":"6423823321"}
{"cmd":"node -e \"require('child_process').execSync('ls /bin/sh').toString()\"","level":"info","message":"执行命令","service":"nas-bot","timestamp":"2026-05-24 05:24:20"}
{"args":"状态","command":"股票","level":"info","message":"收到指令","service":"nas-bot","timestamp":"2026-05-24 05:24:20","userId":"6423823321"}
{"args":"","command":"/start","level":"info","message":"收到指令","service":"nas-bot","timestamp":"2026-05-24 05:24:21","userId":"6423823321"}
{"args":"容器","command":"系统","level":"info","message":"收到指令","service":"nas-bot","timestamp":"2026-05-24 05:24:21","userId":"6423823321"}
{"level":"info","message":"获取容器列表","service":"nas-bot","timestamp":"2026-05-24 05:24:21"}
{"args":"状态","command":"股票","level":"info","message":"收到指令","service":"nas-bot","timestamp":"2026-05-24 05:24:21","userId":"6423823321"}
{"args":"开启","command":"股票","level":"info","message":"收到指令","service":"nas-bot","timestamp":"2026-05-24 05:24:21","userId":"6423823321"}
{"args":"链接","command":"股票","level":"info","message":"收到指令","service":"nas-bot","timestamp":"2026-05-24 05:24:21","userId":"6423823321"}
{"args":"检测","command":"股票","level":"info","message":"收到指令","service":"nas-bot","timestamp":"2026-05-24 05:24:21","userId":"6423823321"}
{"args":"状态","command":"系统","level":"info","message":"收到指令","service":"nas-bot","timestamp":"2026-05-24 05:24:21","userId":"6423823321"}
{"count":10,"level":"warn","message":"触发限流","service":"nas-bot","timestamp":"2026-05-24 05:24:21","userId":"6423823321"}
{"args":"关闭","command":"ai","level":"info","message":"收到指令","service":"nas-bot","timestamp":"2026-05-24 05:24:21","userId":"6423823321"}
{"count":10,"level":"warn","message":"触发限流","service":"nas-bot","timestamp":"2026-05-24 05:24:21","userId":"6423823321"}
{"args":"状态","command":"系统","level":"info","message":"收到指令","service":"nas-bot","timestamp":"2026-05-24 05:24:21","userId":"6423823321"}
{"count":10,"level":"warn","message":"触发限流","service":"nas-bot","timestamp":"2026-05-24 05:24:21","userId":"6423823321"}
{"level":"info","message":"IOC容器构建完成","service":"nas-bot","timestamp":"2026-05-24 05:24:22"}
{"alertInterval":"每5分钟","level":"info","message":"定时调度器启动","service":"nas-bot","summaryTime":"15:35","timestamp":"2026-05-24 05:24:22"}
{"level":"info","message":"Bot启动","service":"nas-bot","timestamp":"2026-05-24 05:24:22"}
{"level":"info","message":"NAS Bot 已启动 🚀","service":"nas-bot","timestamp":"2026-05-24 05:24:22"}
{"error":"","level":"error","message":"Telegram请求失败","method":"getUpdates","service":"nas-bot","timestamp":"2026-05-24 05:24:22"}
{"error":"","level":"error","message":"Telegram请求失败","method":"getUpdates","service":"nas-bot","timestamp":"2026-05-24 05:24:24"}
{"error":"","level":"error","message":"Telegram请求失败","method":"getUpdates","service":"nas-bot","timestamp":"2026-05-24 05:24:25"}
{"error":"","level":"error","message":"Telegram请求失败","method":"getUpdates","service":"nas-bot","timestamp":"2026-05-24 05:24:26"}
{"error":"","level":"error","message":"Telegram请求失败","method":"getUpdates","service":"nas-bot","timestamp":"2026-05-24 05:24:27"}
{"args":"docker restart nas-bot","command":"exec","level":"info","message":"收到指令","service":"nas-bot","timestamp":"2026-05-24 05:24:29","userId":"6423823321"}
{"level":"info","message":"IOC容器构建完成","service":"nas-bot","timestamp":"2026-05-24 05:24:41"}
{"alertInterval":"每5分钟","level":"info","message":"定时调度器启动","service":"nas-bot","summaryTime":"15:35","timestamp":"2026-05-24 05:24:41"}
{"level":"info","message":"Bot启动","service":"nas-bot","timestamp":"2026-05-24 05:24:41"}
{"level":"info","message":"NAS Bot 已启动 🚀","service":"nas-bot","timestamp":"2026-05-24 05:24:41"}
{"error":"","level":"error","message":"Telegram请求失败","method":"getUpdates","service":"nas-bot","timestamp":"2026-05-24 05:24:41"}
{"error":"","level":"error","message":"Telegram请求失败","method":"getUpdates","service":"nas-bot","timestamp":"2026-05-24 05:24:42"}
{"error":"","level":"error","message":"Telegram请求失败","method":"getUpdates","service":"nas-bot","timestamp":"2026-05-24 05:24:44"}
{"error":"","level":"error","message":"Telegram请求失败","method":"getUpdates","service":"nas-bot","timestamp":"2026-05-24 05:24:45"}
{"error":"","level":"error","message":"Telegram请求失败","method":"getUpdates","service":"nas-bot","timestamp":"2026-05-24 05:24:46"}
{"args":"docker restart nas-bot","command":"exec","level":"info","message":"收到指令","service":"nas-bot","timestamp":"2026-05-24 05:24:48","userId":"6423823321"}
{"cmd":"docker restart nas-bot","level":"info","message":"执行命令","service":"nas-bot","timestamp":"2026-05-24 05:24:48"}
{"cmd":"docker restart nas-bot","error":"spawnSync /bin/sh ETIMEDOUT","level":"error","message":"Docker命令执行失败","service":"nas-bot","timestamp":"2026-05-24 05:24:58"}
{"args":"ls /bin/","command":"exec","level":"info","message":"收到指令","service":"nas-bot","timestamp":"2026-05-24 05:24:58","userId":"6423823321"}
{"cmd":"ls /bin/","level":"info","message":"执行命令","service":"nas-bot","timestamp":"2026-05-24 05:24:58"}
{"args":"node -e \"require('child_process').execSync('ls /bin/sh').toString()\"","command":"exec","level":"info","message":"收到指令","service":"nas-bot","timestamp":"2026-05-24 05:24:58","userId":"6423823321"}
{"cmd":"node -e \"require('child_process').execSync('ls /bin/sh').toString()\"","level":"info","message":"执行命令","service":"nas-bot","timestamp":"2026-05-24 05:24:58"}
{"args":"状态","command":"股票","level":"info","message":"收到指令","service":"nas-bot","timestamp":"2026-05-24 05:24:58","userId":"6423823321"}
{"args":"","command":"/start","level":"info","message":"收到指令","service":"nas-bot","timestamp":"2026-05-24 05:24:58","userId":"6423823321"}
{"args":"容器","command":"系统","level":"info","message":"收到指令","service":"nas-bot","timestamp":"2026-05-24 05:24:58","userId":"6423823321"}
{"level":"info","message":"获取容器列表","service":"nas-bot","timestamp":"2026-05-24 05:24:58"}
{"args":"状态","command":"股票","level":"info","message":"收到指令","service":"nas-bot","timestamp":"2026-05-24 05:24:58","userId":"6423823321"}
{"args":"开启","command":"股票","level":"info","message":"收到指令","service":"nas-bot","timestamp":"2026-05-24 05:24:58","userId":"6423823321"}
{"args":"链接","command":"股票","level":"info","message":"收到指令","service":"nas-bot","timestamp":"2026-05-24 05:24:58","userId":"6423823321"}
{"args":"检测","command":"股票","level":"info","message":"收到指令","service":"nas-bot","timestamp":"2026-05-24 05:24:58","userId":"6423823321"}
{"args":"状态","command":"系统","level":"info","message":"收到指令","service":"nas-bot","timestamp":"2026-05-24 05:24:58","userId":"6423823321"}
{"count":10,"level":"warn","message":"触发限流","service":"nas-bot","timestamp":"2026-05-24 05:24:58","userId":"6423823321"}
{"args":"关闭","command":"ai","level":"info","message":"收到指令","service":"nas-bot","timestamp":"2026-05-24 05:24:58","userId":"6423823321"}
{"count":10,"level":"warn","message":"触发限流","service":"nas-bot","timestamp":"2026-05-24 05:24:58","userId":"6423823321"}
{"args":"状态","command":"系统","level":"info","message":"收到指令","service":"nas-bot","timestamp":"2026-05-24 05:24:58","userId":"6423823321"}
{"count":10,"level":"warn","message":"触发限流","service":"nas-bot","timestamp":"2026-05-24 05:24:58","userId":"6423823321"}
{"args":"状态","command":"系统","level":"info","message":"收到指令","service":"nas-bot","timestamp":"2026-05-24 05:24:58","userId":"6423823321"}
{"count":10,"level":"warn","message":"触发限流","service":"nas-bot","timestamp":"2026-05-24 05:24:58","userId":"6423823321"}
{"args":"状态","command":"股票","level":"info","message":"收到指令","service":"nas-bot","timestamp":"2026-05-24 05:24:58","userId":"6423823321"}
{"count":10,"level":"warn","message":"触发限流","service":"nas-bot","timestamp":"2026-05-24 05:24:58","userId":"6423823321"}
{"level":"info","message":"IOC容器构建完成","service":"nas-bot","timestamp":"2026-05-24 05:24:59"}
{"alertInterval":"每5分钟","level":"info","message":"定时调度器启动","service":"nas-bot","summaryTime":"15:35","timestamp":"2026-05-24 05:24:59"}
{"level":"info","message":"Bot启动","service":"nas-bot","timestamp":"2026-05-24 05:24:59"}
{"level":"info","message":"NAS Bot 已启动 🚀","service":"nas-bot","timestamp":"2026-05-24 05:24:59"}
{"error":"","level":"error","message":"Telegram请求失败","method":"getUpdates","service":"nas-bot","timestamp":"2026-05-24 05:25:00"}
{"error":"","level":"error","message":"Telegram请求失败","method":"getUpdates","service":"nas-bot","timestamp":"2026-05-24 05:25:01"}
{"error":"","level":"error","message":"Telegram请求失败","method":"getUpdates","service":"nas-bot","timestamp":"2026-05-24 05:25:02"}
{"error":"","level":"error","message":"Telegram请求失败","method":"getUpdates","service":"nas-bot","timestamp":"2026-05-24 05:25:03"}
{"error":"","level":"error","message":"Telegram请求失败","method":"getUpdates","service":"nas-bot","timestamp":"2026-05-24 05:25:05"}
{"args":"docker restart nas-bot","command":"exec","level":"info","message":"收到指令","service":"nas-bot","timestamp":"2026-05-24 05:25:07","userId":"6423823321"}
{"level":"info","message":"IOC容器构建完成","service":"nas-bot","timestamp":"2026-05-24 05:25:18"}
{"alertInterval":"每5分钟","level":"info","message":"定时调度器启动","service":"nas-bot","summaryTime":"15:35","timestamp":"2026-05-24 05:25:18"}
{"level":"info","message":"Bot启动","service":"nas-bot","timestamp":"2026-05-24 05:25:18"}
{"level":"info","message":"NAS Bot 已启动 🚀","service":"nas-bot","timestamp":"2026-05-24 05:25:18"}
{"error":"","level":"error","message":"Telegram请求失败","method":"getUpdates","service":"nas-bot","timestamp":"2026-05-24 05:25:18"}
{"args":"docker restart nas-bot","command":"exec","level":"info","message":"收到指令","service":"nas-bot","timestamp":"2026-05-24 05:25:20","userId":"6423823321"}
{"level":"info","message":"IOC容器构建完成","service":"nas-bot","timestamp":"2026-05-24 05:25:32"}
{"alertInterval":"每5分钟","level":"info","message":"定时调度器启动","service":"nas-bot","summaryTime":"15:35","timestamp":"2026-05-24 05:25:32"}
{"level":"info","message":"Bot启动","service":"nas-bot","timestamp":"2026-05-24 05:25:32"}
{"level":"info","message":"NAS Bot 已启动 🚀","service":"nas-bot","timestamp":"2026-05-24 05:25:32"}
{"args":"docker restart nas-bot","command":"exec","level":"info","message":"收到指令","service":"nas-bot","timestamp":"2026-05-24 05:25:33","userId":"6423823321"}
{"cmd":"docker restart nas-bot","level":"info","message":"执行命令","service":"nas-bot","timestamp":"2026-05-24 05:25:33"}
{"cmd":"docker restart nas-bot","error":"spawnSync /bin/sh ETIMEDOUT","level":"error","message":"Docker命令执行失败","service":"nas-bot","timestamp":"2026-05-24 05:25:43"}
{"args":"ls /bin/","command":"exec","level":"info","message":"收到指令","service":"nas-bot","timestamp":"2026-05-24 05:25:43","userId":"6423823321"}
{"cmd":"ls /bin/","level":"info","message":"执行命令","service":"nas-bot","timestamp":"2026-05-24 05:25:43"}
{"args":"node -e \"require('child_process').execSync('ls /bin/sh').toString()\"","command":"exec","level":"info","message":"收到指令","service":"nas-bot","timestamp":"2026-05-24 05:25:43","userId":"6423823321"}
{"cmd":"node -e \"require('child_process').execSync('ls /bin/sh').toString()\"","level":"info","message":"执行命令","service":"nas-bot","timestamp":"2026-05-24 05:25:43"}
{"args":"状态","command":"股票","level":"info","message":"收到指令","service":"nas-bot","timestamp":"2026-05-24 05:25:43","userId":"6423823321"}
{"args":"","command":"/start","level":"info","message":"收到指令","service":"nas-bot","timestamp":"2026-05-24 05:25:43","userId":"6423823321"}
{"args":"容器","command":"系统","level":"info","message":"收到指令","service":"nas-bot","timestamp":"2026-05-24 05:25:43","userId":"6423823321"}
{"level":"info","message":"获取容器列表","service":"nas-bot","timestamp":"2026-05-24 05:25:43"}
{"args":"状态","command":"股票","level":"info","message":"收到指令","service":"nas-bot","timestamp":"2026-05-24 05:25:43","userId":"6423823321"}
{"args":"开启","command":"股票","level":"info","message":"收到指令","service":"nas-bot","timestamp":"2026-05-24 05:25:43","userId":"6423823321"}
{"args":"链接","command":"股票","level":"info","message":"收到指令","service":"nas-bot","timestamp":"2026-05-24 05:25:43","userId":"6423823321"}
{"args":"检测","command":"股票","level":"info","message":"收到指令","service":"nas-bot","timestamp":"2026-05-24 05:25:43","userId":"6423823321"}
{"args":"状态","command":"系统","level":"info","message":"收到指令","service":"nas-bot","timestamp":"2026-05-24 05:25:43","userId":"6423823321"}
{"count":10,"level":"warn","message":"触发限流","service":"nas-bot","timestamp":"2026-05-24 05:25:43","userId":"6423823321"}
{"args":"关闭","command":"ai","level":"info","message":"收到指令","service":"nas-bot","timestamp":"2026-05-24 05:25:43","userId":"6423823321"}
{"count":10,"level":"warn","message":"触发限流","service":"nas-bot","timestamp":"2026-05-24 05:25:43","userId":"6423823321"}
{"args":"状态","command":"系统","level":"info","message":"收到指令","service":"nas-bot","timestamp":"2026-05-24 05:25:43","userId":"6423823321"}
{"count":10,"level":"warn","message":"触发限流","service":"nas-bot","timestamp":"2026-05-24 05:25:43","userId":"6423823321"}
{"args":"状态","command":"系统","level":"info","message":"收到指令","service":"nas-bot","timestamp":"2026-05-24 05:25:43","userId":"6423823321"}
{"count":10,"level":"warn","message":"触发限流","service":"nas-bot","timestamp":"2026-05-24 05:25:43","userId":"6423823321"}
{"args":"状态","command":"股票","level":"info","message":"收到指令","service":"nas-bot","timestamp":"2026-05-24 05:25:43","userId":"6423823321"}
{"count":10,"level":"warn","message":"触发限流","service":"nas-bot","timestamp":"2026-05-24 05:25:43","userId":"6423823321"}
{"args":"","command":"帮助","level":"info","message":"收到指令","service":"nas-bot","timestamp":"2026-05-24 05:25:43","userId":"6423823321"}
{"count":10,"level":"warn","message":"触发限流","service":"nas-bot","timestamp":"2026-05-24 05:25:43","userId":"6423823321"}
{"args":"","command":"股票状态","level":"info","message":"收到指令","service":"nas-bot","timestamp":"2026-05-24 05:25:43","userId":"6423823321"}
{"count":10,"level":"warn","message":"触发限流","service":"nas-bot","timestamp":"2026-05-24 05:25:43","userId":"6423823321"}
{"level":"info","message":"IOC容器构建完成","service":"nas-bot","timestamp":"2026-05-24 05:25:44"}
{"alertInterval":"每5分钟","level":"info","message":"定时调度器启动","service":"nas-bot","summaryTime":"15:35","timestamp":"2026-05-24 05:25:44"}
{"level":"info","message":"Bot启动","service":"nas-bot","timestamp":"2026-05-24 05:25:44"}
{"level":"info","message":"NAS Bot 已启动 🚀","service":"nas-bot","timestamp":"2026-05-24 05:25:44"}
{"error":"","level":"error","message":"Telegram请求失败","method":"getUpdates","service":"nas-bot","timestamp":"2026-05-24 05:25:44"}
{"error":"","level":"error","message":"Telegram请求失败","method":"getUpdates","service":"nas-bot","timestamp":"2026-05-24 05:25:46"}
{"error":"","level":"error","message":"Telegram请求失败","method":"getUpdates","service":"nas-bot","timestamp":"2026-05-24 05:25:47"}
{"error":"","level":"error","message":"Telegram请求失败","method":"getUpdates","service":"nas-bot","timestamp":"2026-05-24 05:25:48"}
{"args":"docker restart nas-bot","command":"exec","level":"info","message":"收到指令","service":"nas-bot","timestamp":"2026-05-24 05:25:50","userId":"6423823321"}
{"cmd":"docker restart nas-bot","level":"info","message":"执行命令","service":"nas-bot","timestamp":"2026-05-24 05:25:50"}
{"cmd":"docker restart nas-bot","error":"spawnSync /bin/sh ETIMEDOUT","level":"error","message":"Docker命令执行失败","service":"nas-bot","timestamp":"2026-05-24 05:26:00"}
{"args":"ls /bin/","command":"exec","level":"info","message":"收到指令","service":"nas-bot","timestamp":"2026-05-24 05:26:00","userId":"6423823321"}
{"cmd":"ls /bin/","level":"info","message":"执行命令","service":"nas-bot","timestamp":"2026-05-24 05:26:00"}
{"args":"node -e \"require('child_process').execSync('ls /bin/sh').toString()\"","command":"exec","level":"info","message":"收到指令","service":"nas-bot","timestamp":"2026-05-24 05:26:00","userId":"6423823321"}
{"cmd":"node -e \"require('child_process').execSync('ls /bin/sh').toString()\"","level":"info","message":"执行命令","service":"nas-bot","timestamp":"2026-05-24 05:26:00"}
{"args":"状态","command":"股票","level":"info","message":"收到指令","service":"nas-bot","timestamp":"2026-05-24 05:26:00","userId":"6423823321"}
{"args":"","command":"/start","level":"info","message":"收到指令","service":"nas-bot","timestamp":"2026-05-24 05:26:00","userId":"6423823321"}
{"args":"容器","command":"系统","level":"info","message":"收到指令","service":"nas-bot","timestamp":"2026-05-24 05:26:00","userId":"6423823321"}
{"level":"info","message":"获取容器列表","service":"nas-bot","timestamp":"2026-05-24 05:26:00"}
{"args":"状态","command":"股票","level":"info","message":"收到指令","service":"nas-bot","timestamp":"2026-05-24 05:26:00","userId":"6423823321"}
{"args":"开启","command":"股票","level":"info","message":"收到指令","service":"nas-bot","timestamp":"2026-05-24 05:26:00","userId":"6423823321"}
{"args":"链接","command":"股票","level":"info","message":"收到指令","service":"nas-bot","timestamp":"2026-05-24 05:26:00","userId":"6423823321"}
{"args":"检测","command":"股票","level":"info","message":"收到指令","service":"nas-bot","timestamp":"2026-05-24 05:26:00","userId":"6423823321"}
{"args":"状态","command":"系统","level":"info","message":"收到指令","service":"nas-bot","timestamp":"2026-05-24 05:26:00","userId":"6423823321"}
{"count":10,"level":"warn","message":"触发限流","service":"nas-bot","timestamp":"2026-05-24 05:26:00","userId":"6423823321"}
{"args":"关闭","command":"ai","level":"info","message":"收到指令","service":"nas-bot","timestamp":"2026-05-24 05:26:00","userId":"6423823321"}
{"count":10,"level":"warn","message":"触发限流","service":"nas-bot","timestamp":"2026-05-24 05:26:00","userId":"6423823321"}
{"args":"状态","command":"系统","level":"info","message":"收到指令","service":"nas-bot","timestamp":"2026-05-24 05:26:00","userId":"6423823321"}
{"count":10,"level":"warn","message":"触发限流","service":"nas-bot","timestamp":"2026-05-24 05:26:00","userId":"6423823321"}
{"args":"状态","command":"系统","level":"info","message":"收到指令","service":"nas-bot","timestamp":"2026-05-24 05:26:00","userId":"6423823321"}
{"count":10,"level":"warn","message":"触发限流","service":"nas-bot","timestamp":"2026-05-24 05:26:00","userId":"6423823321"}
{"args":"状态","command":"股票","level":"info","message":"收到指令","service":"nas-bot","timestamp":"2026-05-24 05:26:00","userId":"6423823321"}
{"count":10,"level":"warn","message":"触发限流","service":"nas-bot","timestamp":"2026-05-24 05:26:00","userId":"6423823321"}
{"args":"","command":"帮助","level":"info","message":"收到指令","service":"nas-bot","timestamp":"2026-05-24 05:26:00","userId":"6423823321"}
{"count":10,"level":"warn","message":"触发限流","service":"nas-bot","timestamp":"2026-05-24 05:26:00","userId":"6423823321"}
{"args":"","command":"股票状态","level":"info","message":"收到指令","service":"nas-bot","timestamp":"2026-05-24 05:26:00","userId":"6423823321"}
{"count":10,"level":"warn","message":"触发限流","service":"nas-bot","timestamp":"2026-05-24 05:26:00","userId":"6423823321"}
{"level":"info","message":"IOC容器构建完成","service":"nas-bot","timestamp":"2026-05-24 05:26:01"}
{"alertInterval":"每5分钟","level":"info","message":"定时调度器启动","service":"nas-bot","summaryTime":"15:35","timestamp":"2026-05-24 05:26:01"}
{"level":"info","message":"Bot启动","service":"nas-bot","timestamp":"2026-05-24 05:26:01"}
{"level":"info","message":"NAS Bot 已启动 🚀","service":"nas-bot","timestamp":"2026-05-24 05:26:02"}
{"args":"docker restart nas-bot","command":"exec","level":"info","message":"收到指令","service":"nas-bot","timestamp":"2026-05-24 05:26:02","userId":"6423823321"}
{"cmd":"docker restart nas-bot","level":"info","message":"执行命令","service":"nas-bot","timestamp":"2026-05-24 05:26:02"}
{"cmd":"docker restart nas-bot","error":"spawnSync /bin/sh ETIMEDOUT","level":"error","message":"Docker命令执行失败","service":"nas-bot","timestamp":"2026-05-24 05:26:12"}
{"args":"ls /bin/","command":"exec","level":"info","message":"收到指令","service":"nas-bot","timestamp":"2026-05-24 05:26:12","userId":"6423823321"}
{"cmd":"ls /bin/","level":"info","message":"执行命令","service":"nas-bot","timestamp":"2026-05-24 05:26:12"}
{"args":"node -e \"require('child_process').execSync('ls /bin/sh').toString()\"","command":"exec","level":"info","message":"收到指令","service":"nas-bot","timestamp":"2026-05-24 05:26:12","userId":"6423823321"}
{"cmd":"node -e \"require('child_process').execSync('ls /bin/sh').toString()\"","level":"info","message":"执行命令","service":"nas-bot","timestamp":"2026-05-24 05:26:12"}
{"args":"状态","command":"股票","level":"info","message":"收到指令","service":"nas-bot","timestamp":"2026-05-24 05:26:12","userId":"6423823321"}
{"args":"","command":"/start","level":"info","message":"收到指令","service":"nas-bot","timestamp":"2026-05-24 05:26:12","userId":"6423823321"}
{"args":"容器","command":"系统","level":"info","message":"收到指令","service":"nas-bot","timestamp":"2026-05-24 05:26:12","userId":"6423823321"}
{"level":"info","message":"获取容器列表","service":"nas-bot","timestamp":"2026-05-24 05:26:12"}
{"args":"状态","command":"股票","level":"info","message":"收到指令","service":"nas-bot","timestamp":"2026-05-24 05:26:12","userId":"6423823321"}
{"args":"开启","command":"股票","level":"info","message":"收到指令","service":"nas-bot","timestamp":"2026-05-24 05:26:12","userId":"6423823321"}
{"args":"链接","command":"股票","level":"info","message":"收到指令","service":"nas-bot","timestamp":"2026-05-24 05:26:12","userId":"6423823321"}
{"args":"检测","command":"股票","level":"info","message":"收到指令","service":"nas-bot","timestamp":"2026-05-24 05:26:13","userId":"6423823321"}
{"args":"状态","command":"系统","level":"info","message":"收到指令","service":"nas-bot","timestamp":"2026-05-24 05:26:13","userId":"6423823321"}
{"count":10,"level":"warn","message":"触发限流","service":"nas-bot","timestamp":"2026-05-24 05:26:13","userId":"6423823321"}
{"args":"关闭","command":"ai","level":"info","message":"收到指令","service":"nas-bot","timestamp":"2026-05-24 05:26:13","userId":"6423823321"}
{"count":10,"level":"warn","message":"触发限流","service":"nas-bot","timestamp":"2026-05-24 05:26:13","userId":"6423823321"}
{"args":"状态","command":"系统","level":"info","message":"收到指令","service":"nas-bot","timestamp":"2026-05-24 05:26:13","userId":"6423823321"}
{"count":10,"level":"warn","message":"触发限流","service":"nas-bot","timestamp":"2026-05-24 05:26:13","userId":"6423823321"}
{"args":"状态","command":"系统","level":"info","message":"收到指令","service":"nas-bot","timestamp":"2026-05-24 05:26:13","userId":"6423823321"}
{"count":10,"level":"warn","message":"触发限流","service":"nas-bot","timestamp":"2026-05-24 05:26:13","userId":"6423823321"}
{"args":"状态","command":"股票","level":"info","message":"收到指令","service":"nas-bot","timestamp":"2026-05-24 05:26:13","userId":"6423823321"}
{"count":10,"level":"warn","message":"触发限流","service":"nas-bot","timestamp":"2026-05-24 05:26:13","userId":"6423823321"}
{"args":"","command":"帮助","level":"info","message":"收到指令","service":"nas-bot","timestamp":"2026-05-24 05:26:13","userId":"6423823321"}
{"count":10,"level":"warn","message":"触发限流","service":"nas-bot","timestamp":"2026-05-24 05:26:13","userId":"6423823321"}
{"args":"","command":"股票状态","level":"info","message":"收到指令","service":"nas-bot","timestamp":"2026-05-24 05:26:13","userId":"6423823321"}
{"count":10,"level":"warn","message":"触发限流","service":"nas-bot","timestamp":"2026-05-24 05:26:13","userId":"6423823321"}
{"level":"info","message":"IOC容器构建完成","service":"nas-bot","timestamp":"2026-05-24 05:26:14"}
{"alertInterval":"每5分钟","level":"info","message":"定时调度器启动","service":"nas-bot","summaryTime":"15:35","timestamp":"2026-05-24 05:26:14"}
{"level":"info","message":"Bot启动","service":"nas-bot","timestamp":"2026-05-24 05:26:14"}
{"level":"info","message":"NAS Bot 已启动 🚀","service":"nas-bot","timestamp":"2026-05-24 05:26:14"}
{"args":"docker restart nas-bot","command":"exec","level":"info","message":"收到指令","service":"nas-bot","timestamp":"2026-05-24 05:26:15","userId":"6423823321"}
{"level":"info","message":"IOC容器构建完成","service":"nas-bot","timestamp":"2026-05-24 05:26:26"}
{"alertInterval":"每5分钟","level":"info","message":"定时调度器启动","service":"nas-bot","summaryTime":"15:35","timestamp":"2026-05-24 05:26:26"}
{"level":"info","message":"Bot启动","service":"nas-bot","timestamp":"2026-05-24 05:26:26"}
{"level":"info","message":"NAS Bot 已启动 🚀","service":"nas-bot","timestamp":"2026-05-24 05:26:26"}
{"args":"docker restart nas-bot","command":"exec","level":"info","message":"收到指令","service":"nas-bot","timestamp":"2026-05-24 05:26:27","userId":"6423823321"}
{"level":"info","message":"IOC容器构建完成","service":"nas-bot","timestamp":"2026-05-24 05:26:39"}
{"alertInterval":"每5分钟","level":"info","message":"定时调度器启动","service":"nas-bot","summaryTime":"15:35","timestamp":"2026-05-24 05:26:39"}
{"level":"info","message":"Bot启动","service":"nas-bot","timestamp":"2026-05-24 05:26:39"}
{"level":"info","message":"NAS Bot 已启动 🚀","service":"nas-bot","timestamp":"2026-05-24 05:26:39"}
{"error":"","level":"error","message":"Telegram请求失败","method":"getUpdates","service":"nas-bot","timestamp":"2026-05-24 05:26:39"}
{"error":"","level":"error","message":"Telegram请求失败","method":"getUpdates","service":"nas-bot","timestamp":"2026-05-24 05:26:40"}
{"args":"docker restart nas-bot","command":"exec","level":"info","message":"收到指令","service":"nas-bot","timestamp":"2026-05-24 05:26:42","userId":"6423823321"}
{"level":"info","message":"IOC容器构建完成","service":"nas-bot","timestamp":"2026-05-24 05:26:53"}
{"alertInterval":"每5分钟","level":"info","message":"定时调度器启动","service":"nas-bot","summaryTime":"15:35","timestamp":"2026-05-24 05:26:53"}
{"level":"info","message":"Bot启动","service":"nas-bot","timestamp":"2026-05-24 05:26:53"}
{"level":"info","message":"NAS Bot 已启动 🚀","service":"nas-bot","timestamp":"2026-05-24 05:26:54"}
{"error":"","level":"error","message":"Telegram请求失败","method":"getUpdates","service":"nas-bot","timestamp":"2026-05-24 05:26:54"}
{"error":"","level":"error","message":"Telegram请求失败","method":"getUpdates","service":"nas-bot","timestamp":"2026-05-24 05:26:55"}
{"error":"","level":"error","message":"Telegram请求失败","method":"getUpdates","service":"nas-bot","timestamp":"2026-05-24 05:26:56"}
{"args":"docker restart nas-bot","command":"exec","level":"info","message":"收到指令","service":"nas-bot","timestamp":"2026-05-24 05:26:58","userId":"6423823321"}
{"level":"info","message":"IOC容器构建完成","service":"nas-bot","timestamp":"2026-05-24 05:27:10"}
{"alertInterval":"每5分钟","level":"info","message":"定时调度器启动","service":"nas-bot","summaryTime":"15:35","timestamp":"2026-05-24 05:27:10"}
{"level":"info","message":"Bot启动","service":"nas-bot","timestamp":"2026-05-24 05:27:10"}
{"level":"info","message":"NAS Bot 已启动 🚀","service":"nas-bot","timestamp":"2026-05-24 05:27:10"}
{"error":"","level":"error","message":"Telegram请求失败","method":"getUpdates","service":"nas-bot","timestamp":"2026-05-24 05:27:10"}
{"error":"","level":"error","message":"Telegram请求失败","method":"getUpdates","service":"nas-bot","timestamp":"2026-05-24 05:27:11"}
{"args":"docker restart nas-bot","command":"exec","level":"info","message":"收到指令","service":"nas-bot","timestamp":"2026-05-24 05:27:13","userId":"6423823321"}
{"cmd":"docker restart nas-bot","level":"info","message":"执行命令","service":"nas-bot","timestamp":"2026-05-24 05:27:13"}
{"cmd":"docker restart nas-bot","error":"spawnSync /bin/sh ETIMEDOUT","level":"error","message":"Docker命令执行失败","service":"nas-bot","timestamp":"2026-05-24 05:27:23"}
{"args":"ls /bin/","command":"exec","level":"info","message":"收到指令","service":"nas-bot","timestamp":"2026-05-24 05:27:23","userId":"6423823321"}
{"cmd":"ls /bin/","level":"info","message":"执行命令","service":"nas-bot","timestamp":"2026-05-24 05:27:23"}
{"args":"node -e \"require('child_process').execSync('ls /bin/sh').toString()\"","command":"exec","level":"info","message":"收到指令","service":"nas-bot","timestamp":"2026-05-24 05:27:23","userId":"6423823321"}
{"cmd":"node -e \"require('child_process').execSync('ls /bin/sh').toString()\"","level":"info","message":"执行命令","service":"nas-bot","timestamp":"2026-05-24 05:27:23"}
{"args":"状态","command":"股票","level":"info","message":"收到指令","service":"nas-bot","timestamp":"2026-05-24 05:27:23","userId":"6423823321"}
{"args":"","command":"/start","level":"info","message":"收到指令","service":"nas-bot","timestamp":"2026-05-24 05:27:23","userId":"6423823321"}
{"args":"容器","command":"系统","level":"info","message":"收到指令","service":"nas-bot","timestamp":"2026-05-24 05:27:23","userId":"6423823321"}
{"level":"info","message":"获取容器列表","service":"nas-bot","timestamp":"2026-05-24 05:27:23"}
{"args":"状态","command":"股票","level":"info","message":"收到指令","service":"nas-bot","timestamp":"2026-05-24 05:27:23","userId":"6423823321"}
{"args":"开启","command":"股票","level":"info","message":"收到指令","service":"nas-bot","timestamp":"2026-05-24 05:27:23","userId":"6423823321"}
{"args":"链接","command":"股票","level":"info","message":"收到指令","service":"nas-bot","timestamp":"2026-05-24 05:27:23","userId":"6423823321"}
{"args":"检测","command":"股票","level":"info","message":"收到指令","service":"nas-bot","timestamp":"2026-05-24 05:27:23","userId":"6423823321"}
{"args":"状态","command":"系统","level":"info","message":"收到指令","service":"nas-bot","timestamp":"2026-05-24 05:27:23","userId":"6423823321"}
{"count":10,"level":"warn","message":"触发限流","service":"nas-bot","timestamp":"2026-05-24 05:27:23","userId":"6423823321"}
{"args":"关闭","command":"ai","level":"info","message":"收到指令","service":"nas-bot","timestamp":"2026-05-24 05:27:23","userId":"6423823321"}
{"count":10,"level":"warn","message":"触发限流","service":"nas-bot","timestamp":"2026-05-24 05:27:23","userId":"6423823321"}
{"args":"状态","command":"系统","level":"info","message":"收到指令","service":"nas-bot","timestamp":"2026-05-24 05:27:23","userId":"6423823321"}
{"count":10,"level":"warn","message":"触发限流","service":"nas-bot","timestamp":"2026-05-24 05:27:23","userId":"6423823321"}
{"args":"状态","command":"系统","level":"info","message":"收到指令","service":"nas-bot","timestamp":"2026-05-24 05:27:23","userId":"6423823321"}
{"count":10,"level":"warn","message":"触发限流","service":"nas-bot","timestamp":"2026-05-24 05:27:23","userId":"6423823321"}
{"args":"状态","command":"股票","level":"info","message":"收到指令","service":"nas-bot","timestamp":"2026-05-24 05:27:23","userId":"6423823321"}
{"count":10,"level":"warn","message":"触发限流","service":"nas-bot","timestamp":"2026-05-24 05:27:23","userId":"6423823321"}
{"args":"","command":"帮助","level":"info","message":"收到指令","service":"nas-bot","timestamp":"2026-05-24 05:27:23","userId":"6423823321"}
{"count":10,"level":"warn","message":"触发限流","service":"nas-bot","timestamp":"2026-05-24 05:27:23","userId":"6423823321"}
{"args":"","command":"股票状态","level":"info","message":"收到指令","service":"nas-bot","timestamp":"2026-05-24 05:27:23","userId":"6423823321"}
{"count":10,"level":"warn","message":"触发限流","service":"nas-bot","timestamp":"2026-05-24 05:27:23","userId":"6423823321"}
{"level":"info","message":"IOC容器构建完成","service":"nas-bot","timestamp":"2026-05-24 05:27:25"}
{"alertInterval":"每5分钟","level":"info","message":"定时调度器启动","service":"nas-bot","summaryTime":"15:35","timestamp":"2026-05-24 05:27:25"}
{"level":"info","message":"Bot启动","service":"nas-bot","timestamp":"2026-05-24 05:27:25"}
{"level":"info","message":"NAS Bot 已启动 🚀","service":"nas-bot","timestamp":"2026-05-24 05:27:25"}
{"error":"","level":"error","message":"Telegram请求失败","method":"getUpdates","service":"nas-bot","timestamp":"2026-05-24 05:27:25"}
{"error":"","level":"error","message":"Telegram请求失败","method":"getUpdates","service":"nas-bot","timestamp":"2026-05-24 05:27:26"}
{"error":"","level":"error","message":"Telegram请求失败","method":"getUpdates","service":"nas-bot","timestamp":"2026-05-24 05:27:28"}
{"args":"docker restart nas-bot","command":"exec","level":"info","message":"收到指令","service":"nas-bot","timestamp":"2026-05-24 05:27:29","userId":"6423823321"}
{"level":"info","message":"IOC容器构建完成","service":"nas-bot","timestamp":"2026-05-24 05:27:41"}
{"alertInterval":"每5分钟","level":"info","message":"定时调度器启动","service":"nas-bot","summaryTime":"15:35","timestamp":"2026-05-24 05:27:41"}
{"level":"info","message":"Bot启动","service":"nas-bot","timestamp":"2026-05-24 05:27:41"}
{"level":"info","message":"NAS Bot 已启动 🚀","service":"nas-bot","timestamp":"2026-05-24 05:27:41"}
{"error":"","level":"error","message":"Telegram请求失败","method":"getUpdates","service":"nas-bot","timestamp":"2026-05-24 05:27:41"}
{"error":"","level":"error","message":"Telegram请求失败","method":"getUpdates","service":"nas-bot","timestamp":"2026-05-24 05:27:42"}
{"error":"","level":"error","message":"Telegram请求失败","method":"getUpdates","service":"nas-bot","timestamp":"2026-05-24 05:27:44"}
{"error":"","level":"error","message":"Telegram请求失败","method":"getUpdates","service":"nas-bot","timestamp":"2026-05-24 05:27:45"}
{"error":"","level":"error","message":"Telegram请求失败","method":"getUpdates","service":"nas-bot","timestamp":"2026-05-24 05:27:46"}
{"error":"","level":"error","message":"Telegram请求失败","method":"getUpdates","service":"nas-bot","timestamp":"2026-05-24 05:27:47"}
{"error":"","level":"error","message":"Telegram请求失败","method":"getUpdates","service":"nas-bot","timestamp":"2026-05-24 05:27:49"}
{"error":"","level":"error","message":"Telegram请求失败","method":"getUpdates","service":"nas-bot","timestamp":"2026-05-24 05:27:50"}
{"error":"","level":"error","message":"Telegram请求失败","method":"getUpdates","service":"nas-bot","timestamp":"2026-05-24 05:27:51"}
{"error":"","level":"error","message":"Telegram请求失败","method":"getUpdates","service":"nas-bot","timestamp":"2026-05-24 05:27:52"}
{"error":"","level":"error","message":"Telegram请求失败","method":"getUpdates","service":"nas-bot","timestamp":"2026-05-24 05:27:54"}
{"error":"","level":"error","message":"Telegram请求失败","method":"getUpdates","service":"nas-bot","timestamp":"2026-05-24 05:27:55"}
{"error":"","level":"error","message":"Telegram请求失败","method":"getUpdates","service":"nas-bot","timestamp":"2026-05-24 05:27:56"}
{"error":"","level":"error","message":"Telegram请求失败","method":"getUpdates","service":"nas-bot","timestamp":"2026-05-24 05:27:57"}
{"error":"","level":"error","message":"Telegram请求失败","method":"getUpdates","service":"nas-bot","timestamp":"2026-05-24 05:27:59"}
{"error":"","level":"error","message":"Telegram请求失败","method":"getUpdates","service":"nas-bot","timestamp":"2026-05-24 05:28:00"}
{"error":"","level":"error","message":"Telegram请求失败","method":"getUpdates","service":"nas-bot","timestamp":"2026-05-24 05:28:01"}
{"error":"","level":"error","message":"Telegram请求失败","method":"getUpdates","service":"nas-bot","timestamp":"2026-05-24 05:28:02"}
{"error":"","level":"error","message":"Telegram请求失败","method":"getUpdates","service":"nas-bot","timestamp":"2026-05-24 05:28:04"}
{"error":"","level":"error","message":"Telegram请求失败","method":"getUpdates","service":"nas-bot","timestamp":"2026-05-24 05:28:05"}
{"error":"","level":"error","message":"Telegram请求失败","method":"getUpdates","service":"nas-bot","timestamp":"2026-05-24 05:28:06"}
{"error":"","level":"error","message":"Telegram请求失败","method":"getUpdates","service":"nas-bot","timestamp":"2026-05-24 05:28:08"}
{"error":"","level":"error","message":"Telegram请求失败","method":"getUpdates","service":"nas-bot","timestamp":"2026-05-24 05:28:09"}
{"error":"","level":"error","message":"Telegram请求失败","method":"getUpdates","service":"nas-bot","timestamp":"2026-05-24 05:28:10"}
{"error":"","level":"error","message":"Telegram请求失败","method":"getUpdates","service":"nas-bot","timestamp":"2026-05-24 05:28:11"}
{"error":"","level":"error","message":"Telegram请求失败","method":"getUpdates","service":"nas-bot","timestamp":"2026-05-24 05:28:13"}
{"error":"","level":"error","message":"Telegram请求失败","method":"getUpdates","service":"nas-bot","timestamp":"2026-05-24 05:28:14"}
{"error":"","level":"error","message":"Telegram请求失败","method":"getUpdates","service":"nas-bot","timestamp":"2026-05-24 05:28:15"}
{"error":"","level":"error","message":"Telegram请求失败","method":"getUpdates","service":"nas-bot","timestamp":"2026-05-24 05:28:16"}
{"error":"","level":"error","message":"Telegram请求失败","method":"getUpdates","service":"nas-bot","timestamp":"2026-05-24 05:28:18"}
{"error":"","level":"error","message":"Telegram请求失败","method":"getUpdates","service":"nas-bot","timestamp":"2026-05-24 05:28:19"}
{"error":"","level":"error","message":"Telegram请求失败","method":"getUpdates","service":"nas-bot","timestamp":"2026-05-24 05:28:20"}
{"error":"","level":"error","message":"Telegram请求失败","method":"getUpdates","service":"nas-bot","timestamp":"2026-05-24 05:28:21"}
{"error":"","level":"error","message":"Telegram请求失败","method":"getUpdates","service":"nas-bot","timestamp":"2026-05-24 05:28:23"}
{"error":"","level":"error","message":"Telegram请求失败","method":"getUpdates","service":"nas-bot","timestamp":"2026-05-24 05:28:24"}
{"error":"","level":"error","message":"Telegram请求失败","method":"getUpdates","service":"nas-bot","timestamp":"2026-05-24 05:28:25"}
{"error":"","level":"error","message":"Telegram请求失败","method":"getUpdates","service":"nas-bot","timestamp":"2026-05-24 05:28:26"}
{"error":"","level":"error","message":"Telegram请求失败","method":"getUpdates","service":"nas-bot","timestamp":"2026-05-24 05:28:28"}
{"error":"","level":"error","message":"Telegram请求失败","method":"getUpdates","service":"nas-bot","timestamp":"2026-05-24 05:28:29"}
{"args":"docker restart nas-bot","command":"exec","level":"info","message":"收到指令","service":"nas-bot","timestamp":"2026-05-24 05:28:31","userId":"6423823321"}
{"cmd":"docker restart nas-bot","level":"info","message":"执行命令","service":"nas-bot","timestamp":"2026-05-24 05:28:31"}
{"cmd":"docker restart nas-bot","error":"spawnSync /bin/sh ETIMEDOUT","level":"error","message":"Docker命令执行失败","service":"nas-bot","timestamp":"2026-05-24 05:28:41"}
{"args":"ls /bin/","command":"exec","level":"info","message":"收到指令","service":"nas-bot","timestamp":"2026-05-24 05:28:41","userId":"6423823321"}
{"cmd":"ls /bin/","level":"info","message":"执行命令","service":"nas-bot","timestamp":"2026-05-24 05:28:41"}
{"args":"node -e \"require('child_process').execSync('ls /bin/sh').toString()\"","command":"exec","level":"info","message":"收到指令","service":"nas-bot","timestamp":"2026-05-24 05:28:41","userId":"6423823321"}
{"cmd":"node -e \"require('child_process').execSync('ls /bin/sh').toString()\"","level":"info","message":"执行命令","service":"nas-bot","timestamp":"2026-05-24 05:28:41"}
{"args":"状态","command":"股票","level":"info","message":"收到指令","service":"nas-bot","timestamp":"2026-05-24 05:28:41","userId":"6423823321"}
{"args":"","command":"/start","level":"info","message":"收到指令","service":"nas-bot","timestamp":"2026-05-24 05:28:41","userId":"6423823321"}
{"args":"容器","command":"系统","level":"info","message":"收到指令","service":"nas-bot","timestamp":"2026-05-24 05:28:41","userId":"6423823321"}
{"level":"info","message":"获取容器列表","service":"nas-bot","timestamp":"2026-05-24 05:28:41"}
{"args":"状态","command":"股票","level":"info","message":"收到指令","service":"nas-bot","timestamp":"2026-05-24 05:28:41","userId":"6423823321"}
{"args":"开启","command":"股票","level":"info","message":"收到指令","service":"nas-bot","timestamp":"2026-05-24 05:28:41","userId":"6423823321"}
{"args":"链接","command":"股票","level":"info","message":"收到指令","service":"nas-bot","timestamp":"2026-05-24 05:28:41","userId":"6423823321"}
{"args":"检测","command":"股票","level":"info","message":"收到指令","service":"nas-bot","timestamp":"2026-05-24 05:28:41","userId":"6423823321"}
{"args":"状态","command":"系统","level":"info","message":"收到指令","service":"nas-bot","timestamp":"2026-05-24 05:28:41","userId":"6423823321"}
{"count":10,"level":"warn","message":"触发限流","service":"nas-bot","timestamp":"2026-05-24 05:28:41","userId":"6423823321"}
{"args":"关闭","command":"ai","level":"info","message":"收到指令","service":"nas-bot","timestamp":"2026-05-24 05:28:41","userId":"6423823321"}
{"count":10,"level":"warn","message":"触发限流","service":"nas-bot","timestamp":"2026-05-24 05:28:41","userId":"6423823321"}
{"args":"状态","command":"系统","level":"info","message":"收到指令","service":"nas-bot","timestamp":"2026-05-24 05:28:41","userId":"6423823321"}
{"count":10,"level":"warn","message":"触发限流","service":"nas-bot","timestamp":"2026-05-24 05:28:41","userId":"6423823321"}
{"args":"状态","command":"系统","level":"info","message":"收到指令","service":"nas-bot","timestamp":"2026-05-24 05:28:41","userId":"6423823321"}
{"count":10,"level":"warn","message":"触发限流","service":"nas-bot","timestamp":"2026-05-24 05:28:41","userId":"6423823321"}
{"args":"状态","command":"股票","level":"info","message":"收到指令","service":"nas-bot","timestamp":"2026-05-24 05:28:41","userId":"6423823321"}
{"count":10,"level":"warn","message":"触发限流","service":"nas-bot","timestamp":"2026-05-24 05:28:41","userId":"6423823321"}
{"args":"","command":"帮助","level":"info","message":"收到指令","service":"nas-bot","timestamp":"2026-05-24 05:28:41","userId":"6423823321"}
{"count":10,"level":"warn","message":"触发限流","service":"nas-bot","timestamp":"2026-05-24 05:28:41","userId":"6423823321"}
{"args":"","command":"股票状态","level":"info","message":"收到指令","service":"nas-bot","timestamp":"2026-05-24 05:28:41","userId":"6423823321"}
{"count":10,"level":"warn","message":"触发限流","service":"nas-bot","timestamp":"2026-05-24 05:28:41","userId":"6423823321"}
{"level":"info","message":"IOC容器构建完成","service":"nas-bot","timestamp":"2026-05-24 05:28:42"}
{"alertInterval":"每5分钟","level":"info","message":"定时调度器启动","service":"nas-bot","summaryTime":"15:35","timestamp":"2026-05-24 05:28:42"}
{"level":"info","message":"Bot启动","service":"nas-bot","timestamp":"2026-05-24 05:28:42"}
{"level":"info","message":"NAS Bot 已启动 🚀","service":"nas-bot","timestamp":"2026-05-24 05:28:42"}
{"error":"","level":"error","message":"Telegram请求失败","method":"getUpdates","service":"nas-bot","timestamp":"2026-05-24 05:28:42"}
{"error":"","level":"error","message":"Telegram请求失败","method":"getUpdates","service":"nas-bot","timestamp":"2026-05-24 05:28:44"}
{"error":"","level":"error","message":"Telegram请求失败","method":"getUpdates","service":"nas-bot","timestamp":"2026-05-24 05:28:45"}
{"args":"docker restart nas-bot","command":"exec","level":"info","message":"收到指令","service":"nas-bot","timestamp":"2026-05-24 05:28:47","userId":"6423823321"}
{"cmd":"docker restart nas-bot","level":"info","message":"执行命令","service":"nas-bot","timestamp":"2026-05-24 05:28:47"}
{"cmd":"docker restart nas-bot","error":"spawnSync /bin/sh ETIMEDOUT","level":"error","message":"Docker命令执行失败","service":"nas-bot","timestamp":"2026-05-24 05:28:57"}
{"args":"ls /bin/","command":"exec","level":"info","message":"收到指令","service":"nas-bot","timestamp":"2026-05-24 05:28:57","userId":"6423823321"}
{"cmd":"ls /bin/","level":"info","message":"执行命令","service":"nas-bot","timestamp":"2026-05-24 05:28:57"}
{"args":"node -e \"require('child_process').execSync('ls /bin/sh').toString()\"","command":"exec","level":"info","message":"收到指令","service":"nas-bot","timestamp":"2026-05-24 05:28:57","userId":"6423823321"}
{"cmd":"node -e \"require('child_process').execSync('ls /bin/sh').toString()\"","level":"info","message":"执行命令","service":"nas-bot","timestamp":"2026-05-24 05:28:57"}
{"args":"状态","command":"股票","level":"info","message":"收到指令","service":"nas-bot","timestamp":"2026-05-24 05:28:57","userId":"6423823321"}
{"args":"","command":"/start","level":"info","message":"收到指令","service":"nas-bot","timestamp":"2026-05-24 05:28:57","userId":"6423823321"}
{"args":"容器","command":"系统","level":"info","message":"收到指令","service":"nas-bot","timestamp":"2026-05-24 05:28:57","userId":"6423823321"}
{"level":"info","message":"获取容器列表","service":"nas-bot","timestamp":"2026-05-24 05:28:57"}
{"args":"状态","command":"股票","level":"info","message":"收到指令","service":"nas-bot","timestamp":"2026-05-24 05:28:57","userId":"6423823321"}
{"args":"开启","command":"股票","level":"info","message":"收到指令","service":"nas-bot","timestamp":"2026-05-24 05:28:57","userId":"6423823321"}
{"args":"链接","command":"股票","level":"info","message":"收到指令","service":"nas-bot","timestamp":"2026-05-24 05:28:57","userId":"6423823321"}
{"args":"检测","command":"股票","level":"info","message":"收到指令","service":"nas-bot","timestamp":"2026-05-24 05:28:57","userId":"6423823321"}
{"args":"状态","command":"系统","level":"info","message":"收到指令","service":"nas-bot","timestamp":"2026-05-24 05:28:57","userId":"6423823321"}
{"count":10,"level":"warn","message":"触发限流","service":"nas-bot","timestamp":"2026-05-24 05:28:57","userId":"6423823321"}
{"args":"关闭","command":"ai","level":"info","message":"收到指令","service":"nas-bot","timestamp":"2026-05-24 05:28:57","userId":"6423823321"}
{"count":10,"level":"warn","message":"触发限流","service":"nas-bot","timestamp":"2026-05-24 05:28:57","userId":"6423823321"}
{"args":"状态","command":"系统","level":"info","message":"收到指令","service":"nas-bot","timestamp":"2026-05-24 05:28:57","userId":"6423823321"}
{"count":10,"level":"warn","message":"触发限流","service":"nas-bot","timestamp":"2026-05-24 05:28:57","userId":"6423823321"}
{"args":"状态","command":"系统","level":"info","message":"收到指令","service":"nas-bot","timestamp":"2026-05-24 05:28:57","userId":"6423823321"}
{"count":10,"level":"warn","message":"触发限流","service":"nas-bot","timestamp":"2026-05-24 05:28:57","userId":"6423823321"}
{"args":"状态","command":"股票","level":"info","message":"收到指令","service":"nas-bot","timestamp":"2026-05-24 05:28:57","userId":"6423823321"}
{"count":10,"level":"warn","message":"触发限流","service":"nas-bot","timestamp":"2026-05-24 05:28:57","userId":"6423823321"}
{"args":"","command":"帮助","level":"info","message":"收到指令","service":"nas-bot","timestamp":"2026-05-24 05:28:57","userId":"6423823321"}
{"count":10,"level":"warn","message":"触发限流","service":"nas-bot","timestamp":"2026-05-24 05:28:57","userId":"6423823321"}
{"args":"","command":"股票状态","level":"info","message":"收到指令","service":"nas-bot","timestamp":"2026-05-24 05:28:57","userId":"6423823321"}
{"count":10,"level":"warn","message":"触发限流","service":"nas-bot","timestamp":"2026-05-24 05:28:57","userId":"6423823321"}
{"level":"info","message":"IOC容器构建完成","service":"nas-bot","timestamp":"2026-05-24 05:28:58"}
{"alertInterval":"每5分钟","level":"info","message":"定时调度器启动","service":"nas-bot","summaryTime":"15:35","timestamp":"2026-05-24 05:28:58"}
{"level":"info","message":"Bot启动","service":"nas-bot","timestamp":"2026-05-24 05:28:58"}
{"level":"info","message":"NAS Bot 已启动 🚀","service":"nas-bot","timestamp":"2026-05-24 05:28:58"}
{"args":"docker restart nas-bot","command":"exec","level":"info","message":"收到指令","service":"nas-bot","timestamp":"2026-05-24 05:28:59","userId":"6423823321"}
{"level":"info","message":"IOC容器构建完成","service":"nas-bot","timestamp":"2026-05-24 05:29:11"}
{"alertInterval":"每5分钟","level":"info","message":"定时调度器启动","service":"nas-bot","summaryTime":"15:35","timestamp":"2026-05-24 05:29:11"}
{"level":"info","message":"Bot启动","service":"nas-bot","timestamp":"2026-05-24 05:29:11"}
{"level":"info","message":"NAS Bot 已启动 🚀","service":"nas-bot","timestamp":"2026-05-24 05:29:11"}
{"error":"","level":"error","message":"Telegram请求失败","method":"getUpdates","service":"nas-bot","timestamp":"2026-05-24 05:29:11"}
{"error":"","level":"error","message":"Telegram请求失败","method":"getUpdates","service":"nas-bot","timestamp":"2026-05-24 05:29:12"}
{"args":"docker restart nas-bot","command":"exec","level":"info","message":"收到指令","service":"nas-bot","timestamp":"2026-05-24 05:29:14","userId":"6423823321"}
{"level":"info","message":"IOC容器构建完成","service":"nas-bot","timestamp":"2026-05-24 05:29:25"}
{"alertInterval":"每5分钟","level":"info","message":"定时调度器启动","service":"nas-bot","summaryTime":"15:35","timestamp":"2026-05-24 05:29:25"}
{"level":"info","message":"Bot启动","service":"nas-bot","timestamp":"2026-05-24 05:29:25"}
{"level":"info","message":"NAS Bot 已启动 🚀","service":"nas-bot","timestamp":"2026-05-24 05:29:26"}
{"error":"","level":"error","message":"Telegram请求失败","method":"getUpdates","service":"nas-bot","timestamp":"2026-05-24 05:29:26"}
{"args":"docker restart nas-bot","command":"exec","level":"info","message":"收到指令","service":"nas-bot","timestamp":"2026-05-24 05:29:28","userId":"6423823321"}
{"level":"info","message":"IOC容器构建完成","service":"nas-bot","timestamp":"2026-05-24 05:29:39"}
{"alertInterval":"每5分钟","level":"info","message":"定时调度器启动","service":"nas-bot","summaryTime":"15:35","timestamp":"2026-05-24 05:29:39"}
{"level":"info","message":"Bot启动","service":"nas-bot","timestamp":"2026-05-24 05:29:39"}
{"level":"info","message":"NAS Bot 已启动 🚀","service":"nas-bot","timestamp":"2026-05-24 05:29:39"}
{"error":"","level":"error","message":"Telegram请求失败","method":"getUpdates","service":"nas-bot","timestamp":"2026-05-24 05:29:39"}
{"error":"","level":"error","message":"Telegram请求失败","method":"getUpdates","service":"nas-bot","timestamp":"2026-05-24 05:29:41"}
{"args":"docker restart nas-bot","command":"exec","level":"info","message":"收到指令","service":"nas-bot","timestamp":"2026-05-24 05:29:43","userId":"6423823321"}
{"cmd":"docker restart nas-bot","level":"info","message":"执行命令","service":"nas-bot","timestamp":"2026-05-24 05:29:43"}
{"cmd":"docker restart nas-bot","error":"spawnSync /bin/sh ETIMEDOUT","level":"error","message":"Docker命令执行失败","service":"nas-bot","timestamp":"2026-05-24 05:29:53"}
{"args":"ls /bin/","command":"exec","level":"info","message":"收到指令","service":"nas-bot","timestamp":"2026-05-24 05:29:53","userId":"6423823321"}
{"cmd":"ls /bin/","level":"info","message":"执行命令","service":"nas-bot","timestamp":"2026-05-24 05:29:53"}
{"args":"node -e \"require('child_process').execSync('ls /bin/sh').toString()\"","command":"exec","level":"info","message":"收到指令","service":"nas-bot","timestamp":"2026-05-24 05:29:53","userId":"6423823321"}
{"cmd":"node -e \"require('child_process').execSync('ls /bin/sh').toString()\"","level":"info","message":"执行命令","service":"nas-bot","timestamp":"2026-05-24 05:29:53"}
{"args":"状态","command":"股票","level":"info","message":"收到指令","service":"nas-bot","timestamp":"2026-05-24 05:29:53","userId":"6423823321"}
{"args":"","command":"/start","level":"info","message":"收到指令","service":"nas-bot","timestamp":"2026-05-24 05:29:53","userId":"6423823321"}
{"args":"容器","command":"系统","level":"info","message":"收到指令","service":"nas-bot","timestamp":"2026-05-24 05:29:53","userId":"6423823321"}
{"level":"info","message":"获取容器列表","service":"nas-bot","timestamp":"2026-05-24 05:29:53"}
{"args":"状态","command":"股票","level":"info","message":"收到指令","service":"nas-bot","timestamp":"2026-05-24 05:29:53","userId":"6423823321"}
{"args":"开启","command":"股票","level":"info","message":"收到指令","service":"nas-bot","timestamp":"2026-05-24 05:29:53","userId":"6423823321"}
{"args":"链接","command":"股票","level":"info","message":"收到指令","service":"nas-bot","timestamp":"2026-05-24 05:29:53","userId":"6423823321"}
{"args":"检测","command":"股票","level":"info","message":"收到指令","service":"nas-bot","timestamp":"2026-05-24 05:29:53","userId":"6423823321"}
{"args":"状态","command":"系统","level":"info","message":"收到指令","service":"nas-bot","timestamp":"2026-05-24 05:29:53","userId":"6423823321"}
{"count":10,"level":"warn","message":"触发限流","service":"nas-bot","timestamp":"2026-05-24 05:29:53","userId":"6423823321"}
{"args":"关闭","command":"ai","level":"info","message":"收到指令","service":"nas-bot","timestamp":"2026-05-24 05:29:53","userId":"6423823321"}
{"count":10,"level":"warn","message":"触发限流","service":"nas-bot","timestamp":"2026-05-24 05:29:53","userId":"6423823321"}
{"args":"状态","command":"系统","level":"info","message":"收到指令","service":"nas-bot","timestamp":"2026-05-24 05:29:53","userId":"6423823321"}
{"count":10,"level":"warn","message":"触发限流","service":"nas-bot","timestamp":"2026-05-24 05:29:53","userId":"6423823321"}
{"args":"状态","command":"系统","level":"info","message":"收到指令","service":"nas-bot","timestamp":"2026-05-24 05:29:53","userId":"6423823321"}
{"count":10,"level":"warn","message":"触发限流","service":"nas-bot","timestamp":"2026-05-24 05:29:53","userId":"6423823321"}
{"args":"状态","command":"股票","level":"info","message":"收到指令","service":"nas-bot","timestamp":"2026-05-24 05:29:53","userId":"6423823321"}
{"count":10,"level":"warn","message":"触发限流","service":"nas-bot","timestamp":"2026-05-24 05:29:53","userId":"6423823321"}
{"args":"","command":"帮助","level":"info","message":"收到指令","service":"nas-bot","timestamp":"2026-05-24 05:29:53","userId":"6423823321"}
{"count":10,"level":"warn","message":"触发限流","service":"nas-bot","timestamp":"2026-05-24 05:29:53","userId":"6423823321"}
{"args":"","command":"股票状态","level":"info","message":"收到指令","service":"nas-bot","timestamp":"2026-05-24 05:29:53","userId":"6423823321"}
{"count":10,"level":"warn","message":"触发限流","service":"nas-bot","timestamp":"2026-05-24 05:29:53","userId":"6423823321"}
{"level":"info","message":"IOC容器构建完成","service":"nas-bot","timestamp":"2026-05-24 05:29:55"}
{"alertInterval":"每5分钟","level":"info","message":"定时调度器启动","service":"nas-bot","summaryTime":"15:35","timestamp":"2026-05-24 05:29:55"}
{"level":"info","message":"Bot启动","service":"nas-bot","timestamp":"2026-05-24 05:29:55"}
{"level":"info","message":"NAS Bot 已启动 🚀","service":"nas-bot","timestamp":"2026-05-24 05:29:55"}
{"args":"docker restart nas-bot","command":"exec","level":"info","message":"收到指令","service":"nas-bot","timestamp":"2026-05-24 05:29:56","userId":"6423823321"}
{"cmd":"docker restart nas-bot","level":"info","message":"执行命令","service":"nas-bot","timestamp":"2026-05-24 05:29:56"}
{"cmd":"docker restart nas-bot","error":"spawnSync /bin/sh ETIMEDOUT","level":"error","message":"Docker命令执行失败","service":"nas-bot","timestamp":"2026-05-24 05:30:06"}
{"args":"ls /bin/","command":"exec","level":"info","message":"收到指令","service":"nas-bot","timestamp":"2026-05-24 05:30:06","userId":"6423823321"}
{"cmd":"ls /bin/","level":"info","message":"执行命令","service":"nas-bot","timestamp":"2026-05-24 05:30:06"}
{"args":"node -e \"require('child_process').execSync('ls /bin/sh').toString()\"","command":"exec","level":"info","message":"收到指令","service":"nas-bot","timestamp":"2026-05-24 05:30:06","userId":"6423823321"}
{"cmd":"node -e \"require('child_process').execSync('ls /bin/sh').toString()\"","level":"info","message":"执行命令","service":"nas-bot","timestamp":"2026-05-24 05:30:06"}
{"args":"状态","command":"股票","level":"info","message":"收到指令","service":"nas-bot","timestamp":"2026-05-24 05:30:06","userId":"6423823321"}
{"args":"","command":"/start","level":"info","message":"收到指令","service":"nas-bot","timestamp":"2026-05-24 05:30:06","userId":"6423823321"}
{"args":"容器","command":"系统","level":"info","message":"收到指令","service":"nas-bot","timestamp":"2026-05-24 05:30:06","userId":"6423823321"}
{"level":"info","message":"获取容器列表","service":"nas-bot","timestamp":"2026-05-24 05:30:06"}
{"args":"状态","command":"股票","level":"info","message":"收到指令","service":"nas-bot","timestamp":"2026-05-24 05:30:06","userId":"6423823321"}
{"args":"开启","command":"股票","level":"info","message":"收到指令","service":"nas-bot","timestamp":"2026-05-24 05:30:06","userId":"6423823321"}
{"args":"链接","command":"股票","level":"info","message":"收到指令","service":"nas-bot","timestamp":"2026-05-24 05:30:06","userId":"6423823321"}
{"args":"检测","command":"股票","level":"info","message":"收到指令","service":"nas-bot","timestamp":"2026-05-24 05:30:06","userId":"6423823321"}
{"args":"状态","command":"系统","level":"info","message":"收到指令","service":"nas-bot","timestamp":"2026-05-24 05:30:06","userId":"6423823321"}
{"count":10,"level":"warn","message":"触发限流","service":"nas-bot","timestamp":"2026-05-24 05:30:06","userId":"6423823321"}
{"args":"关闭","command":"ai","level":"info","message":"收到指令","service":"nas-bot","timestamp":"2026-05-24 05:30:06","userId":"6423823321"}
{"count":10,"level":"warn","message":"触发限流","service":"nas-bot","timestamp":"2026-05-24 05:30:06","userId":"6423823321"}
{"args":"状态","command":"系统","level":"info","message":"收到指令","service":"nas-bot","timestamp":"2026-05-24 05:30:06","userId":"6423823321"}
{"count":10,"level":"warn","message":"触发限流","service":"nas-bot","timestamp":"2026-05-24 05:30:06","userId":"6423823321"}
{"args":"状态","command":"系统","level":"info","message":"收到指令","service":"nas-bot","timestamp":"2026-05-24 05:30:06","userId":"6423823321"}
{"count":10,"level":"warn","message":"触发限流","service":"nas-bot","timestamp":"2026-05-24 05:30:06","userId":"6423823321"}
{"args":"状态","command":"股票","level":"info","message":"收到指令","service":"nas-bot","timestamp":"2026-05-24 05:30:06","userId":"6423823321"}
{"count":10,"level":"warn","message":"触发限流","service":"nas-bot","timestamp":"2026-05-24 05:30:06","userId":"6423823321"}
{"args":"","command":"帮助","level":"info","message":"收到指令","service":"nas-bot","timestamp":"2026-05-24 05:30:06","userId":"6423823321"}
{"count":10,"level":"warn","message":"触发限流","service":"nas-bot","timestamp":"2026-05-24 05:30:06","userId":"6423823321"}
{"args":"","command":"股票状态","level":"info","message":"收到指令","service":"nas-bot","timestamp":"2026-05-24 05:30:06","userId":"6423823321"}
{"count":10,"level":"warn","message":"触发限流","service":"nas-bot","timestamp":"2026-05-24 05:30:06","userId":"6423823321"}
{"level":"info","message":"IOC容器构建完成","service":"nas-bot","timestamp":"2026-05-24 05:30:07"}
{"alertInterval":"每5分钟","level":"info","message":"定时调度器启动","service":"nas-bot","summaryTime":"15:35","timestamp":"2026-05-24 05:30:07"}
{"level":"info","message":"Bot启动","service":"nas-bot","timestamp":"2026-05-24 05:30:08"}
{"level":"info","message":"NAS Bot 已启动 🚀","service":"nas-bot","timestamp":"2026-05-24 05:30:08"}
{"error":"","level":"error","message":"Telegram请求失败","method":"getUpdates","service":"nas-bot","timestamp":"2026-05-24 05:30:08"}
{"error":"","level":"error","message":"Telegram请求失败","method":"getUpdates","service":"nas-bot","timestamp":"2026-05-24 05:30:09"}
{"error":"","level":"error","message":"Telegram请求失败","method":"getUpdates","service":"nas-bot","timestamp":"2026-05-24 05:30:10"}
{"error":"","level":"error","message":"Telegram请求失败","method":"getUpdates","service":"nas-bot","timestamp":"2026-05-24 05:30:12"}
{"args":"docker restart nas-bot","command":"exec","level":"info","message":"收到指令","service":"nas-bot","timestamp":"2026-05-24 05:30:13","userId":"6423823321"}
{"level":"info","message":"IOC容器构建完成","service":"nas-bot","timestamp":"2026-05-24 05:30:25"}
{"alertInterval":"每5分钟","level":"info","message":"定时调度器启动","service":"nas-bot","summaryTime":"15:35","timestamp":"2026-05-24 05:30:25"}
{"level":"info","message":"Bot启动","service":"nas-bot","timestamp":"2026-05-24 05:30:25"}
{"level":"info","message":"NAS Bot 已启动 🚀","service":"nas-bot","timestamp":"2026-05-24 05:30:25"}
{"args":"docker restart nas-bot","command":"exec","level":"info","message":"收到指令","service":"nas-bot","timestamp":"2026-05-24 05:30:26","userId":"6423823321"}
{"level":"info","message":"IOC容器构建完成","service":"nas-bot","timestamp":"2026-05-24 05:30:37"}
{"alertInterval":"每5分钟","level":"info","message":"定时调度器启动","service":"nas-bot","summaryTime":"15:35","timestamp":"2026-05-24 05:30:37"}
{"level":"info","message":"Bot启动","service":"nas-bot","timestamp":"2026-05-24 05:30:37"}
{"level":"info","message":"NAS Bot 已启动 🚀","service":"nas-bot","timestamp":"2026-05-24 05:30:37"}
{"error":"","level":"error","message":"Telegram请求失败","method":"getUpdates","service":"nas-bot","timestamp":"2026-05-24 05:30:38"}
{"args":"docker restart nas-bot","command":"exec","level":"info","message":"收到指令","service":"nas-bot","timestamp":"2026-05-24 05:30:39","userId":"6423823321"}
{"cmd":"docker restart nas-bot","level":"info","message":"执行命令","service":"nas-bot","timestamp":"2026-05-24 05:30:39"}
{"cmd":"docker restart nas-bot","error":"spawnSync /bin/sh ETIMEDOUT","level":"error","message":"Docker命令执行失败","service":"nas-bot","timestamp":"2026-05-24 05:30:49"}
{"args":"ls /bin/","command":"exec","level":"info","message":"收到指令","service":"nas-bot","timestamp":"2026-05-24 05:30:49","userId":"6423823321"}
{"cmd":"ls /bin/","level":"info","message":"执行命令","service":"nas-bot","timestamp":"2026-05-24 05:30:49"}
{"args":"node -e \"require('child_process').execSync('ls /bin/sh').toString()\"","command":"exec","level":"info","message":"收到指令","service":"nas-bot","timestamp":"2026-05-24 05:30:49","userId":"6423823321"}
{"cmd":"node -e \"require('child_process').execSync('ls /bin/sh').toString()\"","level":"info","message":"执行命令","service":"nas-bot","timestamp":"2026-05-24 05:30:49"}
{"args":"状态","command":"股票","level":"info","message":"收到指令","service":"nas-bot","timestamp":"2026-05-24 05:30:50","userId":"6423823321"}
{"args":"","command":"/start","level":"info","message":"收到指令","service":"nas-bot","timestamp":"2026-05-24 05:30:50","userId":"6423823321"}
{"args":"容器","command":"系统","level":"info","message":"收到指令","service":"nas-bot","timestamp":"2026-05-24 05:30:50","userId":"6423823321"}
{"level":"info","message":"获取容器列表","service":"nas-bot","timestamp":"2026-05-24 05:30:50"}
{"args":"状态","command":"股票","level":"info","message":"收到指令","service":"nas-bot","timestamp":"2026-05-24 05:30:50","userId":"6423823321"}
{"args":"开启","command":"股票","level":"info","message":"收到指令","service":"nas-bot","timestamp":"2026-05-24 05:30:50","userId":"6423823321"}
{"args":"链接","command":"股票","level":"info","message":"收到指令","service":"nas-bot","timestamp":"2026-05-24 05:30:50","userId":"6423823321"}
{"args":"检测","command":"股票","level":"info","message":"收到指令","service":"nas-bot","timestamp":"2026-05-24 05:30:50","userId":"6423823321"}
{"args":"状态","command":"系统","level":"info","message":"收到指令","service":"nas-bot","timestamp":"2026-05-24 05:30:50","userId":"6423823321"}
{"count":10,"level":"warn","message":"触发限流","service":"nas-bot","timestamp":"2026-05-24 05:30:50","userId":"6423823321"}
{"args":"关闭","command":"ai","level":"info","message":"收到指令","service":"nas-bot","timestamp":"2026-05-24 05:30:50","userId":"6423823321"}
{"count":10,"level":"warn","message":"触发限流","service":"nas-bot","timestamp":"2026-05-24 05:30:50","userId":"6423823321"}
{"args":"状态","command":"系统","level":"info","message":"收到指令","service":"nas-bot","timestamp":"2026-05-24 05:30:50","userId":"6423823321"}
{"count":10,"level":"warn","message":"触发限流","service":"nas-bot","timestamp":"2026-05-24 05:30:50","userId":"6423823321"}
{"args":"状态","command":"系统","level":"info","message":"收到指令","service":"nas-bot","timestamp":"2026-05-24 05:30:50","userId":"6423823321"}
{"count":10,"level":"warn","message":"触发限流","service":"nas-bot","timestamp":"2026-05-24 05:30:50","userId":"6423823321"}
{"args":"状态","command":"股票","level":"info","message":"收到指令","service":"nas-bot","timestamp":"2026-05-24 05:30:50","userId":"6423823321"}
{"count":10,"level":"warn","message":"触发限流","service":"nas-bot","timestamp":"2026-05-24 05:30:50","userId":"6423823321"}
{"args":"","command":"帮助","level":"info","message":"收到指令","service":"nas-bot","timestamp":"2026-05-24 05:30:50","userId":"6423823321"}
{"count":10,"level":"warn","message":"触发限流","service":"nas-bot","timestamp":"2026-05-24 05:30:50","userId":"6423823321"}
{"args":"","command":"股票状态","level":"info","message":"收到指令","service":"nas-bot","timestamp":"2026-05-24 05:30:50","userId":"6423823321"}
{"count":10,"level":"warn","message":"触发限流","service":"nas-bot","timestamp":"2026-05-24 05:30:50","userId":"6423823321"}
{"level":"info","message":"IOC容器构建完成","service":"nas-bot","timestamp":"2026-05-24 05:30:51"}
{"alertInterval":"每5分钟","level":"info","message":"定时调度器启动","service":"nas-bot","summaryTime":"15:35","timestamp":"2026-05-24 05:30:51"}
{"level":"info","message":"Bot启动","service":"nas-bot","timestamp":"2026-05-24 05:30:51"}
{"level":"info","message":"NAS Bot 已启动 🚀","service":"nas-bot","timestamp":"2026-05-24 05:30:51"}
{"error":"","level":"error","message":"Telegram请求失败","method":"getUpdates","service":"nas-bot","timestamp":"2026-05-24 05:30:51"}
{"error":"","level":"error","message":"Telegram请求失败","method":"getUpdates","service":"nas-bot","timestamp":"2026-05-24 05:30:53"}
{"args":"docker restart nas-bot","command":"exec","level":"info","message":"收到指令","service":"nas-bot","timestamp":"2026-05-24 05:30:54","userId":"6423823321"}
{"level":"info","message":"IOC容器构建完成","service":"nas-bot","timestamp":"2026-05-24 05:31:06"}
{"alertInterval":"每5分钟","level":"info","message":"定时调度器启动","service":"nas-bot","summaryTime":"15:35","timestamp":"2026-05-24 05:31:06"}
{"level":"info","message":"Bot启动","service":"nas-bot","timestamp":"2026-05-24 05:31:06"}
{"level":"info","message":"NAS Bot 已启动 🚀","service":"nas-bot","timestamp":"2026-05-24 05:31:06"}
{"error":"","level":"error","message":"Telegram请求失败","method":"getUpdates","service":"nas-bot","timestamp":"2026-05-24 05:31:06"}
{"args":"docker restart nas-bot","command":"exec","level":"info","message":"收到指令","service":"nas-bot","timestamp":"2026-05-24 05:31:08","userId":"6423823321"}
{"level":"info","message":"IOC容器构建完成","service":"nas-bot","timestamp":"2026-05-24 05:31:19"}
{"alertInterval":"每5分钟","level":"info","message":"定时调度器启动","service":"nas-bot","summaryTime":"15:35","timestamp":"2026-05-24 05:31:19"}
{"level":"info","message":"Bot启动","service":"nas-bot","timestamp":"2026-05-24 05:31:20"}
{"level":"info","message":"NAS Bot 已启动 🚀","service":"nas-bot","timestamp":"2026-05-24 05:31:20"}
{"error":"","level":"error","message":"Telegram请求失败","method":"getUpdates","service":"nas-bot","timestamp":"2026-05-24 05:31:20"}
{"args":"docker restart nas-bot","command":"exec","level":"info","message":"收到指令","service":"nas-bot","timestamp":"2026-05-24 05:31:22","userId":"6423823321"}
{"level":"info","message":"IOC容器构建完成","service":"nas-bot","timestamp":"2026-05-24 05:31:33"}
{"alertInterval":"每5分钟","level":"info","message":"定时调度器启动","service":"nas-bot","summaryTime":"15:35","timestamp":"2026-05-24 05:31:33"}
{"level":"info","message":"Bot启动","service":"nas-bot","timestamp":"2026-05-24 05:31:33"}
{"level":"info","message":"NAS Bot 已启动 🚀","service":"nas-bot","timestamp":"2026-05-24 05:31:33"}
{"error":"","level":"error","message":"Telegram请求失败","method":"getUpdates","service":"nas-bot","timestamp":"2026-05-24 05:31:33"}
{"error":"","level":"error","message":"Telegram请求失败","method":"getUpdates","service":"nas-bot","timestamp":"2026-05-24 05:31:35"}
{"args":"docker restart nas-bot","command":"exec","level":"info","message":"收到指令","service":"nas-bot","timestamp":"2026-05-24 05:31:36","userId":"6423823321"}
{"cmd":"docker restart nas-bot","level":"info","message":"执行命令","service":"nas-bot","timestamp":"2026-05-24 05:31:36"}
{"cmd":"docker restart nas-bot","error":"spawnSync /bin/sh ETIMEDOUT","level":"error","message":"Docker命令执行失败","service":"nas-bot","timestamp":"2026-05-24 05:31:46"}
{"args":"ls /bin/","command":"exec","level":"info","message":"收到指令","service":"nas-bot","timestamp":"2026-05-24 05:31:46","userId":"6423823321"}
{"cmd":"ls /bin/","level":"info","message":"执行命令","service":"nas-bot","timestamp":"2026-05-24 05:31:46"}
{"args":"node -e \"require('child_process').execSync('ls /bin/sh').toString()\"","command":"exec","level":"info","message":"收到指令","service":"nas-bot","timestamp":"2026-05-24 05:31:46","userId":"6423823321"}
{"cmd":"node -e \"require('child_process').execSync('ls /bin/sh').toString()\"","level":"info","message":"执行命令","service":"nas-bot","timestamp":"2026-05-24 05:31:46"}
{"args":"状态","command":"股票","level":"info","message":"收到指令","service":"nas-bot","timestamp":"2026-05-24 05:31:47","userId":"6423823321"}
{"args":"","command":"/start","level":"info","message":"收到指令","service":"nas-bot","timestamp":"2026-05-24 05:31:47","userId":"6423823321"}
{"args":"容器","command":"系统","level":"info","message":"收到指令","service":"nas-bot","timestamp":"2026-05-24 05:31:47","userId":"6423823321"}
{"level":"info","message":"获取容器列表","service":"nas-bot","timestamp":"2026-05-24 05:31:47"}
{"args":"状态","command":"股票","level":"info","message":"收到指令","service":"nas-bot","timestamp":"2026-05-24 05:31:47","userId":"6423823321"}
{"args":"开启","command":"股票","level":"info","message":"收到指令","service":"nas-bot","timestamp":"2026-05-24 05:31:47","userId":"6423823321"}
{"args":"链接","command":"股票","level":"info","message":"收到指令","service":"nas-bot","timestamp":"2026-05-24 05:31:47","userId":"6423823321"}
{"args":"检测","command":"股票","level":"info","message":"收到指令","service":"nas-bot","timestamp":"2026-05-24 05:31:47","userId":"6423823321"}
{"args":"状态","command":"系统","level":"info","message":"收到指令","service":"nas-bot","timestamp":"2026-05-24 05:31:47","userId":"6423823321"}
{"count":10,"level":"warn","message":"触发限流","service":"nas-bot","timestamp":"2026-05-24 05:31:47","userId":"6423823321"}
{"args":"关闭","command":"ai","level":"info","message":"收到指令","service":"nas-bot","timestamp":"2026-05-24 05:31:47","userId":"6423823321"}
{"count":10,"level":"warn","message":"触发限流","service":"nas-bot","timestamp":"2026-05-24 05:31:47","userId":"6423823321"}
{"args":"状态","command":"系统","level":"info","message":"收到指令","service":"nas-bot","timestamp":"2026-05-24 05:31:47","userId":"6423823321"}
{"count":10,"level":"warn","message":"触发限流","service":"nas-bot","timestamp":"2026-05-24 05:31:47","userId":"6423823321"}
{"args":"状态","command":"系统","level":"info","message":"收到指令","service":"nas-bot","timestamp":"2026-05-24 05:31:47","userId":"6423823321"}
{"count":10,"level":"warn","message":"触发限流","service":"nas-bot","timestamp":"2026-05-24 05:31:47","userId":"6423823321"}
{"args":"状态","command":"股票","level":"info","message":"收到指令","service":"nas-bot","timestamp":"2026-05-24 05:31:47","userId":"6423823321"}
{"count":10,"level":"warn","message":"触发限流","service":"nas-bot","timestamp":"2026-05-24 05:31:47","userId":"6423823321"}
{"args":"","command":"帮助","level":"info","message":"收到指令","service":"nas-bot","timestamp":"2026-05-24 05:31:47","userId":"6423823321"}
{"count":10,"level":"warn","message":"触发限流","service":"nas-bot","timestamp":"2026-05-24 05:31:47","userId":"6423823321"}
{"args":"","command":"股票状态","level":"info","message":"收到指令","service":"nas-bot","timestamp":"2026-05-24 05:31:47","userId":"6423823321"}
{"count":10,"level":"warn","message":"触发限流","service":"nas-bot","timestamp":"2026-05-24 05:31:47","userId":"6423823321"}
{"level":"info","message":"IOC容器构建完成","service":"nas-bot","timestamp":"2026-05-24 05:31:48"}
{"alertInterval":"每5分钟","level":"info","message":"定时调度器启动","service":"nas-bot","summaryTime":"15:35","timestamp":"2026-05-24 05:31:48"}
{"level":"info","message":"Bot启动","service":"nas-bot","timestamp":"2026-05-24 05:31:48"}
{"level":"info","message":"NAS Bot 已启动 🚀","service":"nas-bot","timestamp":"2026-05-24 05:31:48"}
{"error":"","level":"error","message":"Telegram请求失败","method":"getUpdates","service":"nas-bot","timestamp":"2026-05-24 05:31:48"}
{"error":"","level":"error","message":"Telegram请求失败","method":"getUpdates","service":"nas-bot","timestamp":"2026-05-24 05:31:50"}
{"args":"docker restart nas-bot","command":"exec","level":"info","message":"收到指令","service":"nas-bot","timestamp":"2026-05-24 05:31:51","userId":"6423823321"}
{"level":"info","message":"IOC容器构建完成","service":"nas-bot","timestamp":"2026-05-24 05:32:03"}
{"alertInterval":"每5分钟","level":"info","message":"定时调度器启动","service":"nas-bot","summaryTime":"15:35","timestamp":"2026-05-24 05:32:03"}
{"level":"info","message":"Bot启动","service":"nas-bot","timestamp":"2026-05-24 05:32:03"}
{"level":"info","message":"NAS Bot 已启动 🚀","service":"nas-bot","timestamp":"2026-05-24 05:32:03"}
{"args":"docker restart nas-bot","command":"exec","level":"info","message":"收到指令","service":"nas-bot","timestamp":"2026-05-24 05:32:04","userId":"6423823321"}
{"level":"info","message":"IOC容器构建完成","service":"nas-bot","timestamp":"2026-05-24 05:32:15"}
{"alertInterval":"每5分钟","level":"info","message":"定时调度器启动","service":"nas-bot","summaryTime":"15:35","timestamp":"2026-05-24 05:32:15"}
{"level":"info","message":"Bot启动","service":"nas-bot","timestamp":"2026-05-24 05:32:15"}
{"level":"info","message":"NAS Bot 已启动 🚀","service":"nas-bot","timestamp":"2026-05-24 05:32:16"}
{"error":"","level":"error","message":"Telegram请求失败","method":"getUpdates","service":"nas-bot","timestamp":"2026-05-24 05:32:16"}
{"error":"","level":"error","message":"Telegram请求失败","method":"getUpdates","service":"nas-bot","timestamp":"2026-05-24 05:32:17"}
{"error":"","level":"error","message":"Telegram请求失败","method":"getUpdates","service":"nas-bot","timestamp":"2026-05-24 05:32:18"}
{"error":"","level":"error","message":"Telegram请求失败","method":"getUpdates","service":"nas-bot","timestamp":"2026-05-24 05:32:20"}
{"error":"","level":"error","message":"Telegram请求失败","method":"getUpdates","service":"nas-bot","timestamp":"2026-05-24 05:32:21"}
{"error":"","level":"error","message":"Telegram请求失败","method":"getUpdates","service":"nas-bot","timestamp":"2026-05-24 05:32:22"}
{"args":"docker restart nas-bot","command":"exec","level":"info","message":"收到指令","service":"nas-bot","timestamp":"2026-05-24 05:32:24","userId":"6423823321"}
{"cmd":"docker restart nas-bot","level":"info","message":"执行命令","service":"nas-bot","timestamp":"2026-05-24 05:32:24"}
{"cmd":"docker restart nas-bot","error":"spawnSync /bin/sh ETIMEDOUT","level":"error","message":"Docker命令执行失败","service":"nas-bot","timestamp":"2026-05-24 05:32:34"}
{"args":"ls /bin/","command":"exec","level":"info","message":"收到指令","service":"nas-bot","timestamp":"2026-05-24 05:32:34","userId":"6423823321"}
{"cmd":"ls /bin/","level":"info","message":"执行命令","service":"nas-bot","timestamp":"2026-05-24 05:32:34"}
{"args":"node -e \"require('child_process').execSync('ls /bin/sh').toString()\"","command":"exec","level":"info","message":"收到指令","service":"nas-bot","timestamp":"2026-05-24 05:32:34","userId":"6423823321"}
{"cmd":"node -e \"require('child_process').execSync('ls /bin/sh').toString()\"","level":"info","message":"执行命令","service":"nas-bot","timestamp":"2026-05-24 05:32:34"}
{"args":"状态","command":"股票","level":"info","message":"收到指令","service":"nas-bot","timestamp":"2026-05-24 05:32:34","userId":"6423823321"}
{"args":"","command":"/start","level":"info","message":"收到指令","service":"nas-bot","timestamp":"2026-05-24 05:32:34","userId":"6423823321"}
{"args":"容器","command":"系统","level":"info","message":"收到指令","service":"nas-bot","timestamp":"2026-05-24 05:32:34","userId":"6423823321"}
{"level":"info","message":"获取容器列表","service":"nas-bot","timestamp":"2026-05-24 05:32:34"}
{"args":"状态","command":"股票","level":"info","message":"收到指令","service":"nas-bot","timestamp":"2026-05-24 05:32:34","userId":"6423823321"}
{"args":"开启","command":"股票","level":"info","message":"收到指令","service":"nas-bot","timestamp":"2026-05-24 05:32:34","userId":"6423823321"}
{"args":"链接","command":"股票","level":"info","message":"收到指令","service":"nas-bot","timestamp":"2026-05-24 05:32:34","userId":"6423823321"}
{"args":"检测","command":"股票","level":"info","message":"收到指令","service":"nas-bot","timestamp":"2026-05-24 05:32:34","userId":"6423823321"}
{"args":"状态","command":"系统","level":"info","message":"收到指令","service":"nas-bot","timestamp":"2026-05-24 05:32:34","userId":"6423823321"}
{"count":10,"level":"warn","message":"触发限流","service":"nas-bot","timestamp":"2026-05-24 05:32:34","userId":"6423823321"}
{"args":"关闭","command":"ai","level":"info","message":"收到指令","service":"nas-bot","timestamp":"2026-05-24 05:32:34","userId":"6423823321"}
{"count":10,"level":"warn","message":"触发限流","service":"nas-bot","timestamp":"2026-05-24 05:32:34","userId":"6423823321"}
{"args":"状态","command":"系统","level":"info","message":"收到指令","service":"nas-bot","timestamp":"2026-05-24 05:32:34","userId":"6423823321"}
{"count":10,"level":"warn","message":"触发限流","service":"nas-bot","timestamp":"2026-05-24 05:32:34","userId":"6423823321"}
{"args":"状态","command":"系统","level":"info","message":"收到指令","service":"nas-bot","timestamp":"2026-05-24 05:32:34","userId":"6423823321"}
{"count":10,"level":"warn","message":"触发限流","service":"nas-bot","timestamp":"2026-05-24 05:32:34","userId":"6423823321"}
{"args":"状态","command":"股票","level":"info","message":"收到指令","service":"nas-bot","timestamp":"2026-05-24 05:32:34","userId":"6423823321"}
{"count":10,"level":"warn","message":"触发限流","service":"nas-bot","timestamp":"2026-05-24 05:32:34","userId":"6423823321"}
{"args":"","command":"帮助","level":"info","message":"收到指令","service":"nas-bot","timestamp":"2026-05-24 05:32:34","userId":"6423823321"}
{"count":10,"level":"warn","message":"触发限流","service":"nas-bot","timestamp":"2026-05-24 05:32:34","userId":"6423823321"}
{"args":"","command":"股票状态","level":"info","message":"收到指令","service":"nas-bot","timestamp":"2026-05-24 05:32:34","userId":"6423823321"}
{"count":10,"level":"warn","message":"触发限流","service":"nas-bot","timestamp":"2026-05-24 05:32:34","userId":"6423823321"}
{"level":"info","message":"IOC容器构建完成","service":"nas-bot","timestamp":"2026-05-24 05:32:35"}
{"alertInterval":"每5分钟","level":"info","message":"定时调度器启动","service":"nas-bot","summaryTime":"15:35","timestamp":"2026-05-24 05:32:35"}
{"level":"info","message":"Bot启动","service":"nas-bot","timestamp":"2026-05-24 05:32:35"}
{"level":"info","message":"NAS Bot 已启动 🚀","service":"nas-bot","timestamp":"2026-05-24 05:32:36"}
{"error":"","level":"error","message":"Telegram请求失败","method":"getUpdates","service":"nas-bot","timestamp":"2026-05-24 05:32:36"}
{"error":"","level":"error","message":"Telegram请求失败","method":"getUpdates","service":"nas-bot","timestamp":"2026-05-24 05:32:37"}
{"error":"","level":"error","message":"Telegram请求失败","method":"getUpdates","service":"nas-bot","timestamp":"2026-05-24 05:32:38"}
{"args":"docker restart nas-bot","command":"exec","level":"info","message":"收到指令","service":"nas-bot","timestamp":"2026-05-24 05:32:40","userId":"6423823321"}
{"level":"info","message":"IOC容器构建完成","service":"nas-bot","timestamp":"2026-05-24 05:32:52"}
{"alertInterval":"每5分钟","level":"info","message":"定时调度器启动","service":"nas-bot","summaryTime":"15:35","timestamp":"2026-05-24 05:32:52"}
{"level":"info","message":"Bot启动","service":"nas-bot","timestamp":"2026-05-24 05:32:52"}
{"level":"info","message":"NAS Bot 已启动 🚀","service":"nas-bot","timestamp":"2026-05-24 05:32:52"}
{"error":"","level":"error","message":"Telegram请求失败","method":"getUpdates","service":"nas-bot","timestamp":"2026-05-24 05:32:52"}
{"args":"docker restart nas-bot","command":"exec","level":"info","message":"收到指令","service":"nas-bot","timestamp":"2026-05-24 05:32:54","userId":"6423823321"}
{"level":"info","message":"IOC容器构建完成","service":"nas-bot","timestamp":"2026-05-24 05:33:05"}
{"alertInterval":"每5分钟","level":"info","message":"定时调度器启动","service":"nas-bot","summaryTime":"15:35","timestamp":"2026-05-24 05:33:05"}
{"level":"info","message":"Bot启动","service":"nas-bot","timestamp":"2026-05-24 05:33:05"}
{"level":"info","message":"NAS Bot 已启动 🚀","service":"nas-bot","timestamp":"2026-05-24 05:33:05"}
{"error":"","level":"error","message":"Telegram请求失败","method":"getUpdates","service":"nas-bot","timestamp":"2026-05-24 05:33:06"}
{"error":"","level":"error","message":"Telegram请求失败","method":"getUpdates","service":"nas-bot","timestamp":"2026-05-24 05:33:07"}
{"args":"docker restart nas-bot","command":"exec","level":"info","message":"收到指令","service":"nas-bot","timestamp":"2026-05-24 05:33:09","userId":"6423823321"}
{"cmd":"docker restart nas-bot","level":"info","message":"执行命令","service":"nas-bot","timestamp":"2026-05-24 05:33:09"}
{"cmd":"docker restart nas-bot","error":"spawnSync /bin/sh ETIMEDOUT","level":"error","message":"Docker命令执行失败","service":"nas-bot","timestamp":"2026-05-24 05:33:19"}
{"args":"ls /bin/","command":"exec","level":"info","message":"收到指令","service":"nas-bot","timestamp":"2026-05-24 05:33:19","userId":"6423823321"}
{"cmd":"ls /bin/","level":"info","message":"执行命令","service":"nas-bot","timestamp":"2026-05-24 05:33:19"}
{"args":"node -e \"require('child_process').execSync('ls /bin/sh').toString()\"","command":"exec","level":"info","message":"收到指令","service":"nas-bot","timestamp":"2026-05-24 05:33:19","userId":"6423823321"}
{"cmd":"node -e \"require('child_process').execSync('ls /bin/sh').toString()\"","level":"info","message":"执行命令","service":"nas-bot","timestamp":"2026-05-24 05:33:19"}
{"args":"状态","command":"股票","level":"info","message":"收到指令","service":"nas-bot","timestamp":"2026-05-24 05:33:19","userId":"6423823321"}
{"args":"","command":"/start","level":"info","message":"收到指令","service":"nas-bot","timestamp":"2026-05-24 05:33:19","userId":"6423823321"}
{"args":"容器","command":"系统","level":"info","message":"收到指令","service":"nas-bot","timestamp":"2026-05-24 05:33:19","userId":"6423823321"}
{"level":"info","message":"获取容器列表","service":"nas-bot","timestamp":"2026-05-24 05:33:19"}
{"args":"状态","command":"股票","level":"info","message":"收到指令","service":"nas-bot","timestamp":"2026-05-24 05:33:19","userId":"6423823321"}
{"args":"开启","command":"股票","level":"info","message":"收到指令","service":"nas-bot","timestamp":"2026-05-24 05:33:19","userId":"6423823321"}
{"args":"链接","command":"股票","level":"info","message":"收到指令","service":"nas-bot","timestamp":"2026-05-24 05:33:19","userId":"6423823321"}
{"args":"检测","command":"股票","level":"info","message":"收到指令","service":"nas-bot","timestamp":"2026-05-24 05:33:19","userId":"6423823321"}
{"args":"状态","command":"系统","level":"info","message":"收到指令","service":"nas-bot","timestamp":"2026-05-24 05:33:19","userId":"6423823321"}
{"count":10,"level":"warn","message":"触发限流","service":"nas-bot","timestamp":"2026-05-24 05:33:19","userId":"6423823321"}
{"args":"关闭","command":"ai","level":"info","message":"收到指令","service":"nas-bot","timestamp":"2026-05-24 05:33:19","userId":"6423823321"}
{"count":10,"level":"warn","message":"触发限流","service":"nas-bot","timestamp":"2026-05-24 05:33:19","userId":"6423823321"}
{"args":"状态","command":"系统","level":"info","message":"收到指令","service":"nas-bot","timestamp":"2026-05-24 05:33:19","userId":"6423823321"}
{"count":10,"level":"warn","message":"触发限流","service":"nas-bot","timestamp":"2026-05-24 05:33:19","userId":"6423823321"}
{"args":"状态","command":"系统","level":"info","message":"收到指令","service":"nas-bot","timestamp":"2026-05-24 05:33:19","userId":"6423823321"}
{"count":10,"level":"warn","message":"触发限流","service":"nas-bot","timestamp":"2026-05-24 05:33:19","userId":"6423823321"}
{"args":"状态","command":"股票","level":"info","message":"收到指令","service":"nas-bot","timestamp":"2026-05-24 05:33:19","userId":"6423823321"}
{"count":10,"level":"warn","message":"触发限流","service":"nas-bot","timestamp":"2026-05-24 05:33:19","userId":"6423823321"}
{"args":"","command":"帮助","level":"info","message":"收到指令","service":"nas-bot","timestamp":"2026-05-24 05:33:19","userId":"6423823321"}
{"count":10,"level":"warn","message":"触发限流","service":"nas-bot","timestamp":"2026-05-24 05:33:19","userId":"6423823321"}
{"args":"","command":"股票状态","level":"info","message":"收到指令","service":"nas-bot","timestamp":"2026-05-24 05:33:19","userId":"6423823321"}
{"count":10,"level":"warn","message":"触发限流","service":"nas-bot","timestamp":"2026-05-24 05:33:19","userId":"6423823321"}
{"level":"info","message":"IOC容器构建完成","service":"nas-bot","timestamp":"2026-05-24 05:33:20"}
{"alertInterval":"每5分钟","level":"info","message":"定时调度器启动","service":"nas-bot","summaryTime":"15:35","timestamp":"2026-05-24 05:33:20"}
{"level":"info","message":"Bot启动","service":"nas-bot","timestamp":"2026-05-24 05:33:20"}
{"level":"info","message":"NAS Bot 已启动 🚀","service":"nas-bot","timestamp":"2026-05-24 05:33:20"}
{"args":"docker restart nas-bot","command":"exec","level":"info","message":"收到指令","service":"nas-bot","timestamp":"2026-05-24 05:33:21","userId":"6423823321"}
{"cmd":"docker restart nas-bot","level":"info","message":"执行命令","service":"nas-bot","timestamp":"2026-05-24 05:33:21"}
{"cmd":"docker restart nas-bot","error":"spawnSync /bin/sh ETIMEDOUT","level":"error","message":"Docker命令执行失败","service":"nas-bot","timestamp":"2026-05-24 05:33:31"}
{"args":"ls /bin/","command":"exec","level":"info","message":"收到指令","service":"nas-bot","timestamp":"2026-05-24 05:33:31","userId":"6423823321"}
{"cmd":"ls /bin/","level":"info","message":"执行命令","service":"nas-bot","timestamp":"2026-05-24 05:33:31"}
{"args":"node -e \"require('child_process').execSync('ls /bin/sh').toString()\"","command":"exec","level":"info","message":"收到指令","service":"nas-bot","timestamp":"2026-05-24 05:33:31","userId":"6423823321"}
{"cmd":"node -e \"require('child_process').execSync('ls /bin/sh').toString()\"","level":"info","message":"执行命令","service":"nas-bot","timestamp":"2026-05-24 05:33:31"}
{"args":"状态","command":"股票","level":"info","message":"收到指令","service":"nas-bot","timestamp":"2026-05-24 05:33:31","userId":"6423823321"}
{"args":"","command":"/start","level":"info","message":"收到指令","service":"nas-bot","timestamp":"2026-05-24 05:33:31","userId":"6423823321"}
{"args":"容器","command":"系统","level":"info","message":"收到指令","service":"nas-bot","timestamp":"2026-05-24 05:33:31","userId":"6423823321"}
{"level":"info","message":"获取容器列表","service":"nas-bot","timestamp":"2026-05-24 05:33:31"}
{"args":"状态","command":"股票","level":"info","message":"收到指令","service":"nas-bot","timestamp":"2026-05-24 05:33:31","userId":"6423823321"}
{"args":"开启","command":"股票","level":"info","message":"收到指令","service":"nas-bot","timestamp":"2026-05-24 05:33:31","userId":"6423823321"}
{"args":"链接","command":"股票","level":"info","message":"收到指令","service":"nas-bot","timestamp":"2026-05-24 05:33:31","userId":"6423823321"}
{"args":"检测","command":"股票","level":"info","message":"收到指令","service":"nas-bot","timestamp":"2026-05-24 05:33:31","userId":"6423823321"}
{"args":"状态","command":"系统","level":"info","message":"收到指令","service":"nas-bot","timestamp":"2026-05-24 05:33:31","userId":"6423823321"}
{"count":10,"level":"warn","message":"触发限流","service":"nas-bot","timestamp":"2026-05-24 05:33:31","userId":"6423823321"}
{"args":"关闭","command":"ai","level":"info","message":"收到指令","service":"nas-bot","timestamp":"2026-05-24 05:33:31","userId":"6423823321"}
{"count":10,"level":"warn","message":"触发限流","service":"nas-bot","timestamp":"2026-05-24 05:33:31","userId":"6423823321"}
{"args":"状态","command":"系统","level":"info","message":"收到指令","service":"nas-bot","timestamp":"2026-05-24 05:33:31","userId":"6423823321"}
{"count":10,"level":"warn","message":"触发限流","service":"nas-bot","timestamp":"2026-05-24 05:33:31","userId":"6423823321"}
{"args":"状态","command":"系统","level":"info","message":"收到指令","service":"nas-bot","timestamp":"2026-05-24 05:33:31","userId":"6423823321"}
{"count":10,"level":"warn","message":"触发限流","service":"nas-bot","timestamp":"2026-05-24 05:33:31","userId":"6423823321"}
{"args":"状态","command":"股票","level":"info","message":"收到指令","service":"nas-bot","timestamp":"2026-05-24 05:33:31","userId":"6423823321"}
{"count":10,"level":"warn","message":"触发限流","service":"nas-bot","timestamp":"2026-05-24 05:33:31","userId":"6423823321"}
{"args":"","command":"帮助","level":"info","message":"收到指令","service":"nas-bot","timestamp":"2026-05-24 05:33:31","userId":"6423823321"}
{"count":10,"level":"warn","message":"触发限流","service":"nas-bot","timestamp":"2026-05-24 05:33:31","userId":"6423823321"}
{"args":"","command":"股票状态","level":"info","message":"收到指令","service":"nas-bot","timestamp":"2026-05-24 05:33:31","userId":"6423823321"}
{"count":10,"level":"warn","message":"触发限流","service":"nas-bot","timestamp":"2026-05-24 05:33:31","userId":"6423823321"}
{"level":"info","message":"IOC容器构建完成","service":"nas-bot","timestamp":"2026-05-24 05:33:33"}
{"alertInterval":"每5分钟","level":"info","message":"定时调度器启动","service":"nas-bot","summaryTime":"15:35","timestamp":"2026-05-24 05:33:33"}
{"level":"info","message":"Bot启动","service":"nas-bot","timestamp":"2026-05-24 05:33:33"}
{"level":"info","message":"NAS Bot 已启动 🚀","service":"nas-bot","timestamp":"2026-05-24 05:33:33"}
{"args":"docker restart nas-bot","command":"exec","level":"info","message":"收到指令","service":"nas-bot","timestamp":"2026-05-24 05:33:34","userId":"6423823321"}
{"level":"info","message":"IOC容器构建完成","service":"nas-bot","timestamp":"2026-05-24 05:33:45"}
{"alertInterval":"每5分钟","level":"info","message":"定时调度器启动","service":"nas-bot","summaryTime":"15:35","timestamp":"2026-05-24 05:33:45"}
{"level":"info","message":"Bot启动","service":"nas-bot","timestamp":"2026-05-24 05:33:45"}
{"level":"info","message":"NAS Bot 已启动 🚀","service":"nas-bot","timestamp":"2026-05-24 05:33:45"}
{"error":"","level":"error","message":"Telegram请求失败","method":"getUpdates","service":"nas-bot","timestamp":"2026-05-24 05:33:45"}
{"error":"","level":"error","message":"Telegram请求失败","method":"getUpdates","service":"nas-bot","timestamp":"2026-05-24 05:33:47"}
{"error":"","level":"error","message":"Telegram请求失败","method":"getUpdates","service":"nas-bot","timestamp":"2026-05-24 05:33:48"}
{"error":"","level":"error","message":"Telegram请求失败","method":"getUpdates","service":"nas-bot","timestamp":"2026-05-24 05:33:49"}
{"error":"","level":"error","message":"Telegram请求失败","method":"getUpdates","service":"nas-bot","timestamp":"2026-05-24 05:33:50"}
{"error":"","level":"error","message":"Telegram请求失败","method":"getUpdates","service":"nas-bot","timestamp":"2026-05-24 05:33:52"}
{"args":"docker restart nas-bot","command":"exec","level":"info","message":"收到指令","service":"nas-bot","timestamp":"2026-05-24 05:33:53","userId":"6423823321"}
{"level":"info","message":"IOC容器构建完成","service":"nas-bot","timestamp":"2026-05-24 05:34:05"}
{"alertInterval":"每5分钟","level":"info","message":"定时调度器启动","service":"nas-bot","summaryTime":"15:35","timestamp":"2026-05-24 05:34:05"}
{"level":"info","message":"Bot启动","service":"nas-bot","timestamp":"2026-05-24 05:34:05"}
{"level":"info","message":"NAS Bot 已启动 🚀","service":"nas-bot","timestamp":"2026-05-24 05:34:05"}
{"error":"","level":"error","message":"Telegram请求失败","method":"getUpdates","service":"nas-bot","timestamp":"2026-05-24 05:34:05"}
{"args":"docker restart nas-bot","command":"exec","level":"info","message":"收到指令","service":"nas-bot","timestamp":"2026-05-24 05:34:07","userId":"6423823321"}
{"cmd":"docker restart nas-bot","level":"info","message":"执行命令","service":"nas-bot","timestamp":"2026-05-24 05:34:07"}
{"cmd":"docker restart nas-bot","error":"spawnSync /bin/sh ETIMEDOUT","level":"error","message":"Docker命令执行失败","service":"nas-bot","timestamp":"2026-05-24 05:34:17"}
{"args":"ls /bin/","command":"exec","level":"info","message":"收到指令","service":"nas-bot","timestamp":"2026-05-24 05:34:17","userId":"6423823321"}
{"cmd":"ls /bin/","level":"info","message":"执行命令","service":"nas-bot","timestamp":"2026-05-24 05:34:17"}
{"args":"node -e \"require('child_process').execSync('ls /bin/sh').toString()\"","command":"exec","level":"info","message":"收到指令","service":"nas-bot","timestamp":"2026-05-24 05:34:17","userId":"6423823321"}
{"cmd":"node -e \"require('child_process').execSync('ls /bin/sh').toString()\"","level":"info","message":"执行命令","service":"nas-bot","timestamp":"2026-05-24 05:34:17"}
{"args":"状态","command":"股票","level":"info","message":"收到指令","service":"nas-bot","timestamp":"2026-05-24 05:34:17","userId":"6423823321"}
{"args":"","command":"/start","level":"info","message":"收到指令","service":"nas-bot","timestamp":"2026-05-24 05:34:17","userId":"6423823321"}
{"args":"容器","command":"系统","level":"info","message":"收到指令","service":"nas-bot","timestamp":"2026-05-24 05:34:17","userId":"6423823321"}
{"level":"info","message":"获取容器列表","service":"nas-bot","timestamp":"2026-05-24 05:34:17"}
{"args":"状态","command":"股票","level":"info","message":"收到指令","service":"nas-bot","timestamp":"2026-05-24 05:34:17","userId":"6423823321"}
{"args":"开启","command":"股票","level":"info","message":"收到指令","service":"nas-bot","timestamp":"2026-05-24 05:34:17","userId":"6423823321"}
{"args":"链接","command":"股票","level":"info","message":"收到指令","service":"nas-bot","timestamp":"2026-05-24 05:34:17","userId":"6423823321"}
{"args":"检测","command":"股票","level":"info","message":"收到指令","service":"nas-bot","timestamp":"2026-05-24 05:34:17","userId":"6423823321"}
{"args":"状态","command":"系统","level":"info","message":"收到指令","service":"nas-bot","timestamp":"2026-05-24 05:34:17","userId":"6423823321"}
{"count":10,"level":"warn","message":"触发限流","service":"nas-bot","timestamp":"2026-05-24 05:34:17","userId":"6423823321"}
{"args":"关闭","command":"ai","level":"info","message":"收到指令","service":"nas-bot","timestamp":"2026-05-24 05:34:17","userId":"6423823321"}
{"count":10,"level":"warn","message":"触发限流","service":"nas-bot","timestamp":"2026-05-24 05:34:17","userId":"6423823321"}
{"args":"状态","command":"系统","level":"info","message":"收到指令","service":"nas-bot","timestamp":"2026-05-24 05:34:17","userId":"6423823321"}
{"count":10,"level":"warn","message":"触发限流","service":"nas-bot","timestamp":"2026-05-24 05:34:17","userId":"6423823321"}
{"args":"状态","command":"系统","level":"info","message":"收到指令","service":"nas-bot","timestamp":"2026-05-24 05:34:17","userId":"6423823321"}
{"count":10,"level":"warn","message":"触发限流","service":"nas-bot","timestamp":"2026-05-24 05:34:17","userId":"6423823321"}
{"args":"状态","command":"股票","level":"info","message":"收到指令","service":"nas-bot","timestamp":"2026-05-24 05:34:17","userId":"6423823321"}
{"count":10,"level":"warn","message":"触发限流","service":"nas-bot","timestamp":"2026-05-24 05:34:17","userId":"6423823321"}
{"args":"","command":"帮助","level":"info","message":"收到指令","service":"nas-bot","timestamp":"2026-05-24 05:34:17","userId":"6423823321"}
{"count":10,"level":"warn","message":"触发限流","service":"nas-bot","timestamp":"2026-05-24 05:34:17","userId":"6423823321"}
{"args":"","command":"股票状态","level":"info","message":"收到指令","service":"nas-bot","timestamp":"2026-05-24 05:34:17","userId":"6423823321"}
{"count":10,"level":"warn","message":"触发限流","service":"nas-bot","timestamp":"2026-05-24 05:34:17","userId":"6423823321"}
{"args":"","command":"帮助","level":"info","message":"收到指令","service":"nas-bot","timestamp":"2026-05-24 05:34:17","userId":"6423823321"}
{"count":10,"level":"warn","message":"触发限流","service":"nas-bot","timestamp":"2026-05-24 05:34:17","userId":"6423823321"}
{"level":"info","message":"IOC容器构建完成","service":"nas-bot","timestamp":"2026-05-24 05:34:19"}
{"alertInterval":"每5分钟","level":"info","message":"定时调度器启动","service":"nas-bot","summaryTime":"15:35","timestamp":"2026-05-24 05:34:19"}
{"level":"info","message":"Bot启动","service":"nas-bot","timestamp":"2026-05-24 05:34:19"}
{"level":"info","message":"NAS Bot 已启动 🚀","service":"nas-bot","timestamp":"2026-05-24 05:34:19"}
{"args":"docker restart nas-bot","command":"exec","level":"info","message":"收到指令","service":"nas-bot","timestamp":"2026-05-24 05:34:19","userId":"6423823321"}
{"level":"info","message":"IOC容器构建完成","service":"nas-bot","timestamp":"2026-05-24 05:34:31"}
{"alertInterval":"每5分钟","level":"info","message":"定时调度器启动","service":"nas-bot","summaryTime":"15:35","timestamp":"2026-05-24 05:34:31"}
{"level":"info","message":"Bot启动","service":"nas-bot","timestamp":"2026-05-24 05:34:31"}
{"level":"info","message":"NAS Bot 已启动 🚀","service":"nas-bot","timestamp":"2026-05-24 05:34:31"}
{"error":"","level":"error","message":"Telegram请求失败","method":"getUpdates","service":"nas-bot","timestamp":"2026-05-24 05:34:31"}
{"error":"","level":"error","message":"Telegram请求失败","method":"getUpdates","service":"nas-bot","timestamp":"2026-05-24 05:34:33"}
{"args":"docker restart nas-bot","command":"exec","level":"info","message":"收到指令","service":"nas-bot","timestamp":"2026-05-24 05:34:34","userId":"6423823321"}
{"level":"info","message":"IOC容器构建完成","service":"nas-bot","timestamp":"2026-05-24 05:34:46"}
{"alertInterval":"每5分钟","level":"info","message":"定时调度器启动","service":"nas-bot","summaryTime":"15:35","timestamp":"2026-05-24 05:34:46"}
{"level":"info","message":"Bot启动","service":"nas-bot","timestamp":"2026-05-24 05:34:46"}
{"level":"info","message":"NAS Bot 已启动 🚀","service":"nas-bot","timestamp":"2026-05-24 05:34:46"}
{"error":"","level":"error","message":"Telegram请求失败","method":"getUpdates","service":"nas-bot","timestamp":"2026-05-24 05:34:46"}
{"args":"docker restart nas-bot","command":"exec","level":"info","message":"收到指令","service":"nas-bot","timestamp":"2026-05-24 05:34:48","userId":"6423823321"}
{"cmd":"docker restart nas-bot","level":"info","message":"执行命令","service":"nas-bot","timestamp":"2026-05-24 05:34:48"}
{"cmd":"docker restart nas-bot","error":"spawnSync /bin/sh ETIMEDOUT","level":"error","message":"Docker命令执行失败","service":"nas-bot","timestamp":"2026-05-24 05:34:58"}
{"args":"ls /bin/","command":"exec","level":"info","message":"收到指令","service":"nas-bot","timestamp":"2026-05-24 05:34:58","userId":"6423823321"}
{"cmd":"ls /bin/","level":"info","message":"执行命令","service":"nas-bot","timestamp":"2026-05-24 05:34:58"}
{"args":"node -e \"require('child_process').execSync('ls /bin/sh').toString()\"","command":"exec","level":"info","message":"收到指令","service":"nas-bot","timestamp":"2026-05-24 05:34:58","userId":"6423823321"}
{"cmd":"node -e \"require('child_process').execSync('ls /bin/sh').toString()\"","level":"info","message":"执行命令","service":"nas-bot","timestamp":"2026-05-24 05:34:58"}
{"args":"状态","command":"股票","level":"info","message":"收到指令","service":"nas-bot","timestamp":"2026-05-24 05:34:58","userId":"6423823321"}
{"args":"","command":"/start","level":"info","message":"收到指令","service":"nas-bot","timestamp":"2026-05-24 05:34:58","userId":"6423823321"}
{"args":"容器","command":"系统","level":"info","message":"收到指令","service":"nas-bot","timestamp":"2026-05-24 05:34:58","userId":"6423823321"}
{"level":"info","message":"获取容器列表","service":"nas-bot","timestamp":"2026-05-24 05:34:58"}
{"args":"状态","command":"股票","level":"info","message":"收到指令","service":"nas-bot","timestamp":"2026-05-24 05:34:58","userId":"6423823321"}
{"args":"开启","command":"股票","level":"info","message":"收到指令","service":"nas-bot","timestamp":"2026-05-24 05:34:58","userId":"6423823321"}
{"args":"链接","command":"股票","level":"info","message":"收到指令","service":"nas-bot","timestamp":"2026-05-24 05:34:58","userId":"6423823321"}
{"args":"检测","command":"股票","level":"info","message":"收到指令","service":"nas-bot","timestamp":"2026-05-24 05:34:58","userId":"6423823321"}
{"args":"状态","command":"系统","level":"info","message":"收到指令","service":"nas-bot","timestamp":"2026-05-24 05:34:58","userId":"6423823321"}
{"count":10,"level":"warn","message":"触发限流","service":"nas-bot","timestamp":"2026-05-24 05:34:58","userId":"6423823321"}
{"args":"关闭","command":"ai","level":"info","message":"收到指令","service":"nas-bot","timestamp":"2026-05-24 05:34:58","userId":"6423823321"}
{"count":10,"level":"warn","message":"触发限流","service":"nas-bot","timestamp":"2026-05-24 05:34:58","userId":"6423823321"}
{"args":"状态","command":"系统","level":"info","message":"收到指令","service":"nas-bot","timestamp":"2026-05-24 05:34:58","userId":"6423823321"}
{"count":10,"level":"warn","message":"触发限流","service":"nas-bot","timestamp":"2026-05-24 05:34:58","userId":"6423823321"}
{"args":"状态","command":"系统","level":"info","message":"收到指令","service":"nas-bot","timestamp":"2026-05-24 05:34:58","userId":"6423823321"}
{"count":10,"level":"warn","message":"触发限流","service":"nas-bot","timestamp":"2026-05-24 05:34:58","userId":"6423823321"}
{"args":"状态","command":"股票","level":"info","message":"收到指令","service":"nas-bot","timestamp":"2026-05-24 05:34:58","userId":"6423823321"}
{"count":10,"level":"warn","message":"触发限流","service":"nas-bot","timestamp":"2026-05-24 05:34:58","userId":"6423823321"}
{"args":"","command":"帮助","level":"info","message":"收到指令","service":"nas-bot","timestamp":"2026-05-24 05:34:58","userId":"6423823321"}
{"count":10,"level":"warn","message":"触发限流","service":"nas-bot","timestamp":"2026-05-24 05:34:58","userId":"6423823321"}
{"args":"","command":"股票状态","level":"info","message":"收到指令","service":"nas-bot","timestamp":"2026-05-24 05:34:58","userId":"6423823321"}
{"count":10,"level":"warn","message":"触发限流","service":"nas-bot","timestamp":"2026-05-24 05:34:58","userId":"6423823321"}
{"args":"","command":"帮助","level":"info","message":"收到指令","service":"nas-bot","timestamp":"2026-05-24 05:34:58","userId":"6423823321"}
{"count":10,"level":"warn","message":"触发限流","service":"nas-bot","timestamp":"2026-05-24 05:34:58","userId":"6423823321"}
{"level":"info","message":"IOC容器构建完成","service":"nas-bot","timestamp":"2026-05-24 05:35:00"}
{"alertInterval":"每5分钟","level":"info","message":"定时调度器启动","service":"nas-bot","summaryTime":"15:35","timestamp":"2026-05-24 05:35:00"}
{"level":"info","message":"Bot启动","service":"nas-bot","timestamp":"2026-05-24 05:35:00"}
{"level":"info","message":"NAS Bot 已启动 🚀","service":"nas-bot","timestamp":"2026-05-24 05:35:00"}
{"args":"docker restart nas-bot","command":"exec","level":"info","message":"收到指令","service":"nas-bot","timestamp":"2026-05-24 05:35:01","userId":"6423823321"}
{"cmd":"docker restart nas-bot","level":"info","message":"执行命令","service":"nas-bot","timestamp":"2026-05-24 05:35:01"}
{"cmd":"docker restart nas-bot","error":"spawnSync /bin/sh ETIMEDOUT","level":"error","message":"Docker命令执行失败","service":"nas-bot","timestamp":"2026-05-24 05:35:11"}
{"args":"ls /bin/","command":"exec","level":"info","message":"收到指令","service":"nas-bot","timestamp":"2026-05-24 05:35:11","userId":"6423823321"}
{"cmd":"ls /bin/","level":"info","message":"执行命令","service":"nas-bot","timestamp":"2026-05-24 05:35:11"}
{"args":"node -e \"require('child_process').execSync('ls /bin/sh').toString()\"","command":"exec","level":"info","message":"收到指令","service":"nas-bot","timestamp":"2026-05-24 05:35:11","userId":"6423823321"}
{"cmd":"node -e \"require('child_process').execSync('ls /bin/sh').toString()\"","level":"info","message":"执行命令","service":"nas-bot","timestamp":"2026-05-24 05:35:11"}
{"args":"状态","command":"股票","level":"info","message":"收到指令","service":"nas-bot","timestamp":"2026-05-24 05:35:11","userId":"6423823321"}
{"args":"","command":"/start","level":"info","message":"收到指令","service":"nas-bot","timestamp":"2026-05-24 05:35:11","userId":"6423823321"}
{"args":"容器","command":"系统","level":"info","message":"收到指令","service":"nas-bot","timestamp":"2026-05-24 05:35:11","userId":"6423823321"}
{"level":"info","message":"获取容器列表","service":"nas-bot","timestamp":"2026-05-24 05:35:11"}
{"args":"状态","command":"股票","level":"info","message":"收到指令","service":"nas-bot","timestamp":"2026-05-24 05:35:11","userId":"6423823321"}
{"args":"开启","command":"股票","level":"info","message":"收到指令","service":"nas-bot","timestamp":"2026-05-24 05:35:11","userId":"6423823321"}
{"args":"链接","command":"股票","level":"info","message":"收到指令","service":"nas-bot","timestamp":"2026-05-24 05:35:11","userId":"6423823321"}
{"args":"检测","command":"股票","level":"info","message":"收到指令","service":"nas-bot","timestamp":"2026-05-24 05:35:11","userId":"6423823321"}
{"args":"状态","command":"系统","level":"info","message":"收到指令","service":"nas-bot","timestamp":"2026-05-24 05:35:11","userId":"6423823321"}
{"count":10,"level":"warn","message":"触发限流","service":"nas-bot","timestamp":"2026-05-24 05:35:11","userId":"6423823321"}
{"args":"关闭","command":"ai","level":"info","message":"收到指令","service":"nas-bot","timestamp":"2026-05-24 05:35:11","userId":"6423823321"}
{"count":10,"level":"warn","message":"触发限流","service":"nas-bot","timestamp":"2026-05-24 05:35:11","userId":"6423823321"}
{"args":"状态","command":"系统","level":"info","message":"收到指令","service":"nas-bot","timestamp":"2026-05-24 05:35:11","userId":"6423823321"}
{"count":10,"level":"warn","message":"触发限流","service":"nas-bot","timestamp":"2026-05-24 05:35:11","userId":"6423823321"}
{"args":"状态","command":"系统","level":"info","message":"收到指令","service":"nas-bot","timestamp":"2026-05-24 05:35:11","userId":"6423823321"}
{"count":10,"level":"warn","message":"触发限流","service":"nas-bot","timestamp":"2026-05-24 05:35:11","userId":"6423823321"}
{"args":"状态","command":"股票","level":"info","message":"收到指令","service":"nas-bot","timestamp":"2026-05-24 05:35:11","userId":"6423823321"}
{"count":10,"level":"warn","message":"触发限流","service":"nas-bot","timestamp":"2026-05-24 05:35:11","userId":"6423823321"}
{"args":"","command":"帮助","level":"info","message":"收到指令","service":"nas-bot","timestamp":"2026-05-24 05:35:11","userId":"6423823321"}
{"count":10,"level":"warn","message":"触发限流","service":"nas-bot","timestamp":"2026-05-24 05:35:11","userId":"6423823321"}
{"args":"","command":"股票状态","level":"info","message":"收到指令","service":"nas-bot","timestamp":"2026-05-24 05:35:11","userId":"6423823321"}
{"count":10,"level":"warn","message":"触发限流","service":"nas-bot","timestamp":"2026-05-24 05:35:11","userId":"6423823321"}
{"args":"","command":"帮助","level":"info","message":"收到指令","service":"nas-bot","timestamp":"2026-05-24 05:35:11","userId":"6423823321"}
{"count":10,"level":"warn","message":"触发限流","service":"nas-bot","timestamp":"2026-05-24 05:35:11","userId":"6423823321"}
{"level":"info","message":"IOC容器构建完成","service":"nas-bot","timestamp":"2026-05-24 05:35:13"}
{"alertInterval":"每5分钟","level":"info","message":"定时调度器启动","service":"nas-bot","summaryTime":"15:35","timestamp":"2026-05-24 05:35:13"}
{"level":"info","message":"Bot启动","service":"nas-bot","timestamp":"2026-05-24 05:35:13"}
{"level":"info","message":"NAS Bot 已启动 🚀","service":"nas-bot","timestamp":"2026-05-24 05:35:13"}
{"error":"","level":"error","message":"Telegram请求失败","method":"getUpdates","service":"nas-bot","timestamp":"2026-05-24 05:35:13"}
{"error":"","level":"error","message":"Telegram请求失败","method":"getUpdates","service":"nas-bot","timestamp":"2026-05-24 05:35:14"}
{"error":"","level":"error","message":"Telegram请求失败","method":"getUpdates","service":"nas-bot","timestamp":"2026-05-24 05:35:16"}
{"error":"","level":"error","message":"Telegram请求失败","method":"getUpdates","service":"nas-bot","timestamp":"2026-05-24 05:35:17"}
{"args":"docker restart nas-bot","command":"exec","level":"info","message":"收到指令","service":"nas-bot","timestamp":"2026-05-24 05:35:19","userId":"6423823321"}
{"level":"info","message":"IOC容器构建完成","service":"nas-bot","timestamp":"2026-05-24 05:35:30"}
{"alertInterval":"每5分钟","level":"info","message":"定时调度器启动","service":"nas-bot","summaryTime":"15:35","timestamp":"2026-05-24 05:35:30"}
{"level":"info","message":"Bot启动","service":"nas-bot","timestamp":"2026-05-24 05:35:30"}
{"level":"info","message":"NAS Bot 已启动 🚀","service":"nas-bot","timestamp":"2026-05-24 05:35:30"}
{"error":"","level":"error","message":"Telegram请求失败","method":"getUpdates","service":"nas-bot","timestamp":"2026-05-24 05:35:31"}
{"args":"docker restart nas-bot","command":"exec","level":"info","message":"收到指令","service":"nas-bot","timestamp":"2026-05-24 05:35:32","userId":"6423823321"}
{"level":"info","message":"IOC容器构建完成","service":"nas-bot","timestamp":"2026-05-24 05:35:44"}
{"alertInterval":"每5分钟","level":"info","message":"定时调度器启动","service":"nas-bot","summaryTime":"15:35","timestamp":"2026-05-24 05:35:44"}
{"level":"info","message":"Bot启动","service":"nas-bot","timestamp":"2026-05-24 05:35:44"}
{"level":"info","message":"NAS Bot 已启动 🚀","service":"nas-bot","timestamp":"2026-05-24 05:35:44"}
{"error":"","level":"error","message":"Telegram请求失败","method":"getUpdates","service":"nas-bot","timestamp":"2026-05-24 05:35:44"}
{"args":"docker restart nas-bot","command":"exec","level":"info","message":"收到指令","service":"nas-bot","timestamp":"2026-05-24 05:35:46","userId":"6423823321"}
{"level":"info","message":"IOC容器构建完成","service":"nas-bot","timestamp":"2026-05-24 05:35:57"}
{"alertInterval":"每5分钟","level":"info","message":"定时调度器启动","service":"nas-bot","summaryTime":"15:35","timestamp":"2026-05-24 05:35:57"}
{"level":"info","message":"Bot启动","service":"nas-bot","timestamp":"2026-05-24 05:35:57"}
{"level":"info","message":"NAS Bot 已启动 🚀","service":"nas-bot","timestamp":"2026-05-24 05:35:58"}
{"error":"","level":"error","message":"Telegram请求失败","method":"getUpdates","service":"nas-bot","timestamp":"2026-05-24 05:35:58"}
{"error":"","level":"error","message":"Telegram请求失败","method":"getUpdates","service":"nas-bot","timestamp":"2026-05-24 05:35:59"}
{"error":"","level":"error","message":"Telegram请求失败","method":"getUpdates","service":"nas-bot","timestamp":"2026-05-24 05:36:00"}
{"args":"docker restart nas-bot","command":"exec","level":"info","message":"收到指令","service":"nas-bot","timestamp":"2026-05-24 05:36:02","userId":"6423823321"}
{"level":"info","message":"IOC容器构建完成","service":"nas-bot","timestamp":"2026-05-24 05:36:14"}
{"alertInterval":"每5分钟","level":"info","message":"定时调度器启动","service":"nas-bot","summaryTime":"15:35","timestamp":"2026-05-24 05:36:14"}
{"level":"info","message":"Bot启动","service":"nas-bot","timestamp":"2026-05-24 05:36:14"}
{"level":"info","message":"NAS Bot 已启动 🚀","service":"nas-bot","timestamp":"2026-05-24 05:36:14"}
{"error":"","level":"error","message":"Telegram请求失败","method":"getUpdates","service":"nas-bot","timestamp":"2026-05-24 05:36:14"}
{"error":"","level":"error","message":"Telegram请求失败","method":"getUpdates","service":"nas-bot","timestamp":"2026-05-24 05:36:15"}
{"error":"","level":"error","message":"Telegram请求失败","method":"getUpdates","service":"nas-bot","timestamp":"2026-05-24 05:36:16"}
{"error":"","level":"error","message":"Telegram请求失败","method":"getUpdates","service":"nas-bot","timestamp":"2026-05-24 05:36:18"}
{"error":"","level":"error","message":"Telegram请求失败","method":"getUpdates","service":"nas-bot","timestamp":"2026-05-24 05:36:19"}
{"error":"","level":"error","message":"Telegram请求失败","method":"getUpdates","service":"nas-bot","timestamp":"2026-05-24 05:36:20"}
{"args":"docker restart nas-bot","command":"exec","level":"info","message":"收到指令","service":"nas-bot","timestamp":"2026-05-24 05:36:22","userId":"6423823321"}
{"cmd":"docker restart nas-bot","level":"info","message":"执行命令","service":"nas-bot","timestamp":"2026-05-24 05:36:22"}
{"cmd":"docker restart nas-bot","error":"spawnSync /bin/sh ETIMEDOUT","level":"error","message":"Docker命令执行失败","service":"nas-bot","timestamp":"2026-05-24 05:36:32"}
{"args":"ls /bin/","command":"exec","level":"info","message":"收到指令","service":"nas-bot","timestamp":"2026-05-24 05:36:32","userId":"6423823321"}
{"cmd":"ls /bin/","level":"info","message":"执行命令","service":"nas-bot","timestamp":"2026-05-24 05:36:32"}
{"args":"node -e \"require('child_process').execSync('ls /bin/sh').toString()\"","command":"exec","level":"info","message":"收到指令","service":"nas-bot","timestamp":"2026-05-24 05:36:32","userId":"6423823321"}
{"cmd":"node -e \"require('child_process').execSync('ls /bin/sh').toString()\"","level":"info","message":"执行命令","service":"nas-bot","timestamp":"2026-05-24 05:36:32"}
{"args":"状态","command":"股票","level":"info","message":"收到指令","service":"nas-bot","timestamp":"2026-05-24 05:36:32","userId":"6423823321"}
{"args":"","command":"/start","level":"info","message":"收到指令","service":"nas-bot","timestamp":"2026-05-24 05:36:32","userId":"6423823321"}
{"args":"容器","command":"系统","level":"info","message":"收到指令","service":"nas-bot","timestamp":"2026-05-24 05:36:32","userId":"6423823321"}
{"level":"info","message":"获取容器列表","service":"nas-bot","timestamp":"2026-05-24 05:36:32"}
{"args":"状态","command":"股票","level":"info","message":"收到指令","service":"nas-bot","timestamp":"2026-05-24 05:36:32","userId":"6423823321"}
{"args":"开启","command":"股票","level":"info","message":"收到指令","service":"nas-bot","timestamp":"2026-05-24 05:36:32","userId":"6423823321"}
{"args":"链接","command":"股票","level":"info","message":"收到指令","service":"nas-bot","timestamp":"2026-05-24 05:36:32","userId":"6423823321"}
{"args":"检测","command":"股票","level":"info","message":"收到指令","service":"nas-bot","timestamp":"2026-05-24 05:36:32","userId":"6423823321"}
{"args":"状态","command":"系统","level":"info","message":"收到指令","service":"nas-bot","timestamp":"2026-05-24 05:36:32","userId":"6423823321"}
{"count":10,"level":"warn","message":"触发限流","service":"nas-bot","timestamp":"2026-05-24 05:36:32","userId":"6423823321"}
{"args":"关闭","command":"ai","level":"info","message":"收到指令","service":"nas-bot","timestamp":"2026-05-24 05:36:32","userId":"6423823321"}
{"count":10,"level":"warn","message":"触发限流","service":"nas-bot","timestamp":"2026-05-24 05:36:32","userId":"6423823321"}
{"args":"状态","command":"系统","level":"info","message":"收到指令","service":"nas-bot","timestamp":"2026-05-24 05:36:32","userId":"6423823321"}
{"count":10,"level":"warn","message":"触发限流","service":"nas-bot","timestamp":"2026-05-24 05:36:32","userId":"6423823321"}
{"args":"状态","command":"系统","level":"info","message":"收到指令","service":"nas-bot","timestamp":"2026-05-24 05:36:32","userId":"6423823321"}
{"count":10,"level":"warn","message":"触发限流","service":"nas-bot","timestamp":"2026-05-24 05:36:32","userId":"6423823321"}
{"args":"状态","command":"股票","level":"info","message":"收到指令","service":"nas-bot","timestamp":"2026-05-24 05:36:32","userId":"6423823321"}
{"count":10,"level":"warn","message":"触发限流","service":"nas-bot","timestamp":"2026-05-24 05:36:32","userId":"6423823321"}
{"args":"","command":"帮助","level":"info","message":"收到指令","service":"nas-bot","timestamp":"2026-05-24 05:36:32","userId":"6423823321"}
{"count":10,"level":"warn","message":"触发限流","service":"nas-bot","timestamp":"2026-05-24 05:36:32","userId":"6423823321"}
{"args":"","command":"股票状态","level":"info","message":"收到指令","service":"nas-bot","timestamp":"2026-05-24 05:36:32","userId":"6423823321"}
{"count":10,"level":"warn","message":"触发限流","service":"nas-bot","timestamp":"2026-05-24 05:36:32","userId":"6423823321"}
{"args":"","command":"帮助","level":"info","message":"收到指令","service":"nas-bot","timestamp":"2026-05-24 05:36:32","userId":"6423823321"}
{"count":10,"level":"warn","message":"触发限流","service":"nas-bot","timestamp":"2026-05-24 05:36:32","userId":"6423823321"}
{"args":"docker restart nas-bot","command":"exec","level":"info","message":"收到指令","service":"nas-bot","timestamp":"2026-05-24 05:36:32","userId":"6423823321"}
{"count":10,"level":"warn","message":"触发限流","service":"nas-bot","timestamp":"2026-05-24 05:36:32","userId":"6423823321"}
{"level":"info","message":"IOC容器构建完成","service":"nas-bot","timestamp":"2026-05-24 05:36:34"}
{"alertInterval":"每5分钟","level":"info","message":"定时调度器启动","service":"nas-bot","summaryTime":"15:35","timestamp":"2026-05-24 05:36:34"}
{"level":"info","message":"Bot启动","service":"nas-bot","timestamp":"2026-05-24 05:36:34"}
{"level":"info","message":"NAS Bot 已启动 🚀","service":"nas-bot","timestamp":"2026-05-24 05:36:34"}
{"args":"docker restart nas-bot","command":"exec","level":"info","message":"收到指令","service":"nas-bot","timestamp":"2026-05-24 05:36:34","userId":"6423823321"}
{"level":"info","message":"IOC容器构建完成","service":"nas-bot","timestamp":"2026-05-24 05:36:46"}
{"alertInterval":"每5分钟","level":"info","message":"定时调度器启动","service":"nas-bot","summaryTime":"15:35","timestamp":"2026-05-24 05:36:46"}
{"level":"info","message":"Bot启动","service":"nas-bot","timestamp":"2026-05-24 05:36:46"}
{"level":"info","message":"NAS Bot 已启动 🚀","service":"nas-bot","timestamp":"2026-05-24 05:36:46"}
{"error":"","level":"error","message":"Telegram请求失败","method":"getUpdates","service":"nas-bot","timestamp":"2026-05-24 05:36:46"}
{"args":"docker restart nas-bot","command":"exec","level":"info","message":"收到指令","service":"nas-bot","timestamp":"2026-05-24 05:36:48","userId":"6423823321"}
{"level":"info","message":"IOC容器构建完成","service":"nas-bot","timestamp":"2026-05-24 05:36:59"}
{"alertInterval":"每5分钟","level":"info","message":"定时调度器启动","service":"nas-bot","summaryTime":"15:35","timestamp":"2026-05-24 05:36:59"}
{"level":"info","message":"Bot启动","service":"nas-bot","timestamp":"2026-05-24 05:36:59"}
{"level":"info","message":"NAS Bot 已启动 🚀","service":"nas-bot","timestamp":"2026-05-24 05:37:00"}
{"args":"docker restart nas-bot","command":"exec","level":"info","message":"收到指令","service":"nas-bot","timestamp":"2026-05-24 05:37:00","userId":"6423823321"}
{"level":"info","message":"IOC容器构建完成","service":"nas-bot","timestamp":"2026-05-24 05:37:12"}
{"alertInterval":"每5分钟","level":"info","message":"定时调度器启动","service":"nas-bot","summaryTime":"15:35","timestamp":"2026-05-24 05:37:12"}
{"level":"info","message":"Bot启动","service":"nas-bot","timestamp":"2026-05-24 05:37:12"}
{"level":"info","message":"NAS Bot 已启动 🚀","service":"nas-bot","timestamp":"2026-05-24 05:37:12"}
{"error":"","level":"error","message":"Telegram请求失败","method":"getUpdates","service":"nas-bot","timestamp":"2026-05-24 05:37:12"}
{"args":"docker restart nas-bot","command":"exec","level":"info","message":"收到指令","service":"nas-bot","timestamp":"2026-05-24 05:37:14","userId":"6423823321"}
{"level":"info","message":"IOC容器构建完成","service":"nas-bot","timestamp":"2026-05-24 05:37:26"}
{"alertInterval":"每5分钟","level":"info","message":"定时调度器启动","service":"nas-bot","summaryTime":"15:35","timestamp":"2026-05-24 05:37:26"}
{"level":"info","message":"Bot启动","service":"nas-bot","timestamp":"2026-05-24 05:37:26"}
{"level":"info","message":"NAS Bot 已启动 🚀","service":"nas-bot","timestamp":"2026-05-24 05:37:26"}
{"args":"docker restart nas-bot","command":"exec","level":"info","message":"收到指令","service":"nas-bot","timestamp":"2026-05-24 05:37:26","userId":"6423823321"}
{"level":"info","message":"IOC容器构建完成","service":"nas-bot","timestamp":"2026-05-24 05:37:38"}
{"alertInterval":"每5分钟","level":"info","message":"定时调度器启动","service":"nas-bot","summaryTime":"15:35","timestamp":"2026-05-24 05:37:38"}
{"level":"info","message":"Bot启动","service":"nas-bot","timestamp":"2026-05-24 05:37:38"}
{"level":"info","message":"NAS Bot 已启动 🚀","service":"nas-bot","timestamp":"2026-05-24 05:37:38"}
{"error":"","level":"error","message":"Telegram请求失败","method":"getUpdates","service":"nas-bot","timestamp":"2026-05-24 05:37:38"}
{"args":"docker restart nas-bot","command":"exec","level":"info","message":"收到指令","service":"nas-bot","timestamp":"2026-05-24 05:37:40","userId":"6423823321"}
{"cmd":"docker restart nas-bot","level":"info","message":"执行命令","service":"nas-bot","timestamp":"2026-05-24 05:37:40"}
{"cmd":"docker restart nas-bot","error":"spawnSync /bin/sh ETIMEDOUT","level":"error","message":"Docker命令执行失败","service":"nas-bot","timestamp":"2026-05-24 05:37:50"}
{"args":"ls /bin/","command":"exec","level":"info","message":"收到指令","service":"nas-bot","timestamp":"2026-05-24 05:37:50","userId":"6423823321"}
{"cmd":"ls /bin/","level":"info","message":"执行命令","service":"nas-bot","timestamp":"2026-05-24 05:37:50"}
{"args":"node -e \"require('child_process').execSync('ls /bin/sh').toString()\"","command":"exec","level":"info","message":"收到指令","service":"nas-bot","timestamp":"2026-05-24 05:37:50","userId":"6423823321"}
{"cmd":"node -e \"require('child_process').execSync('ls /bin/sh').toString()\"","level":"info","message":"执行命令","service":"nas-bot","timestamp":"2026-05-24 05:37:50"}
{"args":"状态","command":"股票","level":"info","message":"收到指令","service":"nas-bot","timestamp":"2026-05-24 05:37:50","userId":"6423823321"}
{"args":"","command":"/start","level":"info","message":"收到指令","service":"nas-bot","timestamp":"2026-05-24 05:37:50","userId":"6423823321"}
{"args":"容器","command":"系统","level":"info","message":"收到指令","service":"nas-bot","timestamp":"2026-05-24 05:37:50","userId":"6423823321"}
{"level":"info","message":"获取容器列表","service":"nas-bot","timestamp":"2026-05-24 05:37:50"}
{"args":"状态","command":"股票","level":"info","message":"收到指令","service":"nas-bot","timestamp":"2026-05-24 05:37:50","userId":"6423823321"}
{"args":"开启","command":"股票","level":"info","message":"收到指令","service":"nas-bot","timestamp":"2026-05-24 05:37:50","userId":"6423823321"}
{"args":"链接","command":"股票","level":"info","message":"收到指令","service":"nas-bot","timestamp":"2026-05-24 05:37:50","userId":"6423823321"}
{"args":"检测","command":"股票","level":"info","message":"收到指令","service":"nas-bot","timestamp":"2026-05-24 05:37:50","userId":"6423823321"}
{"args":"状态","command":"系统","level":"info","message":"收到指令","service":"nas-bot","timestamp":"2026-05-24 05:37:50","userId":"6423823321"}
{"count":10,"level":"warn","message":"触发限流","service":"nas-bot","timestamp":"2026-05-24 05:37:50","userId":"6423823321"}
{"args":"关闭","command":"ai","level":"info","message":"收到指令","service":"nas-bot","timestamp":"2026-05-24 05:37:50","userId":"6423823321"}
{"count":10,"level":"warn","message":"触发限流","service":"nas-bot","timestamp":"2026-05-24 05:37:50","userId":"6423823321"}
{"args":"状态","command":"系统","level":"info","message":"收到指令","service":"nas-bot","timestamp":"2026-05-24 05:37:50","userId":"6423823321"}
{"count":10,"level":"warn","message":"触发限流","service":"nas-bot","timestamp":"2026-05-24 05:37:50","userId":"6423823321"}
{"args":"状态","command":"系统","level":"info","message":"收到指令","service":"nas-bot","timestamp":"2026-05-24 05:37:50","userId":"6423823321"}
{"count":10,"level":"warn","message":"触发限流","service":"nas-bot","timestamp":"2026-05-24 05:37:50","userId":"6423823321"}
{"args":"状态","command":"股票","level":"info","message":"收到指令","service":"nas-bot","timestamp":"2026-05-24 05:37:50","userId":"6423823321"}
{"count":10,"level":"warn","message":"触发限流","service":"nas-bot","timestamp":"2026-05-24 05:37:50","userId":"6423823321"}
{"args":"","command":"帮助","level":"info","message":"收到指令","service":"nas-bot","timestamp":"2026-05-24 05:37:50","userId":"6423823321"}
{"count":10,"level":"warn","message":"触发限流","service":"nas-bot","timestamp":"2026-05-24 05:37:50","userId":"6423823321"}
{"args":"","command":"股票状态","level":"info","message":"收到指令","service":"nas-bot","timestamp":"2026-05-24 05:37:50","userId":"6423823321"}
{"count":10,"level":"warn","message":"触发限流","service":"nas-bot","timestamp":"2026-05-24 05:37:50","userId":"6423823321"}
{"args":"","command":"帮助","level":"info","message":"收到指令","service":"nas-bot","timestamp":"2026-05-24 05:37:50","userId":"6423823321"}
{"count":10,"level":"warn","message":"触发限流","service":"nas-bot","timestamp":"2026-05-24 05:37:50","userId":"6423823321"}
{"args":"docker restart nas-bot","command":"exec","level":"info","message":"收到指令","service":"nas-bot","timestamp":"2026-05-24 05:37:50","userId":"6423823321"}
{"count":10,"level":"warn","message":"触发限流","service":"nas-bot","timestamp":"2026-05-24 05:37:50","userId":"6423823321"}
{"args":"状态","command":"股票","level":"info","message":"收到指令","service":"nas-bot","timestamp":"2026-05-24 05:37:50","userId":"6423823321"}
{"count":10,"level":"warn","message":"触发限流","service":"nas-bot","timestamp":"2026-05-24 05:37:50","userId":"6423823321"}
{"level":"info","message":"IOC容器构建完成","service":"nas-bot","timestamp":"2026-05-24 05:37:52"}
{"alertInterval":"每5分钟","level":"info","message":"定时调度器启动","service":"nas-bot","summaryTime":"15:35","timestamp":"2026-05-24 05:37:52"}
{"level":"info","message":"Bot启动","service":"nas-bot","timestamp":"2026-05-24 05:37:52"}
{"level":"info","message":"NAS Bot 已启动 🚀","service":"nas-bot","timestamp":"2026-05-24 05:37:52"}
{"error":"","level":"error","message":"Telegram请求失败","method":"getUpdates","service":"nas-bot","timestamp":"2026-05-24 05:37:52"}
{"error":"","level":"error","message":"Telegram请求失败","method":"getUpdates","service":"nas-bot","timestamp":"2026-05-24 05:37:53"}
{"error":"","level":"error","message":"Telegram请求失败","method":"getUpdates","service":"nas-bot","timestamp":"2026-05-24 05:37:54"}
{"error":"","level":"error","message":"Telegram请求失败","method":"getUpdates","service":"nas-bot","timestamp":"2026-05-24 05:37:56"}
{"args":"docker restart nas-bot","command":"exec","level":"info","message":"收到指令","service":"nas-bot","timestamp":"2026-05-24 05:37:57","userId":"6423823321"}
{"level":"info","message":"IOC容器构建完成","service":"nas-bot","timestamp":"2026-05-24 05:38:09"}
{"alertInterval":"每5分钟","level":"info","message":"定时调度器启动","service":"nas-bot","summaryTime":"15:35","timestamp":"2026-05-24 05:38:09"}
{"level":"info","message":"Bot启动","service":"nas-bot","timestamp":"2026-05-24 05:38:09"}
{"level":"info","message":"NAS Bot 已启动 🚀","service":"nas-bot","timestamp":"2026-05-24 05:38:09"}
{"args":"docker restart nas-bot","command":"exec","level":"info","message":"收到指令","service":"nas-bot","timestamp":"2026-05-24 05:38:10","userId":"6423823321"}
{"cmd":"docker restart nas-bot","level":"info","message":"执行命令","service":"nas-bot","timestamp":"2026-05-24 05:38:10"}
{"cmd":"docker restart nas-bot","error":"spawnSync /bin/sh ETIMEDOUT","level":"error","message":"Docker命令执行失败","service":"nas-bot","timestamp":"2026-05-24 05:38:20"}
{"args":"ls /bin/","command":"exec","level":"info","message":"收到指令","service":"nas-bot","timestamp":"2026-05-24 05:38:20","userId":"6423823321"}
{"cmd":"ls /bin/","level":"info","message":"执行命令","service":"nas-bot","timestamp":"2026-05-24 05:38:20"}
{"args":"node -e \"require('child_process').execSync('ls /bin/sh').toString()\"","command":"exec","level":"info","message":"收到指令","service":"nas-bot","timestamp":"2026-05-24 05:38:20","userId":"6423823321"}
{"cmd":"node -e \"require('child_process').execSync('ls /bin/sh').toString()\"","level":"info","message":"执行命令","service":"nas-bot","timestamp":"2026-05-24 05:38:20"}
{"args":"状态","command":"股票","level":"info","message":"收到指令","service":"nas-bot","timestamp":"2026-05-24 05:38:20","userId":"6423823321"}
{"args":"","command":"/start","level":"info","message":"收到指令","service":"nas-bot","timestamp":"2026-05-24 05:38:20","userId":"6423823321"}
{"args":"容器","command":"系统","level":"info","message":"收到指令","service":"nas-bot","timestamp":"2026-05-24 05:38:20","userId":"6423823321"}
{"level":"info","message":"获取容器列表","service":"nas-bot","timestamp":"2026-05-24 05:38:20"}
{"args":"状态","command":"股票","level":"info","message":"收到指令","service":"nas-bot","timestamp":"2026-05-24 05:38:20","userId":"6423823321"}
{"args":"开启","command":"股票","level":"info","message":"收到指令","service":"nas-bot","timestamp":"2026-05-24 05:38:20","userId":"6423823321"}
{"args":"链接","command":"股票","level":"info","message":"收到指令","service":"nas-bot","timestamp":"2026-05-24 05:38:20","userId":"6423823321"}
{"args":"检测","command":"股票","level":"info","message":"收到指令","service":"nas-bot","timestamp":"2026-05-24 05:38:20","userId":"6423823321"}
{"args":"状态","command":"系统","level":"info","message":"收到指令","service":"nas-bot","timestamp":"2026-05-24 05:38:20","userId":"6423823321"}
{"count":10,"level":"warn","message":"触发限流","service":"nas-bot","timestamp":"2026-05-24 05:38:20","userId":"6423823321"}
{"args":"关闭","command":"ai","level":"info","message":"收到指令","service":"nas-bot","timestamp":"2026-05-24 05:38:20","userId":"6423823321"}
{"count":10,"level":"warn","message":"触发限流","service":"nas-bot","timestamp":"2026-05-24 05:38:20","userId":"6423823321"}
{"args":"状态","command":"系统","level":"info","message":"收到指令","service":"nas-bot","timestamp":"2026-05-24 05:38:20","userId":"6423823321"}
{"count":10,"level":"warn","message":"触发限流","service":"nas-bot","timestamp":"2026-05-24 05:38:20","userId":"6423823321"}
{"args":"状态","command":"系统","level":"info","message":"收到指令","service":"nas-bot","timestamp":"2026-05-24 05:38:20","userId":"6423823321"}
{"count":10,"level":"warn","message":"触发限流","service":"nas-bot","timestamp":"2026-05-24 05:38:20","userId":"6423823321"}
{"args":"状态","command":"股票","level":"info","message":"收到指令","service":"nas-bot","timestamp":"2026-05-24 05:38:20","userId":"6423823321"}
{"count":10,"level":"warn","message":"触发限流","service":"nas-bot","timestamp":"2026-05-24 05:38:20","userId":"6423823321"}
{"args":"","command":"帮助","level":"info","message":"收到指令","service":"nas-bot","timestamp":"2026-05-24 05:38:20","userId":"6423823321"}
{"count":10,"level":"warn","message":"触发限流","service":"nas-bot","timestamp":"2026-05-24 05:38:20","userId":"6423823321"}
{"args":"","command":"股票状态","level":"info","message":"收到指令","service":"nas-bot","timestamp":"2026-05-24 05:38:20","userId":"6423823321"}
{"count":10,"level":"warn","message":"触发限流","service":"nas-bot","timestamp":"2026-05-24 05:38:20","userId":"6423823321"}
{"args":"","command":"帮助","level":"info","message":"收到指令","service":"nas-bot","timestamp":"2026-05-24 05:38:20","userId":"6423823321"}
{"count":10,"level":"warn","message":"触发限流","service":"nas-bot","timestamp":"2026-05-24 05:38:20","userId":"6423823321"}
{"args":"docker restart nas-bot","command":"exec","level":"info","message":"收到指令","service":"nas-bot","timestamp":"2026-05-24 05:38:20","userId":"6423823321"}
{"count":10,"level":"warn","message":"触发限流","service":"nas-bot","timestamp":"2026-05-24 05:38:20","userId":"6423823321"}
{"args":"状态","command":"股票","level":"info","message":"收到指令","service":"nas-bot","timestamp":"2026-05-24 05:38:20","userId":"6423823321"}
{"count":10,"level":"warn","message":"触发限流","service":"nas-bot","timestamp":"2026-05-24 05:38:20","userId":"6423823321"}
{"level":"info","message":"IOC容器构建完成","service":"nas-bot","timestamp":"2026-05-24 05:38:21"}
{"alertInterval":"每5分钟","level":"info","message":"定时调度器启动","service":"nas-bot","summaryTime":"15:35","timestamp":"2026-05-24 05:38:21"}
{"level":"info","message":"Bot启动","service":"nas-bot","timestamp":"2026-05-24 05:38:21"}
{"level":"info","message":"NAS Bot 已启动 🚀","service":"nas-bot","timestamp":"2026-05-24 05:38:22"}
{"args":"docker restart nas-bot","command":"exec","level":"info","message":"收到指令","service":"nas-bot","timestamp":"2026-05-24 05:38:22","userId":"6423823321"}
{"level":"info","message":"IOC容器构建完成","service":"nas-bot","timestamp":"2026-05-24 05:38:34"}
{"alertInterval":"每5分钟","level":"info","message":"定时调度器启动","service":"nas-bot","summaryTime":"15:35","timestamp":"2026-05-24 05:38:34"}
{"level":"info","message":"Bot启动","service":"nas-bot","timestamp":"2026-05-24 05:38:34"}
{"level":"info","message":"NAS Bot 已启动 🚀","service":"nas-bot","timestamp":"2026-05-24 05:38:34"}
{"error":"","level":"error","message":"Telegram请求失败","method":"getUpdates","service":"nas-bot","timestamp":"2026-05-24 05:38:34"}
{"error":"","level":"error","message":"Telegram请求失败","method":"getUpdates","service":"nas-bot","timestamp":"2026-05-24 05:38:35"}
{"error":"","level":"error","message":"Telegram请求失败","method":"getUpdates","service":"nas-bot","timestamp":"2026-05-24 05:38:37"}
{"error":"","level":"error","message":"Telegram请求失败","method":"getUpdates","service":"nas-bot","timestamp":"2026-05-24 05:38:38"}
{"error":"","level":"error","message":"Telegram请求失败","method":"getUpdates","service":"nas-bot","timestamp":"2026-05-24 05:38:39"}
{"error":"","level":"error","message":"Telegram请求失败","method":"getUpdates","service":"nas-bot","timestamp":"2026-05-24 05:38:41"}
{"args":"docker restart nas-bot","command":"exec","level":"info","message":"收到指令","service":"nas-bot","timestamp":"2026-05-24 05:38:42","userId":"6423823321"}
{"cmd":"docker restart nas-bot","level":"info","message":"执行命令","service":"nas-bot","timestamp":"2026-05-24 05:38:42"}
{"cmd":"docker restart nas-bot","error":"spawnSync /bin/sh ETIMEDOUT","level":"error","message":"Docker命令执行失败","service":"nas-bot","timestamp":"2026-05-24 05:38:52"}
{"args":"ls /bin/","command":"exec","level":"info","message":"收到指令","service":"nas-bot","timestamp":"2026-05-24 05:38:52","userId":"6423823321"}
{"cmd":"ls /bin/","level":"info","message":"执行命令","service":"nas-bot","timestamp":"2026-05-24 05:38:52"}
{"args":"node -e \"require('child_process').execSync('ls /bin/sh').toString()\"","command":"exec","level":"info","message":"收到指令","service":"nas-bot","timestamp":"2026-05-24 05:38:52","userId":"6423823321"}
{"cmd":"node -e \"require('child_process').execSync('ls /bin/sh').toString()\"","level":"info","message":"执行命令","service":"nas-bot","timestamp":"2026-05-24 05:38:52"}
{"args":"状态","command":"股票","level":"info","message":"收到指令","service":"nas-bot","timestamp":"2026-05-24 05:38:52","userId":"6423823321"}
{"args":"","command":"/start","level":"info","message":"收到指令","service":"nas-bot","timestamp":"2026-05-24 05:38:52","userId":"6423823321"}
{"args":"容器","command":"系统","level":"info","message":"收到指令","service":"nas-bot","timestamp":"2026-05-24 05:38:52","userId":"6423823321"}
{"level":"info","message":"获取容器列表","service":"nas-bot","timestamp":"2026-05-24 05:38:52"}
{"args":"状态","command":"股票","level":"info","message":"收到指令","service":"nas-bot","timestamp":"2026-05-24 05:38:52","userId":"6423823321"}
{"args":"开启","command":"股票","level":"info","message":"收到指令","service":"nas-bot","timestamp":"2026-05-24 05:38:52","userId":"6423823321"}
{"args":"链接","command":"股票","level":"info","message":"收到指令","service":"nas-bot","timestamp":"2026-05-24 05:38:52","userId":"6423823321"}
{"args":"检测","command":"股票","level":"info","message":"收到指令","service":"nas-bot","timestamp":"2026-05-24 05:38:52","userId":"6423823321"}
{"args":"状态","command":"系统","level":"info","message":"收到指令","service":"nas-bot","timestamp":"2026-05-24 05:38:52","userId":"6423823321"}
{"count":10,"level":"warn","message":"触发限流","service":"nas-bot","timestamp":"2026-05-24 05:38:52","userId":"6423823321"}
{"args":"关闭","command":"ai","level":"info","message":"收到指令","service":"nas-bot","timestamp":"2026-05-24 05:38:53","userId":"6423823321"}
{"count":10,"level":"warn","message":"触发限流","service":"nas-bot","timestamp":"2026-05-24 05:38:53","userId":"6423823321"}
{"args":"状态","command":"系统","level":"info","message":"收到指令","service":"nas-bot","timestamp":"2026-05-24 05:38:53","userId":"6423823321"}
{"count":10,"level":"warn","message":"触发限流","service":"nas-bot","timestamp":"2026-05-24 05:38:53","userId":"6423823321"}
{"args":"状态","command":"系统","level":"info","message":"收到指令","service":"nas-bot","timestamp":"2026-05-24 05:38:53","userId":"6423823321"}
{"count":10,"level":"warn","message":"触发限流","service":"nas-bot","timestamp":"2026-05-24 05:38:53","userId":"6423823321"}
{"args":"状态","command":"股票","level":"info","message":"收到指令","service":"nas-bot","timestamp":"2026-05-24 05:38:53","userId":"6423823321"}
{"count":10,"level":"warn","message":"触发限流","service":"nas-bot","timestamp":"2026-05-24 05:38:53","userId":"6423823321"}
{"args":"","command":"帮助","level":"info","message":"收到指令","service":"nas-bot","timestamp":"2026-05-24 05:38:53","userId":"6423823321"}
{"count":10,"level":"warn","message":"触发限流","service":"nas-bot","timestamp":"2026-05-24 05:38:53","userId":"6423823321"}
{"args":"","command":"股票状态","level":"info","message":"收到指令","service":"nas-bot","timestamp":"2026-05-24 05:38:53","userId":"6423823321"}
{"count":10,"level":"warn","message":"触发限流","service":"nas-bot","timestamp":"2026-05-24 05:38:53","userId":"6423823321"}
{"args":"","command":"帮助","level":"info","message":"收到指令","service":"nas-bot","timestamp":"2026-05-24 05:38:53","userId":"6423823321"}
{"count":10,"level":"warn","message":"触发限流","service":"nas-bot","timestamp":"2026-05-24 05:38:53","userId":"6423823321"}
{"args":"docker restart nas-bot","command":"exec","level":"info","message":"收到指令","service":"nas-bot","timestamp":"2026-05-24 05:38:53","userId":"6423823321"}
{"count":10,"level":"warn","message":"触发限流","service":"nas-bot","timestamp":"2026-05-24 05:38:53","userId":"6423823321"}
{"args":"状态","command":"股票","level":"info","message":"收到指令","service":"nas-bot","timestamp":"2026-05-24 05:38:53","userId":"6423823321"}
{"count":10,"level":"warn","message":"触发限流","service":"nas-bot","timestamp":"2026-05-24 05:38:53","userId":"6423823321"}
{"level":"info","message":"IOC容器构建完成","service":"nas-bot","timestamp":"2026-05-24 05:38:54"}
{"alertInterval":"每5分钟","level":"info","message":"定时调度器启动","service":"nas-bot","summaryTime":"15:35","timestamp":"2026-05-24 05:38:54"}
{"level":"info","message":"Bot启动","service":"nas-bot","timestamp":"2026-05-24 05:38:54"}
{"level":"info","message":"NAS Bot 已启动 🚀","service":"nas-bot","timestamp":"2026-05-24 05:38:54"}
{"args":"docker restart nas-bot","command":"exec","level":"info","message":"收到指令","service":"nas-bot","timestamp":"2026-05-24 05:38:55","userId":"6423823321"}
{"level":"info","message":"IOC容器构建完成","service":"nas-bot","timestamp":"2026-05-24 05:39:06"}
{"alertInterval":"每5分钟","level":"info","message":"定时调度器启动","service":"nas-bot","summaryTime":"15:35","timestamp":"2026-05-24 05:39:06"}
{"level":"info","message":"Bot启动","service":"nas-bot","timestamp":"2026-05-24 05:39:06"}
{"level":"info","message":"NAS Bot 已启动 🚀","service":"nas-bot","timestamp":"2026-05-24 05:39:06"}
{"error":"","level":"error","message":"Telegram请求失败","method":"getUpdates","service":"nas-bot","timestamp":"2026-05-24 05:39:07"}
{"args":"docker restart nas-bot","command":"exec","level":"info","message":"收到指令","service":"nas-bot","timestamp":"2026-05-24 05:39:08","userId":"6423823321"}
{"cmd":"docker restart nas-bot","level":"info","message":"执行命令","service":"nas-bot","timestamp":"2026-05-24 05:39:08"}
{"cmd":"docker restart nas-bot","error":"spawnSync /bin/sh ETIMEDOUT","level":"error","message":"Docker命令执行失败","service":"nas-bot","timestamp":"2026-05-24 05:39:18"}
{"args":"ls /bin/","command":"exec","level":"info","message":"收到指令","service":"nas-bot","timestamp":"2026-05-24 05:39:18","userId":"6423823321"}
{"cmd":"ls /bin/","level":"info","message":"执行命令","service":"nas-bot","timestamp":"2026-05-24 05:39:18"}
{"args":"node -e \"require('child_process').execSync('ls /bin/sh').toString()\"","command":"exec","level":"info","message":"收到指令","service":"nas-bot","timestamp":"2026-05-24 05:39:18","userId":"6423823321"}
{"cmd":"node -e \"require('child_process').execSync('ls /bin/sh').toString()\"","level":"info","message":"执行命令","service":"nas-bot","timestamp":"2026-05-24 05:39:18"}
{"args":"状态","command":"股票","level":"info","message":"收到指令","service":"nas-bot","timestamp":"2026-05-24 05:39:19","userId":"6423823321"}
{"args":"","command":"/start","level":"info","message":"收到指令","service":"nas-bot","timestamp":"2026-05-24 05:39:19","userId":"6423823321"}
{"args":"容器","command":"系统","level":"info","message":"收到指令","service":"nas-bot","timestamp":"2026-05-24 05:39:19","userId":"6423823321"}
{"level":"info","message":"获取容器列表","service":"nas-bot","timestamp":"2026-05-24 05:39:19"}
{"args":"状态","command":"股票","level":"info","message":"收到指令","service":"nas-bot","timestamp":"2026-05-24 05:39:19","userId":"6423823321"}
{"args":"开启","command":"股票","level":"info","message":"收到指令","service":"nas-bot","timestamp":"2026-05-24 05:39:19","userId":"6423823321"}
{"args":"链接","command":"股票","level":"info","message":"收到指令","service":"nas-bot","timestamp":"2026-05-24 05:39:19","userId":"6423823321"}
{"args":"检测","command":"股票","level":"info","message":"收到指令","service":"nas-bot","timestamp":"2026-05-24 05:39:19","userId":"6423823321"}
{"args":"状态","command":"系统","level":"info","message":"收到指令","service":"nas-bot","timestamp":"2026-05-24 05:39:19","userId":"6423823321"}
{"count":10,"level":"warn","message":"触发限流","service":"nas-bot","timestamp":"2026-05-24 05:39:19","userId":"6423823321"}
{"args":"关闭","command":"ai","level":"info","message":"收到指令","service":"nas-bot","timestamp":"2026-05-24 05:39:19","userId":"6423823321"}
{"count":10,"level":"warn","message":"触发限流","service":"nas-bot","timestamp":"2026-05-24 05:39:19","userId":"6423823321"}
{"args":"状态","command":"系统","level":"info","message":"收到指令","service":"nas-bot","timestamp":"2026-05-24 05:39:19","userId":"6423823321"}
{"count":10,"level":"warn","message":"触发限流","service":"nas-bot","timestamp":"2026-05-24 05:39:19","userId":"6423823321"}
{"args":"状态","command":"系统","level":"info","message":"收到指令","service":"nas-bot","timestamp":"2026-05-24 05:39:19","userId":"6423823321"}
{"count":10,"level":"warn","message":"触发限流","service":"nas-bot","timestamp":"2026-05-24 05:39:19","userId":"6423823321"}
{"args":"状态","command":"股票","level":"info","message":"收到指令","service":"nas-bot","timestamp":"2026-05-24 05:39:19","userId":"6423823321"}
{"count":10,"level":"warn","message":"触发限流","service":"nas-bot","timestamp":"2026-05-24 05:39:19","userId":"6423823321"}
{"args":"","command":"帮助","level":"info","message":"收到指令","service":"nas-bot","timestamp":"2026-05-24 05:39:19","userId":"6423823321"}
{"count":10,"level":"warn","message":"触发限流","service":"nas-bot","timestamp":"2026-05-24 05:39:19","userId":"6423823321"}
{"args":"","command":"股票状态","level":"info","message":"收到指令","service":"nas-bot","timestamp":"2026-05-24 05:39:19","userId":"6423823321"}
{"count":10,"level":"warn","message":"触发限流","service":"nas-bot","timestamp":"2026-05-24 05:39:19","userId":"6423823321"}
{"args":"","command":"帮助","level":"info","message":"收到指令","service":"nas-bot","timestamp":"2026-05-24 05:39:19","userId":"6423823321"}
{"count":10,"level":"warn","message":"触发限流","service":"nas-bot","timestamp":"2026-05-24 05:39:19","userId":"6423823321"}
{"args":"docker restart nas-bot","command":"exec","level":"info","message":"收到指令","service":"nas-bot","timestamp":"2026-05-24 05:39:19","userId":"6423823321"}
{"count":10,"level":"warn","message":"触发限流","service":"nas-bot","timestamp":"2026-05-24 05:39:19","userId":"6423823321"}
{"args":"状态","command":"股票","level":"info","message":"收到指令","service":"nas-bot","timestamp":"2026-05-24 05:39:19","userId":"6423823321"}
{"count":10,"level":"warn","message":"触发限流","service":"nas-bot","timestamp":"2026-05-24 05:39:19","userId":"6423823321"}
{"level":"info","message":"IOC容器构建完成","service":"nas-bot","timestamp":"2026-05-24 05:39:20"}
{"alertInterval":"每5分钟","level":"info","message":"定时调度器启动","service":"nas-bot","summaryTime":"15:35","timestamp":"2026-05-24 05:39:20"}
{"level":"info","message":"Bot启动","service":"nas-bot","timestamp":"2026-05-24 05:39:20"}
{"level":"info","message":"NAS Bot 已启动 🚀","service":"nas-bot","timestamp":"2026-05-24 05:39:20"}
{"args":"docker restart nas-bot","command":"exec","level":"info","message":"收到指令","service":"nas-bot","timestamp":"2026-05-24 05:39:21","userId":"6423823321"}
{"level":"info","message":"IOC容器构建完成","service":"nas-bot","timestamp":"2026-05-24 05:39:32"}
{"alertInterval":"每5分钟","level":"info","message":"定时调度器启动","service":"nas-bot","summaryTime":"15:35","timestamp":"2026-05-24 05:39:32"}
{"level":"info","message":"Bot启动","service":"nas-bot","timestamp":"2026-05-24 05:39:32"}
{"level":"info","message":"NAS Bot 已启动 🚀","service":"nas-bot","timestamp":"2026-05-24 05:39:32"}
{"error":"","level":"error","message":"Telegram请求失败","method":"getUpdates","service":"nas-bot","timestamp":"2026-05-24 05:39:33"}
{"error":"","level":"error","message":"Telegram请求失败","method":"getUpdates","service":"nas-bot","timestamp":"2026-05-24 05:39:34"}
{"error":"","level":"error","message":"Telegram请求失败","method":"getUpdates","service":"nas-bot","timestamp":"2026-05-24 05:39:35"}
{"args":"docker restart nas-bot","command":"exec","level":"info","message":"收到指令","service":"nas-bot","timestamp":"2026-05-24 05:39:37","userId":"6423823321"}
{"level":"info","message":"IOC容器构建完成","service":"nas-bot","timestamp":"2026-05-24 05:39:48"}
{"alertInterval":"每5分钟","level":"info","message":"定时调度器启动","service":"nas-bot","summaryTime":"15:35","timestamp":"2026-05-24 05:39:48"}
{"level":"info","message":"Bot启动","service":"nas-bot","timestamp":"2026-05-24 05:39:48"}
{"level":"info","message":"NAS Bot 已启动 🚀","service":"nas-bot","timestamp":"2026-05-24 05:39:49"}
{"args":"docker restart nas-bot","command":"exec","level":"info","message":"收到指令","service":"nas-bot","timestamp":"2026-05-24 05:39:49","userId":"6423823321"}
{"level":"info","message":"IOC容器构建完成","service":"nas-bot","timestamp":"2026-05-24 05:40:01"}
{"alertInterval":"每5分钟","level":"info","message":"定时调度器启动","service":"nas-bot","summaryTime":"15:35","timestamp":"2026-05-24 05:40:01"}
{"level":"info","message":"Bot启动","service":"nas-bot","timestamp":"2026-05-24 05:40:01"}
{"level":"info","message":"NAS Bot 已启动 🚀","service":"nas-bot","timestamp":"2026-05-24 05:40:02"}
{"args":"docker restart nas-bot","command":"exec","level":"info","message":"收到指令","service":"nas-bot","timestamp":"2026-05-24 05:40:02","userId":"6423823321"}
{"level":"info","message":"IOC容器构建完成","service":"nas-bot","timestamp":"2026-05-24 05:40:14"}
{"alertInterval":"每5分钟","level":"info","message":"定时调度器启动","service":"nas-bot","summaryTime":"15:35","timestamp":"2026-05-24 05:40:14"}
{"level":"info","message":"Bot启动","service":"nas-bot","timestamp":"2026-05-24 05:40:14"}
{"level":"info","message":"NAS Bot 已启动 🚀","service":"nas-bot","timestamp":"2026-05-24 05:40:14"}
{"error":"","level":"error","message":"Telegram请求失败","method":"getUpdates","service":"nas-bot","timestamp":"2026-05-24 05:40:14"}
{"error":"","level":"error","message":"Telegram请求失败","method":"getUpdates","service":"nas-bot","timestamp":"2026-05-24 05:40:15"}
{"error":"","level":"error","message":"Telegram请求失败","method":"getUpdates","service":"nas-bot","timestamp":"2026-05-24 05:40:17"}
{"error":"","level":"error","message":"Telegram请求失败","method":"getUpdates","service":"nas-bot","timestamp":"2026-05-24 05:40:18"}
{"error":"","level":"error","message":"Telegram请求失败","method":"getUpdates","service":"nas-bot","timestamp":"2026-05-24 05:40:19"}
{"error":"","level":"error","message":"Telegram请求失败","method":"getUpdates","service":"nas-bot","timestamp":"2026-05-24 05:40:20"}
{"error":"","level":"error","message":"Telegram请求失败","method":"getUpdates","service":"nas-bot","timestamp":"2026-05-24 05:40:22"}
{"error":"","level":"error","message":"Telegram请求失败","method":"getUpdates","service":"nas-bot","timestamp":"2026-05-24 05:40:23"}
{"error":"","level":"error","message":"Telegram请求失败","method":"getUpdates","service":"nas-bot","timestamp":"2026-05-24 05:40:24"}
{"error":"","level":"error","message":"Telegram请求失败","method":"getUpdates","service":"nas-bot","timestamp":"2026-05-24 05:40:25"}
{"error":"","level":"error","message":"Telegram请求失败","method":"getUpdates","service":"nas-bot","timestamp":"2026-05-24 05:40:27"}
{"error":"","level":"error","message":"Telegram请求失败","method":"getUpdates","service":"nas-bot","timestamp":"2026-05-24 05:40:28"}
{"error":"","level":"error","message":"Telegram请求失败","method":"getUpdates","service":"nas-bot","timestamp":"2026-05-24 05:40:29"}
{"args":"docker restart nas-bot","command":"exec","level":"info","message":"收到指令","service":"nas-bot","timestamp":"2026-05-24 05:40:31","userId":"6423823321"}
{"level":"info","message":"IOC容器构建完成","service":"nas-bot","timestamp":"2026-05-24 05:40:42"}
{"alertInterval":"每5分钟","level":"info","message":"定时调度器启动","service":"nas-bot","summaryTime":"15:35","timestamp":"2026-05-24 05:40:42"}
{"level":"info","message":"Bot启动","service":"nas-bot","timestamp":"2026-05-24 05:40:42"}
{"level":"info","message":"NAS Bot 已启动 🚀","service":"nas-bot","timestamp":"2026-05-24 05:40:42"}
{"error":"","level":"error","message":"Telegram请求失败","method":"getUpdates","service":"nas-bot","timestamp":"2026-05-24 05:40:43"}
{"error":"","level":"error","message":"Telegram请求失败","method":"getUpdates","service":"nas-bot","timestamp":"2026-05-24 05:40:44"}
{"args":"docker restart nas-bot","command":"exec","level":"info","message":"收到指令","service":"nas-bot","timestamp":"2026-05-24 05:40:46","userId":"6423823321"}
{"cmd":"docker restart nas-bot","level":"info","message":"执行命令","service":"nas-bot","timestamp":"2026-05-24 05:40:46"}
{"cmd":"docker restart nas-bot","error":"spawnSync /bin/sh ETIMEDOUT","level":"error","message":"Docker命令执行失败","service":"nas-bot","timestamp":"2026-05-24 05:40:56"}
{"args":"ls /bin/","command":"exec","level":"info","message":"收到指令","service":"nas-bot","timestamp":"2026-05-24 05:40:56","userId":"6423823321"}
{"cmd":"ls /bin/","level":"info","message":"执行命令","service":"nas-bot","timestamp":"2026-05-24 05:40:56"}
{"args":"node -e \"require('child_process').execSync('ls /bin/sh').toString()\"","command":"exec","level":"info","message":"收到指令","service":"nas-bot","timestamp":"2026-05-24 05:40:56","userId":"6423823321"}
{"cmd":"node -e \"require('child_process').execSync('ls /bin/sh').toString()\"","level":"info","message":"执行命令","service":"nas-bot","timestamp":"2026-05-24 05:40:56"}
{"args":"状态","command":"股票","level":"info","message":"收到指令","service":"nas-bot","timestamp":"2026-05-24 05:40:56","userId":"6423823321"}
{"args":"","command":"/start","level":"info","message":"收到指令","service":"nas-bot","timestamp":"2026-05-24 05:40:56","userId":"6423823321"}
{"args":"容器","command":"系统","level":"info","message":"收到指令","service":"nas-bot","timestamp":"2026-05-24 05:40:56","userId":"6423823321"}
{"level":"info","message":"获取容器列表","service":"nas-bot","timestamp":"2026-05-24 05:40:56"}
{"args":"状态","command":"股票","level":"info","message":"收到指令","service":"nas-bot","timestamp":"2026-05-24 05:40:56","userId":"6423823321"}
{"args":"开启","command":"股票","level":"info","message":"收到指令","service":"nas-bot","timestamp":"2026-05-24 05:40:56","userId":"6423823321"}
{"args":"链接","command":"股票","level":"info","message":"收到指令","service":"nas-bot","timestamp":"2026-05-24 05:40:56","userId":"6423823321"}
{"args":"检测","command":"股票","level":"info","message":"收到指令","service":"nas-bot","timestamp":"2026-05-24 05:40:56","userId":"6423823321"}
{"args":"状态","command":"系统","level":"info","message":"收到指令","service":"nas-bot","timestamp":"2026-05-24 05:40:56","userId":"6423823321"}
{"count":10,"level":"warn","message":"触发限流","service":"nas-bot","timestamp":"2026-05-24 05:40:56","userId":"6423823321"}
{"args":"关闭","command":"ai","level":"info","message":"收到指令","service":"nas-bot","timestamp":"2026-05-24 05:40:56","userId":"6423823321"}
{"count":10,"level":"warn","message":"触发限流","service":"nas-bot","timestamp":"2026-05-24 05:40:56","userId":"6423823321"}
{"args":"状态","command":"系统","level":"info","message":"收到指令","service":"nas-bot","timestamp":"2026-05-24 05:40:56","userId":"6423823321"}
{"count":10,"level":"warn","message":"触发限流","service":"nas-bot","timestamp":"2026-05-24 05:40:56","userId":"6423823321"}
{"args":"状态","command":"系统","level":"info","message":"收到指令","service":"nas-bot","timestamp":"2026-05-24 05:40:56","userId":"6423823321"}
{"count":10,"level":"warn","message":"触发限流","service":"nas-bot","timestamp":"2026-05-24 05:40:56","userId":"6423823321"}
{"args":"状态","command":"股票","level":"info","message":"收到指令","service":"nas-bot","timestamp":"2026-05-24 05:40:56","userId":"6423823321"}
{"count":10,"level":"warn","message":"触发限流","service":"nas-bot","timestamp":"2026-05-24 05:40:56","userId":"6423823321"}
{"args":"","command":"帮助","level":"info","message":"收到指令","service":"nas-bot","timestamp":"2026-05-24 05:40:56","userId":"6423823321"}
{"count":10,"level":"warn","message":"触发限流","service":"nas-bot","timestamp":"2026-05-24 05:40:56","userId":"6423823321"}
{"args":"","command":"股票状态","level":"info","message":"收到指令","service":"nas-bot","timestamp":"2026-05-24 05:40:56","userId":"6423823321"}
{"count":10,"level":"warn","message":"触发限流","service":"nas-bot","timestamp":"2026-05-24 05:40:56","userId":"6423823321"}
{"args":"","command":"帮助","level":"info","message":"收到指令","service":"nas-bot","timestamp":"2026-05-24 05:40:56","userId":"6423823321"}
{"count":10,"level":"warn","message":"触发限流","service":"nas-bot","timestamp":"2026-05-24 05:40:56","userId":"6423823321"}
{"args":"docker restart nas-bot","command":"exec","level":"info","message":"收到指令","service":"nas-bot","timestamp":"2026-05-24 05:40:56","userId":"6423823321"}
{"count":10,"level":"warn","message":"触发限流","service":"nas-bot","timestamp":"2026-05-24 05:40:56","userId":"6423823321"}
{"args":"状态","command":"股票","level":"info","message":"收到指令","service":"nas-bot","timestamp":"2026-05-24 05:40:56","userId":"6423823321"}
{"count":10,"level":"warn","message":"触发限流","service":"nas-bot","timestamp":"2026-05-24 05:40:56","userId":"6423823321"}
{"level":"info","message":"IOC容器构建完成","service":"nas-bot","timestamp":"2026-05-24 05:40:57"}
{"alertInterval":"每5分钟","level":"info","message":"定时调度器启动","service":"nas-bot","summaryTime":"15:35","timestamp":"2026-05-24 05:40:57"}
{"level":"info","message":"Bot启动","service":"nas-bot","timestamp":"2026-05-24 05:40:57"}
{"level":"info","message":"NAS Bot 已启动 🚀","service":"nas-bot","timestamp":"2026-05-24 05:40:57"}
{"error":"","level":"error","message":"Telegram请求失败","method":"getUpdates","service":"nas-bot","timestamp":"2026-05-24 05:40:58"}
{"error":"","level":"error","message":"Telegram请求失败","method":"getUpdates","service":"nas-bot","timestamp":"2026-05-24 05:40:59"}
{"error":"","level":"error","message":"Telegram请求失败","method":"getUpdates","service":"nas-bot","timestamp":"2026-05-24 05:41:00"}
{"error":"","level":"error","message":"Telegram请求失败","method":"getUpdates","service":"nas-bot","timestamp":"2026-05-24 05:41:01"}
{"error":"","level":"error","message":"Telegram请求失败","method":"getUpdates","service":"nas-bot","timestamp":"2026-05-24 05:41:03"}
{"error":"","level":"error","message":"Telegram请求失败","method":"getUpdates","service":"nas-bot","timestamp":"2026-05-24 05:41:04"}
{"error":"","level":"error","message":"Telegram请求失败","method":"getUpdates","service":"nas-bot","timestamp":"2026-05-24 05:41:05"}
{"error":"","level":"error","message":"Telegram请求失败","method":"getUpdates","service":"nas-bot","timestamp":"2026-05-24 05:41:07"}
{"error":"","level":"error","message":"Telegram请求失败","method":"getUpdates","service":"nas-bot","timestamp":"2026-05-24 05:41:08"}
{"error":"","level":"error","message":"Telegram请求失败","method":"getUpdates","service":"nas-bot","timestamp":"2026-05-24 05:41:09"}
{"error":"","level":"error","message":"Telegram请求失败","method":"getUpdates","service":"nas-bot","timestamp":"2026-05-24 05:41:10"}
{"error":"","level":"error","message":"Telegram请求失败","method":"getUpdates","service":"nas-bot","timestamp":"2026-05-24 05:41:12"}
{"error":"","level":"error","message":"Telegram请求失败","method":"getUpdates","service":"nas-bot","timestamp":"2026-05-24 05:41:13"}
{"args":"docker restart nas-bot","command":"exec","level":"info","message":"收到指令","service":"nas-bot","timestamp":"2026-05-24 05:41:15","userId":"6423823321"}
{"level":"info","message":"IOC容器构建完成","service":"nas-bot","timestamp":"2026-05-24 05:41:26"}
{"alertInterval":"每5分钟","level":"info","message":"定时调度器启动","service":"nas-bot","summaryTime":"15:35","timestamp":"2026-05-24 05:41:26"}
{"level":"info","message":"Bot启动","service":"nas-bot","timestamp":"2026-05-24 05:41:26"}
{"level":"info","message":"NAS Bot 已启动 🚀","service":"nas-bot","timestamp":"2026-05-24 05:41:26"}
{"error":"","level":"error","message":"Telegram请求失败","method":"getUpdates","service":"nas-bot","timestamp":"2026-05-24 05:41:26"}
{"error":"","level":"error","message":"Telegram请求失败","method":"getUpdates","service":"nas-bot","timestamp":"2026-05-24 05:41:28"}
{"error":"","level":"error","message":"Telegram请求失败","method":"getUpdates","service":"nas-bot","timestamp":"2026-05-24 05:41:29"}
{"error":"","level":"error","message":"Telegram请求失败","method":"getUpdates","service":"nas-bot","timestamp":"2026-05-24 05:41:30"}
{"error":"","level":"error","message":"Telegram请求失败","method":"getUpdates","service":"nas-bot","timestamp":"2026-05-24 05:41:31"}
{"error":"","level":"error","message":"Telegram请求失败","method":"getUpdates","service":"nas-bot","timestamp":"2026-05-24 05:41:33"}
{"error":"","level":"error","message":"Telegram请求失败","method":"getUpdates","service":"nas-bot","timestamp":"2026-05-24 05:41:34"}
{"error":"","level":"error","message":"Telegram请求失败","method":"getUpdates","service":"nas-bot","timestamp":"2026-05-24 05:41:35"}
{"error":"","level":"error","message":"Telegram请求失败","method":"getUpdates","service":"nas-bot","timestamp":"2026-05-24 05:41:36"}
{"error":"","level":"error","message":"Telegram请求失败","method":"getUpdates","service":"nas-bot","timestamp":"2026-05-24 05:41:38"}
{"args":"docker restart nas-bot","command":"exec","level":"info","message":"收到指令","service":"nas-bot","timestamp":"2026-05-24 05:41:39","userId":"6423823321"}
{"level":"info","message":"IOC容器构建完成","service":"nas-bot","timestamp":"2026-05-24 05:41:51"}
{"alertInterval":"每5分钟","level":"info","message":"定时调度器启动","service":"nas-bot","summaryTime":"15:35","timestamp":"2026-05-24 05:41:51"}
{"level":"info","message":"Bot启动","service":"nas-bot","timestamp":"2026-05-24 05:41:51"}
{"level":"info","message":"NAS Bot 已启动 🚀","service":"nas-bot","timestamp":"2026-05-24 05:41:51"}
{"error":"","level":"error","message":"Telegram请求失败","method":"getUpdates","service":"nas-bot","timestamp":"2026-05-24 05:41:51"}
{"error":"","level":"error","message":"Telegram请求失败","method":"getUpdates","service":"nas-bot","timestamp":"2026-05-24 05:41:53"}
{"error":"","level":"error","message":"Telegram请求失败","method":"getUpdates","service":"nas-bot","timestamp":"2026-05-24 05:41:54"}
{"args":"docker restart nas-bot","command":"exec","level":"info","message":"收到指令","service":"nas-bot","timestamp":"2026-05-24 05:41:56","userId":"6423823321"}
{"level":"info","message":"IOC容器构建完成","service":"nas-bot","timestamp":"2026-05-24 05:42:07"}
{"alertInterval":"每5分钟","level":"info","message":"定时调度器启动","service":"nas-bot","summaryTime":"15:35","timestamp":"2026-05-24 05:42:07"}
{"level":"info","message":"Bot启动","service":"nas-bot","timestamp":"2026-05-24 05:42:07"}
{"level":"info","message":"NAS Bot 已启动 🚀","service":"nas-bot","timestamp":"2026-05-24 05:42:07"}
{"error":"","level":"error","message":"Telegram请求失败","method":"getUpdates","service":"nas-bot","timestamp":"2026-05-24 05:42:07"}
{"error":"","level":"error","message":"Telegram请求失败","method":"getUpdates","service":"nas-bot","timestamp":"2026-05-24 05:42:09"}
{"error":"","level":"error","message":"Telegram请求失败","method":"getUpdates","service":"nas-bot","timestamp":"2026-05-24 05:42:10"}
{"args":"docker restart nas-bot","command":"exec","level":"info","message":"收到指令","service":"nas-bot","timestamp":"2026-05-24 05:42:12","userId":"6423823321"}
{"level":"info","message":"IOC容器构建完成","service":"nas-bot","timestamp":"2026-05-24 05:42:23"}
{"alertInterval":"每5分钟","level":"info","message":"定时调度器启动","service":"nas-bot","summaryTime":"15:35","timestamp":"2026-05-24 05:42:23"}
{"level":"info","message":"Bot启动","service":"nas-bot","timestamp":"2026-05-24 05:42:23"}
{"level":"info","message":"NAS Bot 已启动 🚀","service":"nas-bot","timestamp":"2026-05-24 05:42:23"}
{"error":"","level":"error","message":"Telegram请求失败","method":"getUpdates","service":"nas-bot","timestamp":"2026-05-24 05:42:24"}
{"error":"","level":"error","message":"Telegram请求失败","method":"getUpdates","service":"nas-bot","timestamp":"2026-05-24 05:42:25"}
{"args":"docker restart nas-bot","command":"exec","level":"info","message":"收到指令","service":"nas-bot","timestamp":"2026-05-24 05:42:27","userId":"6423823321"}
{"level":"info","message":"IOC容器构建完成","service":"nas-bot","timestamp":"2026-05-24 05:42:38"}
{"alertInterval":"每5分钟","level":"info","message":"定时调度器启动","service":"nas-bot","summaryTime":"15:35","timestamp":"2026-05-24 05:42:38"}
{"level":"info","message":"Bot启动","service":"nas-bot","timestamp":"2026-05-24 05:42:38"}
{"level":"info","message":"NAS Bot 已启动 🚀","service":"nas-bot","timestamp":"2026-05-24 05:42:38"}
{"args":"docker restart nas-bot","command":"exec","level":"info","message":"收到指令","service":"nas-bot","timestamp":"2026-05-24 05:42:39","userId":"6423823321"}
{"level":"info","message":"IOC容器构建完成","service":"nas-bot","timestamp":"2026-05-24 05:42:50"}
{"alertInterval":"每5分钟","level":"info","message":"定时调度器启动","service":"nas-bot","summaryTime":"15:35","timestamp":"2026-05-24 05:42:50"}
{"level":"info","message":"Bot启动","service":"nas-bot","timestamp":"2026-05-24 05:42:51"}
{"level":"info","message":"NAS Bot 已启动 🚀","service":"nas-bot","timestamp":"2026-05-24 05:42:51"}
{"error":"","level":"error","message":"Telegram请求失败","method":"getUpdates","service":"nas-bot","timestamp":"2026-05-24 05:42:51"}
{"error":"","level":"error","message":"Telegram请求失败","method":"getUpdates","service":"nas-bot","timestamp":"2026-05-24 05:42:52"}
{"args":"docker restart nas-bot","command":"exec","level":"info","message":"收到指令","service":"nas-bot","timestamp":"2026-05-24 05:42:54","userId":"6423823321"}
{"level":"info","message":"IOC容器构建完成","service":"nas-bot","timestamp":"2026-05-24 05:43:05"}
{"alertInterval":"每5分钟","level":"info","message":"定时调度器启动","service":"nas-bot","summaryTime":"15:35","timestamp":"2026-05-24 05:43:05"}
{"level":"info","message":"Bot启动","service":"nas-bot","timestamp":"2026-05-24 05:43:05"}
{"level":"info","message":"NAS Bot 已启动 🚀","service":"nas-bot","timestamp":"2026-05-24 05:43:06"}
{"error":"","level":"error","message":"Telegram请求失败","method":"getUpdates","service":"nas-bot","timestamp":"2026-05-24 05:43:06"}
{"args":"docker restart nas-bot","command":"exec","level":"info","message":"收到指令","service":"nas-bot","timestamp":"2026-05-24 05:43:08","userId":"6423823321"}
{"level":"info","message":"IOC容器构建完成","service":"nas-bot","timestamp":"2026-05-24 05:43:19"}
{"alertInterval":"每5分钟","level":"info","message":"定时调度器启动","service":"nas-bot","summaryTime":"15:35","timestamp":"2026-05-24 05:43:19"}
{"level":"info","message":"Bot启动","service":"nas-bot","timestamp":"2026-05-24 05:43:19"}
{"level":"info","message":"NAS Bot 已启动 🚀","service":"nas-bot","timestamp":"2026-05-24 05:43:19"}
{"args":"docker restart nas-bot","command":"exec","level":"info","message":"收到指令","service":"nas-bot","timestamp":"2026-05-24 05:43:20","userId":"6423823321"}
{"level":"info","message":"IOC容器构建完成","service":"nas-bot","timestamp":"2026-05-24 05:43:31"}
{"alertInterval":"每5分钟","level":"info","message":"定时调度器启动","service":"nas-bot","summaryTime":"15:35","timestamp":"2026-05-24 05:43:31"}
{"level":"info","message":"Bot启动","service":"nas-bot","timestamp":"2026-05-24 05:43:31"}
{"level":"info","message":"NAS Bot 已启动 🚀","service":"nas-bot","timestamp":"2026-05-24 05:43:32"}
{"error":"","level":"error","message":"Telegram请求失败","method":"getUpdates","service":"nas-bot","timestamp":"2026-05-24 05:43:32"}
{"error":"","level":"error","message":"Telegram请求失败","method":"getUpdates","service":"nas-bot","timestamp":"2026-05-24 05:43:33"}
{"error":"","level":"error","message":"Telegram请求失败","method":"getUpdates","service":"nas-bot","timestamp":"2026-05-24 05:43:34"}
{"args":"docker restart nas-bot","command":"exec","level":"info","message":"收到指令","service":"nas-bot","timestamp":"2026-05-24 05:43:36","userId":"6423823321"}
{"level":"info","message":"IOC容器构建完成","service":"nas-bot","timestamp":"2026-05-24 05:43:48"}
{"alertInterval":"每5分钟","level":"info","message":"定时调度器启动","service":"nas-bot","summaryTime":"15:35","timestamp":"2026-05-24 05:43:48"}
{"level":"info","message":"Bot启动","service":"nas-bot","timestamp":"2026-05-24 05:43:48"}
{"level":"info","message":"NAS Bot 已启动 🚀","service":"nas-bot","timestamp":"2026-05-24 05:43:48"}
{"error":"","level":"error","message":"Telegram请求失败","method":"getUpdates","service":"nas-bot","timestamp":"2026-05-24 05:43:48"}
{"error":"","level":"error","message":"Telegram请求失败","method":"getUpdates","service":"nas-bot","timestamp":"2026-05-24 05:43:49"}
{"args":"docker restart nas-bot","command":"exec","level":"info","message":"收到指令","service":"nas-bot","timestamp":"2026-05-24 05:43:51","userId":"6423823321"}
{"level":"info","message":"IOC容器构建完成","service":"nas-bot","timestamp":"2026-05-24 05:44:03"}
{"alertInterval":"每5分钟","level":"info","message":"定时调度器启动","service":"nas-bot","summaryTime":"15:35","timestamp":"2026-05-24 05:44:03"}
{"level":"info","message":"Bot启动","service":"nas-bot","timestamp":"2026-05-24 05:44:03"}
{"level":"info","message":"NAS Bot 已启动 🚀","service":"nas-bot","timestamp":"2026-05-24 05:44:03"}
{"error":"","level":"error","message":"Telegram请求失败","method":"getUpdates","service":"nas-bot","timestamp":"2026-05-24 05:44:03"}
{"error":"","level":"error","message":"Telegram请求失败","method":"getUpdates","service":"nas-bot","timestamp":"2026-05-24 05:44:04"}
{"error":"","level":"error","message":"Telegram请求失败","method":"getUpdates","service":"nas-bot","timestamp":"2026-05-24 05:44:05"}
{"args":"docker restart nas-bot","command":"exec","level":"info","message":"收到指令","service":"nas-bot","timestamp":"2026-05-24 05:44:07","userId":"6423823321"}
{"cmd":"docker restart nas-bot","level":"info","message":"执行命令","service":"nas-bot","timestamp":"2026-05-24 05:44:07"}
{"cmd":"docker restart nas-bot","error":"spawnSync /bin/sh ETIMEDOUT","level":"error","message":"Docker命令执行失败","service":"nas-bot","timestamp":"2026-05-24 05:44:17"}
{"args":"ls /bin/","command":"exec","level":"info","message":"收到指令","service":"nas-bot","timestamp":"2026-05-24 05:44:17","userId":"6423823321"}
{"cmd":"ls /bin/","level":"info","message":"执行命令","service":"nas-bot","timestamp":"2026-05-24 05:44:17"}
{"args":"node -e \"require('child_process').execSync('ls /bin/sh').toString()\"","command":"exec","level":"info","message":"收到指令","service":"nas-bot","timestamp":"2026-05-24 05:44:17","userId":"6423823321"}
{"cmd":"node -e \"require('child_process').execSync('ls /bin/sh').toString()\"","level":"info","message":"执行命令","service":"nas-bot","timestamp":"2026-05-24 05:44:17"}
{"args":"状态","command":"股票","level":"info","message":"收到指令","service":"nas-bot","timestamp":"2026-05-24 05:44:17","userId":"6423823321"}
{"args":"","command":"/start","level":"info","message":"收到指令","service":"nas-bot","timestamp":"2026-05-24 05:44:17","userId":"6423823321"}
{"args":"容器","command":"系统","level":"info","message":"收到指令","service":"nas-bot","timestamp":"2026-05-24 05:44:17","userId":"6423823321"}
{"level":"info","message":"获取容器列表","service":"nas-bot","timestamp":"2026-05-24 05:44:17"}
{"args":"状态","command":"股票","level":"info","message":"收到指令","service":"nas-bot","timestamp":"2026-05-24 05:44:17","userId":"6423823321"}
{"args":"开启","command":"股票","level":"info","message":"收到指令","service":"nas-bot","timestamp":"2026-05-24 05:44:17","userId":"6423823321"}
{"args":"链接","command":"股票","level":"info","message":"收到指令","service":"nas-bot","timestamp":"2026-05-24 05:44:17","userId":"6423823321"}
{"args":"检测","command":"股票","level":"info","message":"收到指令","service":"nas-bot","timestamp":"2026-05-24 05:44:17","userId":"6423823321"}
{"args":"状态","command":"系统","level":"info","message":"收到指令","service":"nas-bot","timestamp":"2026-05-24 05:44:17","userId":"6423823321"}
{"count":10,"level":"warn","message":"触发限流","service":"nas-bot","timestamp":"2026-05-24 05:44:17","userId":"6423823321"}
{"args":"关闭","command":"ai","level":"info","message":"收到指令","service":"nas-bot","timestamp":"2026-05-24 05:44:17","userId":"6423823321"}
{"count":10,"level":"warn","message":"触发限流","service":"nas-bot","timestamp":"2026-05-24 05:44:17","userId":"6423823321"}
{"args":"状态","command":"系统","level":"info","message":"收到指令","service":"nas-bot","timestamp":"2026-05-24 05:44:17","userId":"6423823321"}
{"count":10,"level":"warn","message":"触发限流","service":"nas-bot","timestamp":"2026-05-24 05:44:17","userId":"6423823321"}
{"args":"状态","command":"系统","level":"info","message":"收到指令","service":"nas-bot","timestamp":"2026-05-24 05:44:17","userId":"6423823321"}
{"count":10,"level":"warn","message":"触发限流","service":"nas-bot","timestamp":"2026-05-24 05:44:17","userId":"6423823321"}
{"args":"状态","command":"股票","level":"info","message":"收到指令","service":"nas-bot","timestamp":"2026-05-24 05:44:17","userId":"6423823321"}
{"count":10,"level":"warn","message":"触发限流","service":"nas-bot","timestamp":"2026-05-24 05:44:17","userId":"6423823321"}
{"args":"","command":"帮助","level":"info","message":"收到指令","service":"nas-bot","timestamp":"2026-05-24 05:44:17","userId":"6423823321"}
{"count":10,"level":"warn","message":"触发限流","service":"nas-bot","timestamp":"2026-05-24 05:44:17","userId":"6423823321"}
{"args":"","command":"股票状态","level":"info","message":"收到指令","service":"nas-bot","timestamp":"2026-05-24 05:44:17","userId":"6423823321"}
{"count":10,"level":"warn","message":"触发限流","service":"nas-bot","timestamp":"2026-05-24 05:44:17","userId":"6423823321"}
{"args":"","command":"帮助","level":"info","message":"收到指令","service":"nas-bot","timestamp":"2026-05-24 05:44:17","userId":"6423823321"}
{"count":10,"level":"warn","message":"触发限流","service":"nas-bot","timestamp":"2026-05-24 05:44:17","userId":"6423823321"}
{"args":"docker restart nas-bot","command":"exec","level":"info","message":"收到指令","service":"nas-bot","timestamp":"2026-05-24 05:44:17","userId":"6423823321"}
{"count":10,"level":"warn","message":"触发限流","service":"nas-bot","timestamp":"2026-05-24 05:44:17","userId":"6423823321"}
{"args":"状态","command":"股票","level":"info","message":"收到指令","service":"nas-bot","timestamp":"2026-05-24 05:44:17","userId":"6423823321"}
{"count":10,"level":"warn","message":"触发限流","service":"nas-bot","timestamp":"2026-05-24 05:44:17","userId":"6423823321"}
{"level":"info","message":"IOC容器构建完成","service":"nas-bot","timestamp":"2026-05-24 05:44:19"}
{"alertInterval":"每5分钟","level":"info","message":"定时调度器启动","service":"nas-bot","summaryTime":"15:35","timestamp":"2026-05-24 05:44:19"}
{"level":"info","message":"Bot启动","service":"nas-bot","timestamp":"2026-05-24 05:44:19"}
{"level":"info","message":"NAS Bot 已启动 🚀","service":"nas-bot","timestamp":"2026-05-24 05:44:19"}
{"args":"docker restart nas-bot","command":"exec","level":"info","message":"收到指令","service":"nas-bot","timestamp":"2026-05-24 05:44:20","userId":"6423823321"}
{"level":"info","message":"IOC容器构建完成","service":"nas-bot","timestamp":"2026-05-24 05:44:31"}
{"alertInterval":"每5分钟","level":"info","message":"定时调度器启动","service":"nas-bot","summaryTime":"15:35","timestamp":"2026-05-24 05:44:31"}
{"level":"info","message":"Bot启动","service":"nas-bot","timestamp":"2026-05-24 05:44:31"}
{"level":"info","message":"NAS Bot 已启动 🚀","service":"nas-bot","timestamp":"2026-05-24 05:44:31"}
{"error":"","level":"error","message":"Telegram请求失败","method":"getUpdates","service":"nas-bot","timestamp":"2026-05-24 05:44:31"}
{"error":"","level":"error","message":"Telegram请求失败","method":"getUpdates","service":"nas-bot","timestamp":"2026-05-24 05:44:33"}
{"error":"","level":"error","message":"Telegram请求失败","method":"getUpdates","service":"nas-bot","timestamp":"2026-05-24 05:44:34"}
{"error":"","level":"error","message":"Telegram请求失败","method":"getUpdates","service":"nas-bot","timestamp":"2026-05-24 05:44:35"}
{"error":"","level":"error","message":"Telegram请求失败","method":"getUpdates","service":"nas-bot","timestamp":"2026-05-24 05:44:37"}
{"error":"","level":"error","message":"Telegram请求失败","method":"getUpdates","service":"nas-bot","timestamp":"2026-05-24 05:44:38"}
{"args":"docker restart nas-bot","command":"exec","level":"info","message":"收到指令","service":"nas-bot","timestamp":"2026-05-24 05:44:40","userId":"6423823321"}
{"cmd":"docker restart nas-bot","level":"info","message":"执行命令","service":"nas-bot","timestamp":"2026-05-24 05:44:40"}
{"cmd":"docker restart nas-bot","error":"spawnSync /bin/sh ETIMEDOUT","level":"error","message":"Docker命令执行失败","service":"nas-bot","timestamp":"2026-05-24 05:44:50"}
{"args":"ls /bin/","command":"exec","level":"info","message":"收到指令","service":"nas-bot","timestamp":"2026-05-24 05:44:50","userId":"6423823321"}
{"cmd":"ls /bin/","level":"info","message":"执行命令","service":"nas-bot","timestamp":"2026-05-24 05:44:50"}
{"args":"node -e \"require('child_process').execSync('ls /bin/sh').toString()\"","command":"exec","level":"info","message":"收到指令","service":"nas-bot","timestamp":"2026-05-24 05:44:50","userId":"6423823321"}
{"cmd":"node -e \"require('child_process').execSync('ls /bin/sh').toString()\"","level":"info","message":"执行命令","service":"nas-bot","timestamp":"2026-05-24 05:44:50"}
{"args":"状态","command":"股票","level":"info","message":"收到指令","service":"nas-bot","timestamp":"2026-05-24 05:44:50","userId":"6423823321"}
{"args":"","command":"/start","level":"info","message":"收到指令","service":"nas-bot","timestamp":"2026-05-24 05:44:50","userId":"6423823321"}
{"args":"容器","command":"系统","level":"info","message":"收到指令","service":"nas-bot","timestamp":"2026-05-24 05:44:50","userId":"6423823321"}
{"level":"info","message":"获取容器列表","service":"nas-bot","timestamp":"2026-05-24 05:44:50"}
{"args":"状态","command":"股票","level":"info","message":"收到指令","service":"nas-bot","timestamp":"2026-05-24 05:44:50","userId":"6423823321"}
{"args":"开启","command":"股票","level":"info","message":"收到指令","service":"nas-bot","timestamp":"2026-05-24 05:44:50","userId":"6423823321"}
{"args":"链接","command":"股票","level":"info","message":"收到指令","service":"nas-bot","timestamp":"2026-05-24 05:44:50","userId":"6423823321"}
{"args":"检测","command":"股票","level":"info","message":"收到指令","service":"nas-bot","timestamp":"2026-05-24 05:44:50","userId":"6423823321"}
{"args":"状态","command":"系统","level":"info","message":"收到指令","service":"nas-bot","timestamp":"2026-05-24 05:44:50","userId":"6423823321"}
{"count":10,"level":"warn","message":"触发限流","service":"nas-bot","timestamp":"2026-05-24 05:44:50","userId":"6423823321"}
{"args":"关闭","command":"ai","level":"info","message":"收到指令","service":"nas-bot","timestamp":"2026-05-24 05:44:50","userId":"6423823321"}
{"count":10,"level":"warn","message":"触发限流","service":"nas-bot","timestamp":"2026-05-24 05:44:50","userId":"6423823321"}
{"args":"状态","command":"系统","level":"info","message":"收到指令","service":"nas-bot","timestamp":"2026-05-24 05:44:50","userId":"6423823321"}
{"count":10,"level":"warn","message":"触发限流","service":"nas-bot","timestamp":"2026-05-24 05:44:50","userId":"6423823321"}
{"args":"状态","command":"系统","level":"info","message":"收到指令","service":"nas-bot","timestamp":"2026-05-24 05:44:50","userId":"6423823321"}
{"count":10,"level":"warn","message":"触发限流","service":"nas-bot","timestamp":"2026-05-24 05:44:50","userId":"6423823321"}
{"args":"状态","command":"股票","level":"info","message":"收到指令","service":"nas-bot","timestamp":"2026-05-24 05:44:50","userId":"6423823321"}
{"count":10,"level":"warn","message":"触发限流","service":"nas-bot","timestamp":"2026-05-24 05:44:50","userId":"6423823321"}
{"args":"","command":"帮助","level":"info","message":"收到指令","service":"nas-bot","timestamp":"2026-05-24 05:44:50","userId":"6423823321"}
{"count":10,"level":"warn","message":"触发限流","service":"nas-bot","timestamp":"2026-05-24 05:44:50","userId":"6423823321"}
{"args":"","command":"股票状态","level":"info","message":"收到指令","service":"nas-bot","timestamp":"2026-05-24 05:44:50","userId":"6423823321"}
{"count":10,"level":"warn","message":"触发限流","service":"nas-bot","timestamp":"2026-05-24 05:44:50","userId":"6423823321"}
{"args":"","command":"帮助","level":"info","message":"收到指令","service":"nas-bot","timestamp":"2026-05-24 05:44:50","userId":"6423823321"}
{"count":10,"level":"warn","message":"触发限流","service":"nas-bot","timestamp":"2026-05-24 05:44:50","userId":"6423823321"}
{"args":"docker restart nas-bot","command":"exec","level":"info","message":"收到指令","service":"nas-bot","timestamp":"2026-05-24 05:44:50","userId":"6423823321"}
{"count":10,"level":"warn","message":"触发限流","service":"nas-bot","timestamp":"2026-05-24 05:44:50","userId":"6423823321"}
{"args":"状态","command":"股票","level":"info","message":"收到指令","service":"nas-bot","timestamp":"2026-05-24 05:44:50","userId":"6423823321"}
{"count":10,"level":"warn","message":"触发限流","service":"nas-bot","timestamp":"2026-05-24 05:44:50","userId":"6423823321"}
{"level":"info","message":"IOC容器构建完成","service":"nas-bot","timestamp":"2026-05-24 05:44:51"}
{"alertInterval":"每5分钟","level":"info","message":"定时调度器启动","service":"nas-bot","summaryTime":"15:35","timestamp":"2026-05-24 05:44:51"}
{"level":"info","message":"Bot启动","service":"nas-bot","timestamp":"2026-05-24 05:44:51"}
{"level":"info","message":"NAS Bot 已启动 🚀","service":"nas-bot","timestamp":"2026-05-24 05:44:51"}
{"error":"","level":"error","message":"Telegram请求失败","method":"getUpdates","service":"nas-bot","timestamp":"2026-05-24 05:44:51"}
{"args":"docker restart nas-bot","command":"exec","level":"info","message":"收到指令","service":"nas-bot","timestamp":"2026-05-24 05:44:53","userId":"6423823321"}
{"level":"info","message":"IOC容器构建完成","service":"nas-bot","timestamp":"2026-05-24 05:45:05"}
{"alertInterval":"每5分钟","level":"info","message":"定时调度器启动","service":"nas-bot","summaryTime":"15:35","timestamp":"2026-05-24 05:45:05"}
{"level":"info","message":"Bot启动","service":"nas-bot","timestamp":"2026-05-24 05:45:05"}
{"level":"info","message":"NAS Bot 已启动 🚀","service":"nas-bot","timestamp":"2026-05-24 05:45:05"}
{"error":"","level":"error","message":"Telegram请求失败","method":"getUpdates","service":"nas-bot","timestamp":"2026-05-24 05:45:05"}
{"error":"","level":"error","message":"Telegram请求失败","method":"getUpdates","service":"nas-bot","timestamp":"2026-05-24 05:45:06"}
{"error":"","level":"error","message":"Telegram请求失败","method":"getUpdates","service":"nas-bot","timestamp":"2026-05-24 05:45:08"}
{"args":"docker restart nas-bot","command":"exec","level":"info","message":"收到指令","service":"nas-bot","timestamp":"2026-05-24 05:45:09","userId":"6423823321"}
{"cmd":"docker restart nas-bot","level":"info","message":"执行命令","service":"nas-bot","timestamp":"2026-05-24 05:45:09"}
{"cmd":"docker restart nas-bot","error":"spawnSync /bin/sh ETIMEDOUT","level":"error","message":"Docker命令执行失败","service":"nas-bot","timestamp":"2026-05-24 05:45:19"}
{"args":"ls /bin/","command":"exec","level":"info","message":"收到指令","service":"nas-bot","timestamp":"2026-05-24 05:45:19","userId":"6423823321"}
{"cmd":"ls /bin/","level":"info","message":"执行命令","service":"nas-bot","timestamp":"2026-05-24 05:45:19"}
{"args":"node -e \"require('child_process').execSync('ls /bin/sh').toString()\"","command":"exec","level":"info","message":"收到指令","service":"nas-bot","timestamp":"2026-05-24 05:45:19","userId":"6423823321"}
{"cmd":"node -e \"require('child_process').execSync('ls /bin/sh').toString()\"","level":"info","message":"执行命令","service":"nas-bot","timestamp":"2026-05-24 05:45:19"}
{"args":"状态","command":"股票","level":"info","message":"收到指令","service":"nas-bot","timestamp":"2026-05-24 05:45:19","userId":"6423823321"}
{"args":"","command":"/start","level":"info","message":"收到指令","service":"nas-bot","timestamp":"2026-05-24 05:45:19","userId":"6423823321"}
{"args":"容器","command":"系统","level":"info","message":"收到指令","service":"nas-bot","timestamp":"2026-05-24 05:45:19","userId":"6423823321"}
{"level":"info","message":"获取容器列表","service":"nas-bot","timestamp":"2026-05-24 05:45:19"}
{"args":"状态","command":"股票","level":"info","message":"收到指令","service":"nas-bot","timestamp":"2026-05-24 05:45:20","userId":"6423823321"}
{"args":"开启","command":"股票","level":"info","message":"收到指令","service":"nas-bot","timestamp":"2026-05-24 05:45:20","userId":"6423823321"}
{"args":"链接","command":"股票","level":"info","message":"收到指令","service":"nas-bot","timestamp":"2026-05-24 05:45:20","userId":"6423823321"}
{"args":"检测","command":"股票","level":"info","message":"收到指令","service":"nas-bot","timestamp":"2026-05-24 05:45:20","userId":"6423823321"}
{"args":"状态","command":"系统","level":"info","message":"收到指令","service":"nas-bot","timestamp":"2026-05-24 05:45:20","userId":"6423823321"}
{"count":10,"level":"warn","message":"触发限流","service":"nas-bot","timestamp":"2026-05-24 05:45:20","userId":"6423823321"}
{"args":"关闭","command":"ai","level":"info","message":"收到指令","service":"nas-bot","timestamp":"2026-05-24 05:45:20","userId":"6423823321"}
{"count":10,"level":"warn","message":"触发限流","service":"nas-bot","timestamp":"2026-05-24 05:45:20","userId":"6423823321"}
{"args":"状态","command":"系统","level":"info","message":"收到指令","service":"nas-bot","timestamp":"2026-05-24 05:45:20","userId":"6423823321"}
{"count":10,"level":"warn","message":"触发限流","service":"nas-bot","timestamp":"2026-05-24 05:45:20","userId":"6423823321"}
{"args":"状态","command":"系统","level":"info","message":"收到指令","service":"nas-bot","timestamp":"2026-05-24 05:45:20","userId":"6423823321"}
{"count":10,"level":"warn","message":"触发限流","service":"nas-bot","timestamp":"2026-05-24 05:45:20","userId":"6423823321"}
{"args":"状态","command":"股票","level":"info","message":"收到指令","service":"nas-bot","timestamp":"2026-05-24 05:45:20","userId":"6423823321"}
{"count":10,"level":"warn","message":"触发限流","service":"nas-bot","timestamp":"2026-05-24 05:45:20","userId":"6423823321"}
{"args":"","command":"帮助","level":"info","message":"收到指令","service":"nas-bot","timestamp":"2026-05-24 05:45:20","userId":"6423823321"}
{"count":10,"level":"warn","message":"触发限流","service":"nas-bot","timestamp":"2026-05-24 05:45:20","userId":"6423823321"}
{"args":"","command":"股票状态","level":"info","message":"收到指令","service":"nas-bot","timestamp":"2026-05-24 05:45:20","userId":"6423823321"}
{"count":10,"level":"warn","message":"触发限流","service":"nas-bot","timestamp":"2026-05-24 05:45:20","userId":"6423823321"}
{"args":"","command":"帮助","level":"info","message":"收到指令","service":"nas-bot","timestamp":"2026-05-24 05:45:20","userId":"6423823321"}
{"count":10,"level":"warn","message":"触发限流","service":"nas-bot","timestamp":"2026-05-24 05:45:20","userId":"6423823321"}
{"args":"docker restart nas-bot","command":"exec","level":"info","message":"收到指令","service":"nas-bot","timestamp":"2026-05-24 05:45:20","userId":"6423823321"}
{"count":10,"level":"warn","message":"触发限流","service":"nas-bot","timestamp":"2026-05-24 05:45:20","userId":"6423823321"}
{"args":"状态","command":"股票","level":"info","message":"收到指令","service":"nas-bot","timestamp":"2026-05-24 05:45:20","userId":"6423823321"}
{"count":10,"level":"warn","message":"触发限流","service":"nas-bot","timestamp":"2026-05-24 05:45:20","userId":"6423823321"}
{"level":"info","message":"IOC容器构建完成","service":"nas-bot","timestamp":"2026-05-24 05:45:21"}
{"alertInterval":"每5分钟","level":"info","message":"定时调度器启动","service":"nas-bot","summaryTime":"15:35","timestamp":"2026-05-24 05:45:21"}
{"level":"info","message":"Bot启动","service":"nas-bot","timestamp":"2026-05-24 05:45:21"}
{"level":"info","message":"NAS Bot 已启动 🚀","service":"nas-bot","timestamp":"2026-05-24 05:45:21"}
{"args":"docker restart nas-bot","command":"exec","level":"info","message":"收到指令","service":"nas-bot","timestamp":"2026-05-24 05:45:22","userId":"6423823321"}
{"cmd":"docker restart nas-bot","level":"info","message":"执行命令","service":"nas-bot","timestamp":"2026-05-24 05:45:22"}
{"cmd":"docker restart nas-bot","error":"spawnSync /bin/sh ETIMEDOUT","level":"error","message":"Docker命令执行失败","service":"nas-bot","timestamp":"2026-05-24 05:45:32"}
{"args":"ls /bin/","command":"exec","level":"info","message":"收到指令","service":"nas-bot","timestamp":"2026-05-24 05:45:32","userId":"6423823321"}
{"cmd":"ls /bin/","level":"info","message":"执行命令","service":"nas-bot","timestamp":"2026-05-24 05:45:32"}
{"args":"node -e \"require('child_process').execSync('ls /bin/sh').toString()\"","command":"exec","level":"info","message":"收到指令","service":"nas-bot","timestamp":"2026-05-24 05:45:32","userId":"6423823321"}
{"cmd":"node -e \"require('child_process').execSync('ls /bin/sh').toString()\"","level":"info","message":"执行命令","service":"nas-bot","timestamp":"2026-05-24 05:45:32"}
{"args":"状态","command":"股票","level":"info","message":"收到指令","service":"nas-bot","timestamp":"2026-05-24 05:45:32","userId":"6423823321"}
{"args":"","command":"/start","level":"info","message":"收到指令","service":"nas-bot","timestamp":"2026-05-24 05:45:32","userId":"6423823321"}
{"args":"容器","command":"系统","level":"info","message":"收到指令","service":"nas-bot","timestamp":"2026-05-24 05:45:32","userId":"6423823321"}
{"level":"info","message":"获取容器列表","service":"nas-bot","timestamp":"2026-05-24 05:45:32"}
{"args":"状态","command":"股票","level":"info","message":"收到指令","service":"nas-bot","timestamp":"2026-05-24 05:45:32","userId":"6423823321"}
{"args":"开启","command":"股票","level":"info","message":"收到指令","service":"nas-bot","timestamp":"2026-05-24 05:45:32","userId":"6423823321"}
{"args":"链接","command":"股票","level":"info","message":"收到指令","service":"nas-bot","timestamp":"2026-05-24 05:45:32","userId":"6423823321"}
{"args":"检测","command":"股票","level":"info","message":"收到指令","service":"nas-bot","timestamp":"2026-05-24 05:45:32","userId":"6423823321"}
{"args":"状态","command":"系统","level":"info","message":"收到指令","service":"nas-bot","timestamp":"2026-05-24 05:45:32","userId":"6423823321"}
{"count":10,"level":"warn","message":"触发限流","service":"nas-bot","timestamp":"2026-05-24 05:45:32","userId":"6423823321"}
{"args":"关闭","command":"ai","level":"info","message":"收到指令","service":"nas-bot","timestamp":"2026-05-24 05:45:32","userId":"6423823321"}
{"count":10,"level":"warn","message":"触发限流","service":"nas-bot","timestamp":"2026-05-24 05:45:32","userId":"6423823321"}
{"args":"状态","command":"系统","level":"info","message":"收到指令","service":"nas-bot","timestamp":"2026-05-24 05:45:32","userId":"6423823321"}
{"count":10,"level":"warn","message":"触发限流","service":"nas-bot","timestamp":"2026-05-24 05:45:32","userId":"6423823321"}
{"args":"状态","command":"系统","level":"info","message":"收到指令","service":"nas-bot","timestamp":"2026-05-24 05:45:32","userId":"6423823321"}
{"count":10,"level":"warn","message":"触发限流","service":"nas-bot","timestamp":"2026-05-24 05:45:32","userId":"6423823321"}
{"args":"状态","command":"股票","level":"info","message":"收到指令","service":"nas-bot","timestamp":"2026-05-24 05:45:32","userId":"6423823321"}
{"count":10,"level":"warn","message":"触发限流","service":"nas-bot","timestamp":"2026-05-24 05:45:32","userId":"6423823321"}
{"args":"","command":"帮助","level":"info","message":"收到指令","service":"nas-bot","timestamp":"2026-05-24 05:45:32","userId":"6423823321"}
{"count":10,"level":"warn","message":"触发限流","service":"nas-bot","timestamp":"2026-05-24 05:45:32","userId":"6423823321"}
{"args":"","command":"股票状态","level":"info","message":"收到指令","service":"nas-bot","timestamp":"2026-05-24 05:45:32","userId":"6423823321"}
{"count":10,"level":"warn","message":"触发限流","service":"nas-bot","timestamp":"2026-05-24 05:45:32","userId":"6423823321"}
{"args":"","command":"帮助","level":"info","message":"收到指令","service":"nas-bot","timestamp":"2026-05-24 05:45:32","userId":"6423823321"}
{"count":10,"level":"warn","message":"触发限流","service":"nas-bot","timestamp":"2026-05-24 05:45:32","userId":"6423823321"}
{"args":"docker restart nas-bot","command":"exec","level":"info","message":"收到指令","service":"nas-bot","timestamp":"2026-05-24 05:45:32","userId":"6423823321"}
{"count":10,"level":"warn","message":"触发限流","service":"nas-bot","timestamp":"2026-05-24 05:45:32","userId":"6423823321"}
{"args":"状态","command":"股票","level":"info","message":"收到指令","service":"nas-bot","timestamp":"2026-05-24 05:45:32","userId":"6423823321"}
{"count":10,"level":"warn","message":"触发限流","service":"nas-bot","timestamp":"2026-05-24 05:45:32","userId":"6423823321"}
{"level":"info","message":"IOC容器构建完成","service":"nas-bot","timestamp":"2026-05-24 05:45:33"}
{"alertInterval":"每5分钟","level":"info","message":"定时调度器启动","service":"nas-bot","summaryTime":"15:35","timestamp":"2026-05-24 05:45:33"}
{"level":"info","message":"Bot启动","service":"nas-bot","timestamp":"2026-05-24 05:45:33"}
{"level":"info","message":"NAS Bot 已启动 🚀","service":"nas-bot","timestamp":"2026-05-24 05:45:33"}
{"error":"","level":"error","message":"Telegram请求失败","method":"getUpdates","service":"nas-bot","timestamp":"2026-05-24 05:45:34"}
{"args":"docker restart nas-bot","command":"exec","level":"info","message":"收到指令","service":"nas-bot","timestamp":"2026-05-24 05:45:35","userId":"6423823321"}
{"cmd":"docker restart nas-bot","level":"info","message":"执行命令","service":"nas-bot","timestamp":"2026-05-24 05:45:35"}
{"cmd":"docker restart nas-bot","error":"spawnSync /bin/sh ETIMEDOUT","level":"error","message":"Docker命令执行失败","service":"nas-bot","timestamp":"2026-05-24 05:45:45"}
{"args":"ls /bin/","command":"exec","level":"info","message":"收到指令","service":"nas-bot","timestamp":"2026-05-24 05:45:45","userId":"6423823321"}
{"cmd":"ls /bin/","level":"info","message":"执行命令","service":"nas-bot","timestamp":"2026-05-24 05:45:45"}
{"args":"node -e \"require('child_process').execSync('ls /bin/sh').toString()\"","command":"exec","level":"info","message":"收到指令","service":"nas-bot","timestamp":"2026-05-24 05:45:45","userId":"6423823321"}
{"cmd":"node -e \"require('child_process').execSync('ls /bin/sh').toString()\"","level":"info","message":"执行命令","service":"nas-bot","timestamp":"2026-05-24 05:45:45"}
{"args":"状态","command":"股票","level":"info","message":"收到指令","service":"nas-bot","timestamp":"2026-05-24 05:45:46","userId":"6423823321"}
{"args":"","command":"/start","level":"info","message":"收到指令","service":"nas-bot","timestamp":"2026-05-24 05:45:46","userId":"6423823321"}
{"args":"容器","command":"系统","level":"info","message":"收到指令","service":"nas-bot","timestamp":"2026-05-24 05:45:46","userId":"6423823321"}
{"level":"info","message":"获取容器列表","service":"nas-bot","timestamp":"2026-05-24 05:45:46"}
{"args":"状态","command":"股票","level":"info","message":"收到指令","service":"nas-bot","timestamp":"2026-05-24 05:45:46","userId":"6423823321"}
{"args":"开启","command":"股票","level":"info","message":"收到指令","service":"nas-bot","timestamp":"2026-05-24 05:45:46","userId":"6423823321"}
{"args":"链接","command":"股票","level":"info","message":"收到指令","service":"nas-bot","timestamp":"2026-05-24 05:45:46","userId":"6423823321"}
{"args":"检测","command":"股票","level":"info","message":"收到指令","service":"nas-bot","timestamp":"2026-05-24 05:45:46","userId":"6423823321"}
{"args":"状态","command":"系统","level":"info","message":"收到指令","service":"nas-bot","timestamp":"2026-05-24 05:45:46","userId":"6423823321"}
{"count":10,"level":"warn","message":"触发限流","service":"nas-bot","timestamp":"2026-05-24 05:45:46","userId":"6423823321"}
{"args":"关闭","command":"ai","level":"info","message":"收到指令","service":"nas-bot","timestamp":"2026-05-24 05:45:46","userId":"6423823321"}
{"count":10,"level":"warn","message":"触发限流","service":"nas-bot","timestamp":"2026-05-24 05:45:46","userId":"6423823321"}
{"args":"状态","command":"系统","level":"info","message":"收到指令","service":"nas-bot","timestamp":"2026-05-24 05:45:46","userId":"6423823321"}
{"count":10,"level":"warn","message":"触发限流","service":"nas-bot","timestamp":"2026-05-24 05:45:46","userId":"6423823321"}
{"args":"状态","command":"系统","level":"info","message":"收到指令","service":"nas-bot","timestamp":"2026-05-24 05:45:46","userId":"6423823321"}
{"count":10,"level":"warn","message":"触发限流","service":"nas-bot","timestamp":"2026-05-24 05:45:46","userId":"6423823321"}
{"args":"状态","command":"股票","level":"info","message":"收到指令","service":"nas-bot","timestamp":"2026-05-24 05:45:46","userId":"6423823321"}
{"count":10,"level":"warn","message":"触发限流","service":"nas-bot","timestamp":"2026-05-24 05:45:46","userId":"6423823321"}
{"args":"","command":"帮助","level":"info","message":"收到指令","service":"nas-bot","timestamp":"2026-05-24 05:45:46","userId":"6423823321"}
{"count":10,"level":"warn","message":"触发限流","service":"nas-bot","timestamp":"2026-05-24 05:45:46","userId":"6423823321"}
{"args":"","command":"股票状态","level":"info","message":"收到指令","service":"nas-bot","timestamp":"2026-05-24 05:45:46","userId":"6423823321"}
{"count":10,"level":"warn","message":"触发限流","service":"nas-bot","timestamp":"2026-05-24 05:45:46","userId":"6423823321"}
{"args":"","command":"帮助","level":"info","message":"收到指令","service":"nas-bot","timestamp":"2026-05-24 05:45:46","userId":"6423823321"}
{"count":10,"level":"warn","message":"触发限流","service":"nas-bot","timestamp":"2026-05-24 05:45:46","userId":"6423823321"}
{"args":"docker restart nas-bot","command":"exec","level":"info","message":"收到指令","service":"nas-bot","timestamp":"2026-05-24 05:45:46","userId":"6423823321"}
{"count":10,"level":"warn","message":"触发限流","service":"nas-bot","timestamp":"2026-05-24 05:45:46","userId":"6423823321"}
{"args":"状态","command":"股票","level":"info","message":"收到指令","service":"nas-bot","timestamp":"2026-05-24 05:45:46","userId":"6423823321"}
{"count":10,"level":"warn","message":"触发限流","service":"nas-bot","timestamp":"2026-05-24 05:45:46","userId":"6423823321"}
{"level":"info","message":"IOC容器构建完成","service":"nas-bot","timestamp":"2026-05-24 05:45:47"}
{"alertInterval":"每5分钟","level":"info","message":"定时调度器启动","service":"nas-bot","summaryTime":"15:35","timestamp":"2026-05-24 05:45:47"}
{"level":"info","message":"Bot启动","service":"nas-bot","timestamp":"2026-05-24 05:45:47"}
{"level":"info","message":"NAS Bot 已启动 🚀","service":"nas-bot","timestamp":"2026-05-24 05:45:47"}
{"error":"","level":"error","message":"Telegram请求失败","method":"getUpdates","service":"nas-bot","timestamp":"2026-05-24 05:45:47"}
{"error":"","level":"error","message":"Telegram请求失败","method":"getUpdates","service":"nas-bot","timestamp":"2026-05-24 05:45:49"}
{"args":"docker restart nas-bot","command":"exec","level":"info","message":"收到指令","service":"nas-bot","timestamp":"2026-05-24 05:45:50","userId":"6423823321"}
{"cmd":"docker restart nas-bot","level":"info","message":"执行命令","service":"nas-bot","timestamp":"2026-05-24 05:45:50"}
{"cmd":"docker restart nas-bot","error":"spawnSync /bin/sh ETIMEDOUT","level":"error","message":"Docker命令执行失败","service":"nas-bot","timestamp":"2026-05-24 05:46:00"}
{"args":"ls /bin/","command":"exec","level":"info","message":"收到指令","service":"nas-bot","timestamp":"2026-05-24 05:46:00","userId":"6423823321"}
{"cmd":"ls /bin/","level":"info","message":"执行命令","service":"nas-bot","timestamp":"2026-05-24 05:46:00"}
{"args":"node -e \"require('child_process').execSync('ls /bin/sh').toString()\"","command":"exec","level":"info","message":"收到指令","service":"nas-bot","timestamp":"2026-05-24 05:46:00","userId":"6423823321"}
{"cmd":"node -e \"require('child_process').execSync('ls /bin/sh').toString()\"","level":"info","message":"执行命令","service":"nas-bot","timestamp":"2026-05-24 05:46:00"}
{"args":"状态","command":"股票","level":"info","message":"收到指令","service":"nas-bot","timestamp":"2026-05-24 05:46:01","userId":"6423823321"}
{"args":"","command":"/start","level":"info","message":"收到指令","service":"nas-bot","timestamp":"2026-05-24 05:46:01","userId":"6423823321"}
{"args":"容器","command":"系统","level":"info","message":"收到指令","service":"nas-bot","timestamp":"2026-05-24 05:46:01","userId":"6423823321"}
{"level":"info","message":"获取容器列表","service":"nas-bot","timestamp":"2026-05-24 05:46:01"}
{"args":"状态","command":"股票","level":"info","message":"收到指令","service":"nas-bot","timestamp":"2026-05-24 05:46:01","userId":"6423823321"}
{"args":"开启","command":"股票","level":"info","message":"收到指令","service":"nas-bot","timestamp":"2026-05-24 05:46:01","userId":"6423823321"}
{"args":"链接","command":"股票","level":"info","message":"收到指令","service":"nas-bot","timestamp":"2026-05-24 05:46:01","userId":"6423823321"}
{"args":"检测","command":"股票","level":"info","message":"收到指令","service":"nas-bot","timestamp":"2026-05-24 05:46:01","userId":"6423823321"}
{"args":"状态","command":"系统","level":"info","message":"收到指令","service":"nas-bot","timestamp":"2026-05-24 05:46:01","userId":"6423823321"}
{"count":10,"level":"warn","message":"触发限流","service":"nas-bot","timestamp":"2026-05-24 05:46:01","userId":"6423823321"}
{"args":"关闭","command":"ai","level":"info","message":"收到指令","service":"nas-bot","timestamp":"2026-05-24 05:46:01","userId":"6423823321"}
{"count":10,"level":"warn","message":"触发限流","service":"nas-bot","timestamp":"2026-05-24 05:46:01","userId":"6423823321"}
{"args":"状态","command":"系统","level":"info","message":"收到指令","service":"nas-bot","timestamp":"2026-05-24 05:46:01","userId":"6423823321"}
{"count":10,"level":"warn","message":"触发限流","service":"nas-bot","timestamp":"2026-05-24 05:46:01","userId":"6423823321"}
{"args":"状态","command":"系统","level":"info","message":"收到指令","service":"nas-bot","timestamp":"2026-05-24 05:46:01","userId":"6423823321"}
{"count":10,"level":"warn","message":"触发限流","service":"nas-bot","timestamp":"2026-05-24 05:46:01","userId":"6423823321"}
{"args":"状态","command":"股票","level":"info","message":"收到指令","service":"nas-bot","timestamp":"2026-05-24 05:46:01","userId":"6423823321"}
{"count":10,"level":"warn","message":"触发限流","service":"nas-bot","timestamp":"2026-05-24 05:46:01","userId":"6423823321"}
{"args":"","command":"帮助","level":"info","message":"收到指令","service":"nas-bot","timestamp":"2026-05-24 05:46:01","userId":"6423823321"}
{"count":10,"level":"warn","message":"触发限流","service":"nas-bot","timestamp":"2026-05-24 05:46:01","userId":"6423823321"}
{"args":"","command":"股票状态","level":"info","message":"收到指令","service":"nas-bot","timestamp":"2026-05-24 05:46:01","userId":"6423823321"}
{"count":10,"level":"warn","message":"触发限流","service":"nas-bot","timestamp":"2026-05-24 05:46:01","userId":"6423823321"}
{"args":"","command":"帮助","level":"info","message":"收到指令","service":"nas-bot","timestamp":"2026-05-24 05:46:01","userId":"6423823321"}
{"count":10,"level":"warn","message":"触发限流","service":"nas-bot","timestamp":"2026-05-24 05:46:01","userId":"6423823321"}
{"args":"docker restart nas-bot","command":"exec","level":"info","message":"收到指令","service":"nas-bot","timestamp":"2026-05-24 05:46:01","userId":"6423823321"}
{"count":10,"level":"warn","message":"触发限流","service":"nas-bot","timestamp":"2026-05-24 05:46:01","userId":"6423823321"}
{"args":"状态","command":"股票","level":"info","message":"收到指令","service":"nas-bot","timestamp":"2026-05-24 05:46:01","userId":"6423823321"}
{"count":10,"level":"warn","message":"触发限流","service":"nas-bot","timestamp":"2026-05-24 05:46:01","userId":"6423823321"}
{"level":"info","message":"IOC容器构建完成","service":"nas-bot","timestamp":"2026-05-24 05:46:02"}
{"alertInterval":"每5分钟","level":"info","message":"定时调度器启动","service":"nas-bot","summaryTime":"15:35","timestamp":"2026-05-24 05:46:02"}
{"level":"info","message":"Bot启动","service":"nas-bot","timestamp":"2026-05-24 05:46:02"}
{"level":"info","message":"NAS Bot 已启动 🚀","service":"nas-bot","timestamp":"2026-05-24 05:46:02"}
{"error":"","level":"error","message":"Telegram请求失败","method":"getUpdates","service":"nas-bot","timestamp":"2026-05-24 05:46:02"}
{"args":"docker restart nas-bot","command":"exec","level":"info","message":"收到指令","service":"nas-bot","timestamp":"2026-05-24 05:46:04","userId":"6423823321"}
{"level":"info","message":"IOC容器构建完成","service":"nas-bot","timestamp":"2026-05-24 05:46:16"}
{"alertInterval":"每5分钟","level":"info","message":"定时调度器启动","service":"nas-bot","summaryTime":"15:35","timestamp":"2026-05-24 05:46:16"}
{"level":"info","message":"Bot启动","service":"nas-bot","timestamp":"2026-05-24 05:46:16"}
{"level":"info","message":"NAS Bot 已启动 🚀","service":"nas-bot","timestamp":"2026-05-24 05:46:16"}
{"error":"","level":"error","message":"Telegram请求失败","method":"getUpdates","service":"nas-bot","timestamp":"2026-05-24 05:46:16"}
{"error":"","level":"error","message":"Telegram请求失败","method":"getUpdates","service":"nas-bot","timestamp":"2026-05-24 05:46:17"}
{"args":"docker restart nas-bot","command":"exec","level":"info","message":"收到指令","service":"nas-bot","timestamp":"2026-05-24 05:46:19","userId":"6423823321"}
{"level":"info","message":"IOC容器构建完成","service":"nas-bot","timestamp":"2026-05-24 05:46:30"}
{"alertInterval":"每5分钟","level":"info","message":"定时调度器启动","service":"nas-bot","summaryTime":"15:35","timestamp":"2026-05-24 05:46:30"}
{"level":"info","message":"Bot启动","service":"nas-bot","timestamp":"2026-05-24 05:46:30"}
{"level":"info","message":"NAS Bot 已启动 🚀","service":"nas-bot","timestamp":"2026-05-24 05:46:30"}
{"args":"docker restart nas-bot","command":"exec","level":"info","message":"收到指令","service":"nas-bot","timestamp":"2026-05-24 05:46:31","userId":"6423823321"}
{"level":"info","message":"IOC容器构建完成","service":"nas-bot","timestamp":"2026-05-24 05:46:43"}
{"alertInterval":"每5分钟","level":"info","message":"定时调度器启动","service":"nas-bot","summaryTime":"15:35","timestamp":"2026-05-24 05:46:43"}
{"level":"info","message":"Bot启动","service":"nas-bot","timestamp":"2026-05-24 05:46:43"}
{"level":"info","message":"NAS Bot 已启动 🚀","service":"nas-bot","timestamp":"2026-05-24 05:46:43"}
{"error":"","level":"error","message":"Telegram请求失败","method":"getUpdates","service":"nas-bot","timestamp":"2026-05-24 05:46:43"}
{"error":"","level":"error","message":"Telegram请求失败","method":"getUpdates","service":"nas-bot","timestamp":"2026-05-24 05:46:44"}
{"args":"docker restart nas-bot","command":"exec","level":"info","message":"收到指令","service":"nas-bot","timestamp":"2026-05-24 05:46:46","userId":"6423823321"}
{"level":"info","message":"IOC容器构建完成","service":"nas-bot","timestamp":"2026-05-24 05:46:58"}
{"alertInterval":"每5分钟","level":"info","message":"定时调度器启动","service":"nas-bot","summaryTime":"15:35","timestamp":"2026-05-24 05:46:58"}
{"level":"info","message":"Bot启动","service":"nas-bot","timestamp":"2026-05-24 05:46:58"}
{"level":"info","message":"NAS Bot 已启动 🚀","service":"nas-bot","timestamp":"2026-05-24 05:46:58"}
{"args":"docker restart nas-bot","command":"exec","level":"info","message":"收到指令","service":"nas-bot","timestamp":"2026-05-24 05:46:59","userId":"6423823321"}
{"cmd":"docker restart nas-bot","level":"info","message":"执行命令","service":"nas-bot","timestamp":"2026-05-24 05:46:59"}
{"cmd":"docker restart nas-bot","error":"spawnSync /bin/sh ETIMEDOUT","level":"error","message":"Docker命令执行失败","service":"nas-bot","timestamp":"2026-05-24 05:47:09"}
{"args":"ls /bin/","command":"exec","level":"info","message":"收到指令","service":"nas-bot","timestamp":"2026-05-24 05:47:09","userId":"6423823321"}
{"cmd":"ls /bin/","level":"info","message":"执行命令","service":"nas-bot","timestamp":"2026-05-24 05:47:09"}
{"args":"node -e \"require('child_process').execSync('ls /bin/sh').toString()\"","command":"exec","level":"info","message":"收到指令","service":"nas-bot","timestamp":"2026-05-24 05:47:09","userId":"6423823321"}
{"cmd":"node -e \"require('child_process').execSync('ls /bin/sh').toString()\"","level":"info","message":"执行命令","service":"nas-bot","timestamp":"2026-05-24 05:47:09"}
{"args":"状态","command":"股票","level":"info","message":"收到指令","service":"nas-bot","timestamp":"2026-05-24 05:47:09","userId":"6423823321"}
{"args":"","command":"/start","level":"info","message":"收到指令","service":"nas-bot","timestamp":"2026-05-24 05:47:09","userId":"6423823321"}
{"args":"容器","command":"系统","level":"info","message":"收到指令","service":"nas-bot","timestamp":"2026-05-24 05:47:09","userId":"6423823321"}
{"level":"info","message":"获取容器列表","service":"nas-bot","timestamp":"2026-05-24 05:47:09"}
{"args":"状态","command":"股票","level":"info","message":"收到指令","service":"nas-bot","timestamp":"2026-05-24 05:47:09","userId":"6423823321"}
{"args":"开启","command":"股票","level":"info","message":"收到指令","service":"nas-bot","timestamp":"2026-05-24 05:47:09","userId":"6423823321"}
{"args":"链接","command":"股票","level":"info","message":"收到指令","service":"nas-bot","timestamp":"2026-05-24 05:47:09","userId":"6423823321"}
{"args":"检测","command":"股票","level":"info","message":"收到指令","service":"nas-bot","timestamp":"2026-05-24 05:47:09","userId":"6423823321"}
{"args":"状态","command":"系统","level":"info","message":"收到指令","service":"nas-bot","timestamp":"2026-05-24 05:47:09","userId":"6423823321"}
{"count":10,"level":"warn","message":"触发限流","service":"nas-bot","timestamp":"2026-05-24 05:47:09","userId":"6423823321"}
{"args":"关闭","command":"ai","level":"info","message":"收到指令","service":"nas-bot","timestamp":"2026-05-24 05:47:09","userId":"6423823321"}
{"count":10,"level":"warn","message":"触发限流","service":"nas-bot","timestamp":"2026-05-24 05:47:09","userId":"6423823321"}
{"args":"状态","command":"系统","level":"info","message":"收到指令","service":"nas-bot","timestamp":"2026-05-24 05:47:09","userId":"6423823321"}
{"count":10,"level":"warn","message":"触发限流","service":"nas-bot","timestamp":"2026-05-24 05:47:09","userId":"6423823321"}
{"args":"状态","command":"系统","level":"info","message":"收到指令","service":"nas-bot","timestamp":"2026-05-24 05:47:09","userId":"6423823321"}
{"count":10,"level":"warn","message":"触发限流","service":"nas-bot","timestamp":"2026-05-24 05:47:09","userId":"6423823321"}
{"args":"状态","command":"股票","level":"info","message":"收到指令","service":"nas-bot","timestamp":"2026-05-24 05:47:09","userId":"6423823321"}
{"count":10,"level":"warn","message":"触发限流","service":"nas-bot","timestamp":"2026-05-24 05:47:09","userId":"6423823321"}
{"args":"","command":"帮助","level":"info","message":"收到指令","service":"nas-bot","timestamp":"2026-05-24 05:47:09","userId":"6423823321"}
{"count":10,"level":"warn","message":"触发限流","service":"nas-bot","timestamp":"2026-05-24 05:47:09","userId":"6423823321"}
{"args":"","command":"股票状态","level":"info","message":"收到指令","service":"nas-bot","timestamp":"2026-05-24 05:47:09","userId":"6423823321"}
{"count":10,"level":"warn","message":"触发限流","service":"nas-bot","timestamp":"2026-05-24 05:47:09","userId":"6423823321"}
{"args":"","command":"帮助","level":"info","message":"收到指令","service":"nas-bot","timestamp":"2026-05-24 05:47:09","userId":"6423823321"}
{"count":10,"level":"warn","message":"触发限流","service":"nas-bot","timestamp":"2026-05-24 05:47:09","userId":"6423823321"}
{"args":"docker restart nas-bot","command":"exec","level":"info","message":"收到指令","service":"nas-bot","timestamp":"2026-05-24 05:47:09","userId":"6423823321"}
{"count":10,"level":"warn","message":"触发限流","service":"nas-bot","timestamp":"2026-05-24 05:47:09","userId":"6423823321"}
{"args":"状态","command":"股票","level":"info","message":"收到指令","service":"nas-bot","timestamp":"2026-05-24 05:47:09","userId":"6423823321"}
{"count":10,"level":"warn","message":"触发限流","service":"nas-bot","timestamp":"2026-05-24 05:47:09","userId":"6423823321"}
{"level":"info","message":"IOC容器构建完成","service":"nas-bot","timestamp":"2026-05-24 05:47:10"}
{"alertInterval":"每5分钟","level":"info","message":"定时调度器启动","service":"nas-bot","summaryTime":"15:35","timestamp":"2026-05-24 05:47:10"}
{"level":"info","message":"Bot启动","service":"nas-bot","timestamp":"2026-05-24 05:47:10"}
{"level":"info","message":"NAS Bot 已启动 🚀","service":"nas-bot","timestamp":"2026-05-24 05:47:10"}
{"args":"docker restart nas-bot","command":"exec","level":"info","message":"收到指令","service":"nas-bot","timestamp":"2026-05-24 05:47:11","userId":"6423823321"}
{"level":"info","message":"IOC容器构建完成","service":"nas-bot","timestamp":"2026-05-24 05:47:23"}
{"alertInterval":"每5分钟","level":"info","message":"定时调度器启动","service":"nas-bot","summaryTime":"15:35","timestamp":"2026-05-24 05:47:23"}
{"level":"info","message":"Bot启动","service":"nas-bot","timestamp":"2026-05-24 05:47:23"}
{"level":"info","message":"NAS Bot 已启动 🚀","service":"nas-bot","timestamp":"2026-05-24 05:47:23"}
{"error":"","level":"error","message":"Telegram请求失败","method":"getUpdates","service":"nas-bot","timestamp":"2026-05-24 05:47:23"}
{"error":"","level":"error","message":"Telegram请求失败","method":"getUpdates","service":"nas-bot","timestamp":"2026-05-24 05:47:24"}
{"error":"","level":"error","message":"Telegram请求失败","method":"getUpdates","service":"nas-bot","timestamp":"2026-05-24 05:47:26"}
{"error":"","level":"error","message":"Telegram请求失败","method":"getUpdates","service":"nas-bot","timestamp":"2026-05-24 05:47:27"}
{"args":"docker restart nas-bot","command":"exec","level":"info","message":"收到指令","service":"nas-bot","timestamp":"2026-05-24 05:47:29","userId":"6423823321"}
{"level":"info","message":"IOC容器构建完成","service":"nas-bot","timestamp":"2026-05-24 05:47:40"}
{"alertInterval":"每5分钟","level":"info","message":"定时调度器启动","service":"nas-bot","summaryTime":"15:35","timestamp":"2026-05-24 05:47:40"}
{"level":"info","message":"Bot启动","service":"nas-bot","timestamp":"2026-05-24 05:47:40"}
{"level":"info","message":"NAS Bot 已启动 🚀","service":"nas-bot","timestamp":"2026-05-24 05:47:40"}
{"error":"","level":"error","message":"Telegram请求失败","method":"getUpdates","service":"nas-bot","timestamp":"2026-05-24 05:47:41"}
{"error":"","level":"error","message":"Telegram请求失败","method":"getUpdates","service":"nas-bot","timestamp":"2026-05-24 05:47:42"}
{"args":"docker restart nas-bot","command":"exec","level":"info","message":"收到指令","service":"nas-bot","timestamp":"2026-05-24 05:47:44","userId":"6423823321"}
{"level":"info","message":"IOC容器构建完成","service":"nas-bot","timestamp":"2026-05-24 05:47:55"}
{"alertInterval":"每5分钟","level":"info","message":"定时调度器启动","service":"nas-bot","summaryTime":"15:35","timestamp":"2026-05-24 05:47:55"}
{"level":"info","message":"Bot启动","service":"nas-bot","timestamp":"2026-05-24 05:47:55"}
{"level":"info","message":"NAS Bot 已启动 🚀","service":"nas-bot","timestamp":"2026-05-24 05:47:55"}
{"args":"docker restart nas-bot","command":"exec","level":"info","message":"收到指令","service":"nas-bot","timestamp":"2026-05-24 05:47:56","userId":"6423823321"}
{"cmd":"docker restart nas-bot","level":"info","message":"执行命令","service":"nas-bot","timestamp":"2026-05-24 05:47:56"}
{"cmd":"docker restart nas-bot","error":"spawnSync /bin/sh ETIMEDOUT","level":"error","message":"Docker命令执行失败","service":"nas-bot","timestamp":"2026-05-24 05:48:06"}
{"args":"ls /bin/","command":"exec","level":"info","message":"收到指令","service":"nas-bot","timestamp":"2026-05-24 05:48:06","userId":"6423823321"}
{"cmd":"ls /bin/","level":"info","message":"执行命令","service":"nas-bot","timestamp":"2026-05-24 05:48:06"}
{"args":"node -e \"require('child_process').execSync('ls /bin/sh').toString()\"","command":"exec","level":"info","message":"收到指令","service":"nas-bot","timestamp":"2026-05-24 05:48:06","userId":"6423823321"}
{"cmd":"node -e \"require('child_process').execSync('ls /bin/sh').toString()\"","level":"info","message":"执行命令","service":"nas-bot","timestamp":"2026-05-24 05:48:06"}
{"args":"状态","command":"股票","level":"info","message":"收到指令","service":"nas-bot","timestamp":"2026-05-24 05:48:06","userId":"6423823321"}
{"args":"","command":"/start","level":"info","message":"收到指令","service":"nas-bot","timestamp":"2026-05-24 05:48:06","userId":"6423823321"}
{"args":"容器","command":"系统","level":"info","message":"收到指令","service":"nas-bot","timestamp":"2026-05-24 05:48:06","userId":"6423823321"}
{"level":"info","message":"获取容器列表","service":"nas-bot","timestamp":"2026-05-24 05:48:06"}
{"args":"状态","command":"股票","level":"info","message":"收到指令","service":"nas-bot","timestamp":"2026-05-24 05:48:06","userId":"6423823321"}
{"args":"开启","command":"股票","level":"info","message":"收到指令","service":"nas-bot","timestamp":"2026-05-24 05:48:06","userId":"6423823321"}
{"args":"链接","command":"股票","level":"info","message":"收到指令","service":"nas-bot","timestamp":"2026-05-24 05:48:06","userId":"6423823321"}
{"args":"检测","command":"股票","level":"info","message":"收到指令","service":"nas-bot","timestamp":"2026-05-24 05:48:06","userId":"6423823321"}
{"args":"状态","command":"系统","level":"info","message":"收到指令","service":"nas-bot","timestamp":"2026-05-24 05:48:06","userId":"6423823321"}
{"count":10,"level":"warn","message":"触发限流","service":"nas-bot","timestamp":"2026-05-24 05:48:06","userId":"6423823321"}
{"args":"关闭","command":"ai","level":"info","message":"收到指令","service":"nas-bot","timestamp":"2026-05-24 05:48:06","userId":"6423823321"}
{"count":10,"level":"warn","message":"触发限流","service":"nas-bot","timestamp":"2026-05-24 05:48:06","userId":"6423823321"}
{"args":"状态","command":"系统","level":"info","message":"收到指令","service":"nas-bot","timestamp":"2026-05-24 05:48:06","userId":"6423823321"}
{"count":10,"level":"warn","message":"触发限流","service":"nas-bot","timestamp":"2026-05-24 05:48:06","userId":"6423823321"}
{"args":"状态","command":"系统","level":"info","message":"收到指令","service":"nas-bot","timestamp":"2026-05-24 05:48:06","userId":"6423823321"}
{"count":10,"level":"warn","message":"触发限流","service":"nas-bot","timestamp":"2026-05-24 05:48:06","userId":"6423823321"}
{"args":"状态","command":"股票","level":"info","message":"收到指令","service":"nas-bot","timestamp":"2026-05-24 05:48:06","userId":"6423823321"}
{"count":10,"level":"warn","message":"触发限流","service":"nas-bot","timestamp":"2026-05-24 05:48:06","userId":"6423823321"}
{"args":"","command":"帮助","level":"info","message":"收到指令","service":"nas-bot","timestamp":"2026-05-24 05:48:06","userId":"6423823321"}
{"count":10,"level":"warn","message":"触发限流","service":"nas-bot","timestamp":"2026-05-24 05:48:06","userId":"6423823321"}
{"args":"","command":"股票状态","level":"info","message":"收到指令","service":"nas-bot","timestamp":"2026-05-24 05:48:06","userId":"6423823321"}
{"count":10,"level":"warn","message":"触发限流","service":"nas-bot","timestamp":"2026-05-24 05:48:06","userId":"6423823321"}
{"args":"","command":"帮助","level":"info","message":"收到指令","service":"nas-bot","timestamp":"2026-05-24 05:48:06","userId":"6423823321"}
{"count":10,"level":"warn","message":"触发限流","service":"nas-bot","timestamp":"2026-05-24 05:48:06","userId":"6423823321"}
{"args":"docker restart nas-bot","command":"exec","level":"info","message":"收到指令","service":"nas-bot","timestamp":"2026-05-24 05:48:06","userId":"6423823321"}
{"count":10,"level":"warn","message":"触发限流","service":"nas-bot","timestamp":"2026-05-24 05:48:06","userId":"6423823321"}
{"args":"状态","command":"股票","level":"info","message":"收到指令","service":"nas-bot","timestamp":"2026-05-24 05:48:06","userId":"6423823321"}
{"count":10,"level":"warn","message":"触发限流","service":"nas-bot","timestamp":"2026-05-24 05:48:06","userId":"6423823321"}
{"level":"info","message":"IOC容器构建完成","service":"nas-bot","timestamp":"2026-05-24 05:48:08"}
{"alertInterval":"每5分钟","level":"info","message":"定时调度器启动","service":"nas-bot","summaryTime":"15:35","timestamp":"2026-05-24 05:48:08"}
{"level":"info","message":"Bot启动","service":"nas-bot","timestamp":"2026-05-24 05:48:08"}
{"level":"info","message":"NAS Bot 已启动 🚀","service":"nas-bot","timestamp":"2026-05-24 05:48:08"}
{"error":"","level":"error","message":"Telegram请求失败","method":"getUpdates","service":"nas-bot","timestamp":"2026-05-24 05:48:08"}
{"args":"docker restart nas-bot","command":"exec","level":"info","message":"收到指令","service":"nas-bot","timestamp":"2026-05-24 05:48:10","userId":"6423823321"}
{"level":"info","message":"IOC容器构建完成","service":"nas-bot","timestamp":"2026-05-24 05:48:21"}
{"alertInterval":"每5分钟","level":"info","message":"定时调度器启动","service":"nas-bot","summaryTime":"15:35","timestamp":"2026-05-24 05:48:21"}
{"level":"info","message":"Bot启动","service":"nas-bot","timestamp":"2026-05-24 05:48:21"}
{"level":"info","message":"NAS Bot 已启动 🚀","service":"nas-bot","timestamp":"2026-05-24 05:48:21"}
{"args":"docker restart nas-bot","command":"exec","level":"info","message":"收到指令","service":"nas-bot","timestamp":"2026-05-24 05:48:22","userId":"6423823321"}
{"level":"info","message":"IOC容器构建完成","service":"nas-bot","timestamp":"2026-05-24 05:48:34"}
{"alertInterval":"每5分钟","level":"info","message":"定时调度器启动","service":"nas-bot","summaryTime":"15:35","timestamp":"2026-05-24 05:48:34"}
{"level":"info","message":"Bot启动","service":"nas-bot","timestamp":"2026-05-24 05:48:34"}
{"level":"info","message":"NAS Bot 已启动 🚀","service":"nas-bot","timestamp":"2026-05-24 05:48:34"}
{"args":"docker restart nas-bot","command":"exec","level":"info","message":"收到指令","service":"nas-bot","timestamp":"2026-05-24 05:48:35","userId":"6423823321"}
{"cmd":"docker restart nas-bot","level":"info","message":"执行命令","service":"nas-bot","timestamp":"2026-05-24 05:48:35"}
{"cmd":"docker restart nas-bot","error":"spawnSync /bin/sh ETIMEDOUT","level":"error","message":"Docker命令执行失败","service":"nas-bot","timestamp":"2026-05-24 05:48:45"}
{"args":"ls /bin/","command":"exec","level":"info","message":"收到指令","service":"nas-bot","timestamp":"2026-05-24 05:48:45","userId":"6423823321"}
{"cmd":"ls /bin/","level":"info","message":"执行命令","service":"nas-bot","timestamp":"2026-05-24 05:48:45"}
{"args":"node -e \"require('child_process').execSync('ls /bin/sh').toString()\"","command":"exec","level":"info","message":"收到指令","service":"nas-bot","timestamp":"2026-05-24 05:48:45","userId":"6423823321"}
{"cmd":"node -e \"require('child_process').execSync('ls /bin/sh').toString()\"","level":"info","message":"执行命令","service":"nas-bot","timestamp":"2026-05-24 05:48:45"}
{"args":"状态","command":"股票","level":"info","message":"收到指令","service":"nas-bot","timestamp":"2026-05-24 05:48:45","userId":"6423823321"}
{"args":"","command":"/start","level":"info","message":"收到指令","service":"nas-bot","timestamp":"2026-05-24 05:48:45","userId":"6423823321"}
{"args":"容器","command":"系统","level":"info","message":"收到指令","service":"nas-bot","timestamp":"2026-05-24 05:48:45","userId":"6423823321"}
{"level":"info","message":"获取容器列表","service":"nas-bot","timestamp":"2026-05-24 05:48:45"}
{"args":"状态","command":"股票","level":"info","message":"收到指令","service":"nas-bot","timestamp":"2026-05-24 05:48:45","userId":"6423823321"}
{"args":"开启","command":"股票","level":"info","message":"收到指令","service":"nas-bot","timestamp":"2026-05-24 05:48:45","userId":"6423823321"}
{"args":"链接","command":"股票","level":"info","message":"收到指令","service":"nas-bot","timestamp":"2026-05-24 05:48:45","userId":"6423823321"}
{"args":"检测","command":"股票","level":"info","message":"收到指令","service":"nas-bot","timestamp":"2026-05-24 05:48:45","userId":"6423823321"}
{"args":"状态","command":"系统","level":"info","message":"收到指令","service":"nas-bot","timestamp":"2026-05-24 05:48:45","userId":"6423823321"}
{"count":10,"level":"warn","message":"触发限流","service":"nas-bot","timestamp":"2026-05-24 05:48:45","userId":"6423823321"}
{"args":"关闭","command":"ai","level":"info","message":"收到指令","service":"nas-bot","timestamp":"2026-05-24 05:48:45","userId":"6423823321"}
{"count":10,"level":"warn","message":"触发限流","service":"nas-bot","timestamp":"2026-05-24 05:48:45","userId":"6423823321"}
{"args":"状态","command":"系统","level":"info","message":"收到指令","service":"nas-bot","timestamp":"2026-05-24 05:48:45","userId":"6423823321"}
{"count":10,"level":"warn","message":"触发限流","service":"nas-bot","timestamp":"2026-05-24 05:48:45","userId":"6423823321"}
{"args":"状态","command":"系统","level":"info","message":"收到指令","service":"nas-bot","timestamp":"2026-05-24 05:48:45","userId":"6423823321"}
{"count":10,"level":"warn","message":"触发限流","service":"nas-bot","timestamp":"2026-05-24 05:48:45","userId":"6423823321"}
{"args":"状态","command":"股票","level":"info","message":"收到指令","service":"nas-bot","timestamp":"2026-05-24 05:48:45","userId":"6423823321"}
{"count":10,"level":"warn","message":"触发限流","service":"nas-bot","timestamp":"2026-05-24 05:48:45","userId":"6423823321"}
{"args":"","command":"帮助","level":"info","message":"收到指令","service":"nas-bot","timestamp":"2026-05-24 05:48:45","userId":"6423823321"}
{"count":10,"level":"warn","message":"触发限流","service":"nas-bot","timestamp":"2026-05-24 05:48:45","userId":"6423823321"}
{"args":"","command":"股票状态","level":"info","message":"收到指令","service":"nas-bot","timestamp":"2026-05-24 05:48:45","userId":"6423823321"}
{"count":10,"level":"warn","message":"触发限流","service":"nas-bot","timestamp":"2026-05-24 05:48:45","userId":"6423823321"}
{"args":"","command":"帮助","level":"info","message":"收到指令","service":"nas-bot","timestamp":"2026-05-24 05:48:45","userId":"6423823321"}
{"count":10,"level":"warn","message":"触发限流","service":"nas-bot","timestamp":"2026-05-24 05:48:45","userId":"6423823321"}
{"args":"docker restart nas-bot","command":"exec","level":"info","message":"收到指令","service":"nas-bot","timestamp":"2026-05-24 05:48:45","userId":"6423823321"}
{"count":10,"level":"warn","message":"触发限流","service":"nas-bot","timestamp":"2026-05-24 05:48:45","userId":"6423823321"}
{"args":"状态","command":"股票","level":"info","message":"收到指令","service":"nas-bot","timestamp":"2026-05-24 05:48:45","userId":"6423823321"}
{"count":10,"level":"warn","message":"触发限流","service":"nas-bot","timestamp":"2026-05-24 05:48:45","userId":"6423823321"}
{"level":"info","message":"IOC容器构建完成","service":"nas-bot","timestamp":"2026-05-24 05:48:46"}
{"alertInterval":"每5分钟","level":"info","message":"定时调度器启动","service":"nas-bot","summaryTime":"15:35","timestamp":"2026-05-24 05:48:46"}
{"level":"info","message":"Bot启动","service":"nas-bot","timestamp":"2026-05-24 05:48:46"}
{"level":"info","message":"NAS Bot 已启动 🚀","service":"nas-bot","timestamp":"2026-05-24 05:48:46"}
{"args":"docker restart nas-bot","command":"exec","level":"info","message":"收到指令","service":"nas-bot","timestamp":"2026-05-24 05:48:47","userId":"6423823321"}
{"level":"info","message":"IOC容器构建完成","service":"nas-bot","timestamp":"2026-05-24 05:48:59"}
{"alertInterval":"每5分钟","level":"info","message":"定时调度器启动","service":"nas-bot","summaryTime":"15:35","timestamp":"2026-05-24 05:48:59"}
{"level":"info","message":"Bot启动","service":"nas-bot","timestamp":"2026-05-24 05:48:59"}
{"level":"info","message":"NAS Bot 已启动 🚀","service":"nas-bot","timestamp":"2026-05-24 05:48:59"}
{"error":"","level":"error","message":"Telegram请求失败","method":"getUpdates","service":"nas-bot","timestamp":"2026-05-24 05:48:59"}
{"args":"docker restart nas-bot","command":"exec","level":"info","message":"收到指令","service":"nas-bot","timestamp":"2026-05-24 05:49:01","userId":"6423823321"}
{"level":"info","message":"IOC容器构建完成","service":"nas-bot","timestamp":"2026-05-24 05:49:12"}
{"alertInterval":"每5分钟","level":"info","message":"定时调度器启动","service":"nas-bot","summaryTime":"15:35","timestamp":"2026-05-24 05:49:12"}
{"level":"info","message":"Bot启动","service":"nas-bot","timestamp":"2026-05-24 05:49:12"}
{"level":"info","message":"NAS Bot 已启动 🚀","service":"nas-bot","timestamp":"2026-05-24 05:49:12"}
{"args":"docker restart nas-bot","command":"exec","level":"info","message":"收到指令","service":"nas-bot","timestamp":"2026-05-24 05:49:13","userId":"6423823321"}
{"level":"info","message":"IOC容器构建完成","service":"nas-bot","timestamp":"2026-05-24 05:49:24"}
{"alertInterval":"每5分钟","level":"info","message":"定时调度器启动","service":"nas-bot","summaryTime":"15:35","timestamp":"2026-05-24 05:49:24"}
{"level":"info","message":"Bot启动","service":"nas-bot","timestamp":"2026-05-24 05:49:24"}
{"level":"info","message":"NAS Bot 已启动 🚀","service":"nas-bot","timestamp":"2026-05-24 05:49:25"}
{"error":"","level":"error","message":"Telegram请求失败","method":"getUpdates","service":"nas-bot","timestamp":"2026-05-24 05:49:25"}
{"args":"docker restart nas-bot","command":"exec","level":"info","message":"收到指令","service":"nas-bot","timestamp":"2026-05-24 05:49:27","userId":"6423823321"}
{"cmd":"docker restart nas-bot","level":"info","message":"执行命令","service":"nas-bot","timestamp":"2026-05-24 05:49:27"}
{"cmd":"docker restart nas-bot","error":"spawnSync /bin/sh ETIMEDOUT","level":"error","message":"Docker命令执行失败","service":"nas-bot","timestamp":"2026-05-24 05:49:37"}
{"args":"ls /bin/","command":"exec","level":"info","message":"收到指令","service":"nas-bot","timestamp":"2026-05-24 05:49:37","userId":"6423823321"}
{"cmd":"ls /bin/","level":"info","message":"执行命令","service":"nas-bot","timestamp":"2026-05-24 05:49:37"}
{"args":"node -e \"require('child_process').execSync('ls /bin/sh').toString()\"","command":"exec","level":"info","message":"收到指令","service":"nas-bot","timestamp":"2026-05-24 05:49:37","userId":"6423823321"}
{"cmd":"node -e \"require('child_process').execSync('ls /bin/sh').toString()\"","level":"info","message":"执行命令","service":"nas-bot","timestamp":"2026-05-24 05:49:37"}
{"args":"状态","command":"股票","level":"info","message":"收到指令","service":"nas-bot","timestamp":"2026-05-24 05:49:37","userId":"6423823321"}
{"args":"","command":"/start","level":"info","message":"收到指令","service":"nas-bot","timestamp":"2026-05-24 05:49:37","userId":"6423823321"}
{"args":"容器","command":"系统","level":"info","message":"收到指令","service":"nas-bot","timestamp":"2026-05-24 05:49:37","userId":"6423823321"}
{"level":"info","message":"获取容器列表","service":"nas-bot","timestamp":"2026-05-24 05:49:37"}
{"args":"状态","command":"股票","level":"info","message":"收到指令","service":"nas-bot","timestamp":"2026-05-24 05:49:37","userId":"6423823321"}
{"args":"开启","command":"股票","level":"info","message":"收到指令","service":"nas-bot","timestamp":"2026-05-24 05:49:37","userId":"6423823321"}
{"args":"链接","command":"股票","level":"info","message":"收到指令","service":"nas-bot","timestamp":"2026-05-24 05:49:37","userId":"6423823321"}
{"args":"检测","command":"股票","level":"info","message":"收到指令","service":"nas-bot","timestamp":"2026-05-24 05:49:37","userId":"6423823321"}
{"args":"状态","command":"系统","level":"info","message":"收到指令","service":"nas-bot","timestamp":"2026-05-24 05:49:37","userId":"6423823321"}
{"count":10,"level":"warn","message":"触发限流","service":"nas-bot","timestamp":"2026-05-24 05:49:37","userId":"6423823321"}
{"args":"关闭","command":"ai","level":"info","message":"收到指令","service":"nas-bot","timestamp":"2026-05-24 05:49:37","userId":"6423823321"}
{"count":10,"level":"warn","message":"触发限流","service":"nas-bot","timestamp":"2026-05-24 05:49:37","userId":"6423823321"}
{"args":"状态","command":"系统","level":"info","message":"收到指令","service":"nas-bot","timestamp":"2026-05-24 05:49:37","userId":"6423823321"}
{"count":10,"level":"warn","message":"触发限流","service":"nas-bot","timestamp":"2026-05-24 05:49:37","userId":"6423823321"}
{"args":"状态","command":"系统","level":"info","message":"收到指令","service":"nas-bot","timestamp":"2026-05-24 05:49:37","userId":"6423823321"}
{"count":10,"level":"warn","message":"触发限流","service":"nas-bot","timestamp":"2026-05-24 05:49:37","userId":"6423823321"}
{"args":"状态","command":"股票","level":"info","message":"收到指令","service":"nas-bot","timestamp":"2026-05-24 05:49:37","userId":"6423823321"}
{"count":10,"level":"warn","message":"触发限流","service":"nas-bot","timestamp":"2026-05-24 05:49:37","userId":"6423823321"}
{"args":"","command":"帮助","level":"info","message":"收到指令","service":"nas-bot","timestamp":"2026-05-24 05:49:37","userId":"6423823321"}
{"count":10,"level":"warn","message":"触发限流","service":"nas-bot","timestamp":"2026-05-24 05:49:37","userId":"6423823321"}
{"args":"","command":"股票状态","level":"info","message":"收到指令","service":"nas-bot","timestamp":"2026-05-24 05:49:37","userId":"6423823321"}
{"count":10,"level":"warn","message":"触发限流","service":"nas-bot","timestamp":"2026-05-24 05:49:37","userId":"6423823321"}
{"args":"","command":"帮助","level":"info","message":"收到指令","service":"nas-bot","timestamp":"2026-05-24 05:49:37","userId":"6423823321"}
{"count":10,"level":"warn","message":"触发限流","service":"nas-bot","timestamp":"2026-05-24 05:49:37","userId":"6423823321"}
{"args":"docker restart nas-bot","command":"exec","level":"info","message":"收到指令","service":"nas-bot","timestamp":"2026-05-24 05:49:37","userId":"6423823321"}
{"count":10,"level":"warn","message":"触发限流","service":"nas-bot","timestamp":"2026-05-24 05:49:37","userId":"6423823321"}
{"args":"状态","command":"股票","level":"info","message":"收到指令","service":"nas-bot","timestamp":"2026-05-24 05:49:37","userId":"6423823321"}
{"count":10,"level":"warn","message":"触发限流","service":"nas-bot","timestamp":"2026-05-24 05:49:37","userId":"6423823321"}
{"level":"info","message":"IOC容器构建完成","service":"nas-bot","timestamp":"2026-05-24 05:49:39"}
{"alertInterval":"每5分钟","level":"info","message":"定时调度器启动","service":"nas-bot","summaryTime":"15:35","timestamp":"2026-05-24 05:49:39"}
{"level":"info","message":"Bot启动","service":"nas-bot","timestamp":"2026-05-24 05:49:39"}
{"level":"info","message":"NAS Bot 已启动 🚀","service":"nas-bot","timestamp":"2026-05-24 05:49:39"}
{"error":"","level":"error","message":"Telegram请求失败","method":"getUpdates","service":"nas-bot","timestamp":"2026-05-24 05:49:39"}
{"args":"docker restart nas-bot","command":"exec","level":"info","message":"收到指令","service":"nas-bot","timestamp":"2026-05-24 05:49:41","userId":"6423823321"}
{"cmd":"docker restart nas-bot","level":"info","message":"执行命令","service":"nas-bot","timestamp":"2026-05-24 05:49:41"}
{"cmd":"docker restart nas-bot","error":"spawnSync /bin/sh ETIMEDOUT","level":"error","message":"Docker命令执行失败","service":"nas-bot","timestamp":"2026-05-24 05:49:51"}
{"args":"ls /bin/","command":"exec","level":"info","message":"收到指令","service":"nas-bot","timestamp":"2026-05-24 05:49:51","userId":"6423823321"}
{"cmd":"ls /bin/","level":"info","message":"执行命令","service":"nas-bot","timestamp":"2026-05-24 05:49:51"}
{"args":"node -e \"require('child_process').execSync('ls /bin/sh').toString()\"","command":"exec","level":"info","message":"收到指令","service":"nas-bot","timestamp":"2026-05-24 05:49:51","userId":"6423823321"}
{"cmd":"node -e \"require('child_process').execSync('ls /bin/sh').toString()\"","level":"info","message":"执行命令","service":"nas-bot","timestamp":"2026-05-24 05:49:51"}
{"args":"状态","command":"股票","level":"info","message":"收到指令","service":"nas-bot","timestamp":"2026-05-24 05:49:51","userId":"6423823321"}
{"args":"","command":"/start","level":"info","message":"收到指令","service":"nas-bot","timestamp":"2026-05-24 05:49:51","userId":"6423823321"}
{"args":"容器","command":"系统","level":"info","message":"收到指令","service":"nas-bot","timestamp":"2026-05-24 05:49:51","userId":"6423823321"}
{"level":"info","message":"获取容器列表","service":"nas-bot","timestamp":"2026-05-24 05:49:51"}
{"args":"状态","command":"股票","level":"info","message":"收到指令","service":"nas-bot","timestamp":"2026-05-24 05:49:51","userId":"6423823321"}
{"args":"开启","command":"股票","level":"info","message":"收到指令","service":"nas-bot","timestamp":"2026-05-24 05:49:51","userId":"6423823321"}
{"args":"链接","command":"股票","level":"info","message":"收到指令","service":"nas-bot","timestamp":"2026-05-24 05:49:51","userId":"6423823321"}
{"args":"检测","command":"股票","level":"info","message":"收到指令","service":"nas-bot","timestamp":"2026-05-24 05:49:51","userId":"6423823321"}
{"args":"状态","command":"系统","level":"info","message":"收到指令","service":"nas-bot","timestamp":"2026-05-24 05:49:51","userId":"6423823321"}
{"count":10,"level":"warn","message":"触发限流","service":"nas-bot","timestamp":"2026-05-24 05:49:51","userId":"6423823321"}
{"args":"关闭","command":"ai","level":"info","message":"收到指令","service":"nas-bot","timestamp":"2026-05-24 05:49:51","userId":"6423823321"}
{"count":10,"level":"warn","message":"触发限流","service":"nas-bot","timestamp":"2026-05-24 05:49:51","userId":"6423823321"}
{"args":"状态","command":"系统","level":"info","message":"收到指令","service":"nas-bot","timestamp":"2026-05-24 05:49:51","userId":"6423823321"}
{"count":10,"level":"warn","message":"触发限流","service":"nas-bot","timestamp":"2026-05-24 05:49:51","userId":"6423823321"}
{"args":"状态","command":"系统","level":"info","message":"收到指令","service":"nas-bot","timestamp":"2026-05-24 05:49:51","userId":"6423823321"}
{"count":10,"level":"warn","message":"触发限流","service":"nas-bot","timestamp":"2026-05-24 05:49:51","userId":"6423823321"}
{"args":"状态","command":"股票","level":"info","message":"收到指令","service":"nas-bot","timestamp":"2026-05-24 05:49:51","userId":"6423823321"}
{"count":10,"level":"warn","message":"触发限流","service":"nas-bot","timestamp":"2026-05-24 05:49:51","userId":"6423823321"}
{"args":"","command":"帮助","level":"info","message":"收到指令","service":"nas-bot","timestamp":"2026-05-24 05:49:51","userId":"6423823321"}
{"count":10,"level":"warn","message":"触发限流","service":"nas-bot","timestamp":"2026-05-24 05:49:51","userId":"6423823321"}
{"args":"","command":"股票状态","level":"info","message":"收到指令","service":"nas-bot","timestamp":"2026-05-24 05:49:51","userId":"6423823321"}
{"count":10,"level":"warn","message":"触发限流","service":"nas-bot","timestamp":"2026-05-24 05:49:51","userId":"6423823321"}
{"args":"","command":"帮助","level":"info","message":"收到指令","service":"nas-bot","timestamp":"2026-05-24 05:49:51","userId":"6423823321"}
{"count":10,"level":"warn","message":"触发限流","service":"nas-bot","timestamp":"2026-05-24 05:49:51","userId":"6423823321"}
{"args":"docker restart nas-bot","command":"exec","level":"info","message":"收到指令","service":"nas-bot","timestamp":"2026-05-24 05:49:51","userId":"6423823321"}
{"count":10,"level":"warn","message":"触发限流","service":"nas-bot","timestamp":"2026-05-24 05:49:51","userId":"6423823321"}
{"args":"状态","command":"股票","level":"info","message":"收到指令","service":"nas-bot","timestamp":"2026-05-24 05:49:51","userId":"6423823321"}
{"count":10,"level":"warn","message":"触发限流","service":"nas-bot","timestamp":"2026-05-24 05:49:51","userId":"6423823321"}
{"level":"info","message":"IOC容器构建完成","service":"nas-bot","timestamp":"2026-05-24 05:49:52"}
{"alertInterval":"每5分钟","level":"info","message":"定时调度器启动","service":"nas-bot","summaryTime":"15:35","timestamp":"2026-05-24 05:49:52"}
{"level":"info","message":"Bot启动","service":"nas-bot","timestamp":"2026-05-24 05:49:52"}
{"level":"info","message":"NAS Bot 已启动 🚀","service":"nas-bot","timestamp":"2026-05-24 05:49:52"}
{"args":"docker restart nas-bot","command":"exec","level":"info","message":"收到指令","service":"nas-bot","timestamp":"2026-05-24 05:49:53","userId":"6423823321"}
{"level":"info","message":"IOC容器构建完成","service":"nas-bot","timestamp":"2026-05-24 05:50:05"}
{"alertInterval":"每5分钟","level":"info","message":"定时调度器启动","service":"nas-bot","summaryTime":"15:35","timestamp":"2026-05-24 05:50:05"}
{"level":"info","message":"Bot启动","service":"nas-bot","timestamp":"2026-05-24 05:50:05"}
{"level":"info","message":"NAS Bot 已启动 🚀","service":"nas-bot","timestamp":"2026-05-24 05:50:05"}
{"args":"docker restart nas-bot","command":"exec","level":"info","message":"收到指令","service":"nas-bot","timestamp":"2026-05-24 05:50:06","userId":"6423823321"}
{"cmd":"docker restart nas-bot","level":"info","message":"执行命令","service":"nas-bot","timestamp":"2026-05-24 05:50:06"}
{"cmd":"docker restart nas-bot","error":"spawnSync /bin/sh ETIMEDOUT","level":"error","message":"Docker命令执行失败","service":"nas-bot","timestamp":"2026-05-24 05:50:16"}
{"args":"ls /bin/","command":"exec","level":"info","message":"收到指令","service":"nas-bot","timestamp":"2026-05-24 05:50:16","userId":"6423823321"}
{"cmd":"ls /bin/","level":"info","message":"执行命令","service":"nas-bot","timestamp":"2026-05-24 05:50:16"}
{"args":"node -e \"require('child_process').execSync('ls /bin/sh').toString()\"","command":"exec","level":"info","message":"收到指令","service":"nas-bot","timestamp":"2026-05-24 05:50:16","userId":"6423823321"}
{"cmd":"node -e \"require('child_process').execSync('ls /bin/sh').toString()\"","level":"info","message":"执行命令","service":"nas-bot","timestamp":"2026-05-24 05:50:16"}
{"args":"状态","command":"股票","level":"info","message":"收到指令","service":"nas-bot","timestamp":"2026-05-24 05:50:16","userId":"6423823321"}
{"args":"","command":"/start","level":"info","message":"收到指令","service":"nas-bot","timestamp":"2026-05-24 05:50:16","userId":"6423823321"}
{"args":"容器","command":"系统","level":"info","message":"收到指令","service":"nas-bot","timestamp":"2026-05-24 05:50:16","userId":"6423823321"}
{"level":"info","message":"获取容器列表","service":"nas-bot","timestamp":"2026-05-24 05:50:16"}
{"args":"状态","command":"股票","level":"info","message":"收到指令","service":"nas-bot","timestamp":"2026-05-24 05:50:16","userId":"6423823321"}
{"args":"开启","command":"股票","level":"info","message":"收到指令","service":"nas-bot","timestamp":"2026-05-24 05:50:16","userId":"6423823321"}
{"args":"链接","command":"股票","level":"info","message":"收到指令","service":"nas-bot","timestamp":"2026-05-24 05:50:16","userId":"6423823321"}
{"args":"检测","command":"股票","level":"info","message":"收到指令","service":"nas-bot","timestamp":"2026-05-24 05:50:16","userId":"6423823321"}
{"args":"状态","command":"系统","level":"info","message":"收到指令","service":"nas-bot","timestamp":"2026-05-24 05:50:16","userId":"6423823321"}
{"count":10,"level":"warn","message":"触发限流","service":"nas-bot","timestamp":"2026-05-24 05:50:16","userId":"6423823321"}
{"args":"关闭","command":"ai","level":"info","message":"收到指令","service":"nas-bot","timestamp":"2026-05-24 05:50:16","userId":"6423823321"}
{"count":10,"level":"warn","message":"触发限流","service":"nas-bot","timestamp":"2026-05-24 05:50:16","userId":"6423823321"}
{"args":"状态","command":"系统","level":"info","message":"收到指令","service":"nas-bot","timestamp":"2026-05-24 05:50:16","userId":"6423823321"}
{"count":10,"level":"warn","message":"触发限流","service":"nas-bot","timestamp":"2026-05-24 05:50:16","userId":"6423823321"}
{"args":"状态","command":"系统","level":"info","message":"收到指令","service":"nas-bot","timestamp":"2026-05-24 05:50:16","userId":"6423823321"}
{"count":10,"level":"warn","message":"触发限流","service":"nas-bot","timestamp":"2026-05-24 05:50:16","userId":"6423823321"}
{"args":"状态","command":"股票","level":"info","message":"收到指令","service":"nas-bot","timestamp":"2026-05-24 05:50:16","userId":"6423823321"}
{"count":10,"level":"warn","message":"触发限流","service":"nas-bot","timestamp":"2026-05-24 05:50:16","userId":"6423823321"}
{"args":"","command":"帮助","level":"info","message":"收到指令","service":"nas-bot","timestamp":"2026-05-24 05:50:16","userId":"6423823321"}
{"count":10,"level":"warn","message":"触发限流","service":"nas-bot","timestamp":"2026-05-24 05:50:16","userId":"6423823321"}
{"args":"","command":"股票状态","level":"info","message":"收到指令","service":"nas-bot","timestamp":"2026-05-24 05:50:16","userId":"6423823321"}
{"count":10,"level":"warn","message":"触发限流","service":"nas-bot","timestamp":"2026-05-24 05:50:16","userId":"6423823321"}
{"args":"","command":"帮助","level":"info","message":"收到指令","service":"nas-bot","timestamp":"2026-05-24 05:50:16","userId":"6423823321"}
{"count":10,"level":"warn","message":"触发限流","service":"nas-bot","timestamp":"2026-05-24 05:50:16","userId":"6423823321"}
{"args":"docker restart nas-bot","command":"exec","level":"info","message":"收到指令","service":"nas-bot","timestamp":"2026-05-24 05:50:16","userId":"6423823321"}
{"count":10,"level":"warn","message":"触发限流","service":"nas-bot","timestamp":"2026-05-24 05:50:16","userId":"6423823321"}
{"args":"状态","command":"股票","level":"info","message":"收到指令","service":"nas-bot","timestamp":"2026-05-24 05:50:16","userId":"6423823321"}
{"count":10,"level":"warn","message":"触发限流","service":"nas-bot","timestamp":"2026-05-24 05:50:16","userId":"6423823321"}
{"level":"info","message":"IOC容器构建完成","service":"nas-bot","timestamp":"2026-05-24 05:50:17"}
{"alertInterval":"每5分钟","level":"info","message":"定时调度器启动","service":"nas-bot","summaryTime":"15:35","timestamp":"2026-05-24 05:50:17"}
{"level":"info","message":"Bot启动","service":"nas-bot","timestamp":"2026-05-24 05:50:17"}
{"level":"info","message":"NAS Bot 已启动 🚀","service":"nas-bot","timestamp":"2026-05-24 05:50:17"}
{"args":"docker restart nas-bot","command":"exec","level":"info","message":"收到指令","service":"nas-bot","timestamp":"2026-05-24 05:50:18","userId":"6423823321"}
{"cmd":"docker restart nas-bot","level":"info","message":"执行命令","service":"nas-bot","timestamp":"2026-05-24 05:50:18"}
{"cmd":"docker restart nas-bot","error":"spawnSync /bin/sh ETIMEDOUT","level":"error","message":"Docker命令执行失败","service":"nas-bot","timestamp":"2026-05-24 05:50:28"}
{"args":"ls /bin/","command":"exec","level":"info","message":"收到指令","service":"nas-bot","timestamp":"2026-05-24 05:50:28","userId":"6423823321"}
{"cmd":"ls /bin/","level":"info","message":"执行命令","service":"nas-bot","timestamp":"2026-05-24 05:50:28"}
{"args":"node -e \"require('child_process').execSync('ls /bin/sh').toString()\"","command":"exec","level":"info","message":"收到指令","service":"nas-bot","timestamp":"2026-05-24 05:50:28","userId":"6423823321"}
{"cmd":"node -e \"require('child_process').execSync('ls /bin/sh').toString()\"","level":"info","message":"执行命令","service":"nas-bot","timestamp":"2026-05-24 05:50:28"}
{"args":"状态","command":"股票","level":"info","message":"收到指令","service":"nas-bot","timestamp":"2026-05-24 05:50:28","userId":"6423823321"}
{"args":"","command":"/start","level":"info","message":"收到指令","service":"nas-bot","timestamp":"2026-05-24 05:50:28","userId":"6423823321"}
{"args":"容器","command":"系统","level":"info","message":"收到指令","service":"nas-bot","timestamp":"2026-05-24 05:50:28","userId":"6423823321"}
{"level":"info","message":"获取容器列表","service":"nas-bot","timestamp":"2026-05-24 05:50:28"}
{"args":"状态","command":"股票","level":"info","message":"收到指令","service":"nas-bot","timestamp":"2026-05-24 05:50:28","userId":"6423823321"}
{"args":"开启","command":"股票","level":"info","message":"收到指令","service":"nas-bot","timestamp":"2026-05-24 05:50:28","userId":"6423823321"}
{"args":"链接","command":"股票","level":"info","message":"收到指令","service":"nas-bot","timestamp":"2026-05-24 05:50:28","userId":"6423823321"}
{"args":"检测","command":"股票","level":"info","message":"收到指令","service":"nas-bot","timestamp":"2026-05-24 05:50:28","userId":"6423823321"}
{"args":"状态","command":"系统","level":"info","message":"收到指令","service":"nas-bot","timestamp":"2026-05-24 05:50:28","userId":"6423823321"}
{"count":10,"level":"warn","message":"触发限流","service":"nas-bot","timestamp":"2026-05-24 05:50:28","userId":"6423823321"}
{"args":"关闭","command":"ai","level":"info","message":"收到指令","service":"nas-bot","timestamp":"2026-05-24 05:50:28","userId":"6423823321"}
{"count":10,"level":"warn","message":"触发限流","service":"nas-bot","timestamp":"2026-05-24 05:50:28","userId":"6423823321"}
{"args":"状态","command":"系统","level":"info","message":"收到指令","service":"nas-bot","timestamp":"2026-05-24 05:50:28","userId":"6423823321"}
{"count":10,"level":"warn","message":"触发限流","service":"nas-bot","timestamp":"2026-05-24 05:50:28","userId":"6423823321"}
{"args":"状态","command":"系统","level":"info","message":"收到指令","service":"nas-bot","timestamp":"2026-05-24 05:50:28","userId":"6423823321"}
{"count":10,"level":"warn","message":"触发限流","service":"nas-bot","timestamp":"2026-05-24 05:50:28","userId":"6423823321"}
{"args":"状态","command":"股票","level":"info","message":"收到指令","service":"nas-bot","timestamp":"2026-05-24 05:50:28","userId":"6423823321"}
{"count":10,"level":"warn","message":"触发限流","service":"nas-bot","timestamp":"2026-05-24 05:50:28","userId":"6423823321"}
{"args":"","command":"帮助","level":"info","message":"收到指令","service":"nas-bot","timestamp":"2026-05-24 05:50:28","userId":"6423823321"}
{"count":10,"level":"warn","message":"触发限流","service":"nas-bot","timestamp":"2026-05-24 05:50:28","userId":"6423823321"}
{"args":"","command":"股票状态","level":"info","message":"收到指令","service":"nas-bot","timestamp":"2026-05-24 05:50:28","userId":"6423823321"}
{"count":10,"level":"warn","message":"触发限流","service":"nas-bot","timestamp":"2026-05-24 05:50:28","userId":"6423823321"}
{"args":"","command":"帮助","level":"info","message":"收到指令","service":"nas-bot","timestamp":"2026-05-24 05:50:28","userId":"6423823321"}
{"count":10,"level":"warn","message":"触发限流","service":"nas-bot","timestamp":"2026-05-24 05:50:28","userId":"6423823321"}
{"args":"docker restart nas-bot","command":"exec","level":"info","message":"收到指令","service":"nas-bot","timestamp":"2026-05-24 05:50:28","userId":"6423823321"}
{"count":10,"level":"warn","message":"触发限流","service":"nas-bot","timestamp":"2026-05-24 05:50:28","userId":"6423823321"}
{"args":"状态","command":"股票","level":"info","message":"收到指令","service":"nas-bot","timestamp":"2026-05-24 05:50:28","userId":"6423823321"}
{"count":10,"level":"warn","message":"触发限流","service":"nas-bot","timestamp":"2026-05-24 05:50:28","userId":"6423823321"}
{"level":"info","message":"IOC容器构建完成","service":"nas-bot","timestamp":"2026-05-24 05:50:30"}
{"alertInterval":"每5分钟","level":"info","message":"定时调度器启动","service":"nas-bot","summaryTime":"15:35","timestamp":"2026-05-24 05:50:30"}
{"level":"info","message":"Bot启动","service":"nas-bot","timestamp":"2026-05-24 05:50:30"}
{"level":"info","message":"NAS Bot 已启动 🚀","service":"nas-bot","timestamp":"2026-05-24 05:50:30"}
{"error":"","level":"error","message":"Telegram请求失败","method":"getUpdates","service":"nas-bot","timestamp":"2026-05-24 05:50:30"}
{"error":"","level":"error","message":"Telegram请求失败","method":"getUpdates","service":"nas-bot","timestamp":"2026-05-24 05:50:31"}
{"args":"docker restart nas-bot","command":"exec","level":"info","message":"收到指令","service":"nas-bot","timestamp":"2026-05-24 05:50:33","userId":"6423823321"}
{"cmd":"docker restart nas-bot","level":"info","message":"执行命令","service":"nas-bot","timestamp":"2026-05-24 05:50:33"}
{"cmd":"docker restart nas-bot","error":"spawnSync /bin/sh ETIMEDOUT","level":"error","message":"Docker命令执行失败","service":"nas-bot","timestamp":"2026-05-24 05:50:43"}
{"args":"ls /bin/","command":"exec","level":"info","message":"收到指令","service":"nas-bot","timestamp":"2026-05-24 05:50:43","userId":"6423823321"}
{"cmd":"ls /bin/","level":"info","message":"执行命令","service":"nas-bot","timestamp":"2026-05-24 05:50:43"}
{"args":"node -e \"require('child_process').execSync('ls /bin/sh').toString()\"","command":"exec","level":"info","message":"收到指令","service":"nas-bot","timestamp":"2026-05-24 05:50:43","userId":"6423823321"}
{"cmd":"node -e \"require('child_process').execSync('ls /bin/sh').toString()\"","level":"info","message":"执行命令","service":"nas-bot","timestamp":"2026-05-24 05:50:43"}
{"args":"状态","command":"股票","level":"info","message":"收到指令","service":"nas-bot","timestamp":"2026-05-24 05:50:43","userId":"6423823321"}
{"args":"","command":"/start","level":"info","message":"收到指令","service":"nas-bot","timestamp":"2026-05-24 05:50:43","userId":"6423823321"}
{"args":"容器","command":"系统","level":"info","message":"收到指令","service":"nas-bot","timestamp":"2026-05-24 05:50:43","userId":"6423823321"}
{"level":"info","message":"获取容器列表","service":"nas-bot","timestamp":"2026-05-24 05:50:43"}
{"args":"状态","command":"股票","level":"info","message":"收到指令","service":"nas-bot","timestamp":"2026-05-24 05:50:43","userId":"6423823321"}
{"args":"开启","command":"股票","level":"info","message":"收到指令","service":"nas-bot","timestamp":"2026-05-24 05:50:43","userId":"6423823321"}
{"args":"链接","command":"股票","level":"info","message":"收到指令","service":"nas-bot","timestamp":"2026-05-24 05:50:43","userId":"6423823321"}
{"args":"检测","command":"股票","level":"info","message":"收到指令","service":"nas-bot","timestamp":"2026-05-24 05:50:43","userId":"6423823321"}
{"args":"状态","command":"系统","level":"info","message":"收到指令","service":"nas-bot","timestamp":"2026-05-24 05:50:43","userId":"6423823321"}
{"count":10,"level":"warn","message":"触发限流","service":"nas-bot","timestamp":"2026-05-24 05:50:43","userId":"6423823321"}
{"args":"关闭","command":"ai","level":"info","message":"收到指令","service":"nas-bot","timestamp":"2026-05-24 05:50:43","userId":"6423823321"}
{"count":10,"level":"warn","message":"触发限流","service":"nas-bot","timestamp":"2026-05-24 05:50:43","userId":"6423823321"}
{"args":"状态","command":"系统","level":"info","message":"收到指令","service":"nas-bot","timestamp":"2026-05-24 05:50:43","userId":"6423823321"}
{"count":10,"level":"warn","message":"触发限流","service":"nas-bot","timestamp":"2026-05-24 05:50:43","userId":"6423823321"}
{"args":"状态","command":"系统","level":"info","message":"收到指令","service":"nas-bot","timestamp":"2026-05-24 05:50:43","userId":"6423823321"}
{"count":10,"level":"warn","message":"触发限流","service":"nas-bot","timestamp":"2026-05-24 05:50:43","userId":"6423823321"}
{"args":"状态","command":"股票","level":"info","message":"收到指令","service":"nas-bot","timestamp":"2026-05-24 05:50:43","userId":"6423823321"}
{"count":10,"level":"warn","message":"触发限流","service":"nas-bot","timestamp":"2026-05-24 05:50:43","userId":"6423823321"}
{"args":"","command":"帮助","level":"info","message":"收到指令","service":"nas-bot","timestamp":"2026-05-24 05:50:43","userId":"6423823321"}
{"count":10,"level":"warn","message":"触发限流","service":"nas-bot","timestamp":"2026-05-24 05:50:43","userId":"6423823321"}
{"args":"","command":"股票状态","level":"info","message":"收到指令","service":"nas-bot","timestamp":"2026-05-24 05:50:43","userId":"6423823321"}
{"count":10,"level":"warn","message":"触发限流","service":"nas-bot","timestamp":"2026-05-24 05:50:43","userId":"6423823321"}
{"args":"","command":"帮助","level":"info","message":"收到指令","service":"nas-bot","timestamp":"2026-05-24 05:50:43","userId":"6423823321"}
{"count":10,"level":"warn","message":"触发限流","service":"nas-bot","timestamp":"2026-05-24 05:50:43","userId":"6423823321"}
{"args":"docker restart nas-bot","command":"exec","level":"info","message":"收到指令","service":"nas-bot","timestamp":"2026-05-24 05:50:43","userId":"6423823321"}
{"count":10,"level":"warn","message":"触发限流","service":"nas-bot","timestamp":"2026-05-24 05:50:43","userId":"6423823321"}
{"args":"状态","command":"股票","level":"info","message":"收到指令","service":"nas-bot","timestamp":"2026-05-24 05:50:43","userId":"6423823321"}
{"count":10,"level":"warn","message":"触发限流","service":"nas-bot","timestamp":"2026-05-24 05:50:43","userId":"6423823321"}
{"level":"info","message":"IOC容器构建完成","service":"nas-bot","timestamp":"2026-05-24 05:50:45"}
{"alertInterval":"每5分钟","level":"info","message":"定时调度器启动","service":"nas-bot","summaryTime":"15:35","timestamp":"2026-05-24 05:50:45"}
{"level":"info","message":"Bot启动","service":"nas-bot","timestamp":"2026-05-24 05:50:45"}
{"level":"info","message":"NAS Bot 已启动 🚀","service":"nas-bot","timestamp":"2026-05-24 05:50:45"}
{"error":"","level":"error","message":"Telegram请求失败","method":"getUpdates","service":"nas-bot","timestamp":"2026-05-24 05:50:45"}
{"args":"docker restart nas-bot","command":"exec","level":"info","message":"收到指令","service":"nas-bot","timestamp":"2026-05-24 05:50:47","userId":"6423823321"}
{"level":"info","message":"IOC容器构建完成","service":"nas-bot","timestamp":"2026-05-24 05:50:58"}
{"alertInterval":"每5分钟","level":"info","message":"定时调度器启动","service":"nas-bot","summaryTime":"15:35","timestamp":"2026-05-24 05:50:58"}
{"level":"info","message":"Bot启动","service":"nas-bot","timestamp":"2026-05-24 05:50:58"}
{"level":"info","message":"NAS Bot 已启动 🚀","service":"nas-bot","timestamp":"2026-05-24 05:50:58"}
{"error":"","level":"error","message":"Telegram请求失败","method":"getUpdates","service":"nas-bot","timestamp":"2026-05-24 05:50:59"}
{"error":"","level":"error","message":"Telegram请求失败","method":"getUpdates","service":"nas-bot","timestamp":"2026-05-24 05:51:00"}
{"error":"","level":"error","message":"Telegram请求失败","method":"getUpdates","service":"nas-bot","timestamp":"2026-05-24 05:51:01"}
{"args":"docker restart nas-bot","command":"exec","level":"info","message":"收到指令","service":"nas-bot","timestamp":"2026-05-24 05:51:03","userId":"6423823321"}
{"level":"info","message":"IOC容器构建完成","service":"nas-bot","timestamp":"2026-05-24 05:51:15"}
{"alertInterval":"每5分钟","level":"info","message":"定时调度器启动","service":"nas-bot","summaryTime":"15:35","timestamp":"2026-05-24 05:51:15"}
{"level":"info","message":"Bot启动","service":"nas-bot","timestamp":"2026-05-24 05:51:15"}
{"level":"info","message":"NAS Bot 已启动 🚀","service":"nas-bot","timestamp":"2026-05-24 05:51:15"}
{"error":"","level":"error","message":"Telegram请求失败","method":"getUpdates","service":"nas-bot","timestamp":"2026-05-24 05:51:15"}
{"error":"","level":"error","message":"Telegram请求失败","method":"getUpdates","service":"nas-bot","timestamp":"2026-05-24 05:51:16"}
{"args":"docker restart nas-bot","command":"exec","level":"info","message":"收到指令","service":"nas-bot","timestamp":"2026-05-24 05:51:18","userId":"6423823321"}
{"level":"info","message":"IOC容器构建完成","service":"nas-bot","timestamp":"2026-05-24 05:51:30"}
{"alertInterval":"每5分钟","level":"info","message":"定时调度器启动","service":"nas-bot","summaryTime":"15:35","timestamp":"2026-05-24 05:51:30"}
{"level":"info","message":"Bot启动","service":"nas-bot","timestamp":"2026-05-24 05:51:30"}
{"level":"info","message":"NAS Bot 已启动 🚀","service":"nas-bot","timestamp":"2026-05-24 05:51:30"}
{"args":"docker restart nas-bot","command":"exec","level":"info","message":"收到指令","service":"nas-bot","timestamp":"2026-05-24 05:51:30","userId":"6423823321"}
{"level":"info","message":"IOC容器构建完成","service":"nas-bot","timestamp":"2026-05-24 05:51:42"}
{"alertInterval":"每5分钟","level":"info","message":"定时调度器启动","service":"nas-bot","summaryTime":"15:35","timestamp":"2026-05-24 05:51:42"}
{"level":"info","message":"Bot启动","service":"nas-bot","timestamp":"2026-05-24 05:51:42"}
{"level":"info","message":"NAS Bot 已启动 🚀","service":"nas-bot","timestamp":"2026-05-24 05:51:42"}
{"error":"","level":"error","message":"Telegram请求失败","method":"getUpdates","service":"nas-bot","timestamp":"2026-05-24 05:51:42"}
{"error":"","level":"error","message":"Telegram请求失败","method":"getUpdates","service":"nas-bot","timestamp":"2026-05-24 05:51:44"}
{"error":"","level":"error","message":"Telegram请求失败","method":"getUpdates","service":"nas-bot","timestamp":"2026-05-24 05:51:45"}
{"args":"docker restart nas-bot","command":"exec","level":"info","message":"收到指令","service":"nas-bot","timestamp":"2026-05-24 05:51:47","userId":"6423823321"}
{"level":"info","message":"IOC容器构建完成","service":"nas-bot","timestamp":"2026-05-24 05:51:58"}
{"alertInterval":"每5分钟","level":"info","message":"定时调度器启动","service":"nas-bot","summaryTime":"15:35","timestamp":"2026-05-24 05:51:58"}
{"level":"info","message":"Bot启动","service":"nas-bot","timestamp":"2026-05-24 05:51:58"}
{"level":"info","message":"NAS Bot 已启动 🚀","service":"nas-bot","timestamp":"2026-05-24 05:51:58"}
{"error":"","level":"error","message":"Telegram请求失败","method":"getUpdates","service":"nas-bot","timestamp":"2026-05-24 05:51:59"}
{"args":"docker restart nas-bot","command":"exec","level":"info","message":"收到指令","service":"nas-bot","timestamp":"2026-05-24 05:52:00","userId":"6423823321"}
{"level":"info","message":"IOC容器构建完成","service":"nas-bot","timestamp":"2026-05-24 05:52:12"}
{"alertInterval":"每5分钟","level":"info","message":"定时调度器启动","service":"nas-bot","summaryTime":"15:35","timestamp":"2026-05-24 05:52:12"}
{"level":"info","message":"Bot启动","service":"nas-bot","timestamp":"2026-05-24 05:52:12"}
{"level":"info","message":"NAS Bot 已启动 🚀","service":"nas-bot","timestamp":"2026-05-24 05:52:12"}
{"args":"docker restart nas-bot","command":"exec","level":"info","message":"收到指令","service":"nas-bot","timestamp":"2026-05-24 05:52:13","userId":"6423823321"}
{"level":"info","message":"IOC容器构建完成","service":"nas-bot","timestamp":"2026-05-24 05:52:24"}
{"alertInterval":"每5分钟","level":"info","message":"定时调度器启动","service":"nas-bot","summaryTime":"15:35","timestamp":"2026-05-24 05:52:24"}
{"level":"info","message":"Bot启动","service":"nas-bot","timestamp":"2026-05-24 05:52:24"}
{"level":"info","message":"NAS Bot 已启动 🚀","service":"nas-bot","timestamp":"2026-05-24 05:52:25"}
{"args":"docker restart nas-bot","command":"exec","level":"info","message":"收到指令","service":"nas-bot","timestamp":"2026-05-24 05:52:25","userId":"6423823321"}
{"cmd":"docker restart nas-bot","level":"info","message":"执行命令","service":"nas-bot","timestamp":"2026-05-24 05:52:25"}
{"cmd":"docker restart nas-bot","error":"spawnSync /bin/sh ETIMEDOUT","level":"error","message":"Docker命令执行失败","service":"nas-bot","timestamp":"2026-05-24 05:52:35"}
{"args":"ls /bin/","command":"exec","level":"info","message":"收到指令","service":"nas-bot","timestamp":"2026-05-24 05:52:35","userId":"6423823321"}
{"cmd":"ls /bin/","level":"info","message":"执行命令","service":"nas-bot","timestamp":"2026-05-24 05:52:35"}
{"args":"node -e \"require('child_process').execSync('ls /bin/sh').toString()\"","command":"exec","level":"info","message":"收到指令","service":"nas-bot","timestamp":"2026-05-24 05:52:35","userId":"6423823321"}
{"cmd":"node -e \"require('child_process').execSync('ls /bin/sh').toString()\"","level":"info","message":"执行命令","service":"nas-bot","timestamp":"2026-05-24 05:52:35"}
{"args":"状态","command":"股票","level":"info","message":"收到指令","service":"nas-bot","timestamp":"2026-05-24 05:52:35","userId":"6423823321"}
{"args":"","command":"/start","level":"info","message":"收到指令","service":"nas-bot","timestamp":"2026-05-24 05:52:35","userId":"6423823321"}
{"args":"容器","command":"系统","level":"info","message":"收到指令","service":"nas-bot","timestamp":"2026-05-24 05:52:35","userId":"6423823321"}
{"level":"info","message":"获取容器列表","service":"nas-bot","timestamp":"2026-05-24 05:52:35"}
{"args":"状态","command":"股票","level":"info","message":"收到指令","service":"nas-bot","timestamp":"2026-05-24 05:52:35","userId":"6423823321"}
{"args":"开启","command":"股票","level":"info","message":"收到指令","service":"nas-bot","timestamp":"2026-05-24 05:52:35","userId":"6423823321"}
{"args":"链接","command":"股票","level":"info","message":"收到指令","service":"nas-bot","timestamp":"2026-05-24 05:52:35","userId":"6423823321"}
{"args":"检测","command":"股票","level":"info","message":"收到指令","service":"nas-bot","timestamp":"2026-05-24 05:52:36","userId":"6423823321"}
{"args":"状态","command":"系统","level":"info","message":"收到指令","service":"nas-bot","timestamp":"2026-05-24 05:52:36","userId":"6423823321"}
{"count":10,"level":"warn","message":"触发限流","service":"nas-bot","timestamp":"2026-05-24 05:52:36","userId":"6423823321"}
{"args":"关闭","command":"ai","level":"info","message":"收到指令","service":"nas-bot","timestamp":"2026-05-24 05:52:36","userId":"6423823321"}
{"count":10,"level":"warn","message":"触发限流","service":"nas-bot","timestamp":"2026-05-24 05:52:36","userId":"6423823321"}
{"args":"状态","command":"系统","level":"info","message":"收到指令","service":"nas-bot","timestamp":"2026-05-24 05:52:36","userId":"6423823321"}
{"count":10,"level":"warn","message":"触发限流","service":"nas-bot","timestamp":"2026-05-24 05:52:36","userId":"6423823321"}
{"args":"状态","command":"系统","level":"info","message":"收到指令","service":"nas-bot","timestamp":"2026-05-24 05:52:36","userId":"6423823321"}
{"count":10,"level":"warn","message":"触发限流","service":"nas-bot","timestamp":"2026-05-24 05:52:36","userId":"6423823321"}
{"args":"状态","command":"股票","level":"info","message":"收到指令","service":"nas-bot","timestamp":"2026-05-24 05:52:36","userId":"6423823321"}
{"count":10,"level":"warn","message":"触发限流","service":"nas-bot","timestamp":"2026-05-24 05:52:36","userId":"6423823321"}
{"args":"","command":"帮助","level":"info","message":"收到指令","service":"nas-bot","timestamp":"2026-05-24 05:52:36","userId":"6423823321"}
{"count":10,"level":"warn","message":"触发限流","service":"nas-bot","timestamp":"2026-05-24 05:52:36","userId":"6423823321"}
{"args":"","command":"股票状态","level":"info","message":"收到指令","service":"nas-bot","timestamp":"2026-05-24 05:52:36","userId":"6423823321"}
{"count":10,"level":"warn","message":"触发限流","service":"nas-bot","timestamp":"2026-05-24 05:52:36","userId":"6423823321"}
{"args":"","command":"帮助","level":"info","message":"收到指令","service":"nas-bot","timestamp":"2026-05-24 05:52:36","userId":"6423823321"}
{"count":10,"level":"warn","message":"触发限流","service":"nas-bot","timestamp":"2026-05-24 05:52:36","userId":"6423823321"}
{"args":"docker restart nas-bot","command":"exec","level":"info","message":"收到指令","service":"nas-bot","timestamp":"2026-05-24 05:52:36","userId":"6423823321"}
{"count":10,"level":"warn","message":"触发限流","service":"nas-bot","timestamp":"2026-05-24 05:52:36","userId":"6423823321"}
{"args":"状态","command":"股票","level":"info","message":"收到指令","service":"nas-bot","timestamp":"2026-05-24 05:52:36","userId":"6423823321"}
{"count":10,"level":"warn","message":"触发限流","service":"nas-bot","timestamp":"2026-05-24 05:52:36","userId":"6423823321"}
{"level":"info","message":"IOC容器构建完成","service":"nas-bot","timestamp":"2026-05-24 05:52:37"}
{"alertInterval":"每5分钟","level":"info","message":"定时调度器启动","service":"nas-bot","summaryTime":"15:35","timestamp":"2026-05-24 05:52:37"}
{"level":"info","message":"Bot启动","service":"nas-bot","timestamp":"2026-05-24 05:52:37"}
{"level":"info","message":"NAS Bot 已启动 🚀","service":"nas-bot","timestamp":"2026-05-24 05:52:37"}
{"error":"","level":"error","message":"Telegram请求失败","method":"getUpdates","service":"nas-bot","timestamp":"2026-05-24 05:52:37"}
{"error":"","level":"error","message":"Telegram请求失败","method":"getUpdates","service":"nas-bot","timestamp":"2026-05-24 05:52:38"}
{"error":"","level":"error","message":"Telegram请求失败","method":"getUpdates","service":"nas-bot","timestamp":"2026-05-24 05:52:40"}
{"error":"","level":"error","message":"Telegram请求失败","method":"getUpdates","service":"nas-bot","timestamp":"2026-05-24 05:52:41"}
{"error":"","level":"error","message":"Telegram请求失败","method":"getUpdates","service":"nas-bot","timestamp":"2026-05-24 05:52:42"}
{"args":"docker restart nas-bot","command":"exec","level":"info","message":"收到指令","service":"nas-bot","timestamp":"2026-05-24 05:52:44","userId":"6423823321"}
{"level":"info","message":"IOC容器构建完成","service":"nas-bot","timestamp":"2026-05-24 05:52:56"}
{"alertInterval":"每5分钟","level":"info","message":"定时调度器启动","service":"nas-bot","summaryTime":"15:35","timestamp":"2026-05-24 05:52:56"}
{"level":"info","message":"Bot启动","service":"nas-bot","timestamp":"2026-05-24 05:52:56"}
{"level":"info","message":"NAS Bot 已启动 🚀","service":"nas-bot","timestamp":"2026-05-24 05:52:56"}
{"error":"","level":"error","message":"Telegram请求失败","method":"getUpdates","service":"nas-bot","timestamp":"2026-05-24 05:52:56"}
{"args":"docker restart nas-bot","command":"exec","level":"info","message":"收到指令","service":"nas-bot","timestamp":"2026-05-24 05:52:58","userId":"6423823321"}
{"level":"info","message":"IOC容器构建完成","service":"nas-bot","timestamp":"2026-05-24 05:53:09"}
{"alertInterval":"每5分钟","level":"info","message":"定时调度器启动","service":"nas-bot","summaryTime":"15:35","timestamp":"2026-05-24 05:53:09"}
{"level":"info","message":"Bot启动","service":"nas-bot","timestamp":"2026-05-24 05:53:09"}
{"level":"info","message":"NAS Bot 已启动 🚀","service":"nas-bot","timestamp":"2026-05-24 05:53:09"}
{"error":"","level":"error","message":"Telegram请求失败","method":"getUpdates","service":"nas-bot","timestamp":"2026-05-24 05:53:10"}
{"error":"","level":"error","message":"Telegram请求失败","method":"getUpdates","service":"nas-bot","timestamp":"2026-05-24 05:53:11"}
{"error":"","level":"error","message":"Telegram请求失败","method":"getUpdates","service":"nas-bot","timestamp":"2026-05-24 05:53:12"}
{"error":"","level":"error","message":"Telegram请求失败","method":"getUpdates","service":"nas-bot","timestamp":"2026-05-24 05:53:13"}
{"args":"docker restart nas-bot","command":"exec","level":"info","message":"收到指令","service":"nas-bot","timestamp":"2026-05-24 05:53:15","userId":"6423823321"}
{"cmd":"docker restart nas-bot","level":"info","message":"执行命令","service":"nas-bot","timestamp":"2026-05-24 05:53:15"}
{"cmd":"docker restart nas-bot","error":"spawnSync /bin/sh ETIMEDOUT","level":"error","message":"Docker命令执行失败","service":"nas-bot","timestamp":"2026-05-24 05:53:25"}
{"args":"ls /bin/","command":"exec","level":"info","message":"收到指令","service":"nas-bot","timestamp":"2026-05-24 05:53:25","userId":"6423823321"}
{"cmd":"ls /bin/","level":"info","message":"执行命令","service":"nas-bot","timestamp":"2026-05-24 05:53:25"}
{"args":"node -e \"require('child_process').execSync('ls /bin/sh').toString()\"","command":"exec","level":"info","message":"收到指令","service":"nas-bot","timestamp":"2026-05-24 05:53:25","userId":"6423823321"}
{"cmd":"node -e \"require('child_process').execSync('ls /bin/sh').toString()\"","level":"info","message":"执行命令","service":"nas-bot","timestamp":"2026-05-24 05:53:25"}
{"args":"状态","command":"股票","level":"info","message":"收到指令","service":"nas-bot","timestamp":"2026-05-24 05:53:25","userId":"6423823321"}
{"args":"","command":"/start","level":"info","message":"收到指令","service":"nas-bot","timestamp":"2026-05-24 05:53:25","userId":"6423823321"}
{"args":"容器","command":"系统","level":"info","message":"收到指令","service":"nas-bot","timestamp":"2026-05-24 05:53:25","userId":"6423823321"}
{"level":"info","message":"获取容器列表","service":"nas-bot","timestamp":"2026-05-24 05:53:25"}
{"args":"状态","command":"股票","level":"info","message":"收到指令","service":"nas-bot","timestamp":"2026-05-24 05:53:25","userId":"6423823321"}
{"args":"开启","command":"股票","level":"info","message":"收到指令","service":"nas-bot","timestamp":"2026-05-24 05:53:25","userId":"6423823321"}
{"args":"链接","command":"股票","level":"info","message":"收到指令","service":"nas-bot","timestamp":"2026-05-24 05:53:25","userId":"6423823321"}
{"args":"检测","command":"股票","level":"info","message":"收到指令","service":"nas-bot","timestamp":"2026-05-24 05:53:25","userId":"6423823321"}
{"args":"状态","command":"系统","level":"info","message":"收到指令","service":"nas-bot","timestamp":"2026-05-24 05:53:25","userId":"6423823321"}
{"count":10,"level":"warn","message":"触发限流","service":"nas-bot","timestamp":"2026-05-24 05:53:25","userId":"6423823321"}
{"args":"关闭","command":"ai","level":"info","message":"收到指令","service":"nas-bot","timestamp":"2026-05-24 05:53:25","userId":"6423823321"}
{"count":10,"level":"warn","message":"触发限流","service":"nas-bot","timestamp":"2026-05-24 05:53:25","userId":"6423823321"}
{"args":"状态","command":"系统","level":"info","message":"收到指令","service":"nas-bot","timestamp":"2026-05-24 05:53:25","userId":"6423823321"}
{"count":10,"level":"warn","message":"触发限流","service":"nas-bot","timestamp":"2026-05-24 05:53:25","userId":"6423823321"}
{"args":"状态","command":"系统","level":"info","message":"收到指令","service":"nas-bot","timestamp":"2026-05-24 05:53:25","userId":"6423823321"}
{"count":10,"level":"warn","message":"触发限流","service":"nas-bot","timestamp":"2026-05-24 05:53:25","userId":"6423823321"}
{"args":"状态","command":"股票","level":"info","message":"收到指令","service":"nas-bot","timestamp":"2026-05-24 05:53:25","userId":"6423823321"}
{"count":10,"level":"warn","message":"触发限流","service":"nas-bot","timestamp":"2026-05-24 05:53:25","userId":"6423823321"}
{"args":"","command":"帮助","level":"info","message":"收到指令","service":"nas-bot","timestamp":"2026-05-24 05:53:25","userId":"6423823321"}
{"count":10,"level":"warn","message":"触发限流","service":"nas-bot","timestamp":"2026-05-24 05:53:25","userId":"6423823321"}
{"args":"","command":"股票状态","level":"info","message":"收到指令","service":"nas-bot","timestamp":"2026-05-24 05:53:25","userId":"6423823321"}
{"count":10,"level":"warn","message":"触发限流","service":"nas-bot","timestamp":"2026-05-24 05:53:25","userId":"6423823321"}
{"args":"","command":"帮助","level":"info","message":"收到指令","service":"nas-bot","timestamp":"2026-05-24 05:53:25","userId":"6423823321"}
{"count":10,"level":"warn","message":"触发限流","service":"nas-bot","timestamp":"2026-05-24 05:53:25","userId":"6423823321"}
{"args":"docker restart nas-bot","command":"exec","level":"info","message":"收到指令","service":"nas-bot","timestamp":"2026-05-24 05:53:25","userId":"6423823321"}
{"count":10,"level":"warn","message":"触发限流","service":"nas-bot","timestamp":"2026-05-24 05:53:25","userId":"6423823321"}
{"args":"状态","command":"股票","level":"info","message":"收到指令","service":"nas-bot","timestamp":"2026-05-24 05:53:25","userId":"6423823321"}
{"count":10,"level":"warn","message":"触发限流","service":"nas-bot","timestamp":"2026-05-24 05:53:25","userId":"6423823321"}
{"level":"info","message":"IOC容器构建完成","service":"nas-bot","timestamp":"2026-05-24 05:53:27"}
{"alertInterval":"每5分钟","level":"info","message":"定时调度器启动","service":"nas-bot","summaryTime":"15:35","timestamp":"2026-05-24 05:53:27"}
{"level":"info","message":"Bot启动","service":"nas-bot","timestamp":"2026-05-24 05:53:27"}
{"level":"info","message":"NAS Bot 已启动 🚀","service":"nas-bot","timestamp":"2026-05-24 05:53:27"}
{"args":"docker restart nas-bot","command":"exec","level":"info","message":"收到指令","service":"nas-bot","timestamp":"2026-05-24 05:53:28","userId":"6423823321"}
{"level":"info","message":"IOC容器构建完成","service":"nas-bot","timestamp":"2026-05-24 05:53:39"}
{"alertInterval":"每5分钟","level":"info","message":"定时调度器启动","service":"nas-bot","summaryTime":"15:35","timestamp":"2026-05-24 05:53:39"}
{"level":"info","message":"Bot启动","service":"nas-bot","timestamp":"2026-05-24 05:53:39"}
{"level":"info","message":"NAS Bot 已启动 🚀","service":"nas-bot","timestamp":"2026-05-24 05:53:39"}
{"error":"","level":"error","message":"Telegram请求失败","method":"getUpdates","service":"nas-bot","timestamp":"2026-05-24 05:53:40"}
{"args":"docker restart nas-bot","command":"exec","level":"info","message":"收到指令","service":"nas-bot","timestamp":"2026-05-24 05:53:41","userId":"6423823321"}
{"level":"info","message":"IOC容器构建完成","service":"nas-bot","timestamp":"2026-05-24 05:53:53"}
{"alertInterval":"每5分钟","level":"info","message":"定时调度器启动","service":"nas-bot","summaryTime":"15:35","timestamp":"2026-05-24 05:53:53"}
{"level":"info","message":"Bot启动","service":"nas-bot","timestamp":"2026-05-24 05:53:53"}
{"level":"info","message":"NAS Bot 已启动 🚀","service":"nas-bot","timestamp":"2026-05-24 05:53:53"}
{"args":"docker restart nas-bot","command":"exec","level":"info","message":"收到指令","service":"nas-bot","timestamp":"2026-05-24 05:53:54","userId":"6423823321"}
{"cmd":"docker restart nas-bot","level":"info","message":"执行命令","service":"nas-bot","timestamp":"2026-05-24 05:53:54"}
{"cmd":"docker restart nas-bot","error":"spawnSync /bin/sh ETIMEDOUT","level":"error","message":"Docker命令执行失败","service":"nas-bot","timestamp":"2026-05-24 05:54:04"}
{"args":"ls /bin/","command":"exec","level":"info","message":"收到指令","service":"nas-bot","timestamp":"2026-05-24 05:54:04","userId":"6423823321"}
{"cmd":"ls /bin/","level":"info","message":"执行命令","service":"nas-bot","timestamp":"2026-05-24 05:54:04"}
{"args":"node -e \"require('child_process').execSync('ls /bin/sh').toString()\"","command":"exec","level":"info","message":"收到指令","service":"nas-bot","timestamp":"2026-05-24 05:54:04","userId":"6423823321"}
{"cmd":"node -e \"require('child_process').execSync('ls /bin/sh').toString()\"","level":"info","message":"执行命令","service":"nas-bot","timestamp":"2026-05-24 05:54:04"}
{"args":"状态","command":"股票","level":"info","message":"收到指令","service":"nas-bot","timestamp":"2026-05-24 05:54:04","userId":"6423823321"}
{"args":"","command":"/start","level":"info","message":"收到指令","service":"nas-bot","timestamp":"2026-05-24 05:54:04","userId":"6423823321"}
{"args":"容器","command":"系统","level":"info","message":"收到指令","service":"nas-bot","timestamp":"2026-05-24 05:54:04","userId":"6423823321"}
{"level":"info","message":"获取容器列表","service":"nas-bot","timestamp":"2026-05-24 05:54:04"}
{"args":"状态","command":"股票","level":"info","message":"收到指令","service":"nas-bot","timestamp":"2026-05-24 05:54:04","userId":"6423823321"}
{"args":"开启","command":"股票","level":"info","message":"收到指令","service":"nas-bot","timestamp":"2026-05-24 05:54:04","userId":"6423823321"}
{"args":"链接","command":"股票","level":"info","message":"收到指令","service":"nas-bot","timestamp":"2026-05-24 05:54:04","userId":"6423823321"}
{"args":"检测","command":"股票","level":"info","message":"收到指令","service":"nas-bot","timestamp":"2026-05-24 05:54:04","userId":"6423823321"}
{"args":"状态","command":"系统","level":"info","message":"收到指令","service":"nas-bot","timestamp":"2026-05-24 05:54:04","userId":"6423823321"}
{"count":10,"level":"warn","message":"触发限流","service":"nas-bot","timestamp":"2026-05-24 05:54:04","userId":"6423823321"}
{"args":"关闭","command":"ai","level":"info","message":"收到指令","service":"nas-bot","timestamp":"2026-05-24 05:54:04","userId":"6423823321"}
{"count":10,"level":"warn","message":"触发限流","service":"nas-bot","timestamp":"2026-05-24 05:54:04","userId":"6423823321"}
{"args":"状态","command":"系统","level":"info","message":"收到指令","service":"nas-bot","timestamp":"2026-05-24 05:54:04","userId":"6423823321"}
{"count":10,"level":"warn","message":"触发限流","service":"nas-bot","timestamp":"2026-05-24 05:54:04","userId":"6423823321"}
{"args":"状态","command":"系统","level":"info","message":"收到指令","service":"nas-bot","timestamp":"2026-05-24 05:54:04","userId":"6423823321"}
{"count":10,"level":"warn","message":"触发限流","service":"nas-bot","timestamp":"2026-05-24 05:54:04","userId":"6423823321"}
{"args":"状态","command":"股票","level":"info","message":"收到指令","service":"nas-bot","timestamp":"2026-05-24 05:54:04","userId":"6423823321"}
{"count":10,"level":"warn","message":"触发限流","service":"nas-bot","timestamp":"2026-05-24 05:54:04","userId":"6423823321"}
{"args":"","command":"帮助","level":"info","message":"收到指令","service":"nas-bot","timestamp":"2026-05-24 05:54:04","userId":"6423823321"}
{"count":10,"level":"warn","message":"触发限流","service":"nas-bot","timestamp":"2026-05-24 05:54:04","userId":"6423823321"}
{"args":"","command":"股票状态","level":"info","message":"收到指令","service":"nas-bot","timestamp":"2026-05-24 05:54:04","userId":"6423823321"}
{"count":10,"level":"warn","message":"触发限流","service":"nas-bot","timestamp":"2026-05-24 05:54:04","userId":"6423823321"}
{"args":"","command":"帮助","level":"info","message":"收到指令","service":"nas-bot","timestamp":"2026-05-24 05:54:04","userId":"6423823321"}
{"count":10,"level":"warn","message":"触发限流","service":"nas-bot","timestamp":"2026-05-24 05:54:04","userId":"6423823321"}
{"args":"docker restart nas-bot","command":"exec","level":"info","message":"收到指令","service":"nas-bot","timestamp":"2026-05-24 05:54:04","userId":"6423823321"}
{"count":10,"level":"warn","message":"触发限流","service":"nas-bot","timestamp":"2026-05-24 05:54:04","userId":"6423823321"}
{"args":"状态","command":"股票","level":"info","message":"收到指令","service":"nas-bot","timestamp":"2026-05-24 05:54:04","userId":"6423823321"}
{"count":10,"level":"warn","message":"触发限流","service":"nas-bot","timestamp":"2026-05-24 05:54:04","userId":"6423823321"}
{"level":"info","message":"IOC容器构建完成","service":"nas-bot","timestamp":"2026-05-24 05:54:05"}
{"alertInterval":"每5分钟","level":"info","message":"定时调度器启动","service":"nas-bot","summaryTime":"15:35","timestamp":"2026-05-24 05:54:05"}
{"level":"info","message":"Bot启动","service":"nas-bot","timestamp":"2026-05-24 05:54:05"}
{"level":"info","message":"NAS Bot 已启动 🚀","service":"nas-bot","timestamp":"2026-05-24 05:54:05"}
{"args":"docker restart nas-bot","command":"exec","level":"info","message":"收到指令","service":"nas-bot","timestamp":"2026-05-24 05:54:06","userId":"6423823321"}
{"level":"info","message":"IOC容器构建完成","service":"nas-bot","timestamp":"2026-05-24 05:54:18"}
{"alertInterval":"每5分钟","level":"info","message":"定时调度器启动","service":"nas-bot","summaryTime":"15:35","timestamp":"2026-05-24 05:54:18"}
{"level":"info","message":"Bot启动","service":"nas-bot","timestamp":"2026-05-24 05:54:18"}
{"level":"info","message":"NAS Bot 已启动 🚀","service":"nas-bot","timestamp":"2026-05-24 05:54:18"}
{"error":"","level":"error","message":"Telegram请求失败","method":"getUpdates","service":"nas-bot","timestamp":"2026-05-24 05:54:18"}
{"error":"","level":"error","message":"Telegram请求失败","method":"getUpdates","service":"nas-bot","timestamp":"2026-05-24 05:54:19"}
{"error":"","level":"error","message":"Telegram请求失败","method":"getUpdates","service":"nas-bot","timestamp":"2026-05-24 05:54:21"}
{"error":"","level":"error","message":"Telegram请求失败","method":"getUpdates","service":"nas-bot","timestamp":"2026-05-24 05:54:22"}
{"error":"","level":"error","message":"Telegram请求失败","method":"getUpdates","service":"nas-bot","timestamp":"2026-05-24 05:54:23"}
{"args":"docker restart nas-bot","command":"exec","level":"info","message":"收到指令","service":"nas-bot","timestamp":"2026-05-24 05:54:25","userId":"6423823321"}
{"level":"info","message":"IOC容器构建完成","service":"nas-bot","timestamp":"2026-05-24 05:54:36"}
{"alertInterval":"每5分钟","level":"info","message":"定时调度器启动","service":"nas-bot","summaryTime":"15:35","timestamp":"2026-05-24 05:54:36"}
{"level":"info","message":"Bot启动","service":"nas-bot","timestamp":"2026-05-24 05:54:36"}
{"level":"info","message":"NAS Bot 已启动 🚀","service":"nas-bot","timestamp":"2026-05-24 05:54:37"}
{"error":"","level":"error","message":"Telegram请求失败","method":"getUpdates","service":"nas-bot","timestamp":"2026-05-24 05:54:37"}
{"error":"","level":"error","message":"Telegram请求失败","method":"getUpdates","service":"nas-bot","timestamp":"2026-05-24 05:54:38"}
{"error":"","level":"error","message":"Telegram请求失败","method":"getUpdates","service":"nas-bot","timestamp":"2026-05-24 05:54:39"}
{"error":"","level":"error","message":"Telegram请求失败","method":"getUpdates","service":"nas-bot","timestamp":"2026-05-24 05:54:41"}
{"error":"","level":"error","message":"Telegram请求失败","method":"getUpdates","service":"nas-bot","timestamp":"2026-05-24 05:54:42"}
{"error":"","level":"error","message":"Telegram请求失败","method":"getUpdates","service":"nas-bot","timestamp":"2026-05-24 05:54:43"}
{"error":"","level":"error","message":"Telegram请求失败","method":"getUpdates","service":"nas-bot","timestamp":"2026-05-24 05:54:44"}
{"error":"","level":"error","message":"Telegram请求失败","method":"getUpdates","service":"nas-bot","timestamp":"2026-05-24 05:54:46"}
{"error":"","level":"error","message":"Telegram请求失败","method":"getUpdates","service":"nas-bot","timestamp":"2026-05-24 05:54:47"}
{"error":"","level":"error","message":"Telegram请求失败","method":"getUpdates","service":"nas-bot","timestamp":"2026-05-24 05:54:48"}
{"error":"","level":"error","message":"Telegram请求失败","method":"getUpdates","service":"nas-bot","timestamp":"2026-05-24 05:54:49"}
{"args":"docker restart nas-bot","command":"exec","level":"info","message":"收到指令","service":"nas-bot","timestamp":"2026-05-24 05:54:51","userId":"6423823321"}
{"level":"info","message":"IOC容器构建完成","service":"nas-bot","timestamp":"2026-05-24 05:55:03"}
{"alertInterval":"每5分钟","level":"info","message":"定时调度器启动","service":"nas-bot","summaryTime":"15:35","timestamp":"2026-05-24 05:55:03"}
{"level":"info","message":"Bot启动","service":"nas-bot","timestamp":"2026-05-24 05:55:03"}
{"level":"info","message":"NAS Bot 已启动 🚀","service":"nas-bot","timestamp":"2026-05-24 05:55:03"}
{"error":"","level":"error","message":"Telegram请求失败","method":"getUpdates","service":"nas-bot","timestamp":"2026-05-24 05:55:03"}
{"error":"","level":"error","message":"Telegram请求失败","method":"getUpdates","service":"nas-bot","timestamp":"2026-05-24 05:55:04"}
{"error":"","level":"error","message":"Telegram请求失败","method":"getUpdates","service":"nas-bot","timestamp":"2026-05-24 05:55:05"}
{"error":"","level":"error","message":"Telegram请求失败","method":"getUpdates","service":"nas-bot","timestamp":"2026-05-24 05:55:07"}
{"error":"","level":"error","message":"Telegram请求失败","method":"getUpdates","service":"nas-bot","timestamp":"2026-05-24 05:55:08"}
{"error":"","level":"error","message":"Telegram请求失败","method":"getUpdates","service":"nas-bot","timestamp":"2026-05-24 05:55:09"}
{"error":"","level":"error","message":"Telegram请求失败","method":"getUpdates","service":"nas-bot","timestamp":"2026-05-24 05:55:11"}
{"args":"docker restart nas-bot","command":"exec","level":"info","message":"收到指令","service":"nas-bot","timestamp":"2026-05-24 05:55:12","userId":"6423823321"}
{"level":"info","message":"IOC容器构建完成","service":"nas-bot","timestamp":"2026-05-24 05:55:24"}
{"alertInterval":"每5分钟","level":"info","message":"定时调度器启动","service":"nas-bot","summaryTime":"15:35","timestamp":"2026-05-24 05:55:24"}
{"level":"info","message":"Bot启动","service":"nas-bot","timestamp":"2026-05-24 05:55:24"}
{"level":"info","message":"NAS Bot 已启动 🚀","service":"nas-bot","timestamp":"2026-05-24 05:55:24"}
{"args":"docker restart nas-bot","command":"exec","level":"info","message":"收到指令","service":"nas-bot","timestamp":"2026-05-24 05:55:25","userId":"6423823321"}
{"level":"info","message":"IOC容器构建完成","service":"nas-bot","timestamp":"2026-05-24 05:55:36"}
{"alertInterval":"每5分钟","level":"info","message":"定时调度器启动","service":"nas-bot","summaryTime":"15:35","timestamp":"2026-05-24 05:55:36"}
{"level":"info","message":"Bot启动","service":"nas-bot","timestamp":"2026-05-24 05:55:36"}
{"level":"info","message":"NAS Bot 已启动 🚀","service":"nas-bot","timestamp":"2026-05-24 05:55:37"}
{"args":"docker restart nas-bot","command":"exec","level":"info","message":"收到指令","service":"nas-bot","timestamp":"2026-05-24 05:55:37","userId":"6423823321"}
{"cmd":"docker restart nas-bot","level":"info","message":"执行命令","service":"nas-bot","timestamp":"2026-05-24 05:55:37"}
{"cmd":"docker restart nas-bot","error":"spawnSync /bin/sh ETIMEDOUT","level":"error","message":"Docker命令执行失败","service":"nas-bot","timestamp":"2026-05-24 05:55:47"}
{"args":"ls /bin/","command":"exec","level":"info","message":"收到指令","service":"nas-bot","timestamp":"2026-05-24 05:55:47","userId":"6423823321"}
{"cmd":"ls /bin/","level":"info","message":"执行命令","service":"nas-bot","timestamp":"2026-05-24 05:55:47"}
{"args":"node -e \"require('child_process').execSync('ls /bin/sh').toString()\"","command":"exec","level":"info","message":"收到指令","service":"nas-bot","timestamp":"2026-05-24 05:55:47","userId":"6423823321"}
{"cmd":"node -e \"require('child_process').execSync('ls /bin/sh').toString()\"","level":"info","message":"执行命令","service":"nas-bot","timestamp":"2026-05-24 05:55:47"}
{"args":"状态","command":"股票","level":"info","message":"收到指令","service":"nas-bot","timestamp":"2026-05-24 05:55:47","userId":"6423823321"}
{"args":"","command":"/start","level":"info","message":"收到指令","service":"nas-bot","timestamp":"2026-05-24 05:55:47","userId":"6423823321"}
{"args":"容器","command":"系统","level":"info","message":"收到指令","service":"nas-bot","timestamp":"2026-05-24 05:55:47","userId":"6423823321"}
{"level":"info","message":"获取容器列表","service":"nas-bot","timestamp":"2026-05-24 05:55:47"}
{"args":"状态","command":"股票","level":"info","message":"收到指令","service":"nas-bot","timestamp":"2026-05-24 05:55:47","userId":"6423823321"}
{"args":"开启","command":"股票","level":"info","message":"收到指令","service":"nas-bot","timestamp":"2026-05-24 05:55:47","userId":"6423823321"}
{"args":"链接","command":"股票","level":"info","message":"收到指令","service":"nas-bot","timestamp":"2026-05-24 05:55:47","userId":"6423823321"}
{"args":"检测","command":"股票","level":"info","message":"收到指令","service":"nas-bot","timestamp":"2026-05-24 05:55:48","userId":"6423823321"}
{"args":"状态","command":"系统","level":"info","message":"收到指令","service":"nas-bot","timestamp":"2026-05-24 05:55:48","userId":"6423823321"}
{"count":10,"level":"warn","message":"触发限流","service":"nas-bot","timestamp":"2026-05-24 05:55:48","userId":"6423823321"}
{"args":"关闭","command":"ai","level":"info","message":"收到指令","service":"nas-bot","timestamp":"2026-05-24 05:55:48","userId":"6423823321"}
{"count":10,"level":"warn","message":"触发限流","service":"nas-bot","timestamp":"2026-05-24 05:55:48","userId":"6423823321"}
{"args":"状态","command":"系统","level":"info","message":"收到指令","service":"nas-bot","timestamp":"2026-05-24 05:55:48","userId":"6423823321"}
{"count":10,"level":"warn","message":"触发限流","service":"nas-bot","timestamp":"2026-05-24 05:55:48","userId":"6423823321"}
{"args":"状态","command":"系统","level":"info","message":"收到指令","service":"nas-bot","timestamp":"2026-05-24 05:55:48","userId":"6423823321"}
{"count":10,"level":"warn","message":"触发限流","service":"nas-bot","timestamp":"2026-05-24 05:55:48","userId":"6423823321"}
{"args":"状态","command":"股票","level":"info","message":"收到指令","service":"nas-bot","timestamp":"2026-05-24 05:55:48","userId":"6423823321"}
{"count":10,"level":"warn","message":"触发限流","service":"nas-bot","timestamp":"2026-05-24 05:55:48","userId":"6423823321"}
{"args":"","command":"帮助","level":"info","message":"收到指令","service":"nas-bot","timestamp":"2026-05-24 05:55:48","userId":"6423823321"}
{"count":10,"level":"warn","message":"触发限流","service":"nas-bot","timestamp":"2026-05-24 05:55:48","userId":"6423823321"}
{"args":"","command":"股票状态","level":"info","message":"收到指令","service":"nas-bot","timestamp":"2026-05-24 05:55:48","userId":"6423823321"}
{"count":10,"level":"warn","message":"触发限流","service":"nas-bot","timestamp":"2026-05-24 05:55:48","userId":"6423823321"}
{"args":"","command":"帮助","level":"info","message":"收到指令","service":"nas-bot","timestamp":"2026-05-24 05:55:48","userId":"6423823321"}
{"count":10,"level":"warn","message":"触发限流","service":"nas-bot","timestamp":"2026-05-24 05:55:48","userId":"6423823321"}
{"args":"docker restart nas-bot","command":"exec","level":"info","message":"收到指令","service":"nas-bot","timestamp":"2026-05-24 05:55:48","userId":"6423823321"}
{"count":10,"level":"warn","message":"触发限流","service":"nas-bot","timestamp":"2026-05-24 05:55:48","userId":"6423823321"}
{"args":"状态","command":"股票","level":"info","message":"收到指令","service":"nas-bot","timestamp":"2026-05-24 05:55:48","userId":"6423823321"}
{"count":10,"level":"warn","message":"触发限流","service":"nas-bot","timestamp":"2026-05-24 05:55:48","userId":"6423823321"}
{"level":"info","message":"IOC容器构建完成","service":"nas-bot","timestamp":"2026-05-24 05:55:49"}
{"alertInterval":"每5分钟","level":"info","message":"定时调度器启动","service":"nas-bot","summaryTime":"15:35","timestamp":"2026-05-24 05:55:49"}
{"level":"info","message":"Bot启动","service":"nas-bot","timestamp":"2026-05-24 05:55:49"}
{"level":"info","message":"NAS Bot 已启动 🚀","service":"nas-bot","timestamp":"2026-05-24 05:55:49"}
{"error":"","level":"error","message":"Telegram请求失败","method":"getUpdates","service":"nas-bot","timestamp":"2026-05-24 05:55:49"}
{"error":"","level":"error","message":"Telegram请求失败","method":"getUpdates","service":"nas-bot","timestamp":"2026-05-24 05:55:50"}
{"error":"","level":"error","message":"Telegram请求失败","method":"getUpdates","service":"nas-bot","timestamp":"2026-05-24 05:55:52"}
{"error":"","level":"error","message":"Telegram请求失败","method":"getUpdates","service":"nas-bot","timestamp":"2026-05-24 05:55:53"}
{"error":"","level":"error","message":"Telegram请求失败","method":"getUpdates","service":"nas-bot","timestamp":"2026-05-24 05:55:54"}
{"error":"","level":"error","message":"Telegram请求失败","method":"getUpdates","service":"nas-bot","timestamp":"2026-05-24 05:55:55"}
{"error":"","level":"error","message":"Telegram请求失败","method":"getUpdates","service":"nas-bot","timestamp":"2026-05-24 05:55:57"}
{"error":"","level":"error","message":"Telegram请求失败","method":"getUpdates","service":"nas-bot","timestamp":"2026-05-24 05:55:58"}
{"args":"docker restart nas-bot","command":"exec","level":"info","message":"收到指令","service":"nas-bot","timestamp":"2026-05-24 05:56:00","userId":"6423823321"}
{"cmd":"docker restart nas-bot","level":"info","message":"执行命令","service":"nas-bot","timestamp":"2026-05-24 05:56:00"}
{"cmd":"docker restart nas-bot","error":"spawnSync /bin/sh ETIMEDOUT","level":"error","message":"Docker命令执行失败","service":"nas-bot","timestamp":"2026-05-24 05:56:10"}
{"args":"ls /bin/","command":"exec","level":"info","message":"收到指令","service":"nas-bot","timestamp":"2026-05-24 05:56:10","userId":"6423823321"}
{"cmd":"ls /bin/","level":"info","message":"执行命令","service":"nas-bot","timestamp":"2026-05-24 05:56:10"}
{"args":"node -e \"require('child_process').execSync('ls /bin/sh').toString()\"","command":"exec","level":"info","message":"收到指令","service":"nas-bot","timestamp":"2026-05-24 05:56:10","userId":"6423823321"}
{"cmd":"node -e \"require('child_process').execSync('ls /bin/sh').toString()\"","level":"info","message":"执行命令","service":"nas-bot","timestamp":"2026-05-24 05:56:10"}
{"args":"状态","command":"股票","level":"info","message":"收到指令","service":"nas-bot","timestamp":"2026-05-24 05:56:10","userId":"6423823321"}
{"args":"","command":"/start","level":"info","message":"收到指令","service":"nas-bot","timestamp":"2026-05-24 05:56:10","userId":"6423823321"}
{"args":"容器","command":"系统","level":"info","message":"收到指令","service":"nas-bot","timestamp":"2026-05-24 05:56:10","userId":"6423823321"}
{"level":"info","message":"获取容器列表","service":"nas-bot","timestamp":"2026-05-24 05:56:10"}
{"args":"状态","command":"股票","level":"info","message":"收到指令","service":"nas-bot","timestamp":"2026-05-24 05:56:10","userId":"6423823321"}
{"args":"开启","command":"股票","level":"info","message":"收到指令","service":"nas-bot","timestamp":"2026-05-24 05:56:10","userId":"6423823321"}
{"args":"链接","command":"股票","level":"info","message":"收到指令","service":"nas-bot","timestamp":"2026-05-24 05:56:10","userId":"6423823321"}
{"args":"检测","command":"股票","level":"info","message":"收到指令","service":"nas-bot","timestamp":"2026-05-24 05:56:10","userId":"6423823321"}
{"args":"状态","command":"系统","level":"info","message":"收到指令","service":"nas-bot","timestamp":"2026-05-24 05:56:10","userId":"6423823321"}
{"count":10,"level":"warn","message":"触发限流","service":"nas-bot","timestamp":"2026-05-24 05:56:10","userId":"6423823321"}
{"args":"关闭","command":"ai","level":"info","message":"收到指令","service":"nas-bot","timestamp":"2026-05-24 05:56:10","userId":"6423823321"}
{"count":10,"level":"warn","message":"触发限流","service":"nas-bot","timestamp":"2026-05-24 05:56:10","userId":"6423823321"}
{"args":"状态","command":"系统","level":"info","message":"收到指令","service":"nas-bot","timestamp":"2026-05-24 05:56:10","userId":"6423823321"}
{"count":10,"level":"warn","message":"触发限流","service":"nas-bot","timestamp":"2026-05-24 05:56:10","userId":"6423823321"}
{"args":"状态","command":"系统","level":"info","message":"收到指令","service":"nas-bot","timestamp":"2026-05-24 05:56:10","userId":"6423823321"}
{"count":10,"level":"warn","message":"触发限流","service":"nas-bot","timestamp":"2026-05-24 05:56:10","userId":"6423823321"}
{"args":"状态","command":"股票","level":"info","message":"收到指令","service":"nas-bot","timestamp":"2026-05-24 05:56:10","userId":"6423823321"}
{"count":10,"level":"warn","message":"触发限流","service":"nas-bot","timestamp":"2026-05-24 05:56:10","userId":"6423823321"}
{"args":"","command":"帮助","level":"info","message":"收到指令","service":"nas-bot","timestamp":"2026-05-24 05:56:10","userId":"6423823321"}
{"count":10,"level":"warn","message":"触发限流","service":"nas-bot","timestamp":"2026-05-24 05:56:10","userId":"6423823321"}
{"args":"","command":"股票状态","level":"info","message":"收到指令","service":"nas-bot","timestamp":"2026-05-24 05:56:10","userId":"6423823321"}
{"count":10,"level":"warn","message":"触发限流","service":"nas-bot","timestamp":"2026-05-24 05:56:10","userId":"6423823321"}
{"args":"","command":"帮助","level":"info","message":"收到指令","service":"nas-bot","timestamp":"2026-05-24 05:56:10","userId":"6423823321"}
{"count":10,"level":"warn","message":"触发限流","service":"nas-bot","timestamp":"2026-05-24 05:56:10","userId":"6423823321"}
{"args":"docker restart nas-bot","command":"exec","level":"info","message":"收到指令","service":"nas-bot","timestamp":"2026-05-24 05:56:10","userId":"6423823321"}
{"count":10,"level":"warn","message":"触发限流","service":"nas-bot","timestamp":"2026-05-24 05:56:10","userId":"6423823321"}
{"args":"状态","command":"股票","level":"info","message":"收到指令","service":"nas-bot","timestamp":"2026-05-24 05:56:10","userId":"6423823321"}
{"count":10,"level":"warn","message":"触发限流","service":"nas-bot","timestamp":"2026-05-24 05:56:10","userId":"6423823321"}
{"level":"info","message":"IOC容器构建完成","service":"nas-bot","timestamp":"2026-05-24 05:56:11"}
{"alertInterval":"每5分钟","level":"info","message":"定时调度器启动","service":"nas-bot","summaryTime":"15:35","timestamp":"2026-05-24 05:56:11"}
{"level":"info","message":"Bot启动","service":"nas-bot","timestamp":"2026-05-24 05:56:11"}
{"level":"info","message":"NAS Bot 已启动 🚀","service":"nas-bot","timestamp":"2026-05-24 05:56:11"}
{"error":"","level":"error","message":"Telegram请求失败","method":"getUpdates","service":"nas-bot","timestamp":"2026-05-24 05:56:12"}
{"level":"info","message":"收到信号 SIGTERM，正在关闭...","service":"nas-bot","timestamp":"2026-05-24 05:56:12"}
{"level":"info","message":"IOC容器构建完成","service":"nas-bot","timestamp":"2026-05-24 05:56:13"}
{"alertInterval":"每5分钟","level":"info","message":"定时调度器启动","service":"nas-bot","summaryTime":"15:35","timestamp":"2026-05-24 05:56:13"}
{"level":"info","message":"Bot启动","service":"nas-bot","timestamp":"2026-05-24 05:56:13"}
{"level":"info","message":"NAS Bot 已启动 🚀","service":"nas-bot","timestamp":"2026-05-24 05:56:13"}
{"error":"","level":"error","message":"Telegram请求失败","method":"getUpdates","service":"nas-bot","timestamp":"2026-05-24 05:56:14"}
{"error":"","level":"error","message":"Telegram请求失败","method":"getUpdates","service":"nas-bot","timestamp":"2026-05-24 05:56:15"}
{"args":"docker restart nas-bot","command":"exec","level":"info","message":"收到指令","service":"nas-bot","timestamp":"2026-05-24 05:56:17","userId":"6423823321"}
{"level":"info","message":"IOC容器构建完成","service":"nas-bot","timestamp":"2026-05-24 05:56:28"}
{"alertInterval":"每5分钟","level":"info","message":"定时调度器启动","service":"nas-bot","summaryTime":"15:35","timestamp":"2026-05-24 05:56:28"}
{"level":"info","message":"Bot启动","service":"nas-bot","timestamp":"2026-05-24 05:56:28"}
{"level":"info","message":"NAS Bot 已启动 🚀","service":"nas-bot","timestamp":"2026-05-24 05:56:28"}
{"error":"","level":"error","message":"Telegram请求失败","method":"getUpdates","service":"nas-bot","timestamp":"2026-05-24 05:56:29"}
{"error":"","level":"error","message":"Telegram请求失败","method":"getUpdates","service":"nas-bot","timestamp":"2026-05-24 05:56:30"}
{"error":"","level":"error","message":"Telegram请求失败","method":"getUpdates","service":"nas-bot","timestamp":"2026-05-24 05:56:31"}
{"error":"","level":"error","message":"Telegram请求失败","method":"getUpdates","service":"nas-bot","timestamp":"2026-05-24 05:56:32"}
{"error":"","level":"error","message":"Telegram请求失败","method":"getUpdates","service":"nas-bot","timestamp":"2026-05-24 05:56:34"}
{"args":"docker restart nas-bot","command":"exec","level":"info","message":"收到指令","service":"nas-bot","timestamp":"2026-05-24 05:56:35","userId":"6423823321"}
{"level":"info","message":"IOC容器构建完成","service":"nas-bot","timestamp":"2026-05-24 05:56:47"}
{"alertInterval":"每5分钟","level":"info","message":"定时调度器启动","service":"nas-bot","summaryTime":"15:35","timestamp":"2026-05-24 05:56:47"}
{"level":"info","message":"Bot启动","service":"nas-bot","timestamp":"2026-05-24 05:56:47"}
{"level":"info","message":"NAS Bot 已启动 🚀","service":"nas-bot","timestamp":"2026-05-24 05:56:47"}
{"args":"docker restart nas-bot","command":"exec","level":"info","message":"收到指令","service":"nas-bot","timestamp":"2026-05-24 05:56:48","userId":"6423823321"}
{"cmd":"docker restart nas-bot","level":"info","message":"执行命令","service":"nas-bot","timestamp":"2026-05-24 05:56:48"}
{"cmd":"docker restart nas-bot","error":"spawnSync /bin/sh ETIMEDOUT","level":"error","message":"Docker命令执行失败","service":"nas-bot","timestamp":"2026-05-24 05:56:58"}
{"args":"ls /bin/","command":"exec","level":"info","message":"收到指令","service":"nas-bot","timestamp":"2026-05-24 05:56:58","userId":"6423823321"}
{"cmd":"ls /bin/","level":"info","message":"执行命令","service":"nas-bot","timestamp":"2026-05-24 05:56:58"}
{"args":"node -e \"require('child_process').execSync('ls /bin/sh').toString()\"","command":"exec","level":"info","message":"收到指令","service":"nas-bot","timestamp":"2026-05-24 05:56:58","userId":"6423823321"}
{"cmd":"node -e \"require('child_process').execSync('ls /bin/sh').toString()\"","level":"info","message":"执行命令","service":"nas-bot","timestamp":"2026-05-24 05:56:58"}
{"args":"状态","command":"股票","level":"info","message":"收到指令","service":"nas-bot","timestamp":"2026-05-24 05:56:58","userId":"6423823321"}
{"args":"","command":"/start","level":"info","message":"收到指令","service":"nas-bot","timestamp":"2026-05-24 05:56:58","userId":"6423823321"}
{"args":"容器","command":"系统","level":"info","message":"收到指令","service":"nas-bot","timestamp":"2026-05-24 05:56:58","userId":"6423823321"}
{"level":"info","message":"获取容器列表","service":"nas-bot","timestamp":"2026-05-24 05:56:58"}
{"args":"状态","command":"股票","level":"info","message":"收到指令","service":"nas-bot","timestamp":"2026-05-24 05:56:58","userId":"6423823321"}
{"args":"开启","command":"股票","level":"info","message":"收到指令","service":"nas-bot","timestamp":"2026-05-24 05:56:58","userId":"6423823321"}
{"args":"链接","command":"股票","level":"info","message":"收到指令","service":"nas-bot","timestamp":"2026-05-24 05:56:58","userId":"6423823321"}
{"args":"检测","command":"股票","level":"info","message":"收到指令","service":"nas-bot","timestamp":"2026-05-24 05:56:58","userId":"6423823321"}
{"args":"状态","command":"系统","level":"info","message":"收到指令","service":"nas-bot","timestamp":"2026-05-24 05:56:58","userId":"6423823321"}
{"count":10,"level":"warn","message":"触发限流","service":"nas-bot","timestamp":"2026-05-24 05:56:58","userId":"6423823321"}
{"args":"关闭","command":"ai","level":"info","message":"收到指令","service":"nas-bot","timestamp":"2026-05-24 05:56:58","userId":"6423823321"}
{"count":10,"level":"warn","message":"触发限流","service":"nas-bot","timestamp":"2026-05-24 05:56:58","userId":"6423823321"}
{"args":"状态","command":"系统","level":"info","message":"收到指令","service":"nas-bot","timestamp":"2026-05-24 05:56:58","userId":"6423823321"}
{"count":10,"level":"warn","message":"触发限流","service":"nas-bot","timestamp":"2026-05-24 05:56:58","userId":"6423823321"}
{"args":"状态","command":"系统","level":"info","message":"收到指令","service":"nas-bot","timestamp":"2026-05-24 05:56:58","userId":"6423823321"}
{"count":10,"level":"warn","message":"触发限流","service":"nas-bot","timestamp":"2026-05-24 05:56:58","userId":"6423823321"}
{"args":"状态","command":"股票","level":"info","message":"收到指令","service":"nas-bot","timestamp":"2026-05-24 05:56:58","userId":"6423823321"}
{"count":10,"level":"warn","message":"触发限流","service":"nas-bot","timestamp":"2026-05-24 05:56:58","userId":"6423823321"}
{"args":"","command":"帮助","level":"info","message":"收到指令","service":"nas-bot","timestamp":"2026-05-24 05:56:58","userId":"6423823321"}
{"count":10,"level":"warn","message":"触发限流","service":"nas-bot","timestamp":"2026-05-24 05:56:58","userId":"6423823321"}
{"args":"","command":"股票状态","level":"info","message":"收到指令","service":"nas-bot","timestamp":"2026-05-24 05:56:58","userId":"6423823321"}
{"count":10,"level":"warn","message":"触发限流","service":"nas-bot","timestamp":"2026-05-24 05:56:58","userId":"6423823321"}
{"args":"","command":"帮助","level":"info","message":"收到指令","service":"nas-bot","timestamp":"2026-05-24 05:56:58","userId":"6423823321"}
{"count":10,"level":"warn","message":"触发限流","service":"nas-bot","timestamp":"2026-05-24 05:56:58","userId":"6423823321"}
{"args":"docker restart nas-bot","command":"exec","level":"info","message":"收到指令","service":"nas-bot","timestamp":"2026-05-24 05:56:58","userId":"6423823321"}
{"count":10,"level":"warn","message":"触发限流","service":"nas-bot","timestamp":"2026-05-24 05:56:58","userId":"6423823321"}
{"args":"状态","command":"股票","level":"info","message":"收到指令","service":"nas-bot","timestamp":"2026-05-24 05:56:58","userId":"6423823321"}
{"count":10,"level":"warn","message":"触发限流","service":"nas-bot","timestamp":"2026-05-24 05:56:58","userId":"6423823321"}
{"level":"info","message":"IOC容器构建完成","service":"nas-bot","timestamp":"2026-05-24 05:56:59"}
{"alertInterval":"每5分钟","level":"info","message":"定时调度器启动","service":"nas-bot","summaryTime":"15:35","timestamp":"2026-05-24 05:56:59"}
{"level":"info","message":"Bot启动","service":"nas-bot","timestamp":"2026-05-24 05:56:59"}
{"level":"info","message":"NAS Bot 已启动 🚀","service":"nas-bot","timestamp":"2026-05-24 05:56:59"}
{"error":"","level":"error","message":"Telegram请求失败","method":"getUpdates","service":"nas-bot","timestamp":"2026-05-24 05:57:00"}
{"error":"","level":"error","message":"Telegram请求失败","method":"getUpdates","service":"nas-bot","timestamp":"2026-05-24 05:57:01"}
{"error":"","level":"error","message":"Telegram请求失败","method":"getUpdates","service":"nas-bot","timestamp":"2026-05-24 05:57:02"}
{"error":"","level":"error","message":"Telegram请求失败","method":"getUpdates","service":"nas-bot","timestamp":"2026-05-24 05:57:03"}
{"error":"","level":"error","message":"Telegram请求失败","method":"getUpdates","service":"nas-bot","timestamp":"2026-05-24 05:57:05"}
{"error":"","level":"error","message":"Telegram请求失败","method":"getUpdates","service":"nas-bot","timestamp":"2026-05-24 05:57:06"}
{"args":"docker restart nas-bot","command":"exec","level":"info","message":"收到指令","service":"nas-bot","timestamp":"2026-05-24 05:57:08","userId":"6423823321"}
{"level":"info","message":"IOC容器构建完成","service":"nas-bot","timestamp":"2026-05-24 05:57:19"}
{"alertInterval":"每5分钟","level":"info","message":"定时调度器启动","service":"nas-bot","summaryTime":"15:35","timestamp":"2026-05-24 05:57:19"}
{"level":"info","message":"Bot启动","service":"nas-bot","timestamp":"2026-05-24 05:57:19"}
{"level":"info","message":"NAS Bot 已启动 🚀","service":"nas-bot","timestamp":"2026-05-24 05:57:19"}
{"error":"","level":"error","message":"Telegram请求失败","method":"getUpdates","service":"nas-bot","timestamp":"2026-05-24 05:57:20"}
{"args":"docker restart nas-bot","command":"exec","level":"info","message":"收到指令","service":"nas-bot","timestamp":"2026-05-24 05:57:21","userId":"6423823321"}
{"level":"info","message":"IOC容器构建完成","service":"nas-bot","timestamp":"2026-05-24 05:57:33"}
{"alertInterval":"每5分钟","level":"info","message":"定时调度器启动","service":"nas-bot","summaryTime":"15:35","timestamp":"2026-05-24 05:57:33"}
{"level":"info","message":"Bot启动","service":"nas-bot","timestamp":"2026-05-24 05:57:33"}
{"level":"info","message":"NAS Bot 已启动 🚀","service":"nas-bot","timestamp":"2026-05-24 05:57:33"}
{"error":"","level":"error","message":"Telegram请求失败","method":"getUpdates","service":"nas-bot","timestamp":"2026-05-24 05:57:33"}
{"args":"docker restart nas-bot","command":"exec","level":"info","message":"收到指令","service":"nas-bot","timestamp":"2026-05-24 05:57:35","userId":"6423823321"}
{"level":"info","message":"IOC容器构建完成","service":"nas-bot","timestamp":"2026-05-24 05:57:46"}
{"alertInterval":"每5分钟","level":"info","message":"定时调度器启动","service":"nas-bot","summaryTime":"15:35","timestamp":"2026-05-24 05:57:46"}
{"level":"info","message":"Bot启动","service":"nas-bot","timestamp":"2026-05-24 05:57:46"}
{"level":"info","message":"NAS Bot 已启动 🚀","service":"nas-bot","timestamp":"2026-05-24 05:57:47"}
{"error":"","level":"error","message":"Telegram请求失败","method":"getUpdates","service":"nas-bot","timestamp":"2026-05-24 05:57:47"}
{"error":"","level":"error","message":"Telegram请求失败","method":"getUpdates","service":"nas-bot","timestamp":"2026-05-24 05:57:48"}
{"error":"","level":"error","message":"Telegram请求失败","method":"getUpdates","service":"nas-bot","timestamp":"2026-05-24 05:57:49"}
{"args":"docker restart nas-bot","command":"exec","level":"info","message":"收到指令","service":"nas-bot","timestamp":"2026-05-24 05:57:51","userId":"6423823321"}
{"level":"info","message":"IOC容器构建完成","service":"nas-bot","timestamp":"2026-05-24 05:58:03"}
{"alertInterval":"每5分钟","level":"info","message":"定时调度器启动","service":"nas-bot","summaryTime":"15:35","timestamp":"2026-05-24 05:58:03"}
{"level":"info","message":"Bot启动","service":"nas-bot","timestamp":"2026-05-24 05:58:03"}
{"level":"info","message":"NAS Bot 已启动 🚀","service":"nas-bot","timestamp":"2026-05-24 05:58:03"}
{"args":"docker restart nas-bot","command":"exec","level":"info","message":"收到指令","service":"nas-bot","timestamp":"2026-05-24 05:58:04","userId":"6423823321"}
{"cmd":"docker restart nas-bot","level":"info","message":"执行命令","service":"nas-bot","timestamp":"2026-05-24 05:58:04"}
{"cmd":"docker restart nas-bot","error":"spawnSync /bin/sh ETIMEDOUT","level":"error","message":"Docker命令执行失败","service":"nas-bot","timestamp":"2026-05-24 05:58:14"}
{"args":"ls /bin/","command":"exec","level":"info","message":"收到指令","service":"nas-bot","timestamp":"2026-05-24 05:58:14","userId":"6423823321"}
{"cmd":"ls /bin/","level":"info","message":"执行命令","service":"nas-bot","timestamp":"2026-05-24 05:58:14"}
{"args":"node -e \"require('child_process').execSync('ls /bin/sh').toString()\"","command":"exec","level":"info","message":"收到指令","service":"nas-bot","timestamp":"2026-05-24 05:58:14","userId":"6423823321"}
{"cmd":"node -e \"require('child_process').execSync('ls /bin/sh').toString()\"","level":"info","message":"执行命令","service":"nas-bot","timestamp":"2026-05-24 05:58:14"}
{"args":"状态","command":"股票","level":"info","message":"收到指令","service":"nas-bot","timestamp":"2026-05-24 05:58:14","userId":"6423823321"}
{"args":"","command":"/start","level":"info","message":"收到指令","service":"nas-bot","timestamp":"2026-05-24 05:58:14","userId":"6423823321"}
{"args":"容器","command":"系统","level":"info","message":"收到指令","service":"nas-bot","timestamp":"2026-05-24 05:58:14","userId":"6423823321"}
{"level":"info","message":"获取容器列表","service":"nas-bot","timestamp":"2026-05-24 05:58:14"}
{"args":"状态","command":"股票","level":"info","message":"收到指令","service":"nas-bot","timestamp":"2026-05-24 05:58:14","userId":"6423823321"}
{"args":"开启","command":"股票","level":"info","message":"收到指令","service":"nas-bot","timestamp":"2026-05-24 05:58:14","userId":"6423823321"}
{"args":"链接","command":"股票","level":"info","message":"收到指令","service":"nas-bot","timestamp":"2026-05-24 05:58:14","userId":"6423823321"}
{"args":"检测","command":"股票","level":"info","message":"收到指令","service":"nas-bot","timestamp":"2026-05-24 05:58:14","userId":"6423823321"}
{"args":"状态","command":"系统","level":"info","message":"收到指令","service":"nas-bot","timestamp":"2026-05-24 05:58:14","userId":"6423823321"}
{"count":10,"level":"warn","message":"触发限流","service":"nas-bot","timestamp":"2026-05-24 05:58:14","userId":"6423823321"}
{"args":"关闭","command":"ai","level":"info","message":"收到指令","service":"nas-bot","timestamp":"2026-05-24 05:58:14","userId":"6423823321"}
{"count":10,"level":"warn","message":"触发限流","service":"nas-bot","timestamp":"2026-05-24 05:58:14","userId":"6423823321"}
{"args":"状态","command":"系统","level":"info","message":"收到指令","service":"nas-bot","timestamp":"2026-05-24 05:58:14","userId":"6423823321"}
{"count":10,"level":"warn","message":"触发限流","service":"nas-bot","timestamp":"2026-05-24 05:58:14","userId":"6423823321"}
{"args":"状态","command":"系统","level":"info","message":"收到指令","service":"nas-bot","timestamp":"2026-05-24 05:58:14","userId":"6423823321"}
{"count":10,"level":"warn","message":"触发限流","service":"nas-bot","timestamp":"2026-05-24 05:58:14","userId":"6423823321"}
{"args":"状态","command":"股票","level":"info","message":"收到指令","service":"nas-bot","timestamp":"2026-05-24 05:58:14","userId":"6423823321"}
{"count":10,"level":"warn","message":"触发限流","service":"nas-bot","timestamp":"2026-05-24 05:58:14","userId":"6423823321"}
{"args":"","command":"帮助","level":"info","message":"收到指令","service":"nas-bot","timestamp":"2026-05-24 05:58:14","userId":"6423823321"}
{"count":10,"level":"warn","message":"触发限流","service":"nas-bot","timestamp":"2026-05-24 05:58:14","userId":"6423823321"}
{"args":"","command":"股票状态","level":"info","message":"收到指令","service":"nas-bot","timestamp":"2026-05-24 05:58:14","userId":"6423823321"}
{"count":10,"level":"warn","message":"触发限流","service":"nas-bot","timestamp":"2026-05-24 05:58:14","userId":"6423823321"}
{"args":"","command":"帮助","level":"info","message":"收到指令","service":"nas-bot","timestamp":"2026-05-24 05:58:14","userId":"6423823321"}
{"count":10,"level":"warn","message":"触发限流","service":"nas-bot","timestamp":"2026-05-24 05:58:14","userId":"6423823321"}
{"args":"docker restart nas-bot","command":"exec","level":"info","message":"收到指令","service":"nas-bot","timestamp":"2026-05-24 05:58:14","userId":"6423823321"}
{"count":10,"level":"warn","message":"触发限流","service":"nas-bot","timestamp":"2026-05-24 05:58:14","userId":"6423823321"}
{"args":"状态","command":"股票","level":"info","message":"收到指令","service":"nas-bot","timestamp":"2026-05-24 05:58:14","userId":"6423823321"}
{"count":10,"level":"warn","message":"触发限流","service":"nas-bot","timestamp":"2026-05-24 05:58:14","userId":"6423823321"}
{"args":"状态","command":"股票","level":"info","message":"收到指令","service":"nas-bot","timestamp":"2026-05-24 05:58:14","userId":"6423823321"}
{"count":10,"level":"warn","message":"触发限流","service":"nas-bot","timestamp":"2026-05-24 05:58:14","userId":"6423823321"}
{"level":"info","message":"IOC容器构建完成","service":"nas-bot","timestamp":"2026-05-24 05:58:17"}
{"alertInterval":"每5分钟","level":"info","message":"定时调度器启动","service":"nas-bot","summaryTime":"15:35","timestamp":"2026-05-24 05:58:17"}
{"level":"info","message":"Bot启动","service":"nas-bot","timestamp":"2026-05-24 05:58:17"}
{"level":"info","message":"NAS Bot 已启动 🚀","service":"nas-bot","timestamp":"2026-05-24 05:58:17"}
{"error":"","level":"error","message":"Telegram请求失败","method":"getUpdates","service":"nas-bot","timestamp":"2026-05-24 05:58:17"}
{"error":"","level":"error","message":"Telegram请求失败","method":"getUpdates","service":"nas-bot","timestamp":"2026-05-24 05:58:18"}
{"error":"","level":"error","message":"Telegram请求失败","method":"getUpdates","service":"nas-bot","timestamp":"2026-05-24 05:58:20"}
{"error":"","level":"error","message":"Telegram请求失败","method":"getUpdates","service":"nas-bot","timestamp":"2026-05-24 05:58:21"}
{"error":"","level":"error","message":"Telegram请求失败","method":"getUpdates","service":"nas-bot","timestamp":"2026-05-24 05:58:22"}
{"error":"","level":"error","message":"Telegram请求失败","method":"getUpdates","service":"nas-bot","timestamp":"2026-05-24 05:58:23"}
{"error":"","level":"error","message":"Telegram请求失败","method":"getUpdates","service":"nas-bot","timestamp":"2026-05-24 05:58:25"}
{"args":"docker restart nas-bot","command":"exec","level":"info","message":"收到指令","service":"nas-bot","timestamp":"2026-05-24 05:58:27","userId":"6423823321"}
{"level":"info","message":"IOC容器构建完成","service":"nas-bot","timestamp":"2026-05-24 05:58:38"}
{"alertInterval":"每5分钟","level":"info","message":"定时调度器启动","service":"nas-bot","summaryTime":"15:35","timestamp":"2026-05-24 05:58:38"}
{"level":"info","message":"Bot启动","service":"nas-bot","timestamp":"2026-05-24 05:58:38"}
{"level":"info","message":"NAS Bot 已启动 🚀","service":"nas-bot","timestamp":"2026-05-24 05:58:38"}
{"error":"","level":"error","message":"Telegram请求失败","method":"getUpdates","service":"nas-bot","timestamp":"2026-05-24 05:58:39"}
{"error":"","level":"error","message":"Telegram请求失败","method":"getUpdates","service":"nas-bot","timestamp":"2026-05-24 05:58:40"}
{"error":"","level":"error","message":"Telegram请求失败","method":"getUpdates","service":"nas-bot","timestamp":"2026-05-24 05:58:41"}
{"args":"docker restart nas-bot","command":"exec","level":"info","message":"收到指令","service":"nas-bot","timestamp":"2026-05-24 05:58:43","userId":"6423823321"}
{"cmd":"docker restart nas-bot","level":"info","message":"执行命令","service":"nas-bot","timestamp":"2026-05-24 05:58:43"}
{"cmd":"docker restart nas-bot","error":"spawnSync /bin/sh ETIMEDOUT","level":"error","message":"Docker命令执行失败","service":"nas-bot","timestamp":"2026-05-24 05:58:53"}
{"args":"ls /bin/","command":"exec","level":"info","message":"收到指令","service":"nas-bot","timestamp":"2026-05-24 05:58:53","userId":"6423823321"}
{"cmd":"ls /bin/","level":"info","message":"执行命令","service":"nas-bot","timestamp":"2026-05-24 05:58:53"}
{"args":"node -e \"require('child_process').execSync('ls /bin/sh').toString()\"","command":"exec","level":"info","message":"收到指令","service":"nas-bot","timestamp":"2026-05-24 05:58:53","userId":"6423823321"}
{"cmd":"node -e \"require('child_process').execSync('ls /bin/sh').toString()\"","level":"info","message":"执行命令","service":"nas-bot","timestamp":"2026-05-24 05:58:53"}
{"args":"状态","command":"股票","level":"info","message":"收到指令","service":"nas-bot","timestamp":"2026-05-24 05:58:53","userId":"6423823321"}
{"args":"","command":"/start","level":"info","message":"收到指令","service":"nas-bot","timestamp":"2026-05-24 05:58:53","userId":"6423823321"}
{"args":"容器","command":"系统","level":"info","message":"收到指令","service":"nas-bot","timestamp":"2026-05-24 05:58:53","userId":"6423823321"}
{"level":"info","message":"获取容器列表","service":"nas-bot","timestamp":"2026-05-24 05:58:53"}
{"args":"状态","command":"股票","level":"info","message":"收到指令","service":"nas-bot","timestamp":"2026-05-24 05:58:53","userId":"6423823321"}
{"args":"开启","command":"股票","level":"info","message":"收到指令","service":"nas-bot","timestamp":"2026-05-24 05:58:53","userId":"6423823321"}
{"args":"链接","command":"股票","level":"info","message":"收到指令","service":"nas-bot","timestamp":"2026-05-24 05:58:53","userId":"6423823321"}
{"args":"检测","command":"股票","level":"info","message":"收到指令","service":"nas-bot","timestamp":"2026-05-24 05:58:53","userId":"6423823321"}
{"args":"状态","command":"系统","level":"info","message":"收到指令","service":"nas-bot","timestamp":"2026-05-24 05:58:53","userId":"6423823321"}
{"count":10,"level":"warn","message":"触发限流","service":"nas-bot","timestamp":"2026-05-24 05:58:53","userId":"6423823321"}
{"args":"关闭","command":"ai","level":"info","message":"收到指令","service":"nas-bot","timestamp":"2026-05-24 05:58:53","userId":"6423823321"}
{"count":10,"level":"warn","message":"触发限流","service":"nas-bot","timestamp":"2026-05-24 05:58:53","userId":"6423823321"}
{"args":"状态","command":"系统","level":"info","message":"收到指令","service":"nas-bot","timestamp":"2026-05-24 05:58:53","userId":"6423823321"}
{"count":10,"level":"warn","message":"触发限流","service":"nas-bot","timestamp":"2026-05-24 05:58:53","userId":"6423823321"}
{"args":"状态","command":"系统","level":"info","message":"收到指令","service":"nas-bot","timestamp":"2026-05-24 05:58:53","userId":"6423823321"}
{"count":10,"level":"warn","message":"触发限流","service":"nas-bot","timestamp":"2026-05-24 05:58:53","userId":"6423823321"}
{"args":"状态","command":"股票","level":"info","message":"收到指令","service":"nas-bot","timestamp":"2026-05-24 05:58:53","userId":"6423823321"}
{"count":10,"level":"warn","message":"触发限流","service":"nas-bot","timestamp":"2026-05-24 05:58:53","userId":"6423823321"}
{"args":"","command":"帮助","level":"info","message":"收到指令","service":"nas-bot","timestamp":"2026-05-24 05:58:53","userId":"6423823321"}
{"count":10,"level":"warn","message":"触发限流","service":"nas-bot","timestamp":"2026-05-24 05:58:53","userId":"6423823321"}
{"args":"","command":"股票状态","level":"info","message":"收到指令","service":"nas-bot","timestamp":"2026-05-24 05:58:53","userId":"6423823321"}
{"count":10,"level":"warn","message":"触发限流","service":"nas-bot","timestamp":"2026-05-24 05:58:53","userId":"6423823321"}
{"args":"","command":"帮助","level":"info","message":"收到指令","service":"nas-bot","timestamp":"2026-05-24 05:58:53","userId":"6423823321"}
{"count":10,"level":"warn","message":"触发限流","service":"nas-bot","timestamp":"2026-05-24 05:58:53","userId":"6423823321"}
{"args":"docker restart nas-bot","command":"exec","level":"info","message":"收到指令","service":"nas-bot","timestamp":"2026-05-24 05:58:53","userId":"6423823321"}
{"count":10,"level":"warn","message":"触发限流","service":"nas-bot","timestamp":"2026-05-24 05:58:53","userId":"6423823321"}
{"args":"状态","command":"股票","level":"info","message":"收到指令","service":"nas-bot","timestamp":"2026-05-24 05:58:53","userId":"6423823321"}
{"count":10,"level":"warn","message":"触发限流","service":"nas-bot","timestamp":"2026-05-24 05:58:53","userId":"6423823321"}
{"args":"状态","command":"股票","level":"info","message":"收到指令","service":"nas-bot","timestamp":"2026-05-24 05:58:53","userId":"6423823321"}
{"count":10,"level":"warn","message":"触发限流","service":"nas-bot","timestamp":"2026-05-24 05:58:53","userId":"6423823321"}
{"args":"状态","command":"股票","level":"info","message":"收到指令","service":"nas-bot","timestamp":"2026-05-24 05:58:53","userId":"6423823321"}
{"count":10,"level":"warn","message":"触发限流","service":"nas-bot","timestamp":"2026-05-24 05:58:53","userId":"6423823321"}
{"level":"info","message":"IOC容器构建完成","service":"nas-bot","timestamp":"2026-05-24 05:58:55"}
{"alertInterval":"每5分钟","level":"info","message":"定时调度器启动","service":"nas-bot","summaryTime":"15:35","timestamp":"2026-05-24 05:58:55"}
{"level":"info","message":"Bot启动","service":"nas-bot","timestamp":"2026-05-24 05:58:55"}
{"level":"info","message":"NAS Bot 已启动 🚀","service":"nas-bot","timestamp":"2026-05-24 05:58:55"}
{"error":"","level":"error","message":"Telegram请求失败","method":"getUpdates","service":"nas-bot","timestamp":"2026-05-24 05:58:56"}
{"error":"","level":"error","message":"Telegram请求失败","method":"getUpdates","service":"nas-bot","timestamp":"2026-05-24 05:58:57"}
{"error":"","level":"error","message":"Telegram请求失败","method":"getUpdates","service":"nas-bot","timestamp":"2026-05-24 05:58:58"}
{"error":"","level":"error","message":"Telegram请求失败","method":"getUpdates","service":"nas-bot","timestamp":"2026-05-24 05:58:59"}
{"error":"","level":"error","message":"Telegram请求失败","method":"getUpdates","service":"nas-bot","timestamp":"2026-05-24 05:59:01"}
{"error":"","level":"error","message":"Telegram请求失败","method":"getUpdates","service":"nas-bot","timestamp":"2026-05-24 05:59:02"}
{"error":"","level":"error","message":"Telegram请求失败","method":"getUpdates","service":"nas-bot","timestamp":"2026-05-24 05:59:03"}
{"args":"docker restart nas-bot","command":"exec","level":"info","message":"收到指令","service":"nas-bot","timestamp":"2026-05-24 05:59:05","userId":"6423823321"}
{"cmd":"docker restart nas-bot","level":"info","message":"执行命令","service":"nas-bot","timestamp":"2026-05-24 05:59:05"}
{"cmd":"docker restart nas-bot","error":"spawnSync /bin/sh ETIMEDOUT","level":"error","message":"Docker命令执行失败","service":"nas-bot","timestamp":"2026-05-24 05:59:15"}
{"args":"ls /bin/","command":"exec","level":"info","message":"收到指令","service":"nas-bot","timestamp":"2026-05-24 05:59:15","userId":"6423823321"}
{"cmd":"ls /bin/","level":"info","message":"执行命令","service":"nas-bot","timestamp":"2026-05-24 05:59:15"}
{"args":"node -e \"require('child_process').execSync('ls /bin/sh').toString()\"","command":"exec","level":"info","message":"收到指令","service":"nas-bot","timestamp":"2026-05-24 05:59:15","userId":"6423823321"}
{"cmd":"node -e \"require('child_process').execSync('ls /bin/sh').toString()\"","level":"info","message":"执行命令","service":"nas-bot","timestamp":"2026-05-24 05:59:15"}
{"args":"状态","command":"股票","level":"info","message":"收到指令","service":"nas-bot","timestamp":"2026-05-24 05:59:15","userId":"6423823321"}
{"args":"","command":"/start","level":"info","message":"收到指令","service":"nas-bot","timestamp":"2026-05-24 05:59:15","userId":"6423823321"}
{"args":"容器","command":"系统","level":"info","message":"收到指令","service":"nas-bot","timestamp":"2026-05-24 05:59:15","userId":"6423823321"}
{"level":"info","message":"获取容器列表","service":"nas-bot","timestamp":"2026-05-24 05:59:15"}
{"args":"状态","command":"股票","level":"info","message":"收到指令","service":"nas-bot","timestamp":"2026-05-24 05:59:15","userId":"6423823321"}
{"args":"开启","command":"股票","level":"info","message":"收到指令","service":"nas-bot","timestamp":"2026-05-24 05:59:15","userId":"6423823321"}
{"args":"链接","command":"股票","level":"info","message":"收到指令","service":"nas-bot","timestamp":"2026-05-24 05:59:15","userId":"6423823321"}
{"args":"检测","command":"股票","level":"info","message":"收到指令","service":"nas-bot","timestamp":"2026-05-24 05:59:15","userId":"6423823321"}
{"args":"状态","command":"系统","level":"info","message":"收到指令","service":"nas-bot","timestamp":"2026-05-24 05:59:15","userId":"6423823321"}
{"count":10,"level":"warn","message":"触发限流","service":"nas-bot","timestamp":"2026-05-24 05:59:15","userId":"6423823321"}
{"args":"关闭","command":"ai","level":"info","message":"收到指令","service":"nas-bot","timestamp":"2026-05-24 05:59:15","userId":"6423823321"}
{"count":10,"level":"warn","message":"触发限流","service":"nas-bot","timestamp":"2026-05-24 05:59:15","userId":"6423823321"}
{"args":"状态","command":"系统","level":"info","message":"收到指令","service":"nas-bot","timestamp":"2026-05-24 05:59:15","userId":"6423823321"}
{"count":10,"level":"warn","message":"触发限流","service":"nas-bot","timestamp":"2026-05-24 05:59:15","userId":"6423823321"}
{"args":"状态","command":"系统","level":"info","message":"收到指令","service":"nas-bot","timestamp":"2026-05-24 05:59:15","userId":"6423823321"}
{"count":10,"level":"warn","message":"触发限流","service":"nas-bot","timestamp":"2026-05-24 05:59:15","userId":"6423823321"}
{"args":"状态","command":"股票","level":"info","message":"收到指令","service":"nas-bot","timestamp":"2026-05-24 05:59:15","userId":"6423823321"}
{"count":10,"level":"warn","message":"触发限流","service":"nas-bot","timestamp":"2026-05-24 05:59:15","userId":"6423823321"}
{"args":"","command":"帮助","level":"info","message":"收到指令","service":"nas-bot","timestamp":"2026-05-24 05:59:15","userId":"6423823321"}
{"count":10,"level":"warn","message":"触发限流","service":"nas-bot","timestamp":"2026-05-24 05:59:15","userId":"6423823321"}
{"args":"","command":"股票状态","level":"info","message":"收到指令","service":"nas-bot","timestamp":"2026-05-24 05:59:15","userId":"6423823321"}
{"count":10,"level":"warn","message":"触发限流","service":"nas-bot","timestamp":"2026-05-24 05:59:15","userId":"6423823321"}
{"args":"","command":"帮助","level":"info","message":"收到指令","service":"nas-bot","timestamp":"2026-05-24 05:59:15","userId":"6423823321"}
{"count":10,"level":"warn","message":"触发限流","service":"nas-bot","timestamp":"2026-05-24 05:59:15","userId":"6423823321"}
{"args":"docker restart nas-bot","command":"exec","level":"info","message":"收到指令","service":"nas-bot","timestamp":"2026-05-24 05:59:15","userId":"6423823321"}
{"count":10,"level":"warn","message":"触发限流","service":"nas-bot","timestamp":"2026-05-24 05:59:15","userId":"6423823321"}
{"args":"状态","command":"股票","level":"info","message":"收到指令","service":"nas-bot","timestamp":"2026-05-24 05:59:15","userId":"6423823321"}
{"count":10,"level":"warn","message":"触发限流","service":"nas-bot","timestamp":"2026-05-24 05:59:15","userId":"6423823321"}
{"args":"状态","command":"股票","level":"info","message":"收到指令","service":"nas-bot","timestamp":"2026-05-24 05:59:15","userId":"6423823321"}
{"count":10,"level":"warn","message":"触发限流","service":"nas-bot","timestamp":"2026-05-24 05:59:15","userId":"6423823321"}
{"args":"状态","command":"股票","level":"info","message":"收到指令","service":"nas-bot","timestamp":"2026-05-24 05:59:15","userId":"6423823321"}
{"count":10,"level":"warn","message":"触发限流","service":"nas-bot","timestamp":"2026-05-24 05:59:15","userId":"6423823321"}
{"args":"状态","command":"股票","level":"info","message":"收到指令","service":"nas-bot","timestamp":"2026-05-24 05:59:15","userId":"6423823321"}
{"count":10,"level":"warn","message":"触发限流","service":"nas-bot","timestamp":"2026-05-24 05:59:15","userId":"6423823321"}
{"args":"检测","command":"股票","level":"info","message":"收到指令","service":"nas-bot","timestamp":"2026-05-24 05:59:15","userId":"6423823321"}
{"count":10,"level":"warn","message":"触发限流","service":"nas-bot","timestamp":"2026-05-24 05:59:15","userId":"6423823321"}
{"level":"info","message":"IOC容器构建完成","service":"nas-bot","timestamp":"2026-05-24 05:59:18"}
{"alertInterval":"每5分钟","level":"info","message":"定时调度器启动","service":"nas-bot","summaryTime":"15:35","timestamp":"2026-05-24 05:59:18"}
{"level":"info","message":"Bot启动","service":"nas-bot","timestamp":"2026-05-24 05:59:18"}
{"level":"info","message":"NAS Bot 已启动 🚀","service":"nas-bot","timestamp":"2026-05-24 05:59:18"}
{"error":"","level":"error","message":"Telegram请求失败","method":"getUpdates","service":"nas-bot","timestamp":"2026-05-24 05:59:18"}
{"args":"docker restart nas-bot","command":"exec","level":"info","message":"收到指令","service":"nas-bot","timestamp":"2026-05-24 05:59:20","userId":"6423823321"}
{"cmd":"docker restart nas-bot","level":"info","message":"执行命令","service":"nas-bot","timestamp":"2026-05-24 05:59:20"}
{"cmd":"docker restart nas-bot","error":"spawnSync /bin/sh ETIMEDOUT","level":"error","message":"Docker命令执行失败","service":"nas-bot","timestamp":"2026-05-24 05:59:30"}
{"args":"ls /bin/","command":"exec","level":"info","message":"收到指令","service":"nas-bot","timestamp":"2026-05-24 05:59:30","userId":"6423823321"}
{"cmd":"ls /bin/","level":"info","message":"执行命令","service":"nas-bot","timestamp":"2026-05-24 05:59:30"}
{"args":"node -e \"require('child_process').execSync('ls /bin/sh').toString()\"","command":"exec","level":"info","message":"收到指令","service":"nas-bot","timestamp":"2026-05-24 05:59:30","userId":"6423823321"}
{"cmd":"node -e \"require('child_process').execSync('ls /bin/sh').toString()\"","level":"info","message":"执行命令","service":"nas-bot","timestamp":"2026-05-24 05:59:30"}
{"args":"状态","command":"股票","level":"info","message":"收到指令","service":"nas-bot","timestamp":"2026-05-24 05:59:30","userId":"6423823321"}
{"args":"","command":"/start","level":"info","message":"收到指令","service":"nas-bot","timestamp":"2026-05-24 05:59:30","userId":"6423823321"}
{"args":"容器","command":"系统","level":"info","message":"收到指令","service":"nas-bot","timestamp":"2026-05-24 05:59:30","userId":"6423823321"}
{"level":"info","message":"获取容器列表","service":"nas-bot","timestamp":"2026-05-24 05:59:30"}
{"args":"状态","command":"股票","level":"info","message":"收到指令","service":"nas-bot","timestamp":"2026-05-24 05:59:30","userId":"6423823321"}
{"args":"开启","command":"股票","level":"info","message":"收到指令","service":"nas-bot","timestamp":"2026-05-24 05:59:30","userId":"6423823321"}
{"args":"链接","command":"股票","level":"info","message":"收到指令","service":"nas-bot","timestamp":"2026-05-24 05:59:30","userId":"6423823321"}
{"args":"检测","command":"股票","level":"info","message":"收到指令","service":"nas-bot","timestamp":"2026-05-24 05:59:30","userId":"6423823321"}
{"args":"状态","command":"系统","level":"info","message":"收到指令","service":"nas-bot","timestamp":"2026-05-24 05:59:30","userId":"6423823321"}
{"count":10,"level":"warn","message":"触发限流","service":"nas-bot","timestamp":"2026-05-24 05:59:30","userId":"6423823321"}
{"args":"关闭","command":"ai","level":"info","message":"收到指令","service":"nas-bot","timestamp":"2026-05-24 05:59:30","userId":"6423823321"}
{"count":10,"level":"warn","message":"触发限流","service":"nas-bot","timestamp":"2026-05-24 05:59:30","userId":"6423823321"}
{"args":"状态","command":"系统","level":"info","message":"收到指令","service":"nas-bot","timestamp":"2026-05-24 05:59:30","userId":"6423823321"}
{"count":10,"level":"warn","message":"触发限流","service":"nas-bot","timestamp":"2026-05-24 05:59:30","userId":"6423823321"}
{"args":"状态","command":"系统","level":"info","message":"收到指令","service":"nas-bot","timestamp":"2026-05-24 05:59:30","userId":"6423823321"}
{"count":10,"level":"warn","message":"触发限流","service":"nas-bot","timestamp":"2026-05-24 05:59:30","userId":"6423823321"}
{"args":"状态","command":"股票","level":"info","message":"收到指令","service":"nas-bot","timestamp":"2026-05-24 05:59:30","userId":"6423823321"}
{"count":10,"level":"warn","message":"触发限流","service":"nas-bot","timestamp":"2026-05-24 05:59:30","userId":"6423823321"}
{"args":"","command":"帮助","level":"info","message":"收到指令","service":"nas-bot","timestamp":"2026-05-24 05:59:30","userId":"6423823321"}
{"count":10,"level":"warn","message":"触发限流","service":"nas-bot","timestamp":"2026-05-24 05:59:30","userId":"6423823321"}
{"args":"","command":"股票状态","level":"info","message":"收到指令","service":"nas-bot","timestamp":"2026-05-24 05:59:30","userId":"6423823321"}
{"count":10,"level":"warn","message":"触发限流","service":"nas-bot","timestamp":"2026-05-24 05:59:30","userId":"6423823321"}
{"args":"","command":"帮助","level":"info","message":"收到指令","service":"nas-bot","timestamp":"2026-05-24 05:59:30","userId":"6423823321"}
{"count":10,"level":"warn","message":"触发限流","service":"nas-bot","timestamp":"2026-05-24 05:59:30","userId":"6423823321"}
{"args":"docker restart nas-bot","command":"exec","level":"info","message":"收到指令","service":"nas-bot","timestamp":"2026-05-24 05:59:30","userId":"6423823321"}
{"count":10,"level":"warn","message":"触发限流","service":"nas-bot","timestamp":"2026-05-24 05:59:30","userId":"6423823321"}
{"args":"状态","command":"股票","level":"info","message":"收到指令","service":"nas-bot","timestamp":"2026-05-24 05:59:30","userId":"6423823321"}
{"count":10,"level":"warn","message":"触发限流","service":"nas-bot","timestamp":"2026-05-24 05:59:30","userId":"6423823321"}
{"args":"状态","command":"股票","level":"info","message":"收到指令","service":"nas-bot","timestamp":"2026-05-24 05:59:30","userId":"6423823321"}
{"count":10,"level":"warn","message":"触发限流","service":"nas-bot","timestamp":"2026-05-24 05:59:30","userId":"6423823321"}
{"args":"状态","command":"股票","level":"info","message":"收到指令","service":"nas-bot","timestamp":"2026-05-24 05:59:30","userId":"6423823321"}
{"count":10,"level":"warn","message":"触发限流","service":"nas-bot","timestamp":"2026-05-24 05:59:30","userId":"6423823321"}
{"args":"状态","command":"股票","level":"info","message":"收到指令","service":"nas-bot","timestamp":"2026-05-24 05:59:30","userId":"6423823321"}
{"count":10,"level":"warn","message":"触发限流","service":"nas-bot","timestamp":"2026-05-24 05:59:30","userId":"6423823321"}
{"args":"检测","command":"股票","level":"info","message":"收到指令","service":"nas-bot","timestamp":"2026-05-24 05:59:30","userId":"6423823321"}
{"count":10,"level":"warn","message":"触发限流","service":"nas-bot","timestamp":"2026-05-24 05:59:30","userId":"6423823321"}
{"level":"info","message":"IOC容器构建完成","service":"nas-bot","timestamp":"2026-05-24 05:59:32"}
{"alertInterval":"每5分钟","level":"info","message":"定时调度器启动","service":"nas-bot","summaryTime":"15:35","timestamp":"2026-05-24 05:59:32"}
{"level":"info","message":"Bot启动","service":"nas-bot","timestamp":"2026-05-24 05:59:32"}
{"level":"info","message":"NAS Bot 已启动 🚀","service":"nas-bot","timestamp":"2026-05-24 05:59:32"}
{"args":"docker restart nas-bot","command":"exec","level":"info","message":"收到指令","service":"nas-bot","timestamp":"2026-05-24 05:59:32","userId":"6423823321"}
{"level":"info","message":"IOC容器构建完成","service":"nas-bot","timestamp":"2026-05-24 05:59:44"}
{"alertInterval":"每5分钟","level":"info","message":"定时调度器启动","service":"nas-bot","summaryTime":"15:35","timestamp":"2026-05-24 05:59:44"}
{"level":"info","message":"Bot启动","service":"nas-bot","timestamp":"2026-05-24 05:59:44"}
{"level":"info","message":"NAS Bot 已启动 🚀","service":"nas-bot","timestamp":"2026-05-24 05:59:44"}
{"error":"","level":"error","message":"Telegram请求失败","method":"getUpdates","service":"nas-bot","timestamp":"2026-05-24 05:59:44"}
{"args":"docker restart nas-bot","command":"exec","level":"info","message":"收到指令","service":"nas-bot","timestamp":"2026-05-24 05:59:46","userId":"6423823321"}
{"level":"info","message":"IOC容器构建完成","service":"nas-bot","timestamp":"2026-05-24 05:59:58"}
{"alertInterval":"每5分钟","level":"info","message":"定时调度器启动","service":"nas-bot","summaryTime":"15:35","timestamp":"2026-05-24 05:59:58"}
{"level":"info","message":"Bot启动","service":"nas-bot","timestamp":"2026-05-24 05:59:58"}
{"level":"info","message":"NAS Bot 已启动 🚀","service":"nas-bot","timestamp":"2026-05-24 05:59:58"}
{"error":"","level":"error","message":"Telegram请求失败","method":"getUpdates","service":"nas-bot","timestamp":"2026-05-24 05:59:58"}
{"args":"docker restart nas-bot","command":"exec","level":"info","message":"收到指令","service":"nas-bot","timestamp":"2026-05-24 06:00:00","userId":"6423823321"}
{"cmd":"docker restart nas-bot","level":"info","message":"执行命令","service":"nas-bot","timestamp":"2026-05-24 06:00:00"}
{"cmd":"docker restart nas-bot","error":"spawnSync /bin/sh ETIMEDOUT","level":"error","message":"Docker命令执行失败","service":"nas-bot","timestamp":"2026-05-24 06:00:10"}
{"args":"ls /bin/","command":"exec","level":"info","message":"收到指令","service":"nas-bot","timestamp":"2026-05-24 06:00:10","userId":"6423823321"}
{"cmd":"ls /bin/","level":"info","message":"执行命令","service":"nas-bot","timestamp":"2026-05-24 06:00:10"}
{"args":"node -e \"require('child_process').execSync('ls /bin/sh').toString()\"","command":"exec","level":"info","message":"收到指令","service":"nas-bot","timestamp":"2026-05-24 06:00:10","userId":"6423823321"}
{"cmd":"node -e \"require('child_process').execSync('ls /bin/sh').toString()\"","level":"info","message":"执行命令","service":"nas-bot","timestamp":"2026-05-24 06:00:10"}
{"args":"状态","command":"股票","level":"info","message":"收到指令","service":"nas-bot","timestamp":"2026-05-24 06:00:10","userId":"6423823321"}
{"args":"","command":"/start","level":"info","message":"收到指令","service":"nas-bot","timestamp":"2026-05-24 06:00:10","userId":"6423823321"}
{"args":"容器","command":"系统","level":"info","message":"收到指令","service":"nas-bot","timestamp":"2026-05-24 06:00:10","userId":"6423823321"}
{"level":"info","message":"获取容器列表","service":"nas-bot","timestamp":"2026-05-24 06:00:10"}
{"args":"状态","command":"股票","level":"info","message":"收到指令","service":"nas-bot","timestamp":"2026-05-24 06:00:10","userId":"6423823321"}
{"args":"开启","command":"股票","level":"info","message":"收到指令","service":"nas-bot","timestamp":"2026-05-24 06:00:10","userId":"6423823321"}
{"args":"链接","command":"股票","level":"info","message":"收到指令","service":"nas-bot","timestamp":"2026-05-24 06:00:10","userId":"6423823321"}
{"args":"检测","command":"股票","level":"info","message":"收到指令","service":"nas-bot","timestamp":"2026-05-24 06:00:10","userId":"6423823321"}
{"args":"状态","command":"系统","level":"info","message":"收到指令","service":"nas-bot","timestamp":"2026-05-24 06:00:10","userId":"6423823321"}
{"count":10,"level":"warn","message":"触发限流","service":"nas-bot","timestamp":"2026-05-24 06:00:10","userId":"6423823321"}
{"args":"关闭","command":"ai","level":"info","message":"收到指令","service":"nas-bot","timestamp":"2026-05-24 06:00:10","userId":"6423823321"}
{"count":10,"level":"warn","message":"触发限流","service":"nas-bot","timestamp":"2026-05-24 06:00:10","userId":"6423823321"}
{"args":"状态","command":"系统","level":"info","message":"收到指令","service":"nas-bot","timestamp":"2026-05-24 06:00:10","userId":"6423823321"}
{"count":10,"level":"warn","message":"触发限流","service":"nas-bot","timestamp":"2026-05-24 06:00:10","userId":"6423823321"}
{"args":"状态","command":"系统","level":"info","message":"收到指令","service":"nas-bot","timestamp":"2026-05-24 06:00:10","userId":"6423823321"}
{"count":10,"level":"warn","message":"触发限流","service":"nas-bot","timestamp":"2026-05-24 06:00:10","userId":"6423823321"}
{"args":"状态","command":"股票","level":"info","message":"收到指令","service":"nas-bot","timestamp":"2026-05-24 06:00:10","userId":"6423823321"}
{"count":10,"level":"warn","message":"触发限流","service":"nas-bot","timestamp":"2026-05-24 06:00:10","userId":"6423823321"}
{"args":"","command":"帮助","level":"info","message":"收到指令","service":"nas-bot","timestamp":"2026-05-24 06:00:10","userId":"6423823321"}
{"count":10,"level":"warn","message":"触发限流","service":"nas-bot","timestamp":"2026-05-24 06:00:10","userId":"6423823321"}
{"args":"","command":"股票状态","level":"info","message":"收到指令","service":"nas-bot","timestamp":"2026-05-24 06:00:10","userId":"6423823321"}
{"count":10,"level":"warn","message":"触发限流","service":"nas-bot","timestamp":"2026-05-24 06:00:10","userId":"6423823321"}
{"args":"","command":"帮助","level":"info","message":"收到指令","service":"nas-bot","timestamp":"2026-05-24 06:00:10","userId":"6423823321"}
{"count":10,"level":"warn","message":"触发限流","service":"nas-bot","timestamp":"2026-05-24 06:00:10","userId":"6423823321"}
{"args":"docker restart nas-bot","command":"exec","level":"info","message":"收到指令","service":"nas-bot","timestamp":"2026-05-24 06:00:10","userId":"6423823321"}
{"count":10,"level":"warn","message":"触发限流","service":"nas-bot","timestamp":"2026-05-24 06:00:10","userId":"6423823321"}
{"args":"状态","command":"股票","level":"info","message":"收到指令","service":"nas-bot","timestamp":"2026-05-24 06:00:10","userId":"6423823321"}
{"count":10,"level":"warn","message":"触发限流","service":"nas-bot","timestamp":"2026-05-24 06:00:10","userId":"6423823321"}
{"args":"状态","command":"股票","level":"info","message":"收到指令","service":"nas-bot","timestamp":"2026-05-24 06:00:10","userId":"6423823321"}
{"count":10,"level":"warn","message":"触发限流","service":"nas-bot","timestamp":"2026-05-24 06:00:10","userId":"6423823321"}
{"args":"状态","command":"股票","level":"info","message":"收到指令","service":"nas-bot","timestamp":"2026-05-24 06:00:10","userId":"6423823321"}
{"count":10,"level":"warn","message":"触发限流","service":"nas-bot","timestamp":"2026-05-24 06:00:10","userId":"6423823321"}
{"args":"状态","command":"股票","level":"info","message":"收到指令","service":"nas-bot","timestamp":"2026-05-24 06:00:10","userId":"6423823321"}
{"count":10,"level":"warn","message":"触发限流","service":"nas-bot","timestamp":"2026-05-24 06:00:10","userId":"6423823321"}
{"args":"检测","command":"股票","level":"info","message":"收到指令","service":"nas-bot","timestamp":"2026-05-24 06:00:10","userId":"6423823321"}
{"count":10,"level":"warn","message":"触发限流","service":"nas-bot","timestamp":"2026-05-24 06:00:10","userId":"6423823321"}
{"level":"info","message":"IOC容器构建完成","service":"nas-bot","timestamp":"2026-05-24 06:00:12"}
{"alertInterval":"每5分钟","level":"info","message":"定时调度器启动","service":"nas-bot","summaryTime":"15:35","timestamp":"2026-05-24 06:00:12"}
{"level":"info","message":"Bot启动","service":"nas-bot","timestamp":"2026-05-24 06:00:12"}
{"level":"info","message":"NAS Bot 已启动 🚀","service":"nas-bot","timestamp":"2026-05-24 06:00:12"}
{"error":"","level":"error","message":"Telegram请求失败","method":"getUpdates","service":"nas-bot","timestamp":"2026-05-24 06:00:12"}
{"args":"docker restart nas-bot","command":"exec","level":"info","message":"收到指令","service":"nas-bot","timestamp":"2026-05-24 06:00:14","userId":"6423823321"}
{"level":"info","message":"IOC容器构建完成","service":"nas-bot","timestamp":"2026-05-24 06:00:25"}
{"alertInterval":"每5分钟","level":"info","message":"定时调度器启动","service":"nas-bot","summaryTime":"15:35","timestamp":"2026-05-24 06:00:25"}
{"level":"info","message":"Bot启动","service":"nas-bot","timestamp":"2026-05-24 06:00:25"}
{"level":"info","message":"NAS Bot 已启动 🚀","service":"nas-bot","timestamp":"2026-05-24 06:00:25"}
{"error":"","level":"error","message":"Telegram请求失败","method":"getUpdates","service":"nas-bot","timestamp":"2026-05-24 06:00:26"}
{"error":"","level":"error","message":"Telegram请求失败","method":"getUpdates","service":"nas-bot","timestamp":"2026-05-24 06:00:27"}
{"args":"docker restart nas-bot","command":"exec","level":"info","message":"收到指令","service":"nas-bot","timestamp":"2026-05-24 06:00:29","userId":"6423823321"}
{"level":"info","message":"IOC容器构建完成","service":"nas-bot","timestamp":"2026-05-24 06:00:40"}
{"alertInterval":"每5分钟","level":"info","message":"定时调度器启动","service":"nas-bot","summaryTime":"15:35","timestamp":"2026-05-24 06:00:40"}
{"level":"info","message":"Bot启动","service":"nas-bot","timestamp":"2026-05-24 06:00:40"}
{"level":"info","message":"NAS Bot 已启动 🚀","service":"nas-bot","timestamp":"2026-05-24 06:00:40"}
{"args":"docker restart nas-bot","command":"exec","level":"info","message":"收到指令","service":"nas-bot","timestamp":"2026-05-24 06:00:41","userId":"6423823321"}
{"level":"info","message":"IOC容器构建完成","service":"nas-bot","timestamp":"2026-05-24 06:00:52"}
{"alertInterval":"每5分钟","level":"info","message":"定时调度器启动","service":"nas-bot","summaryTime":"15:35","timestamp":"2026-05-24 06:00:52"}
{"level":"info","message":"Bot启动","service":"nas-bot","timestamp":"2026-05-24 06:00:52"}
{"level":"info","message":"NAS Bot 已启动 🚀","service":"nas-bot","timestamp":"2026-05-24 06:00:53"}
{"error":"","level":"error","message":"Telegram请求失败","method":"getUpdates","service":"nas-bot","timestamp":"2026-05-24 06:00:53"}
{"error":"","level":"error","message":"Telegram请求失败","method":"getUpdates","service":"nas-bot","timestamp":"2026-05-24 06:00:54"}
{"args":"docker restart nas-bot","command":"exec","level":"info","message":"收到指令","service":"nas-bot","timestamp":"2026-05-24 06:00:56","userId":"6423823321"}
{"level":"info","message":"IOC容器构建完成","service":"nas-bot","timestamp":"2026-05-24 06:01:07"}
{"alertInterval":"每5分钟","level":"info","message":"定时调度器启动","service":"nas-bot","summaryTime":"15:35","timestamp":"2026-05-24 06:01:07"}
{"level":"info","message":"Bot启动","service":"nas-bot","timestamp":"2026-05-24 06:01:07"}
{"level":"info","message":"NAS Bot 已启动 🚀","service":"nas-bot","timestamp":"2026-05-24 06:01:07"}
{"error":"","level":"error","message":"Telegram请求失败","method":"getUpdates","service":"nas-bot","timestamp":"2026-05-24 06:01:08"}
{"error":"","level":"error","message":"Telegram请求失败","method":"getUpdates","service":"nas-bot","timestamp":"2026-05-24 06:01:09"}
{"error":"","level":"error","message":"Telegram请求失败","method":"getUpdates","service":"nas-bot","timestamp":"2026-05-24 06:01:10"}
{"args":"docker restart nas-bot","command":"exec","level":"info","message":"收到指令","service":"nas-bot","timestamp":"2026-05-24 06:01:12","userId":"6423823321"}
{"level":"info","message":"IOC容器构建完成","service":"nas-bot","timestamp":"2026-05-24 06:01:23"}
{"alertInterval":"每5分钟","level":"info","message":"定时调度器启动","service":"nas-bot","summaryTime":"15:35","timestamp":"2026-05-24 06:01:23"}
{"level":"info","message":"Bot启动","service":"nas-bot","timestamp":"2026-05-24 06:01:23"}
{"level":"info","message":"NAS Bot 已启动 🚀","service":"nas-bot","timestamp":"2026-05-24 06:01:24"}
{"error":"","level":"error","message":"Telegram请求失败","method":"getUpdates","service":"nas-bot","timestamp":"2026-05-24 06:01:24"}
{"args":"docker restart nas-bot","command":"exec","level":"info","message":"收到指令","service":"nas-bot","timestamp":"2026-05-24 06:01:26","userId":"6423823321"}
{"level":"info","message":"IOC容器构建完成","service":"nas-bot","timestamp":"2026-05-24 06:01:37"}
{"alertInterval":"每5分钟","level":"info","message":"定时调度器启动","service":"nas-bot","summaryTime":"15:35","timestamp":"2026-05-24 06:01:37"}
{"level":"info","message":"Bot启动","service":"nas-bot","timestamp":"2026-05-24 06:01:37"}
{"level":"info","message":"NAS Bot 已启动 🚀","service":"nas-bot","timestamp":"2026-05-24 06:01:37"}
{"args":"docker restart nas-bot","command":"exec","level":"info","message":"收到指令","service":"nas-bot","timestamp":"2026-05-24 06:01:38","userId":"6423823321"}
{"level":"info","message":"IOC容器构建完成","service":"nas-bot","timestamp":"2026-05-24 06:01:49"}
{"alertInterval":"每5分钟","level":"info","message":"定时调度器启动","service":"nas-bot","summaryTime":"15:35","timestamp":"2026-05-24 06:01:49"}
{"level":"info","message":"Bot启动","service":"nas-bot","timestamp":"2026-05-24 06:01:49"}
{"level":"info","message":"NAS Bot 已启动 🚀","service":"nas-bot","timestamp":"2026-05-24 06:01:50"}
{"args":"docker restart nas-bot","command":"exec","level":"info","message":"收到指令","service":"nas-bot","timestamp":"2026-05-24 06:01:50","userId":"6423823321"}
{"level":"info","message":"IOC容器构建完成","service":"nas-bot","timestamp":"2026-05-24 06:02:02"}
{"alertInterval":"每5分钟","level":"info","message":"定时调度器启动","service":"nas-bot","summaryTime":"15:35","timestamp":"2026-05-24 06:02:02"}
{"level":"info","message":"Bot启动","service":"nas-bot","timestamp":"2026-05-24 06:02:02"}
{"level":"info","message":"NAS Bot 已启动 🚀","service":"nas-bot","timestamp":"2026-05-24 06:02:02"}
{"error":"","level":"error","message":"Telegram请求失败","method":"getUpdates","service":"nas-bot","timestamp":"2026-05-24 06:02:02"}
{"error":"","level":"error","message":"Telegram请求失败","method":"getUpdates","service":"nas-bot","timestamp":"2026-05-24 06:02:04"}
{"error":"","level":"error","message":"Telegram请求失败","method":"getUpdates","service":"nas-bot","timestamp":"2026-05-24 06:02:05"}
{"error":"","level":"error","message":"Telegram请求失败","method":"getUpdates","service":"nas-bot","timestamp":"2026-05-24 06:02:06"}
{"error":"","level":"error","message":"Telegram请求失败","method":"getUpdates","service":"nas-bot","timestamp":"2026-05-24 06:02:07"}
{"error":"","level":"error","message":"Telegram请求失败","method":"getUpdates","service":"nas-bot","timestamp":"2026-05-24 06:02:09"}
{"error":"","level":"error","message":"Telegram请求失败","method":"getUpdates","service":"nas-bot","timestamp":"2026-05-24 06:02:10"}
{"error":"","level":"error","message":"Telegram请求失败","method":"getUpdates","service":"nas-bot","timestamp":"2026-05-24 06:02:11"}
{"error":"","level":"error","message":"Telegram请求失败","method":"getUpdates","service":"nas-bot","timestamp":"2026-05-24 06:02:12"}
{"error":"","level":"error","message":"Telegram请求失败","method":"getUpdates","service":"nas-bot","timestamp":"2026-05-24 06:02:14"}
{"args":"docker restart nas-bot","command":"exec","level":"info","message":"收到指令","service":"nas-bot","timestamp":"2026-05-24 06:02:15","userId":"6423823321"}
{"level":"info","message":"IOC容器构建完成","service":"nas-bot","timestamp":"2026-05-24 06:02:27"}
{"alertInterval":"每5分钟","level":"info","message":"定时调度器启动","service":"nas-bot","summaryTime":"15:35","timestamp":"2026-05-24 06:02:27"}
{"level":"info","message":"Bot启动","service":"nas-bot","timestamp":"2026-05-24 06:02:27"}
{"level":"info","message":"NAS Bot 已启动 🚀","service":"nas-bot","timestamp":"2026-05-24 06:02:27"}
{"error":"","level":"error","message":"Telegram请求失败","method":"getUpdates","service":"nas-bot","timestamp":"2026-05-24 06:02:27"}
{"error":"","level":"error","message":"Telegram请求失败","method":"getUpdates","service":"nas-bot","timestamp":"2026-05-24 06:02:29"}
{"args":"docker restart nas-bot","command":"exec","level":"info","message":"收到指令","service":"nas-bot","timestamp":"2026-05-24 06:02:30","userId":"6423823321"}
{"level":"info","message":"IOC容器构建完成","service":"nas-bot","timestamp":"2026-05-24 06:02:42"}
{"alertInterval":"每5分钟","level":"info","message":"定时调度器启动","service":"nas-bot","summaryTime":"15:35","timestamp":"2026-05-24 06:02:42"}
{"level":"info","message":"Bot启动","service":"nas-bot","timestamp":"2026-05-24 06:02:42"}
{"level":"info","message":"NAS Bot 已启动 🚀","service":"nas-bot","timestamp":"2026-05-24 06:02:42"}
{"error":"","level":"error","message":"Telegram请求失败","method":"getUpdates","service":"nas-bot","timestamp":"2026-05-24 06:02:42"}
{"error":"","level":"error","message":"Telegram请求失败","method":"getUpdates","service":"nas-bot","timestamp":"2026-05-24 06:02:43"}
{"error":"","level":"error","message":"Telegram请求失败","method":"getUpdates","service":"nas-bot","timestamp":"2026-05-24 06:02:45"}
{"args":"docker restart nas-bot","command":"exec","level":"info","message":"收到指令","service":"nas-bot","timestamp":"2026-05-24 06:02:46","userId":"6423823321"}
{"cmd":"docker restart nas-bot","level":"info","message":"执行命令","service":"nas-bot","timestamp":"2026-05-24 06:02:46"}
{"cmd":"docker restart nas-bot","error":"spawnSync /bin/sh ETIMEDOUT","level":"error","message":"Docker命令执行失败","service":"nas-bot","timestamp":"2026-05-24 06:02:56"}
{"args":"ls /bin/","command":"exec","level":"info","message":"收到指令","service":"nas-bot","timestamp":"2026-05-24 06:02:56","userId":"6423823321"}
{"cmd":"ls /bin/","level":"info","message":"执行命令","service":"nas-bot","timestamp":"2026-05-24 06:02:56"}
{"args":"node -e \"require('child_process').execSync('ls /bin/sh').toString()\"","command":"exec","level":"info","message":"收到指令","service":"nas-bot","timestamp":"2026-05-24 06:02:56","userId":"6423823321"}
{"cmd":"node -e \"require('child_process').execSync('ls /bin/sh').toString()\"","level":"info","message":"执行命令","service":"nas-bot","timestamp":"2026-05-24 06:02:56"}
{"args":"状态","command":"股票","level":"info","message":"收到指令","service":"nas-bot","timestamp":"2026-05-24 06:02:57","userId":"6423823321"}
{"args":"","command":"/start","level":"info","message":"收到指令","service":"nas-bot","timestamp":"2026-05-24 06:02:57","userId":"6423823321"}
{"args":"容器","command":"系统","level":"info","message":"收到指令","service":"nas-bot","timestamp":"2026-05-24 06:02:57","userId":"6423823321"}
{"level":"info","message":"获取容器列表","service":"nas-bot","timestamp":"2026-05-24 06:02:57"}
{"args":"状态","command":"股票","level":"info","message":"收到指令","service":"nas-bot","timestamp":"2026-05-24 06:02:57","userId":"6423823321"}
{"args":"开启","command":"股票","level":"info","message":"收到指令","service":"nas-bot","timestamp":"2026-05-24 06:02:57","userId":"6423823321"}
{"args":"链接","command":"股票","level":"info","message":"收到指令","service":"nas-bot","timestamp":"2026-05-24 06:02:57","userId":"6423823321"}
{"args":"检测","command":"股票","level":"info","message":"收到指令","service":"nas-bot","timestamp":"2026-05-24 06:02:57","userId":"6423823321"}
{"args":"状态","command":"系统","level":"info","message":"收到指令","service":"nas-bot","timestamp":"2026-05-24 06:02:57","userId":"6423823321"}
{"count":10,"level":"warn","message":"触发限流","service":"nas-bot","timestamp":"2026-05-24 06:02:57","userId":"6423823321"}
{"args":"关闭","command":"ai","level":"info","message":"收到指令","service":"nas-bot","timestamp":"2026-05-24 06:02:57","userId":"6423823321"}
{"count":10,"level":"warn","message":"触发限流","service":"nas-bot","timestamp":"2026-05-24 06:02:57","userId":"6423823321"}
{"args":"状态","command":"系统","level":"info","message":"收到指令","service":"nas-bot","timestamp":"2026-05-24 06:02:57","userId":"6423823321"}
{"count":10,"level":"warn","message":"触发限流","service":"nas-bot","timestamp":"2026-05-24 06:02:57","userId":"6423823321"}
{"args":"状态","command":"系统","level":"info","message":"收到指令","service":"nas-bot","timestamp":"2026-05-24 06:02:57","userId":"6423823321"}
{"count":10,"level":"warn","message":"触发限流","service":"nas-bot","timestamp":"2026-05-24 06:02:57","userId":"6423823321"}
{"args":"状态","command":"股票","level":"info","message":"收到指令","service":"nas-bot","timestamp":"2026-05-24 06:02:57","userId":"6423823321"}
{"count":10,"level":"warn","message":"触发限流","service":"nas-bot","timestamp":"2026-05-24 06:02:57","userId":"6423823321"}
{"args":"","command":"帮助","level":"info","message":"收到指令","service":"nas-bot","timestamp":"2026-05-24 06:02:57","userId":"6423823321"}
{"count":10,"level":"warn","message":"触发限流","service":"nas-bot","timestamp":"2026-05-24 06:02:57","userId":"6423823321"}
{"args":"","command":"股票状态","level":"info","message":"收到指令","service":"nas-bot","timestamp":"2026-05-24 06:02:57","userId":"6423823321"}
{"count":10,"level":"warn","message":"触发限流","service":"nas-bot","timestamp":"2026-05-24 06:02:57","userId":"6423823321"}
{"args":"","command":"帮助","level":"info","message":"收到指令","service":"nas-bot","timestamp":"2026-05-24 06:02:57","userId":"6423823321"}
{"count":10,"level":"warn","message":"触发限流","service":"nas-bot","timestamp":"2026-05-24 06:02:57","userId":"6423823321"}
{"args":"docker restart nas-bot","command":"exec","level":"info","message":"收到指令","service":"nas-bot","timestamp":"2026-05-24 06:02:57","userId":"6423823321"}
{"count":10,"level":"warn","message":"触发限流","service":"nas-bot","timestamp":"2026-05-24 06:02:57","userId":"6423823321"}
{"args":"状态","command":"股票","level":"info","message":"收到指令","service":"nas-bot","timestamp":"2026-05-24 06:02:57","userId":"6423823321"}
{"count":10,"level":"warn","message":"触发限流","service":"nas-bot","timestamp":"2026-05-24 06:02:57","userId":"6423823321"}
{"args":"状态","command":"股票","level":"info","message":"收到指令","service":"nas-bot","timestamp":"2026-05-24 06:02:57","userId":"6423823321"}
{"count":10,"level":"warn","message":"触发限流","service":"nas-bot","timestamp":"2026-05-24 06:02:57","userId":"6423823321"}
{"args":"状态","command":"股票","level":"info","message":"收到指令","service":"nas-bot","timestamp":"2026-05-24 06:02:57","userId":"6423823321"}
{"count":10,"level":"warn","message":"触发限流","service":"nas-bot","timestamp":"2026-05-24 06:02:57","userId":"6423823321"}
{"args":"状态","command":"股票","level":"info","message":"收到指令","service":"nas-bot","timestamp":"2026-05-24 06:02:57","userId":"6423823321"}
{"count":10,"level":"warn","message":"触发限流","service":"nas-bot","timestamp":"2026-05-24 06:02:57","userId":"6423823321"}
{"args":"检测","command":"股票","level":"info","message":"收到指令","service":"nas-bot","timestamp":"2026-05-24 06:02:57","userId":"6423823321"}
{"count":10,"level":"warn","message":"触发限流","service":"nas-bot","timestamp":"2026-05-24 06:02:57","userId":"6423823321"}
{"args":"状态","command":"股票","level":"info","message":"收到指令","service":"nas-bot","timestamp":"2026-05-24 06:02:57","userId":"6423823321"}
{"count":10,"level":"warn","message":"触发限流","service":"nas-bot","timestamp":"2026-05-24 06:02:57","userId":"6423823321"}
{"level":"info","message":"IOC容器构建完成","service":"nas-bot","timestamp":"2026-05-24 06:02:58"}
{"alertInterval":"每5分钟","level":"info","message":"定时调度器启动","service":"nas-bot","summaryTime":"15:35","timestamp":"2026-05-24 06:02:58"}
{"level":"info","message":"Bot启动","service":"nas-bot","timestamp":"2026-05-24 06:02:58"}
{"level":"info","message":"NAS Bot 已启动 🚀","service":"nas-bot","timestamp":"2026-05-24 06:02:58"}
{"error":"","level":"error","message":"Telegram请求失败","method":"getUpdates","service":"nas-bot","timestamp":"2026-05-24 06:02:58"}
{"error":"","level":"error","message":"Telegram请求失败","method":"getUpdates","service":"nas-bot","timestamp":"2026-05-24 06:03:00"}
{"error":"","level":"error","message":"Telegram请求失败","method":"getUpdates","service":"nas-bot","timestamp":"2026-05-24 06:03:01"}
{"error":"","level":"error","message":"Telegram请求失败","method":"getUpdates","service":"nas-bot","timestamp":"2026-05-24 06:03:02"}
{"args":"docker restart nas-bot","command":"exec","level":"info","message":"收到指令","service":"nas-bot","timestamp":"2026-05-24 06:03:04","userId":"6423823321"}
{"cmd":"docker restart nas-bot","level":"info","message":"执行命令","service":"nas-bot","timestamp":"2026-05-24 06:03:04"}
{"cmd":"docker restart nas-bot","error":"spawnSync /bin/sh ETIMEDOUT","level":"error","message":"Docker命令执行失败","service":"nas-bot","timestamp":"2026-05-24 06:03:14"}
{"args":"ls /bin/","command":"exec","level":"info","message":"收到指令","service":"nas-bot","timestamp":"2026-05-24 06:03:14","userId":"6423823321"}
{"cmd":"ls /bin/","level":"info","message":"执行命令","service":"nas-bot","timestamp":"2026-05-24 06:03:14"}
{"args":"node -e \"require('child_process').execSync('ls /bin/sh').toString()\"","command":"exec","level":"info","message":"收到指令","service":"nas-bot","timestamp":"2026-05-24 06:03:14","userId":"6423823321"}
{"cmd":"node -e \"require('child_process').execSync('ls /bin/sh').toString()\"","level":"info","message":"执行命令","service":"nas-bot","timestamp":"2026-05-24 06:03:14"}
{"args":"状态","command":"股票","level":"info","message":"收到指令","service":"nas-bot","timestamp":"2026-05-24 06:03:14","userId":"6423823321"}
{"args":"","command":"/start","level":"info","message":"收到指令","service":"nas-bot","timestamp":"2026-05-24 06:03:14","userId":"6423823321"}
{"args":"容器","command":"系统","level":"info","message":"收到指令","service":"nas-bot","timestamp":"2026-05-24 06:03:14","userId":"6423823321"}
{"level":"info","message":"获取容器列表","service":"nas-bot","timestamp":"2026-05-24 06:03:14"}
{"args":"状态","command":"股票","level":"info","message":"收到指令","service":"nas-bot","timestamp":"2026-05-24 06:03:14","userId":"6423823321"}
{"args":"开启","command":"股票","level":"info","message":"收到指令","service":"nas-bot","timestamp":"2026-05-24 06:03:14","userId":"6423823321"}
{"args":"链接","command":"股票","level":"info","message":"收到指令","service":"nas-bot","timestamp":"2026-05-24 06:03:14","userId":"6423823321"}
{"args":"检测","command":"股票","level":"info","message":"收到指令","service":"nas-bot","timestamp":"2026-05-24 06:03:14","userId":"6423823321"}
{"args":"状态","command":"系统","level":"info","message":"收到指令","service":"nas-bot","timestamp":"2026-05-24 06:03:14","userId":"6423823321"}
{"count":10,"level":"warn","message":"触发限流","service":"nas-bot","timestamp":"2026-05-24 06:03:14","userId":"6423823321"}
{"args":"关闭","command":"ai","level":"info","message":"收到指令","service":"nas-bot","timestamp":"2026-05-24 06:03:14","userId":"6423823321"}
{"count":10,"level":"warn","message":"触发限流","service":"nas-bot","timestamp":"2026-05-24 06:03:14","userId":"6423823321"}
{"args":"状态","command":"系统","level":"info","message":"收到指令","service":"nas-bot","timestamp":"2026-05-24 06:03:14","userId":"6423823321"}
{"count":10,"level":"warn","message":"触发限流","service":"nas-bot","timestamp":"2026-05-24 06:03:14","userId":"6423823321"}
{"args":"状态","command":"系统","level":"info","message":"收到指令","service":"nas-bot","timestamp":"2026-05-24 06:03:14","userId":"6423823321"}
{"count":10,"level":"warn","message":"触发限流","service":"nas-bot","timestamp":"2026-05-24 06:03:14","userId":"6423823321"}
{"args":"状态","command":"股票","level":"info","message":"收到指令","service":"nas-bot","timestamp":"2026-05-24 06:03:14","userId":"6423823321"}
{"count":10,"level":"warn","message":"触发限流","service":"nas-bot","timestamp":"2026-05-24 06:03:14","userId":"6423823321"}
{"args":"","command":"帮助","level":"info","message":"收到指令","service":"nas-bot","timestamp":"2026-05-24 06:03:14","userId":"6423823321"}
{"count":10,"level":"warn","message":"触发限流","service":"nas-bot","timestamp":"2026-05-24 06:03:14","userId":"6423823321"}
{"args":"","command":"股票状态","level":"info","message":"收到指令","service":"nas-bot","timestamp":"2026-05-24 06:03:14","userId":"6423823321"}
{"count":10,"level":"warn","message":"触发限流","service":"nas-bot","timestamp":"2026-05-24 06:03:14","userId":"6423823321"}
{"args":"","command":"帮助","level":"info","message":"收到指令","service":"nas-bot","timestamp":"2026-05-24 06:03:14","userId":"6423823321"}
{"count":10,"level":"warn","message":"触发限流","service":"nas-bot","timestamp":"2026-05-24 06:03:14","userId":"6423823321"}
{"args":"docker restart nas-bot","command":"exec","level":"info","message":"收到指令","service":"nas-bot","timestamp":"2026-05-24 06:03:14","userId":"6423823321"}
{"count":10,"level":"warn","message":"触发限流","service":"nas-bot","timestamp":"2026-05-24 06:03:14","userId":"6423823321"}
{"args":"状态","command":"股票","level":"info","message":"收到指令","service":"nas-bot","timestamp":"2026-05-24 06:03:14","userId":"6423823321"}
{"count":10,"level":"warn","message":"触发限流","service":"nas-bot","timestamp":"2026-05-24 06:03:14","userId":"6423823321"}
{"args":"状态","command":"股票","level":"info","message":"收到指令","service":"nas-bot","timestamp":"2026-05-24 06:03:14","userId":"6423823321"}
{"count":10,"level":"warn","message":"触发限流","service":"nas-bot","timestamp":"2026-05-24 06:03:14","userId":"6423823321"}
{"args":"状态","command":"股票","level":"info","message":"收到指令","service":"nas-bot","timestamp":"2026-05-24 06:03:14","userId":"6423823321"}
{"count":10,"level":"warn","message":"触发限流","service":"nas-bot","timestamp":"2026-05-24 06:03:14","userId":"6423823321"}
{"args":"状态","command":"股票","level":"info","message":"收到指令","service":"nas-bot","timestamp":"2026-05-24 06:03:14","userId":"6423823321"}
{"count":10,"level":"warn","message":"触发限流","service":"nas-bot","timestamp":"2026-05-24 06:03:14","userId":"6423823321"}
{"args":"检测","command":"股票","level":"info","message":"收到指令","service":"nas-bot","timestamp":"2026-05-24 06:03:14","userId":"6423823321"}
{"count":10,"level":"warn","message":"触发限流","service":"nas-bot","timestamp":"2026-05-24 06:03:14","userId":"6423823321"}
{"args":"状态","command":"股票","level":"info","message":"收到指令","service":"nas-bot","timestamp":"2026-05-24 06:03:14","userId":"6423823321"}
{"count":10,"level":"warn","message":"触发限流","service":"nas-bot","timestamp":"2026-05-24 06:03:14","userId":"6423823321"}
{"level":"info","message":"IOC容器构建完成","service":"nas-bot","timestamp":"2026-05-24 06:03:15"}
{"alertInterval":"每5分钟","level":"info","message":"定时调度器启动","service":"nas-bot","summaryTime":"15:35","timestamp":"2026-05-24 06:03:15"}
{"level":"info","message":"Bot启动","service":"nas-bot","timestamp":"2026-05-24 06:03:15"}
{"level":"info","message":"NAS Bot 已启动 🚀","service":"nas-bot","timestamp":"2026-05-24 06:03:16"}
{"error":"","level":"error","message":"Telegram请求失败","method":"getUpdates","service":"nas-bot","timestamp":"2026-05-24 06:03:16"}
{"error":"","level":"error","message":"Telegram请求失败","method":"getUpdates","service":"nas-bot","timestamp":"2026-05-24 06:03:17"}
{"error":"","level":"error","message":"Telegram请求失败","method":"getUpdates","service":"nas-bot","timestamp":"2026-05-24 06:03:18"}
{"error":"","level":"error","message":"Telegram请求失败","method":"getUpdates","service":"nas-bot","timestamp":"2026-05-24 06:03:20"}
{"error":"","level":"error","message":"Telegram请求失败","method":"getUpdates","service":"nas-bot","timestamp":"2026-05-24 06:03:21"}
{"args":"docker restart nas-bot","command":"exec","level":"info","message":"收到指令","service":"nas-bot","timestamp":"2026-05-24 06:03:23","userId":"6423823321"}
{"cmd":"docker restart nas-bot","level":"info","message":"执行命令","service":"nas-bot","timestamp":"2026-05-24 06:03:23"}
{"cmd":"docker restart nas-bot","error":"spawnSync /bin/sh ETIMEDOUT","level":"error","message":"Docker命令执行失败","service":"nas-bot","timestamp":"2026-05-24 06:03:33"}
{"args":"ls /bin/","command":"exec","level":"info","message":"收到指令","service":"nas-bot","timestamp":"2026-05-24 06:03:33","userId":"6423823321"}
{"cmd":"ls /bin/","level":"info","message":"执行命令","service":"nas-bot","timestamp":"2026-05-24 06:03:33"}
{"args":"node -e \"require('child_process').execSync('ls /bin/sh').toString()\"","command":"exec","level":"info","message":"收到指令","service":"nas-bot","timestamp":"2026-05-24 06:03:33","userId":"6423823321"}
{"cmd":"node -e \"require('child_process').execSync('ls /bin/sh').toString()\"","level":"info","message":"执行命令","service":"nas-bot","timestamp":"2026-05-24 06:03:33"}
{"args":"状态","command":"股票","level":"info","message":"收到指令","service":"nas-bot","timestamp":"2026-05-24 06:03:33","userId":"6423823321"}
{"args":"","command":"/start","level":"info","message":"收到指令","service":"nas-bot","timestamp":"2026-05-24 06:03:33","userId":"6423823321"}
{"args":"容器","command":"系统","level":"info","message":"收到指令","service":"nas-bot","timestamp":"2026-05-24 06:03:33","userId":"6423823321"}
{"level":"info","message":"获取容器列表","service":"nas-bot","timestamp":"2026-05-24 06:03:33"}
{"args":"状态","command":"股票","level":"info","message":"收到指令","service":"nas-bot","timestamp":"2026-05-24 06:03:33","userId":"6423823321"}
{"args":"开启","command":"股票","level":"info","message":"收到指令","service":"nas-bot","timestamp":"2026-05-24 06:03:33","userId":"6423823321"}
{"args":"链接","command":"股票","level":"info","message":"收到指令","service":"nas-bot","timestamp":"2026-05-24 06:03:33","userId":"6423823321"}
{"args":"检测","command":"股票","level":"info","message":"收到指令","service":"nas-bot","timestamp":"2026-05-24 06:03:33","userId":"6423823321"}
{"args":"状态","command":"系统","level":"info","message":"收到指令","service":"nas-bot","timestamp":"2026-05-24 06:03:33","userId":"6423823321"}
{"count":10,"level":"warn","message":"触发限流","service":"nas-bot","timestamp":"2026-05-24 06:03:33","userId":"6423823321"}
{"args":"关闭","command":"ai","level":"info","message":"收到指令","service":"nas-bot","timestamp":"2026-05-24 06:03:33","userId":"6423823321"}
{"count":10,"level":"warn","message":"触发限流","service":"nas-bot","timestamp":"2026-05-24 06:03:33","userId":"6423823321"}
{"args":"状态","command":"系统","level":"info","message":"收到指令","service":"nas-bot","timestamp":"2026-05-24 06:03:33","userId":"6423823321"}
{"count":10,"level":"warn","message":"触发限流","service":"nas-bot","timestamp":"2026-05-24 06:03:33","userId":"6423823321"}
{"args":"状态","command":"系统","level":"info","message":"收到指令","service":"nas-bot","timestamp":"2026-05-24 06:03:33","userId":"6423823321"}
{"count":10,"level":"warn","message":"触发限流","service":"nas-bot","timestamp":"2026-05-24 06:03:33","userId":"6423823321"}
{"args":"状态","command":"股票","level":"info","message":"收到指令","service":"nas-bot","timestamp":"2026-05-24 06:03:33","userId":"6423823321"}
{"count":10,"level":"warn","message":"触发限流","service":"nas-bot","timestamp":"2026-05-24 06:03:33","userId":"6423823321"}
{"args":"","command":"帮助","level":"info","message":"收到指令","service":"nas-bot","timestamp":"2026-05-24 06:03:33","userId":"6423823321"}
{"count":10,"level":"warn","message":"触发限流","service":"nas-bot","timestamp":"2026-05-24 06:03:33","userId":"6423823321"}
{"args":"","command":"股票状态","level":"info","message":"收到指令","service":"nas-bot","timestamp":"2026-05-24 06:03:33","userId":"6423823321"}
{"count":10,"level":"warn","message":"触发限流","service":"nas-bot","timestamp":"2026-05-24 06:03:33","userId":"6423823321"}
{"args":"","command":"帮助","level":"info","message":"收到指令","service":"nas-bot","timestamp":"2026-05-24 06:03:33","userId":"6423823321"}
{"count":10,"level":"warn","message":"触发限流","service":"nas-bot","timestamp":"2026-05-24 06:03:33","userId":"6423823321"}
{"args":"docker restart nas-bot","command":"exec","level":"info","message":"收到指令","service":"nas-bot","timestamp":"2026-05-24 06:03:33","userId":"6423823321"}
{"count":10,"level":"warn","message":"触发限流","service":"nas-bot","timestamp":"2026-05-24 06:03:33","userId":"6423823321"}
{"args":"状态","command":"股票","level":"info","message":"收到指令","service":"nas-bot","timestamp":"2026-05-24 06:03:33","userId":"6423823321"}
{"count":10,"level":"warn","message":"触发限流","service":"nas-bot","timestamp":"2026-05-24 06:03:33","userId":"6423823321"}
{"args":"状态","command":"股票","level":"info","message":"收到指令","service":"nas-bot","timestamp":"2026-05-24 06:03:33","userId":"6423823321"}
{"count":10,"level":"warn","message":"触发限流","service":"nas-bot","timestamp":"2026-05-24 06:03:33","userId":"6423823321"}
{"args":"状态","command":"股票","level":"info","message":"收到指令","service":"nas-bot","timestamp":"2026-05-24 06:03:33","userId":"6423823321"}
{"count":10,"level":"warn","message":"触发限流","service":"nas-bot","timestamp":"2026-05-24 06:03:33","userId":"6423823321"}
{"args":"状态","command":"股票","level":"info","message":"收到指令","service":"nas-bot","timestamp":"2026-05-24 06:03:33","userId":"6423823321"}
{"count":10,"level":"warn","message":"触发限流","service":"nas-bot","timestamp":"2026-05-24 06:03:33","userId":"6423823321"}
{"args":"检测","command":"股票","level":"info","message":"收到指令","service":"nas-bot","timestamp":"2026-05-24 06:03:33","userId":"6423823321"}
{"count":10,"level":"warn","message":"触发限流","service":"nas-bot","timestamp":"2026-05-24 06:03:33","userId":"6423823321"}
{"args":"状态","command":"股票","level":"info","message":"收到指令","service":"nas-bot","timestamp":"2026-05-24 06:03:33","userId":"6423823321"}
{"count":10,"level":"warn","message":"触发限流","service":"nas-bot","timestamp":"2026-05-24 06:03:33","userId":"6423823321"}
{"level":"info","message":"IOC容器构建完成","service":"nas-bot","timestamp":"2026-05-24 06:03:34"}
{"alertInterval":"每5分钟","level":"info","message":"定时调度器启动","service":"nas-bot","summaryTime":"15:35","timestamp":"2026-05-24 06:03:34"}
{"level":"info","message":"Bot启动","service":"nas-bot","timestamp":"2026-05-24 06:03:34"}
{"level":"info","message":"NAS Bot 已启动 🚀","service":"nas-bot","timestamp":"2026-05-24 06:03:34"}
{"error":"","level":"error","message":"Telegram请求失败","method":"getUpdates","service":"nas-bot","timestamp":"2026-05-24 06:03:35"}
{"error":"","level":"error","message":"Telegram请求失败","method":"getUpdates","service":"nas-bot","timestamp":"2026-05-24 06:03:36"}
{"error":"","level":"error","message":"Telegram请求失败","method":"getUpdates","service":"nas-bot","timestamp":"2026-05-24 06:03:37"}
{"error":"","level":"error","message":"Telegram请求失败","method":"getUpdates","service":"nas-bot","timestamp":"2026-05-24 06:03:38"}
{"error":"","level":"error","message":"Telegram请求失败","method":"getUpdates","service":"nas-bot","timestamp":"2026-05-24 06:03:40"}
{"error":"","level":"error","message":"Telegram请求失败","method":"getUpdates","service":"nas-bot","timestamp":"2026-05-24 06:03:41"}
{"error":"","level":"error","message":"Telegram请求失败","method":"getUpdates","service":"nas-bot","timestamp":"2026-05-24 06:03:42"}
{"error":"","level":"error","message":"Telegram请求失败","method":"getUpdates","service":"nas-bot","timestamp":"2026-05-24 06:03:43"}
{"error":"","level":"error","message":"Telegram请求失败","method":"getUpdates","service":"nas-bot","timestamp":"2026-05-24 06:03:45"}
{"args":"docker restart nas-bot","command":"exec","level":"info","message":"收到指令","service":"nas-bot","timestamp":"2026-05-24 06:03:46","userId":"6423823321"}
{"level":"info","message":"IOC容器构建完成","service":"nas-bot","timestamp":"2026-05-24 06:03:58"}
{"alertInterval":"每5分钟","level":"info","message":"定时调度器启动","service":"nas-bot","summaryTime":"15:35","timestamp":"2026-05-24 06:03:58"}
{"level":"info","message":"Bot启动","service":"nas-bot","timestamp":"2026-05-24 06:03:58"}
{"level":"info","message":"NAS Bot 已启动 🚀","service":"nas-bot","timestamp":"2026-05-24 06:03:58"}
{"args":"docker restart nas-bot","command":"exec","level":"info","message":"收到指令","service":"nas-bot","timestamp":"2026-05-24 06:03:59","userId":"6423823321"}
{"level":"info","message":"IOC容器构建完成","service":"nas-bot","timestamp":"2026-05-24 06:04:10"}
{"alertInterval":"每5分钟","level":"info","message":"定时调度器启动","service":"nas-bot","summaryTime":"15:35","timestamp":"2026-05-24 06:04:10"}
{"level":"info","message":"Bot启动","service":"nas-bot","timestamp":"2026-05-24 06:04:10"}
{"level":"info","message":"NAS Bot 已启动 🚀","service":"nas-bot","timestamp":"2026-05-24 06:04:10"}
{"error":"","level":"error","message":"Telegram请求失败","method":"getUpdates","service":"nas-bot","timestamp":"2026-05-24 06:04:11"}
{"error":"","level":"error","message":"Telegram请求失败","method":"getUpdates","service":"nas-bot","timestamp":"2026-05-24 06:04:12"}
{"error":"","level":"error","message":"Telegram请求失败","method":"getUpdates","service":"nas-bot","timestamp":"2026-05-24 06:04:13"}
{"error":"","level":"error","message":"Telegram请求失败","method":"getUpdates","service":"nas-bot","timestamp":"2026-05-24 06:04:14"}
{"error":"","level":"error","message":"Telegram请求失败","method":"getUpdates","service":"nas-bot","timestamp":"2026-05-24 06:04:16"}
{"error":"","level":"error","message":"Telegram请求失败","method":"getUpdates","service":"nas-bot","timestamp":"2026-05-24 06:04:17"}
{"error":"","level":"error","message":"Telegram请求失败","method":"getUpdates","service":"nas-bot","timestamp":"2026-05-24 06:04:18"}
{"error":"","level":"error","message":"Telegram请求失败","method":"getUpdates","service":"nas-bot","timestamp":"2026-05-24 06:04:19"}
{"error":"","level":"error","message":"Telegram请求失败","method":"getUpdates","service":"nas-bot","timestamp":"2026-05-24 06:04:21"}
{"error":"","level":"error","message":"Telegram请求失败","method":"getUpdates","service":"nas-bot","timestamp":"2026-05-24 06:04:22"}
{"error":"","level":"error","message":"Telegram请求失败","method":"getUpdates","service":"nas-bot","timestamp":"2026-05-24 06:04:23"}
{"error":"","level":"error","message":"Telegram请求失败","method":"getUpdates","service":"nas-bot","timestamp":"2026-05-24 06:04:24"}
{"error":"","level":"error","message":"Telegram请求失败","method":"getUpdates","service":"nas-bot","timestamp":"2026-05-24 06:04:26"}
{"error":"","level":"error","message":"Telegram请求失败","method":"getUpdates","service":"nas-bot","timestamp":"2026-05-24 06:04:27"}
{"error":"","level":"error","message":"Telegram请求失败","method":"getUpdates","service":"nas-bot","timestamp":"2026-05-24 06:04:28"}
{"error":"","level":"error","message":"Telegram请求失败","method":"getUpdates","service":"nas-bot","timestamp":"2026-05-24 06:04:29"}
{"error":"","level":"error","message":"Telegram请求失败","method":"getUpdates","service":"nas-bot","timestamp":"2026-05-24 06:04:31"}
{"error":"","level":"error","message":"Telegram请求失败","method":"getUpdates","service":"nas-bot","timestamp":"2026-05-24 06:04:32"}
{"error":"","level":"error","message":"Telegram请求失败","method":"getUpdates","service":"nas-bot","timestamp":"2026-05-24 06:04:33"}
{"error":"","level":"error","message":"Telegram请求失败","method":"getUpdates","service":"nas-bot","timestamp":"2026-05-24 06:04:34"}
{"error":"","level":"error","message":"Telegram请求失败","method":"getUpdates","service":"nas-bot","timestamp":"2026-05-24 06:04:36"}
{"error":"","level":"error","message":"Telegram请求失败","method":"getUpdates","service":"nas-bot","timestamp":"2026-05-24 06:04:37"}
{"error":"","level":"error","message":"Telegram请求失败","method":"getUpdates","service":"nas-bot","timestamp":"2026-05-24 06:04:38"}
{"error":"","level":"error","message":"Telegram请求失败","method":"getUpdates","service":"nas-bot","timestamp":"2026-05-24 06:04:40"}
{"error":"","level":"error","message":"Telegram请求失败","method":"getUpdates","service":"nas-bot","timestamp":"2026-05-24 06:04:41"}
{"error":"","level":"error","message":"Telegram请求失败","method":"getUpdates","service":"nas-bot","timestamp":"2026-05-24 06:04:42"}
{"error":"","level":"error","message":"Telegram请求失败","method":"getUpdates","service":"nas-bot","timestamp":"2026-05-24 06:04:43"}
{"error":"","level":"error","message":"Telegram请求失败","method":"getUpdates","service":"nas-bot","timestamp":"2026-05-24 06:04:45"}
{"error":"","level":"error","message":"Telegram请求失败","method":"getUpdates","service":"nas-bot","timestamp":"2026-05-24 06:04:46"}
{"error":"","level":"error","message":"Telegram请求失败","method":"getUpdates","service":"nas-bot","timestamp":"2026-05-24 06:04:47"}
{"error":"","level":"error","message":"Telegram请求失败","method":"getUpdates","service":"nas-bot","timestamp":"2026-05-24 06:04:48"}
{"error":"","level":"error","message":"Telegram请求失败","method":"getUpdates","service":"nas-bot","timestamp":"2026-05-24 06:04:50"}
{"error":"","level":"error","message":"Telegram请求失败","method":"getUpdates","service":"nas-bot","timestamp":"2026-05-24 06:04:51"}
{"error":"","level":"error","message":"Telegram请求失败","method":"getUpdates","service":"nas-bot","timestamp":"2026-05-24 06:04:52"}
{"args":"docker restart nas-bot","command":"exec","level":"info","message":"收到指令","service":"nas-bot","timestamp":"2026-05-24 06:04:54","userId":"6423823321"}
{"level":"info","message":"IOC容器构建完成","service":"nas-bot","timestamp":"2026-05-24 06:05:06"}
{"alertInterval":"每5分钟","level":"info","message":"定时调度器启动","service":"nas-bot","summaryTime":"15:35","timestamp":"2026-05-24 06:05:06"}
{"level":"info","message":"Bot启动","service":"nas-bot","timestamp":"2026-05-24 06:05:06"}
{"level":"info","message":"NAS Bot 已启动 🚀","service":"nas-bot","timestamp":"2026-05-24 06:05:06"}
{"args":"docker restart nas-bot","command":"exec","level":"info","message":"收到指令","service":"nas-bot","timestamp":"2026-05-24 06:05:06","userId":"6423823321"}
{"level":"info","message":"IOC容器构建完成","service":"nas-bot","timestamp":"2026-05-24 06:05:18"}
{"alertInterval":"每5分钟","level":"info","message":"定时调度器启动","service":"nas-bot","summaryTime":"15:35","timestamp":"2026-05-24 06:05:18"}
{"level":"info","message":"Bot启动","service":"nas-bot","timestamp":"2026-05-24 06:05:18"}
{"level":"info","message":"NAS Bot 已启动 🚀","service":"nas-bot","timestamp":"2026-05-24 06:05:18"}
{"error":"","level":"error","message":"Telegram请求失败","method":"getUpdates","service":"nas-bot","timestamp":"2026-05-24 06:05:18"}
{"error":"","level":"error","message":"Telegram请求失败","method":"getUpdates","service":"nas-bot","timestamp":"2026-05-24 06:05:20"}
{"error":"","level":"error","message":"Telegram请求失败","method":"getUpdates","service":"nas-bot","timestamp":"2026-05-24 06:05:21"}
{"error":"","level":"error","message":"Telegram请求失败","method":"getUpdates","service":"nas-bot","timestamp":"2026-05-24 06:05:22"}
{"error":"","level":"error","message":"Telegram请求失败","method":"getUpdates","service":"nas-bot","timestamp":"2026-05-24 06:05:23"}
{"error":"","level":"error","message":"Telegram请求失败","method":"getUpdates","service":"nas-bot","timestamp":"2026-05-24 06:05:25"}
{"error":"","level":"error","message":"Telegram请求失败","method":"getUpdates","service":"nas-bot","timestamp":"2026-05-24 06:05:26"}
{"error":"","level":"error","message":"Telegram请求失败","method":"getUpdates","service":"nas-bot","timestamp":"2026-05-24 06:05:27"}
{"error":"","level":"error","message":"Telegram请求失败","method":"getUpdates","service":"nas-bot","timestamp":"2026-05-24 06:05:28"}
{"error":"","level":"error","message":"Telegram请求失败","method":"getUpdates","service":"nas-bot","timestamp":"2026-05-24 06:05:30"}
{"error":"","level":"error","message":"Telegram请求失败","method":"getUpdates","service":"nas-bot","timestamp":"2026-05-24 06:05:31"}
{"error":"","level":"error","message":"Telegram请求失败","method":"getUpdates","service":"nas-bot","timestamp":"2026-05-24 06:05:32"}
{"error":"","level":"error","message":"Telegram请求失败","method":"getUpdates","service":"nas-bot","timestamp":"2026-05-24 06:05:33"}
{"error":"","level":"error","message":"Telegram请求失败","method":"getUpdates","service":"nas-bot","timestamp":"2026-05-24 06:05:35"}
{"args":"docker restart nas-bot","command":"exec","level":"info","message":"收到指令","service":"nas-bot","timestamp":"2026-05-24 06:05:36","userId":"6423823321"}
{"level":"info","message":"IOC容器构建完成","service":"nas-bot","timestamp":"2026-05-24 06:05:48"}
{"alertInterval":"每5分钟","level":"info","message":"定时调度器启动","service":"nas-bot","summaryTime":"15:35","timestamp":"2026-05-24 06:05:48"}
{"level":"info","message":"Bot启动","service":"nas-bot","timestamp":"2026-05-24 06:05:48"}
{"level":"info","message":"NAS Bot 已启动 🚀","service":"nas-bot","timestamp":"2026-05-24 06:05:48"}
{"error":"","level":"error","message":"Telegram请求失败","method":"getUpdates","service":"nas-bot","timestamp":"2026-05-24 06:05:48"}
{"error":"","level":"error","message":"Telegram请求失败","method":"getUpdates","service":"nas-bot","timestamp":"2026-05-24 06:05:50"}
{"error":"","level":"error","message":"Telegram请求失败","method":"getUpdates","service":"nas-bot","timestamp":"2026-05-24 06:05:51"}
{"error":"","level":"error","message":"Telegram请求失败","method":"getUpdates","service":"nas-bot","timestamp":"2026-05-24 06:05:52"}
{"error":"","level":"error","message":"Telegram请求失败","method":"getUpdates","service":"nas-bot","timestamp":"2026-05-24 06:05:53"}
{"error":"","level":"error","message":"Telegram请求失败","method":"getUpdates","service":"nas-bot","timestamp":"2026-05-24 06:05:55"}
{"error":"","level":"error","message":"Telegram请求失败","method":"getUpdates","service":"nas-bot","timestamp":"2026-05-24 06:05:56"}
{"error":"","level":"error","message":"Telegram请求失败","method":"getUpdates","service":"nas-bot","timestamp":"2026-05-24 06:05:57"}
{"error":"","level":"error","message":"Telegram请求失败","method":"getUpdates","service":"nas-bot","timestamp":"2026-05-24 06:05:58"}
{"error":"","level":"error","message":"Telegram请求失败","method":"getUpdates","service":"nas-bot","timestamp":"2026-05-24 06:06:00"}
{"error":"","level":"error","message":"Telegram请求失败","method":"getUpdates","service":"nas-bot","timestamp":"2026-05-24 06:06:01"}
{"error":"","level":"error","message":"Telegram请求失败","method":"getUpdates","service":"nas-bot","timestamp":"2026-05-24 06:06:02"}
{"error":"","level":"error","message":"Telegram请求失败","method":"getUpdates","service":"nas-bot","timestamp":"2026-05-24 06:06:03"}
{"error":"","level":"error","message":"Telegram请求失败","method":"getUpdates","service":"nas-bot","timestamp":"2026-05-24 06:06:05"}
{"error":"","level":"error","message":"Telegram请求失败","method":"getUpdates","service":"nas-bot","timestamp":"2026-05-24 06:06:06"}
{"error":"","level":"error","message":"Telegram请求失败","method":"getUpdates","service":"nas-bot","timestamp":"2026-05-24 06:06:07"}
{"error":"","level":"error","message":"Telegram请求失败","method":"getUpdates","service":"nas-bot","timestamp":"2026-05-24 06:06:08"}
{"error":"","level":"error","message":"Telegram请求失败","method":"getUpdates","service":"nas-bot","timestamp":"2026-05-24 06:06:10"}
{"error":"","level":"error","message":"Telegram请求失败","method":"getUpdates","service":"nas-bot","timestamp":"2026-05-24 06:06:11"}
{"error":"","level":"error","message":"Telegram请求失败","method":"getUpdates","service":"nas-bot","timestamp":"2026-05-24 06:06:12"}
{"error":"","level":"error","message":"Telegram请求失败","method":"getUpdates","service":"nas-bot","timestamp":"2026-05-24 06:06:13"}
{"error":"","level":"error","message":"Telegram请求失败","method":"getUpdates","service":"nas-bot","timestamp":"2026-05-24 06:06:15"}
{"error":"","level":"error","message":"Telegram请求失败","method":"getUpdates","service":"nas-bot","timestamp":"2026-05-24 06:06:16"}
{"error":"","level":"error","message":"Telegram请求失败","method":"getUpdates","service":"nas-bot","timestamp":"2026-05-24 06:06:17"}
{"error":"","level":"error","message":"Telegram请求失败","method":"getUpdates","service":"nas-bot","timestamp":"2026-05-24 06:06:18"}
{"error":"","level":"error","message":"Telegram请求失败","method":"getUpdates","service":"nas-bot","timestamp":"2026-05-24 06:06:20"}
{"error":"","level":"error","message":"Telegram请求失败","method":"getUpdates","service":"nas-bot","timestamp":"2026-05-24 06:06:21"}
{"error":"","level":"error","message":"Telegram请求失败","method":"getUpdates","service":"nas-bot","timestamp":"2026-05-24 06:06:22"}
{"error":"","level":"error","message":"Telegram请求失败","method":"getUpdates","service":"nas-bot","timestamp":"2026-05-24 06:06:23"}
{"error":"","level":"error","message":"Telegram请求失败","method":"getUpdates","service":"nas-bot","timestamp":"2026-05-24 06:06:25"}
{"error":"","level":"error","message":"Telegram请求失败","method":"getUpdates","service":"nas-bot","timestamp":"2026-05-24 06:06:26"}
{"error":"","level":"error","message":"Telegram请求失败","method":"getUpdates","service":"nas-bot","timestamp":"2026-05-24 06:06:27"}
{"error":"","level":"error","message":"Telegram请求失败","method":"getUpdates","service":"nas-bot","timestamp":"2026-05-24 06:06:28"}
{"error":"","level":"error","message":"Telegram请求失败","method":"getUpdates","service":"nas-bot","timestamp":"2026-05-24 06:06:30"}
{"error":"","level":"error","message":"Telegram请求失败","method":"getUpdates","service":"nas-bot","timestamp":"2026-05-24 06:06:31"}
{"error":"","level":"error","message":"Telegram请求失败","method":"getUpdates","service":"nas-bot","timestamp":"2026-05-24 06:06:32"}
{"error":"","level":"error","message":"Telegram请求失败","method":"getUpdates","service":"nas-bot","timestamp":"2026-05-24 06:06:34"}
{"error":"","level":"error","message":"Telegram请求失败","method":"getUpdates","service":"nas-bot","timestamp":"2026-05-24 06:06:35"}
{"error":"","level":"error","message":"Telegram请求失败","method":"getUpdates","service":"nas-bot","timestamp":"2026-05-24 06:06:36"}
{"error":"","level":"error","message":"Telegram请求失败","method":"getUpdates","service":"nas-bot","timestamp":"2026-05-24 06:06:37"}
{"error":"","level":"error","message":"Telegram请求失败","method":"getUpdates","service":"nas-bot","timestamp":"2026-05-24 06:06:39"}
{"error":"","level":"error","message":"Telegram请求失败","method":"getUpdates","service":"nas-bot","timestamp":"2026-05-24 06:06:40"}
{"error":"","level":"error","message":"Telegram请求失败","method":"getUpdates","service":"nas-bot","timestamp":"2026-05-24 06:06:41"}
{"error":"","level":"error","message":"Telegram请求失败","method":"getUpdates","service":"nas-bot","timestamp":"2026-05-24 06:06:42"}
{"error":"","level":"error","message":"Telegram请求失败","method":"getUpdates","service":"nas-bot","timestamp":"2026-05-24 06:06:44"}
{"error":"","level":"error","message":"Telegram请求失败","method":"getUpdates","service":"nas-bot","timestamp":"2026-05-24 06:06:45"}
{"error":"","level":"error","message":"Telegram请求失败","method":"getUpdates","service":"nas-bot","timestamp":"2026-05-24 06:06:46"}
{"error":"","level":"error","message":"Telegram请求失败","method":"getUpdates","service":"nas-bot","timestamp":"2026-05-24 06:06:47"}
{"error":"","level":"error","message":"Telegram请求失败","method":"getUpdates","service":"nas-bot","timestamp":"2026-05-24 06:06:49"}
{"error":"","level":"error","message":"Telegram请求失败","method":"getUpdates","service":"nas-bot","timestamp":"2026-05-24 06:06:50"}
{"error":"","level":"error","message":"Telegram请求失败","method":"getUpdates","service":"nas-bot","timestamp":"2026-05-24 06:06:51"}
{"error":"","level":"error","message":"Telegram请求失败","method":"getUpdates","service":"nas-bot","timestamp":"2026-05-24 06:06:52"}
{"error":"","level":"error","message":"Telegram请求失败","method":"getUpdates","service":"nas-bot","timestamp":"2026-05-24 06:06:54"}
{"error":"","level":"error","message":"Telegram请求失败","method":"getUpdates","service":"nas-bot","timestamp":"2026-05-24 06:06:55"}
{"error":"","level":"error","message":"Telegram请求失败","method":"getUpdates","service":"nas-bot","timestamp":"2026-05-24 06:06:56"}
{"error":"","level":"error","message":"Telegram请求失败","method":"getUpdates","service":"nas-bot","timestamp":"2026-05-24 06:06:57"}
{"error":"","level":"error","message":"Telegram请求失败","method":"getUpdates","service":"nas-bot","timestamp":"2026-05-24 06:06:59"}
{"error":"","level":"error","message":"Telegram请求失败","method":"getUpdates","service":"nas-bot","timestamp":"2026-05-24 06:07:00"}
{"error":"","level":"error","message":"Telegram请求失败","method":"getUpdates","service":"nas-bot","timestamp":"2026-05-24 06:07:01"}
{"error":"","level":"error","message":"Telegram请求失败","method":"getUpdates","service":"nas-bot","timestamp":"2026-05-24 06:07:02"}
{"error":"","level":"error","message":"Telegram请求失败","method":"getUpdates","service":"nas-bot","timestamp":"2026-05-24 06:07:04"}
{"error":"","level":"error","message":"Telegram请求失败","method":"getUpdates","service":"nas-bot","timestamp":"2026-05-24 06:07:05"}
{"error":"","level":"error","message":"Telegram请求失败","method":"getUpdates","service":"nas-bot","timestamp":"2026-05-24 06:07:06"}
{"args":"docker restart nas-bot","command":"exec","level":"info","message":"收到指令","service":"nas-bot","timestamp":"2026-05-24 06:07:08","userId":"6423823321"}
{"level":"info","message":"IOC容器构建完成","service":"nas-bot","timestamp":"2026-05-24 06:07:19"}
{"alertInterval":"每5分钟","level":"info","message":"定时调度器启动","service":"nas-bot","summaryTime":"15:35","timestamp":"2026-05-24 06:07:19"}
{"level":"info","message":"Bot启动","service":"nas-bot","timestamp":"2026-05-24 06:07:19"}
{"level":"info","message":"NAS Bot 已启动 🚀","service":"nas-bot","timestamp":"2026-05-24 06:07:19"}
{"args":"docker restart nas-bot","command":"exec","level":"info","message":"收到指令","service":"nas-bot","timestamp":"2026-05-24 06:07:20","userId":"6423823321"}
{"level":"info","message":"IOC容器构建完成","service":"nas-bot","timestamp":"2026-05-24 06:07:32"}
{"alertInterval":"每5分钟","level":"info","message":"定时调度器启动","service":"nas-bot","summaryTime":"15:35","timestamp":"2026-05-24 06:07:32"}
{"level":"info","message":"Bot启动","service":"nas-bot","timestamp":"2026-05-24 06:07:32"}
{"level":"info","message":"NAS Bot 已启动 🚀","service":"nas-bot","timestamp":"2026-05-24 06:07:32"}
{"error":"","level":"error","message":"Telegram请求失败","method":"getUpdates","service":"nas-bot","timestamp":"2026-05-24 06:07:32"}
{"error":"","level":"error","message":"Telegram请求失败","method":"getUpdates","service":"nas-bot","timestamp":"2026-05-24 06:07:33"}
{"args":"docker restart nas-bot","command":"exec","level":"info","message":"收到指令","service":"nas-bot","timestamp":"2026-05-24 06:07:35","userId":"6423823321"}
{"level":"info","message":"IOC容器构建完成","service":"nas-bot","timestamp":"2026-05-24 06:07:47"}
{"alertInterval":"每5分钟","level":"info","message":"定时调度器启动","service":"nas-bot","summaryTime":"15:35","timestamp":"2026-05-24 06:07:47"}
{"level":"info","message":"Bot启动","service":"nas-bot","timestamp":"2026-05-24 06:07:47"}
{"level":"info","message":"NAS Bot 已启动 🚀","service":"nas-bot","timestamp":"2026-05-24 06:07:47"}
{"error":"","level":"error","message":"Telegram请求失败","method":"getUpdates","service":"nas-bot","timestamp":"2026-05-24 06:07:47"}
{"args":"docker restart nas-bot","command":"exec","level":"info","message":"收到指令","service":"nas-bot","timestamp":"2026-05-24 06:07:49","userId":"6423823321"}
{"level":"info","message":"IOC容器构建完成","service":"nas-bot","timestamp":"2026-05-24 06:08:01"}
{"alertInterval":"每5分钟","level":"info","message":"定时调度器启动","service":"nas-bot","summaryTime":"15:35","timestamp":"2026-05-24 06:08:01"}
{"level":"info","message":"Bot启动","service":"nas-bot","timestamp":"2026-05-24 06:08:01"}
{"level":"info","message":"NAS Bot 已启动 🚀","service":"nas-bot","timestamp":"2026-05-24 06:08:01"}
{"args":"docker restart nas-bot","command":"exec","level":"info","message":"收到指令","service":"nas-bot","timestamp":"2026-05-24 06:08:01","userId":"6423823321"}
{"cmd":"docker restart nas-bot","level":"info","message":"执行命令","service":"nas-bot","timestamp":"2026-05-24 06:08:01"}
{"cmd":"docker restart nas-bot","error":"spawnSync /bin/sh ETIMEDOUT","level":"error","message":"Docker命令执行失败","service":"nas-bot","timestamp":"2026-05-24 06:08:11"}
{"args":"ls /bin/","command":"exec","level":"info","message":"收到指令","service":"nas-bot","timestamp":"2026-05-24 06:08:11","userId":"6423823321"}
{"cmd":"ls /bin/","level":"info","message":"执行命令","service":"nas-bot","timestamp":"2026-05-24 06:08:11"}
{"args":"node -e \"require('child_process').execSync('ls /bin/sh').toString()\"","command":"exec","level":"info","message":"收到指令","service":"nas-bot","timestamp":"2026-05-24 06:08:11","userId":"6423823321"}
{"cmd":"node -e \"require('child_process').execSync('ls /bin/sh').toString()\"","level":"info","message":"执行命令","service":"nas-bot","timestamp":"2026-05-24 06:08:11"}
{"args":"状态","command":"股票","level":"info","message":"收到指令","service":"nas-bot","timestamp":"2026-05-24 06:08:12","userId":"6423823321"}
{"args":"","command":"/start","level":"info","message":"收到指令","service":"nas-bot","timestamp":"2026-05-24 06:08:12","userId":"6423823321"}
{"args":"容器","command":"系统","level":"info","message":"收到指令","service":"nas-bot","timestamp":"2026-05-24 06:08:12","userId":"6423823321"}
{"level":"info","message":"获取容器列表","service":"nas-bot","timestamp":"2026-05-24 06:08:12"}
{"args":"状态","command":"股票","level":"info","message":"收到指令","service":"nas-bot","timestamp":"2026-05-24 06:08:12","userId":"6423823321"}
{"args":"开启","command":"股票","level":"info","message":"收到指令","service":"nas-bot","timestamp":"2026-05-24 06:08:12","userId":"6423823321"}
{"args":"链接","command":"股票","level":"info","message":"收到指令","service":"nas-bot","timestamp":"2026-05-24 06:08:12","userId":"6423823321"}
{"args":"检测","command":"股票","level":"info","message":"收到指令","service":"nas-bot","timestamp":"2026-05-24 06:08:12","userId":"6423823321"}
{"args":"状态","command":"系统","level":"info","message":"收到指令","service":"nas-bot","timestamp":"2026-05-24 06:08:12","userId":"6423823321"}
{"count":10,"level":"warn","message":"触发限流","service":"nas-bot","timestamp":"2026-05-24 06:08:12","userId":"6423823321"}
{"args":"关闭","command":"ai","level":"info","message":"收到指令","service":"nas-bot","timestamp":"2026-05-24 06:08:12","userId":"6423823321"}
{"count":10,"level":"warn","message":"触发限流","service":"nas-bot","timestamp":"2026-05-24 06:08:12","userId":"6423823321"}
{"args":"状态","command":"系统","level":"info","message":"收到指令","service":"nas-bot","timestamp":"2026-05-24 06:08:12","userId":"6423823321"}
{"count":10,"level":"warn","message":"触发限流","service":"nas-bot","timestamp":"2026-05-24 06:08:12","userId":"6423823321"}
{"args":"状态","command":"系统","level":"info","message":"收到指令","service":"nas-bot","timestamp":"2026-05-24 06:08:12","userId":"6423823321"}
{"count":10,"level":"warn","message":"触发限流","service":"nas-bot","timestamp":"2026-05-24 06:08:12","userId":"6423823321"}
{"args":"状态","command":"股票","level":"info","message":"收到指令","service":"nas-bot","timestamp":"2026-05-24 06:08:12","userId":"6423823321"}
{"count":10,"level":"warn","message":"触发限流","service":"nas-bot","timestamp":"2026-05-24 06:08:12","userId":"6423823321"}
{"args":"","command":"帮助","level":"info","message":"收到指令","service":"nas-bot","timestamp":"2026-05-24 06:08:12","userId":"6423823321"}
{"count":10,"level":"warn","message":"触发限流","service":"nas-bot","timestamp":"2026-05-24 06:08:12","userId":"6423823321"}
{"args":"","command":"股票状态","level":"info","message":"收到指令","service":"nas-bot","timestamp":"2026-05-24 06:08:12","userId":"6423823321"}
{"count":10,"level":"warn","message":"触发限流","service":"nas-bot","timestamp":"2026-05-24 06:08:12","userId":"6423823321"}
{"args":"","command":"帮助","level":"info","message":"收到指令","service":"nas-bot","timestamp":"2026-05-24 06:08:12","userId":"6423823321"}
{"count":10,"level":"warn","message":"触发限流","service":"nas-bot","timestamp":"2026-05-24 06:08:12","userId":"6423823321"}
{"args":"docker restart nas-bot","command":"exec","level":"info","message":"收到指令","service":"nas-bot","timestamp":"2026-05-24 06:08:12","userId":"6423823321"}
{"count":10,"level":"warn","message":"触发限流","service":"nas-bot","timestamp":"2026-05-24 06:08:12","userId":"6423823321"}
{"args":"状态","command":"股票","level":"info","message":"收到指令","service":"nas-bot","timestamp":"2026-05-24 06:08:12","userId":"6423823321"}
{"count":10,"level":"warn","message":"触发限流","service":"nas-bot","timestamp":"2026-05-24 06:08:12","userId":"6423823321"}
{"args":"状态","command":"股票","level":"info","message":"收到指令","service":"nas-bot","timestamp":"2026-05-24 06:08:12","userId":"6423823321"}
{"count":10,"level":"warn","message":"触发限流","service":"nas-bot","timestamp":"2026-05-24 06:08:12","userId":"6423823321"}
{"args":"状态","command":"股票","level":"info","message":"收到指令","service":"nas-bot","timestamp":"2026-05-24 06:08:12","userId":"6423823321"}
{"count":10,"level":"warn","message":"触发限流","service":"nas-bot","timestamp":"2026-05-24 06:08:12","userId":"6423823321"}
{"args":"状态","command":"股票","level":"info","message":"收到指令","service":"nas-bot","timestamp":"2026-05-24 06:08:12","userId":"6423823321"}
{"count":10,"level":"warn","message":"触发限流","service":"nas-bot","timestamp":"2026-05-24 06:08:12","userId":"6423823321"}
{"args":"检测","command":"股票","level":"info","message":"收到指令","service":"nas-bot","timestamp":"2026-05-24 06:08:12","userId":"6423823321"}
{"count":10,"level":"warn","message":"触发限流","service":"nas-bot","timestamp":"2026-05-24 06:08:12","userId":"6423823321"}
{"args":"状态","command":"股票","level":"info","message":"收到指令","service":"nas-bot","timestamp":"2026-05-24 06:08:12","userId":"6423823321"}
{"count":10,"level":"warn","message":"触发限流","service":"nas-bot","timestamp":"2026-05-24 06:08:12","userId":"6423823321"}
{"level":"info","message":"IOC容器构建完成","service":"nas-bot","timestamp":"2026-05-24 06:08:13"}
{"alertInterval":"每5分钟","level":"info","message":"定时调度器启动","service":"nas-bot","summaryTime":"15:35","timestamp":"2026-05-24 06:08:13"}
{"level":"info","message":"Bot启动","service":"nas-bot","timestamp":"2026-05-24 06:08:13"}
{"level":"info","message":"NAS Bot 已启动 🚀","service":"nas-bot","timestamp":"2026-05-24 06:08:13"}
{"error":"","level":"error","message":"Telegram请求失败","method":"getUpdates","service":"nas-bot","timestamp":"2026-05-24 06:08:13"}
{"error":"","level":"error","message":"Telegram请求失败","method":"getUpdates","service":"nas-bot","timestamp":"2026-05-24 06:08:15"}
{"args":"docker restart nas-bot","command":"exec","level":"info","message":"收到指令","service":"nas-bot","timestamp":"2026-05-24 06:08:16","userId":"6423823321"}
{"level":"info","message":"IOC容器构建完成","service":"nas-bot","timestamp":"2026-05-24 06:08:28"}
{"alertInterval":"每5分钟","level":"info","message":"定时调度器启动","service":"nas-bot","summaryTime":"15:35","timestamp":"2026-05-24 06:08:28"}
{"level":"info","message":"Bot启动","service":"nas-bot","timestamp":"2026-05-24 06:08:28"}
{"level":"info","message":"NAS Bot 已启动 🚀","service":"nas-bot","timestamp":"2026-05-24 06:08:28"}
{"args":"docker restart nas-bot","command":"exec","level":"info","message":"收到指令","service":"nas-bot","timestamp":"2026-05-24 06:08:29","userId":"6423823321"}
{"cmd":"docker restart nas-bot","level":"info","message":"执行命令","service":"nas-bot","timestamp":"2026-05-24 06:08:29"}
{"cmd":"docker restart nas-bot","error":"spawnSync /bin/sh ETIMEDOUT","level":"error","message":"Docker命令执行失败","service":"nas-bot","timestamp":"2026-05-24 06:08:39"}
{"args":"ls /bin/","command":"exec","level":"info","message":"收到指令","service":"nas-bot","timestamp":"2026-05-24 06:08:39","userId":"6423823321"}
{"cmd":"ls /bin/","level":"info","message":"执行命令","service":"nas-bot","timestamp":"2026-05-24 06:08:39"}
{"args":"node -e \"require('child_process').execSync('ls /bin/sh').toString()\"","command":"exec","level":"info","message":"收到指令","service":"nas-bot","timestamp":"2026-05-24 06:08:39","userId":"6423823321"}
{"cmd":"node -e \"require('child_process').execSync('ls /bin/sh').toString()\"","level":"info","message":"执行命令","service":"nas-bot","timestamp":"2026-05-24 06:08:39"}
{"args":"状态","command":"股票","level":"info","message":"收到指令","service":"nas-bot","timestamp":"2026-05-24 06:08:39","userId":"6423823321"}
{"args":"","command":"/start","level":"info","message":"收到指令","service":"nas-bot","timestamp":"2026-05-24 06:08:39","userId":"6423823321"}
{"args":"容器","command":"系统","level":"info","message":"收到指令","service":"nas-bot","timestamp":"2026-05-24 06:08:39","userId":"6423823321"}
{"level":"info","message":"获取容器列表","service":"nas-bot","timestamp":"2026-05-24 06:08:39"}
{"args":"状态","command":"股票","level":"info","message":"收到指令","service":"nas-bot","timestamp":"2026-05-24 06:08:39","userId":"6423823321"}
{"args":"开启","command":"股票","level":"info","message":"收到指令","service":"nas-bot","timestamp":"2026-05-24 06:08:39","userId":"6423823321"}
{"args":"链接","command":"股票","level":"info","message":"收到指令","service":"nas-bot","timestamp":"2026-05-24 06:08:39","userId":"6423823321"}
{"args":"检测","command":"股票","level":"info","message":"收到指令","service":"nas-bot","timestamp":"2026-05-24 06:08:39","userId":"6423823321"}
{"args":"状态","command":"系统","level":"info","message":"收到指令","service":"nas-bot","timestamp":"2026-05-24 06:08:39","userId":"6423823321"}
{"count":10,"level":"warn","message":"触发限流","service":"nas-bot","timestamp":"2026-05-24 06:08:39","userId":"6423823321"}
{"args":"关闭","command":"ai","level":"info","message":"收到指令","service":"nas-bot","timestamp":"2026-05-24 06:08:39","userId":"6423823321"}
{"count":10,"level":"warn","message":"触发限流","service":"nas-bot","timestamp":"2026-05-24 06:08:39","userId":"6423823321"}
{"args":"状态","command":"系统","level":"info","message":"收到指令","service":"nas-bot","timestamp":"2026-05-24 06:08:39","userId":"6423823321"}
{"count":10,"level":"warn","message":"触发限流","service":"nas-bot","timestamp":"2026-05-24 06:08:39","userId":"6423823321"}
{"args":"状态","command":"系统","level":"info","message":"收到指令","service":"nas-bot","timestamp":"2026-05-24 06:08:39","userId":"6423823321"}
{"count":10,"level":"warn","message":"触发限流","service":"nas-bot","timestamp":"2026-05-24 06:08:39","userId":"6423823321"}
{"args":"状态","command":"股票","level":"info","message":"收到指令","service":"nas-bot","timestamp":"2026-05-24 06:08:39","userId":"6423823321"}
{"count":10,"level":"warn","message":"触发限流","service":"nas-bot","timestamp":"2026-05-24 06:08:39","userId":"6423823321"}
{"args":"","command":"帮助","level":"info","message":"收到指令","service":"nas-bot","timestamp":"2026-05-24 06:08:39","userId":"6423823321"}
{"count":10,"level":"warn","message":"触发限流","service":"nas-bot","timestamp":"2026-05-24 06:08:39","userId":"6423823321"}
{"args":"","command":"股票状态","level":"info","message":"收到指令","service":"nas-bot","timestamp":"2026-05-24 06:08:39","userId":"6423823321"}
{"count":10,"level":"warn","message":"触发限流","service":"nas-bot","timestamp":"2026-05-24 06:08:39","userId":"6423823321"}
{"args":"","command":"帮助","level":"info","message":"收到指令","service":"nas-bot","timestamp":"2026-05-24 06:08:39","userId":"6423823321"}
{"count":10,"level":"warn","message":"触发限流","service":"nas-bot","timestamp":"2026-05-24 06:08:39","userId":"6423823321"}
{"args":"docker restart nas-bot","command":"exec","level":"info","message":"收到指令","service":"nas-bot","timestamp":"2026-05-24 06:08:39","userId":"6423823321"}
{"count":10,"level":"warn","message":"触发限流","service":"nas-bot","timestamp":"2026-05-24 06:08:39","userId":"6423823321"}
{"args":"状态","command":"股票","level":"info","message":"收到指令","service":"nas-bot","timestamp":"2026-05-24 06:08:39","userId":"6423823321"}
{"count":10,"level":"warn","message":"触发限流","service":"nas-bot","timestamp":"2026-05-24 06:08:39","userId":"6423823321"}
{"args":"状态","command":"股票","level":"info","message":"收到指令","service":"nas-bot","timestamp":"2026-05-24 06:08:39","userId":"6423823321"}
{"count":10,"level":"warn","message":"触发限流","service":"nas-bot","timestamp":"2026-05-24 06:08:39","userId":"6423823321"}
{"args":"状态","command":"股票","level":"info","message":"收到指令","service":"nas-bot","timestamp":"2026-05-24 06:08:39","userId":"6423823321"}
{"count":10,"level":"warn","message":"触发限流","service":"nas-bot","timestamp":"2026-05-24 06:08:39","userId":"6423823321"}
{"args":"状态","command":"股票","level":"info","message":"收到指令","service":"nas-bot","timestamp":"2026-05-24 06:08:39","userId":"6423823321"}
{"count":10,"level":"warn","message":"触发限流","service":"nas-bot","timestamp":"2026-05-24 06:08:39","userId":"6423823321"}
{"args":"检测","command":"股票","level":"info","message":"收到指令","service":"nas-bot","timestamp":"2026-05-24 06:08:39","userId":"6423823321"}
{"count":10,"level":"warn","message":"触发限流","service":"nas-bot","timestamp":"2026-05-24 06:08:39","userId":"6423823321"}
{"args":"状态","command":"股票","level":"info","message":"收到指令","service":"nas-bot","timestamp":"2026-05-24 06:08:39","userId":"6423823321"}
{"count":10,"level":"warn","message":"触发限流","service":"nas-bot","timestamp":"2026-05-24 06:08:39","userId":"6423823321"}
{"level":"info","message":"IOC容器构建完成","service":"nas-bot","timestamp":"2026-05-24 06:08:40"}
{"alertInterval":"每5分钟","level":"info","message":"定时调度器启动","service":"nas-bot","summaryTime":"15:35","timestamp":"2026-05-24 06:08:40"}
{"level":"info","message":"Bot启动","service":"nas-bot","timestamp":"2026-05-24 06:08:40"}
{"level":"info","message":"NAS Bot 已启动 🚀","service":"nas-bot","timestamp":"2026-05-24 06:08:41"}
{"args":"docker restart nas-bot","command":"exec","level":"info","message":"收到指令","service":"nas-bot","timestamp":"2026-05-24 06:08:41","userId":"6423823321"}
{"level":"info","message":"IOC容器构建完成","service":"nas-bot","timestamp":"2026-05-24 06:08:53"}
{"alertInterval":"每5分钟","level":"info","message":"定时调度器启动","service":"nas-bot","summaryTime":"15:35","timestamp":"2026-05-24 06:08:53"}
{"level":"info","message":"Bot启动","service":"nas-bot","timestamp":"2026-05-24 06:08:53"}
{"level":"info","message":"NAS Bot 已启动 🚀","service":"nas-bot","timestamp":"2026-05-24 06:08:53"}
{"error":"","level":"error","message":"Telegram请求失败","method":"getUpdates","service":"nas-bot","timestamp":"2026-05-24 06:08:53"}
{"error":"","level":"error","message":"Telegram请求失败","method":"getUpdates","service":"nas-bot","timestamp":"2026-05-24 06:08:55"}
{"args":"docker restart nas-bot","command":"exec","level":"info","message":"收到指令","service":"nas-bot","timestamp":"2026-05-24 06:08:56","userId":"6423823321"}
{"cmd":"docker restart nas-bot","level":"info","message":"执行命令","service":"nas-bot","timestamp":"2026-05-24 06:08:56"}
{"cmd":"docker restart nas-bot","error":"spawnSync /bin/sh ETIMEDOUT","level":"error","message":"Docker命令执行失败","service":"nas-bot","timestamp":"2026-05-24 06:09:06"}
{"args":"ls /bin/","command":"exec","level":"info","message":"收到指令","service":"nas-bot","timestamp":"2026-05-24 06:09:06","userId":"6423823321"}
{"cmd":"ls /bin/","level":"info","message":"执行命令","service":"nas-bot","timestamp":"2026-05-24 06:09:06"}
{"args":"node -e \"require('child_process').execSync('ls /bin/sh').toString()\"","command":"exec","level":"info","message":"收到指令","service":"nas-bot","timestamp":"2026-05-24 06:09:06","userId":"6423823321"}
{"cmd":"node -e \"require('child_process').execSync('ls /bin/sh').toString()\"","level":"info","message":"执行命令","service":"nas-bot","timestamp":"2026-05-24 06:09:06"}
{"args":"状态","command":"股票","level":"info","message":"收到指令","service":"nas-bot","timestamp":"2026-05-24 06:09:06","userId":"6423823321"}
{"args":"","command":"/start","level":"info","message":"收到指令","service":"nas-bot","timestamp":"2026-05-24 06:09:06","userId":"6423823321"}
{"args":"容器","command":"系统","level":"info","message":"收到指令","service":"nas-bot","timestamp":"2026-05-24 06:09:06","userId":"6423823321"}
{"level":"info","message":"获取容器列表","service":"nas-bot","timestamp":"2026-05-24 06:09:06"}
{"args":"状态","command":"股票","level":"info","message":"收到指令","service":"nas-bot","timestamp":"2026-05-24 06:09:06","userId":"6423823321"}
{"args":"开启","command":"股票","level":"info","message":"收到指令","service":"nas-bot","timestamp":"2026-05-24 06:09:06","userId":"6423823321"}
{"args":"链接","command":"股票","level":"info","message":"收到指令","service":"nas-bot","timestamp":"2026-05-24 06:09:06","userId":"6423823321"}
{"args":"检测","command":"股票","level":"info","message":"收到指令","service":"nas-bot","timestamp":"2026-05-24 06:09:06","userId":"6423823321"}
{"args":"状态","command":"系统","level":"info","message":"收到指令","service":"nas-bot","timestamp":"2026-05-24 06:09:06","userId":"6423823321"}
{"count":10,"level":"warn","message":"触发限流","service":"nas-bot","timestamp":"2026-05-24 06:09:06","userId":"6423823321"}
{"args":"关闭","command":"ai","level":"info","message":"收到指令","service":"nas-bot","timestamp":"2026-05-24 06:09:07","userId":"6423823321"}
{"count":10,"level":"warn","message":"触发限流","service":"nas-bot","timestamp":"2026-05-24 06:09:07","userId":"6423823321"}
{"args":"状态","command":"系统","level":"info","message":"收到指令","service":"nas-bot","timestamp":"2026-05-24 06:09:07","userId":"6423823321"}
{"count":10,"level":"warn","message":"触发限流","service":"nas-bot","timestamp":"2026-05-24 06:09:07","userId":"6423823321"}
{"args":"状态","command":"系统","level":"info","message":"收到指令","service":"nas-bot","timestamp":"2026-05-24 06:09:07","userId":"6423823321"}
{"count":10,"level":"warn","message":"触发限流","service":"nas-bot","timestamp":"2026-05-24 06:09:07","userId":"6423823321"}
{"args":"状态","command":"股票","level":"info","message":"收到指令","service":"nas-bot","timestamp":"2026-05-24 06:09:07","userId":"6423823321"}
{"count":10,"level":"warn","message":"触发限流","service":"nas-bot","timestamp":"2026-05-24 06:09:07","userId":"6423823321"}
{"args":"","command":"帮助","level":"info","message":"收到指令","service":"nas-bot","timestamp":"2026-05-24 06:09:07","userId":"6423823321"}
{"count":10,"level":"warn","message":"触发限流","service":"nas-bot","timestamp":"2026-05-24 06:09:07","userId":"6423823321"}
{"args":"","command":"股票状态","level":"info","message":"收到指令","service":"nas-bot","timestamp":"2026-05-24 06:09:07","userId":"6423823321"}
{"count":10,"level":"warn","message":"触发限流","service":"nas-bot","timestamp":"2026-05-24 06:09:07","userId":"6423823321"}
{"args":"","command":"帮助","level":"info","message":"收到指令","service":"nas-bot","timestamp":"2026-05-24 06:09:07","userId":"6423823321"}
{"count":10,"level":"warn","message":"触发限流","service":"nas-bot","timestamp":"2026-05-24 06:09:07","userId":"6423823321"}
{"args":"docker restart nas-bot","command":"exec","level":"info","message":"收到指令","service":"nas-bot","timestamp":"2026-05-24 06:09:07","userId":"6423823321"}
{"count":10,"level":"warn","message":"触发限流","service":"nas-bot","timestamp":"2026-05-24 06:09:07","userId":"6423823321"}
{"args":"状态","command":"股票","level":"info","message":"收到指令","service":"nas-bot","timestamp":"2026-05-24 06:09:07","userId":"6423823321"}
{"count":10,"level":"warn","message":"触发限流","service":"nas-bot","timestamp":"2026-05-24 06:09:07","userId":"6423823321"}
{"args":"状态","command":"股票","level":"info","message":"收到指令","service":"nas-bot","timestamp":"2026-05-24 06:09:07","userId":"6423823321"}
{"count":10,"level":"warn","message":"触发限流","service":"nas-bot","timestamp":"2026-05-24 06:09:07","userId":"6423823321"}
{"args":"状态","command":"股票","level":"info","message":"收到指令","service":"nas-bot","timestamp":"2026-05-24 06:09:07","userId":"6423823321"}
{"count":10,"level":"warn","message":"触发限流","service":"nas-bot","timestamp":"2026-05-24 06:09:07","userId":"6423823321"}
{"args":"状态","command":"股票","level":"info","message":"收到指令","service":"nas-bot","timestamp":"2026-05-24 06:09:07","userId":"6423823321"}
{"count":10,"level":"warn","message":"触发限流","service":"nas-bot","timestamp":"2026-05-24 06:09:07","userId":"6423823321"}
{"args":"检测","command":"股票","level":"info","message":"收到指令","service":"nas-bot","timestamp":"2026-05-24 06:09:07","userId":"6423823321"}
{"count":10,"level":"warn","message":"触发限流","service":"nas-bot","timestamp":"2026-05-24 06:09:07","userId":"6423823321"}
{"args":"状态","command":"股票","level":"info","message":"收到指令","service":"nas-bot","timestamp":"2026-05-24 06:09:07","userId":"6423823321"}
{"count":10,"level":"warn","message":"触发限流","service":"nas-bot","timestamp":"2026-05-24 06:09:07","userId":"6423823321"}
{"level":"info","message":"IOC容器构建完成","service":"nas-bot","timestamp":"2026-05-24 06:09:08"}
{"alertInterval":"每5分钟","level":"info","message":"定时调度器启动","service":"nas-bot","summaryTime":"15:35","timestamp":"2026-05-24 06:09:08"}
{"level":"info","message":"Bot启动","service":"nas-bot","timestamp":"2026-05-24 06:09:08"}
{"level":"info","message":"NAS Bot 已启动 🚀","service":"nas-bot","timestamp":"2026-05-24 06:09:08"}
{"args":"docker restart nas-bot","command":"exec","level":"info","message":"收到指令","service":"nas-bot","timestamp":"2026-05-24 06:09:09","userId":"6423823321"}
{"level":"info","message":"IOC容器构建完成","service":"nas-bot","timestamp":"2026-05-24 06:09:20"}
{"alertInterval":"每5分钟","level":"info","message":"定时调度器启动","service":"nas-bot","summaryTime":"15:35","timestamp":"2026-05-24 06:09:20"}
{"level":"info","message":"Bot启动","service":"nas-bot","timestamp":"2026-05-24 06:09:20"}
{"level":"info","message":"NAS Bot 已启动 🚀","service":"nas-bot","timestamp":"2026-05-24 06:09:20"}
{"error":"","level":"error","message":"Telegram请求失败","method":"getUpdates","service":"nas-bot","timestamp":"2026-05-24 06:09:21"}
{"error":"","level":"error","message":"Telegram请求失败","method":"getUpdates","service":"nas-bot","timestamp":"2026-05-24 06:09:22"}
{"args":"docker restart nas-bot","command":"exec","level":"info","message":"收到指令","service":"nas-bot","timestamp":"2026-05-24 06:09:24","userId":"6423823321"}
{"level":"info","message":"IOC容器构建完成","service":"nas-bot","timestamp":"2026-05-24 06:09:35"}
{"alertInterval":"每5分钟","level":"info","message":"定时调度器启动","service":"nas-bot","summaryTime":"15:35","timestamp":"2026-05-24 06:09:35"}
{"level":"info","message":"Bot启动","service":"nas-bot","timestamp":"2026-05-24 06:09:35"}
{"level":"info","message":"NAS Bot 已启动 🚀","service":"nas-bot","timestamp":"2026-05-24 06:09:35"}
{"error":"","level":"error","message":"Telegram请求失败","method":"getUpdates","service":"nas-bot","timestamp":"2026-05-24 06:09:35"}
{"error":"","level":"error","message":"Telegram请求失败","method":"getUpdates","service":"nas-bot","timestamp":"2026-05-24 06:09:37"}
{"error":"","level":"error","message":"Telegram请求失败","method":"getUpdates","service":"nas-bot","timestamp":"2026-05-24 06:09:38"}
{"error":"","level":"error","message":"Telegram请求失败","method":"getUpdates","service":"nas-bot","timestamp":"2026-05-24 06:09:39"}
{"error":"","level":"error","message":"Telegram请求失败","method":"getUpdates","service":"nas-bot","timestamp":"2026-05-24 06:09:41"}
{"error":"","level":"error","message":"Telegram请求失败","method":"getUpdates","service":"nas-bot","timestamp":"2026-05-24 06:09:42"}
{"args":"docker restart nas-bot","command":"exec","level":"info","message":"收到指令","service":"nas-bot","timestamp":"2026-05-24 06:09:44","userId":"6423823321"}
{"level":"info","message":"IOC容器构建完成","service":"nas-bot","timestamp":"2026-05-24 06:09:55"}
{"alertInterval":"每5分钟","level":"info","message":"定时调度器启动","service":"nas-bot","summaryTime":"15:35","timestamp":"2026-05-24 06:09:55"}
{"level":"info","message":"Bot启动","service":"nas-bot","timestamp":"2026-05-24 06:09:55"}
{"level":"info","message":"NAS Bot 已启动 🚀","service":"nas-bot","timestamp":"2026-05-24 06:09:55"}
{"error":"","level":"error","message":"Telegram请求失败","method":"getUpdates","service":"nas-bot","timestamp":"2026-05-24 06:09:55"}
{"error":"","level":"error","message":"Telegram请求失败","method":"getUpdates","service":"nas-bot","timestamp":"2026-05-24 06:09:57"}
{"args":"docker restart nas-bot","command":"exec","level":"info","message":"收到指令","service":"nas-bot","timestamp":"2026-05-24 06:09:58","userId":"6423823321"}
{"level":"info","message":"IOC容器构建完成","service":"nas-bot","timestamp":"2026-05-24 06:10:10"}
{"alertInterval":"每5分钟","level":"info","message":"定时调度器启动","service":"nas-bot","summaryTime":"15:35","timestamp":"2026-05-24 06:10:10"}
{"level":"info","message":"Bot启动","service":"nas-bot","timestamp":"2026-05-24 06:10:10"}
{"level":"info","message":"NAS Bot 已启动 🚀","service":"nas-bot","timestamp":"2026-05-24 06:10:10"}
{"args":"docker restart nas-bot","command":"exec","level":"info","message":"收到指令","service":"nas-bot","timestamp":"2026-05-24 06:10:11","userId":"6423823321"}
{"cmd":"docker restart nas-bot","level":"info","message":"执行命令","service":"nas-bot","timestamp":"2026-05-24 06:10:11"}
{"cmd":"docker restart nas-bot","error":"spawnSync /bin/sh ETIMEDOUT","level":"error","message":"Docker命令执行失败","service":"nas-bot","timestamp":"2026-05-24 06:10:21"}
{"args":"ls /bin/","command":"exec","level":"info","message":"收到指令","service":"nas-bot","timestamp":"2026-05-24 06:10:21","userId":"6423823321"}
{"cmd":"ls /bin/","level":"info","message":"执行命令","service":"nas-bot","timestamp":"2026-05-24 06:10:21"}
{"args":"node -e \"require('child_process').execSync('ls /bin/sh').toString()\"","command":"exec","level":"info","message":"收到指令","service":"nas-bot","timestamp":"2026-05-24 06:10:21","userId":"6423823321"}
{"cmd":"node -e \"require('child_process').execSync('ls /bin/sh').toString()\"","level":"info","message":"执行命令","service":"nas-bot","timestamp":"2026-05-24 06:10:21"}
{"args":"状态","command":"股票","level":"info","message":"收到指令","service":"nas-bot","timestamp":"2026-05-24 06:10:21","userId":"6423823321"}
{"args":"","command":"/start","level":"info","message":"收到指令","service":"nas-bot","timestamp":"2026-05-24 06:10:21","userId":"6423823321"}
{"args":"容器","command":"系统","level":"info","message":"收到指令","service":"nas-bot","timestamp":"2026-05-24 06:10:21","userId":"6423823321"}
{"level":"info","message":"获取容器列表","service":"nas-bot","timestamp":"2026-05-24 06:10:21"}
{"args":"状态","command":"股票","level":"info","message":"收到指令","service":"nas-bot","timestamp":"2026-05-24 06:10:21","userId":"6423823321"}
{"args":"开启","command":"股票","level":"info","message":"收到指令","service":"nas-bot","timestamp":"2026-05-24 06:10:21","userId":"6423823321"}
{"args":"链接","command":"股票","level":"info","message":"收到指令","service":"nas-bot","timestamp":"2026-05-24 06:10:21","userId":"6423823321"}
{"args":"检测","command":"股票","level":"info","message":"收到指令","service":"nas-bot","timestamp":"2026-05-24 06:10:21","userId":"6423823321"}
{"args":"状态","command":"系统","level":"info","message":"收到指令","service":"nas-bot","timestamp":"2026-05-24 06:10:21","userId":"6423823321"}
{"count":10,"level":"warn","message":"触发限流","service":"nas-bot","timestamp":"2026-05-24 06:10:21","userId":"6423823321"}
{"args":"关闭","command":"ai","level":"info","message":"收到指令","service":"nas-bot","timestamp":"2026-05-24 06:10:21","userId":"6423823321"}
{"count":10,"level":"warn","message":"触发限流","service":"nas-bot","timestamp":"2026-05-24 06:10:21","userId":"6423823321"}
{"args":"状态","command":"系统","level":"info","message":"收到指令","service":"nas-bot","timestamp":"2026-05-24 06:10:21","userId":"6423823321"}
{"count":10,"level":"warn","message":"触发限流","service":"nas-bot","timestamp":"2026-05-24 06:10:21","userId":"6423823321"}
{"args":"状态","command":"系统","level":"info","message":"收到指令","service":"nas-bot","timestamp":"2026-05-24 06:10:21","userId":"6423823321"}
{"count":10,"level":"warn","message":"触发限流","service":"nas-bot","timestamp":"2026-05-24 06:10:21","userId":"6423823321"}
{"args":"状态","command":"股票","level":"info","message":"收到指令","service":"nas-bot","timestamp":"2026-05-24 06:10:21","userId":"6423823321"}
{"count":10,"level":"warn","message":"触发限流","service":"nas-bot","timestamp":"2026-05-24 06:10:21","userId":"6423823321"}
{"args":"","command":"帮助","level":"info","message":"收到指令","service":"nas-bot","timestamp":"2026-05-24 06:10:21","userId":"6423823321"}
{"count":10,"level":"warn","message":"触发限流","service":"nas-bot","timestamp":"2026-05-24 06:10:21","userId":"6423823321"}
{"args":"","command":"股票状态","level":"info","message":"收到指令","service":"nas-bot","timestamp":"2026-05-24 06:10:21","userId":"6423823321"}
{"count":10,"level":"warn","message":"触发限流","service":"nas-bot","timestamp":"2026-05-24 06:10:21","userId":"6423823321"}
{"args":"","command":"帮助","level":"info","message":"收到指令","service":"nas-bot","timestamp":"2026-05-24 06:10:21","userId":"6423823321"}
{"count":10,"level":"warn","message":"触发限流","service":"nas-bot","timestamp":"2026-05-24 06:10:21","userId":"6423823321"}
{"args":"docker restart nas-bot","command":"exec","level":"info","message":"收到指令","service":"nas-bot","timestamp":"2026-05-24 06:10:21","userId":"6423823321"}
{"count":10,"level":"warn","message":"触发限流","service":"nas-bot","timestamp":"2026-05-24 06:10:21","userId":"6423823321"}
{"args":"状态","command":"股票","level":"info","message":"收到指令","service":"nas-bot","timestamp":"2026-05-24 06:10:21","userId":"6423823321"}
{"count":10,"level":"warn","message":"触发限流","service":"nas-bot","timestamp":"2026-05-24 06:10:21","userId":"6423823321"}
{"args":"状态","command":"股票","level":"info","message":"收到指令","service":"nas-bot","timestamp":"2026-05-24 06:10:21","userId":"6423823321"}
{"count":10,"level":"warn","message":"触发限流","service":"nas-bot","timestamp":"2026-05-24 06:10:21","userId":"6423823321"}
{"args":"状态","command":"股票","level":"info","message":"收到指令","service":"nas-bot","timestamp":"2026-05-24 06:10:21","userId":"6423823321"}
{"count":10,"level":"warn","message":"触发限流","service":"nas-bot","timestamp":"2026-05-24 06:10:21","userId":"6423823321"}
{"args":"状态","command":"股票","level":"info","message":"收到指令","service":"nas-bot","timestamp":"2026-05-24 06:10:21","userId":"6423823321"}
{"count":10,"level":"warn","message":"触发限流","service":"nas-bot","timestamp":"2026-05-24 06:10:21","userId":"6423823321"}
{"args":"检测","command":"股票","level":"info","message":"收到指令","service":"nas-bot","timestamp":"2026-05-24 06:10:21","userId":"6423823321"}
{"count":10,"level":"warn","message":"触发限流","service":"nas-bot","timestamp":"2026-05-24 06:10:21","userId":"6423823321"}
{"args":"状态","command":"股票","level":"info","message":"收到指令","service":"nas-bot","timestamp":"2026-05-24 06:10:21","userId":"6423823321"}
{"count":10,"level":"warn","message":"触发限流","service":"nas-bot","timestamp":"2026-05-24 06:10:21","userId":"6423823321"}
{"level":"info","message":"IOC容器构建完成","service":"nas-bot","timestamp":"2026-05-24 06:10:22"}
{"alertInterval":"每5分钟","level":"info","message":"定时调度器启动","service":"nas-bot","summaryTime":"15:35","timestamp":"2026-05-24 06:10:22"}
{"level":"info","message":"Bot启动","service":"nas-bot","timestamp":"2026-05-24 06:10:22"}
{"level":"info","message":"NAS Bot 已启动 🚀","service":"nas-bot","timestamp":"2026-05-24 06:10:22"}
{"args":"docker restart nas-bot","command":"exec","level":"info","message":"收到指令","service":"nas-bot","timestamp":"2026-05-24 06:10:23","userId":"6423823321"}
{"cmd":"docker restart nas-bot","level":"info","message":"执行命令","service":"nas-bot","timestamp":"2026-05-24 06:10:23"}
{"cmd":"docker restart nas-bot","error":"spawnSync /bin/sh ETIMEDOUT","level":"error","message":"Docker命令执行失败","service":"nas-bot","timestamp":"2026-05-24 06:10:33"}
{"args":"ls /bin/","command":"exec","level":"info","message":"收到指令","service":"nas-bot","timestamp":"2026-05-24 06:10:33","userId":"6423823321"}
{"cmd":"ls /bin/","level":"info","message":"执行命令","service":"nas-bot","timestamp":"2026-05-24 06:10:33"}
{"args":"node -e \"require('child_process').execSync('ls /bin/sh').toString()\"","command":"exec","level":"info","message":"收到指令","service":"nas-bot","timestamp":"2026-05-24 06:10:33","userId":"6423823321"}
{"cmd":"node -e \"require('child_process').execSync('ls /bin/sh').toString()\"","level":"info","message":"执行命令","service":"nas-bot","timestamp":"2026-05-24 06:10:33"}
{"args":"状态","command":"股票","level":"info","message":"收到指令","service":"nas-bot","timestamp":"2026-05-24 06:10:33","userId":"6423823321"}
{"args":"","command":"/start","level":"info","message":"收到指令","service":"nas-bot","timestamp":"2026-05-24 06:10:33","userId":"6423823321"}
{"args":"容器","command":"系统","level":"info","message":"收到指令","service":"nas-bot","timestamp":"2026-05-24 06:10:33","userId":"6423823321"}
{"level":"info","message":"获取容器列表","service":"nas-bot","timestamp":"2026-05-24 06:10:33"}
{"args":"状态","command":"股票","level":"info","message":"收到指令","service":"nas-bot","timestamp":"2026-05-24 06:10:33","userId":"6423823321"}
{"args":"开启","command":"股票","level":"info","message":"收到指令","service":"nas-bot","timestamp":"2026-05-24 06:10:33","userId":"6423823321"}
{"args":"链接","command":"股票","level":"info","message":"收到指令","service":"nas-bot","timestamp":"2026-05-24 06:10:33","userId":"6423823321"}
{"args":"检测","command":"股票","level":"info","message":"收到指令","service":"nas-bot","timestamp":"2026-05-24 06:10:33","userId":"6423823321"}
{"args":"状态","command":"系统","level":"info","message":"收到指令","service":"nas-bot","timestamp":"2026-05-24 06:10:33","userId":"6423823321"}
{"count":10,"level":"warn","message":"触发限流","service":"nas-bot","timestamp":"2026-05-24 06:10:33","userId":"6423823321"}
{"args":"关闭","command":"ai","level":"info","message":"收到指令","service":"nas-bot","timestamp":"2026-05-24 06:10:33","userId":"6423823321"}
{"count":10,"level":"warn","message":"触发限流","service":"nas-bot","timestamp":"2026-05-24 06:10:33","userId":"6423823321"}
{"args":"状态","command":"系统","level":"info","message":"收到指令","service":"nas-bot","timestamp":"2026-05-24 06:10:33","userId":"6423823321"}
{"count":10,"level":"warn","message":"触发限流","service":"nas-bot","timestamp":"2026-05-24 06:10:33","userId":"6423823321"}
{"args":"状态","command":"系统","level":"info","message":"收到指令","service":"nas-bot","timestamp":"2026-05-24 06:10:33","userId":"6423823321"}
{"count":10,"level":"warn","message":"触发限流","service":"nas-bot","timestamp":"2026-05-24 06:10:33","userId":"6423823321"}
{"args":"状态","command":"股票","level":"info","message":"收到指令","service":"nas-bot","timestamp":"2026-05-24 06:10:33","userId":"6423823321"}
{"count":10,"level":"warn","message":"触发限流","service":"nas-bot","timestamp":"2026-05-24 06:10:33","userId":"6423823321"}
{"args":"","command":"帮助","level":"info","message":"收到指令","service":"nas-bot","timestamp":"2026-05-24 06:10:33","userId":"6423823321"}
{"count":10,"level":"warn","message":"触发限流","service":"nas-bot","timestamp":"2026-05-24 06:10:33","userId":"6423823321"}
{"args":"","command":"股票状态","level":"info","message":"收到指令","service":"nas-bot","timestamp":"2026-05-24 06:10:33","userId":"6423823321"}
{"count":10,"level":"warn","message":"触发限流","service":"nas-bot","timestamp":"2026-05-24 06:10:33","userId":"6423823321"}
{"args":"","command":"帮助","level":"info","message":"收到指令","service":"nas-bot","timestamp":"2026-05-24 06:10:33","userId":"6423823321"}
{"count":10,"level":"warn","message":"触发限流","service":"nas-bot","timestamp":"2026-05-24 06:10:33","userId":"6423823321"}
{"args":"docker restart nas-bot","command":"exec","level":"info","message":"收到指令","service":"nas-bot","timestamp":"2026-05-24 06:10:33","userId":"6423823321"}
{"count":10,"level":"warn","message":"触发限流","service":"nas-bot","timestamp":"2026-05-24 06:10:33","userId":"6423823321"}
{"args":"状态","command":"股票","level":"info","message":"收到指令","service":"nas-bot","timestamp":"2026-05-24 06:10:33","userId":"6423823321"}
{"count":10,"level":"warn","message":"触发限流","service":"nas-bot","timestamp":"2026-05-24 06:10:33","userId":"6423823321"}
{"args":"状态","command":"股票","level":"info","message":"收到指令","service":"nas-bot","timestamp":"2026-05-24 06:10:33","userId":"6423823321"}
{"count":10,"level":"warn","message":"触发限流","service":"nas-bot","timestamp":"2026-05-24 06:10:33","userId":"6423823321"}
{"args":"状态","command":"股票","level":"info","message":"收到指令","service":"nas-bot","timestamp":"2026-05-24 06:10:33","userId":"6423823321"}
{"count":10,"level":"warn","message":"触发限流","service":"nas-bot","timestamp":"2026-05-24 06:10:33","userId":"6423823321"}
{"args":"状态","command":"股票","level":"info","message":"收到指令","service":"nas-bot","timestamp":"2026-05-24 06:10:33","userId":"6423823321"}
{"count":10,"level":"warn","message":"触发限流","service":"nas-bot","timestamp":"2026-05-24 06:10:33","userId":"6423823321"}
{"args":"检测","command":"股票","level":"info","message":"收到指令","service":"nas-bot","timestamp":"2026-05-24 06:10:33","userId":"6423823321"}
{"count":10,"level":"warn","message":"触发限流","service":"nas-bot","timestamp":"2026-05-24 06:10:33","userId":"6423823321"}
{"args":"状态","command":"股票","level":"info","message":"收到指令","service":"nas-bot","timestamp":"2026-05-24 06:10:33","userId":"6423823321"}
{"count":10,"level":"warn","message":"触发限流","service":"nas-bot","timestamp":"2026-05-24 06:10:33","userId":"6423823321"}
{"level":"info","message":"IOC容器构建完成","service":"nas-bot","timestamp":"2026-05-24 06:10:35"}
{"alertInterval":"每5分钟","level":"info","message":"定时调度器启动","service":"nas-bot","summaryTime":"15:35","timestamp":"2026-05-24 06:10:35"}
{"level":"info","message":"Bot启动","service":"nas-bot","timestamp":"2026-05-24 06:10:35"}
{"level":"info","message":"NAS Bot 已启动 🚀","service":"nas-bot","timestamp":"2026-05-24 06:10:35"}
{"error":"","level":"error","message":"Telegram请求失败","method":"getUpdates","service":"nas-bot","timestamp":"2026-05-24 06:10:35"}
{"error":"","level":"error","message":"Telegram请求失败","method":"getUpdates","service":"nas-bot","timestamp":"2026-05-24 06:10:37"}
{"error":"","level":"error","message":"Telegram请求失败","method":"getUpdates","service":"nas-bot","timestamp":"2026-05-24 06:10:38"}
{"args":"docker restart nas-bot","command":"exec","level":"info","message":"收到指令","service":"nas-bot","timestamp":"2026-05-24 06:10:40","userId":"6423823321"}
{"level":"info","message":"IOC容器构建完成","service":"nas-bot","timestamp":"2026-05-24 06:10:51"}
{"alertInterval":"每5分钟","level":"info","message":"定时调度器启动","service":"nas-bot","summaryTime":"15:35","timestamp":"2026-05-24 06:10:51"}
{"level":"info","message":"Bot启动","service":"nas-bot","timestamp":"2026-05-24 06:10:51"}
{"level":"info","message":"NAS Bot 已启动 🚀","service":"nas-bot","timestamp":"2026-05-24 06:10:51"}
{"args":"docker restart nas-bot","command":"exec","level":"info","message":"收到指令","service":"nas-bot","timestamp":"2026-05-24 06:10:52","userId":"6423823321"}
{"level":"info","message":"IOC容器构建完成","service":"nas-bot","timestamp":"2026-05-24 06:11:03"}
{"alertInterval":"每5分钟","level":"info","message":"定时调度器启动","service":"nas-bot","summaryTime":"15:35","timestamp":"2026-05-24 06:11:03"}
{"level":"info","message":"Bot启动","service":"nas-bot","timestamp":"2026-05-24 06:11:03"}
{"level":"info","message":"NAS Bot 已启动 🚀","service":"nas-bot","timestamp":"2026-05-24 06:11:04"}
{"args":"docker restart nas-bot","command":"exec","level":"info","message":"收到指令","service":"nas-bot","timestamp":"2026-05-24 06:11:04","userId":"6423823321"}
{"level":"info","message":"IOC容器构建完成","service":"nas-bot","timestamp":"2026-05-24 06:11:16"}
{"alertInterval":"每5分钟","level":"info","message":"定时调度器启动","service":"nas-bot","summaryTime":"15:35","timestamp":"2026-05-24 06:11:16"}
{"level":"info","message":"Bot启动","service":"nas-bot","timestamp":"2026-05-24 06:11:16"}
{"level":"info","message":"NAS Bot 已启动 🚀","service":"nas-bot","timestamp":"2026-05-24 06:11:16"}
{"error":"","level":"error","message":"Telegram请求失败","method":"getUpdates","service":"nas-bot","timestamp":"2026-05-24 06:11:16"}
{"error":"","level":"error","message":"Telegram请求失败","method":"getUpdates","service":"nas-bot","timestamp":"2026-05-24 06:11:17"}
{"error":"","level":"error","message":"Telegram请求失败","method":"getUpdates","service":"nas-bot","timestamp":"2026-05-24 06:11:19"}
{"error":"","level":"error","message":"Telegram请求失败","method":"getUpdates","service":"nas-bot","timestamp":"2026-05-24 06:11:20"}
{"error":"","level":"error","message":"Telegram请求失败","method":"getUpdates","service":"nas-bot","timestamp":"2026-05-24 06:11:21"}
{"args":"docker restart nas-bot","command":"exec","level":"info","message":"收到指令","service":"nas-bot","timestamp":"2026-05-24 06:11:23","userId":"6423823321"}
{"level":"info","message":"IOC容器构建完成","service":"nas-bot","timestamp":"2026-05-24 06:11:35"}
{"alertInterval":"每5分钟","level":"info","message":"定时调度器启动","service":"nas-bot","summaryTime":"15:35","timestamp":"2026-05-24 06:11:35"}
{"level":"info","message":"Bot启动","service":"nas-bot","timestamp":"2026-05-24 06:11:35"}
{"level":"info","message":"NAS Bot 已启动 🚀","service":"nas-bot","timestamp":"2026-05-24 06:11:35"}
{"error":"","level":"error","message":"Telegram请求失败","method":"getUpdates","service":"nas-bot","timestamp":"2026-05-24 06:11:35"}
{"error":"","level":"error","message":"Telegram请求失败","method":"getUpdates","service":"nas-bot","timestamp":"2026-05-24 06:11:36"}
{"args":"docker restart nas-bot","command":"exec","level":"info","message":"收到指令","service":"nas-bot","timestamp":"2026-05-24 06:11:38","userId":"6423823321"}
{"level":"info","message":"IOC容器构建完成","service":"nas-bot","timestamp":"2026-05-24 06:11:50"}
{"alertInterval":"每5分钟","level":"info","message":"定时调度器启动","service":"nas-bot","summaryTime":"15:35","timestamp":"2026-05-24 06:11:50"}
{"level":"info","message":"Bot启动","service":"nas-bot","timestamp":"2026-05-24 06:11:50"}
{"level":"info","message":"NAS Bot 已启动 🚀","service":"nas-bot","timestamp":"2026-05-24 06:11:50"}
{"error":"","level":"error","message":"Telegram请求失败","method":"getUpdates","service":"nas-bot","timestamp":"2026-05-24 06:11:50"}
{"args":"docker restart nas-bot","command":"exec","level":"info","message":"收到指令","service":"nas-bot","timestamp":"2026-05-24 06:11:52","userId":"6423823321"}
{"level":"info","message":"IOC容器构建完成","service":"nas-bot","timestamp":"2026-05-24 06:12:03"}
{"alertInterval":"每5分钟","level":"info","message":"定时调度器启动","service":"nas-bot","summaryTime":"15:35","timestamp":"2026-05-24 06:12:03"}
{"level":"info","message":"Bot启动","service":"nas-bot","timestamp":"2026-05-24 06:12:03"}
{"level":"info","message":"NAS Bot 已启动 🚀","service":"nas-bot","timestamp":"2026-05-24 06:12:03"}
{"error":"","level":"error","message":"Telegram请求失败","method":"getUpdates","service":"nas-bot","timestamp":"2026-05-24 06:12:04"}
{"error":"","level":"error","message":"Telegram请求失败","method":"getUpdates","service":"nas-bot","timestamp":"2026-05-24 06:12:05"}
{"error":"","level":"error","message":"Telegram请求失败","method":"getUpdates","service":"nas-bot","timestamp":"2026-05-24 06:12:06"}
{"args":"docker restart nas-bot","command":"exec","level":"info","message":"收到指令","service":"nas-bot","timestamp":"2026-05-24 06:12:08","userId":"6423823321"}
{"level":"info","message":"IOC容器构建完成","service":"nas-bot","timestamp":"2026-05-24 06:12:19"}
{"alertInterval":"每5分钟","level":"info","message":"定时调度器启动","service":"nas-bot","summaryTime":"15:35","timestamp":"2026-05-24 06:12:19"}
{"level":"info","message":"Bot启动","service":"nas-bot","timestamp":"2026-05-24 06:12:19"}
{"level":"info","message":"NAS Bot 已启动 🚀","service":"nas-bot","timestamp":"2026-05-24 06:12:19"}
{"args":"docker restart nas-bot","command":"exec","level":"info","message":"收到指令","service":"nas-bot","timestamp":"2026-05-24 06:12:20","userId":"6423823321"}
{"level":"info","message":"IOC容器构建完成","service":"nas-bot","timestamp":"2026-05-24 06:12:32"}
{"alertInterval":"每5分钟","level":"info","message":"定时调度器启动","service":"nas-bot","summaryTime":"15:35","timestamp":"2026-05-24 06:12:32"}
{"level":"info","message":"Bot启动","service":"nas-bot","timestamp":"2026-05-24 06:12:32"}
{"level":"info","message":"NAS Bot 已启动 🚀","service":"nas-bot","timestamp":"2026-05-24 06:12:32"}
{"args":"docker restart nas-bot","command":"exec","level":"info","message":"收到指令","service":"nas-bot","timestamp":"2026-05-24 06:12:33","userId":"6423823321"}
{"level":"info","message":"IOC容器构建完成","service":"nas-bot","timestamp":"2026-05-24 06:12:44"}
{"alertInterval":"每5分钟","level":"info","message":"定时调度器启动","service":"nas-bot","summaryTime":"15:35","timestamp":"2026-05-24 06:12:44"}
{"level":"info","message":"Bot启动","service":"nas-bot","timestamp":"2026-05-24 06:12:44"}
{"level":"info","message":"NAS Bot 已启动 🚀","service":"nas-bot","timestamp":"2026-05-24 06:12:44"}
{"args":"docker restart nas-bot","command":"exec","level":"info","message":"收到指令","service":"nas-bot","timestamp":"2026-05-24 06:12:45","userId":"6423823321"}
{"level":"info","message":"IOC容器构建完成","service":"nas-bot","timestamp":"2026-05-24 06:12:57"}
{"alertInterval":"每5分钟","level":"info","message":"定时调度器启动","service":"nas-bot","summaryTime":"15:35","timestamp":"2026-05-24 06:12:57"}
{"level":"info","message":"Bot启动","service":"nas-bot","timestamp":"2026-05-24 06:12:57"}
{"level":"info","message":"NAS Bot 已启动 🚀","service":"nas-bot","timestamp":"2026-05-24 06:12:57"}
{"args":"docker restart nas-bot","command":"exec","level":"info","message":"收到指令","service":"nas-bot","timestamp":"2026-05-24 06:12:58","userId":"6423823321"}
{"level":"info","message":"IOC容器构建完成","service":"nas-bot","timestamp":"2026-05-24 06:13:09"}
{"alertInterval":"每5分钟","level":"info","message":"定时调度器启动","service":"nas-bot","summaryTime":"15:35","timestamp":"2026-05-24 06:13:09"}
{"level":"info","message":"Bot启动","service":"nas-bot","timestamp":"2026-05-24 06:13:09"}
{"level":"info","message":"NAS Bot 已启动 🚀","service":"nas-bot","timestamp":"2026-05-24 06:13:09"}
{"error":"","level":"error","message":"Telegram请求失败","method":"getUpdates","service":"nas-bot","timestamp":"2026-05-24 06:13:09"}
{"error":"","level":"error","message":"Telegram请求失败","method":"getUpdates","service":"nas-bot","timestamp":"2026-05-24 06:13:11"}
{"error":"","level":"error","message":"Telegram请求失败","method":"getUpdates","service":"nas-bot","timestamp":"2026-05-24 06:13:12"}
{"error":"","level":"error","message":"Telegram请求失败","method":"getUpdates","service":"nas-bot","timestamp":"2026-05-24 06:13:13"}
{"error":"","level":"error","message":"Telegram请求失败","method":"getUpdates","service":"nas-bot","timestamp":"2026-05-24 06:13:14"}
{"args":"docker restart nas-bot","command":"exec","level":"info","message":"收到指令","service":"nas-bot","timestamp":"2026-05-24 06:13:16","userId":"6423823321"}
{"level":"info","message":"IOC容器构建完成","service":"nas-bot","timestamp":"2026-05-24 06:13:28"}
{"alertInterval":"每5分钟","level":"info","message":"定时调度器启动","service":"nas-bot","summaryTime":"15:35","timestamp":"2026-05-24 06:13:28"}
{"level":"info","message":"Bot启动","service":"nas-bot","timestamp":"2026-05-24 06:13:28"}
{"level":"info","message":"NAS Bot 已启动 🚀","service":"nas-bot","timestamp":"2026-05-24 06:13:28"}
{"error":"","level":"error","message":"Telegram请求失败","method":"getUpdates","service":"nas-bot","timestamp":"2026-05-24 06:13:28"}
{"error":"","level":"error","message":"Telegram请求失败","method":"getUpdates","service":"nas-bot","timestamp":"2026-05-24 06:13:29"}
{"error":"","level":"error","message":"Telegram请求失败","method":"getUpdates","service":"nas-bot","timestamp":"2026-05-24 06:13:31"}
{"error":"","level":"error","message":"Telegram请求失败","method":"getUpdates","service":"nas-bot","timestamp":"2026-05-24 06:13:32"}
{"error":"","level":"error","message":"Telegram请求失败","method":"getUpdates","service":"nas-bot","timestamp":"2026-05-24 06:13:33"}
{"args":"docker restart nas-bot","command":"exec","level":"info","message":"收到指令","service":"nas-bot","timestamp":"2026-05-24 06:13:35","userId":"6423823321"}
{"level":"info","message":"IOC容器构建完成","service":"nas-bot","timestamp":"2026-05-24 06:13:46"}
{"alertInterval":"每5分钟","level":"info","message":"定时调度器启动","service":"nas-bot","summaryTime":"15:35","timestamp":"2026-05-24 06:13:46"}
{"level":"info","message":"Bot启动","service":"nas-bot","timestamp":"2026-05-24 06:13:46"}
{"level":"info","message":"NAS Bot 已启动 🚀","service":"nas-bot","timestamp":"2026-05-24 06:13:46"}
{"error":"","level":"error","message":"Telegram请求失败","method":"getUpdates","service":"nas-bot","timestamp":"2026-05-24 06:13:47"}
{"args":"docker restart nas-bot","command":"exec","level":"info","message":"收到指令","service":"nas-bot","timestamp":"2026-05-24 06:13:49","userId":"6423823321"}
{"level":"info","message":"IOC容器构建完成","service":"nas-bot","timestamp":"2026-05-24 06:14:00"}
{"alertInterval":"每5分钟","level":"info","message":"定时调度器启动","service":"nas-bot","summaryTime":"15:35","timestamp":"2026-05-24 06:14:00"}
{"level":"info","message":"Bot启动","service":"nas-bot","timestamp":"2026-05-24 06:14:00"}
{"level":"info","message":"NAS Bot 已启动 🚀","service":"nas-bot","timestamp":"2026-05-24 06:14:00"}
{"error":"","level":"error","message":"Telegram请求失败","method":"getUpdates","service":"nas-bot","timestamp":"2026-05-24 06:14:00"}
{"error":"","level":"error","message":"Telegram请求失败","method":"getUpdates","service":"nas-bot","timestamp":"2026-05-24 06:14:02"}
{"error":"","level":"error","message":"Telegram请求失败","method":"getUpdates","service":"nas-bot","timestamp":"2026-05-24 06:14:03"}
{"error":"","level":"error","message":"Telegram请求失败","method":"getUpdates","service":"nas-bot","timestamp":"2026-05-24 06:14:04"}
{"args":"docker restart nas-bot","command":"exec","level":"info","message":"收到指令","service":"nas-bot","timestamp":"2026-05-24 06:14:06","userId":"6423823321"}
{"cmd":"docker restart nas-bot","level":"info","message":"执行命令","service":"nas-bot","timestamp":"2026-05-24 06:14:06"}
{"cmd":"docker restart nas-bot","error":"spawnSync /bin/sh ETIMEDOUT","level":"error","message":"Docker命令执行失败","service":"nas-bot","timestamp":"2026-05-24 06:14:16"}
{"args":"ls /bin/","command":"exec","level":"info","message":"收到指令","service":"nas-bot","timestamp":"2026-05-24 06:14:16","userId":"6423823321"}
{"cmd":"ls /bin/","level":"info","message":"执行命令","service":"nas-bot","timestamp":"2026-05-24 06:14:16"}
{"args":"node -e \"require('child_process').execSync('ls /bin/sh').toString()\"","command":"exec","level":"info","message":"收到指令","service":"nas-bot","timestamp":"2026-05-24 06:14:16","userId":"6423823321"}
{"cmd":"node -e \"require('child_process').execSync('ls /bin/sh').toString()\"","level":"info","message":"执行命令","service":"nas-bot","timestamp":"2026-05-24 06:14:16"}
{"args":"状态","command":"股票","level":"info","message":"收到指令","service":"nas-bot","timestamp":"2026-05-24 06:14:16","userId":"6423823321"}
{"args":"","command":"/start","level":"info","message":"收到指令","service":"nas-bot","timestamp":"2026-05-24 06:14:16","userId":"6423823321"}
{"args":"容器","command":"系统","level":"info","message":"收到指令","service":"nas-bot","timestamp":"2026-05-24 06:14:16","userId":"6423823321"}
{"level":"info","message":"获取容器列表","service":"nas-bot","timestamp":"2026-05-24 06:14:16"}
{"args":"状态","command":"股票","level":"info","message":"收到指令","service":"nas-bot","timestamp":"2026-05-24 06:14:16","userId":"6423823321"}
{"args":"开启","command":"股票","level":"info","message":"收到指令","service":"nas-bot","timestamp":"2026-05-24 06:14:16","userId":"6423823321"}
{"args":"链接","command":"股票","level":"info","message":"收到指令","service":"nas-bot","timestamp":"2026-05-24 06:14:16","userId":"6423823321"}
{"args":"检测","command":"股票","level":"info","message":"收到指令","service":"nas-bot","timestamp":"2026-05-24 06:14:16","userId":"6423823321"}
{"args":"状态","command":"系统","level":"info","message":"收到指令","service":"nas-bot","timestamp":"2026-05-24 06:14:16","userId":"6423823321"}
{"count":10,"level":"warn","message":"触发限流","service":"nas-bot","timestamp":"2026-05-24 06:14:16","userId":"6423823321"}
{"args":"关闭","command":"ai","level":"info","message":"收到指令","service":"nas-bot","timestamp":"2026-05-24 06:14:16","userId":"6423823321"}
{"count":10,"level":"warn","message":"触发限流","service":"nas-bot","timestamp":"2026-05-24 06:14:16","userId":"6423823321"}
{"args":"状态","command":"系统","level":"info","message":"收到指令","service":"nas-bot","timestamp":"2026-05-24 06:14:16","userId":"6423823321"}
{"count":10,"level":"warn","message":"触发限流","service":"nas-bot","timestamp":"2026-05-24 06:14:16","userId":"6423823321"}
{"args":"状态","command":"系统","level":"info","message":"收到指令","service":"nas-bot","timestamp":"2026-05-24 06:14:16","userId":"6423823321"}
{"count":10,"level":"warn","message":"触发限流","service":"nas-bot","timestamp":"2026-05-24 06:14:16","userId":"6423823321"}
{"args":"状态","command":"股票","level":"info","message":"收到指令","service":"nas-bot","timestamp":"2026-05-24 06:14:16","userId":"6423823321"}
{"count":10,"level":"warn","message":"触发限流","service":"nas-bot","timestamp":"2026-05-24 06:14:16","userId":"6423823321"}
{"args":"","command":"帮助","level":"info","message":"收到指令","service":"nas-bot","timestamp":"2026-05-24 06:14:16","userId":"6423823321"}
{"count":10,"level":"warn","message":"触发限流","service":"nas-bot","timestamp":"2026-05-24 06:14:16","userId":"6423823321"}
{"args":"","command":"股票状态","level":"info","message":"收到指令","service":"nas-bot","timestamp":"2026-05-24 06:14:16","userId":"6423823321"}
{"count":10,"level":"warn","message":"触发限流","service":"nas-bot","timestamp":"2026-05-24 06:14:16","userId":"6423823321"}
{"args":"","command":"帮助","level":"info","message":"收到指令","service":"nas-bot","timestamp":"2026-05-24 06:14:16","userId":"6423823321"}
{"count":10,"level":"warn","message":"触发限流","service":"nas-bot","timestamp":"2026-05-24 06:14:16","userId":"6423823321"}
{"args":"docker restart nas-bot","command":"exec","level":"info","message":"收到指令","service":"nas-bot","timestamp":"2026-05-24 06:14:16","userId":"6423823321"}
{"count":10,"level":"warn","message":"触发限流","service":"nas-bot","timestamp":"2026-05-24 06:14:16","userId":"6423823321"}
{"args":"状态","command":"股票","level":"info","message":"收到指令","service":"nas-bot","timestamp":"2026-05-24 06:14:16","userId":"6423823321"}
{"count":10,"level":"warn","message":"触发限流","service":"nas-bot","timestamp":"2026-05-24 06:14:16","userId":"6423823321"}
{"args":"状态","command":"股票","level":"info","message":"收到指令","service":"nas-bot","timestamp":"2026-05-24 06:14:16","userId":"6423823321"}
{"count":10,"level":"warn","message":"触发限流","service":"nas-bot","timestamp":"2026-05-24 06:14:16","userId":"6423823321"}
{"args":"状态","command":"股票","level":"info","message":"收到指令","service":"nas-bot","timestamp":"2026-05-24 06:14:16","userId":"6423823321"}
{"count":10,"level":"warn","message":"触发限流","service":"nas-bot","timestamp":"2026-05-24 06:14:16","userId":"6423823321"}
{"args":"状态","command":"股票","level":"info","message":"收到指令","service":"nas-bot","timestamp":"2026-05-24 06:14:16","userId":"6423823321"}
{"count":10,"level":"warn","message":"触发限流","service":"nas-bot","timestamp":"2026-05-24 06:14:16","userId":"6423823321"}
{"args":"检测","command":"股票","level":"info","message":"收到指令","service":"nas-bot","timestamp":"2026-05-24 06:14:16","userId":"6423823321"}
{"count":10,"level":"warn","message":"触发限流","service":"nas-bot","timestamp":"2026-05-24 06:14:16","userId":"6423823321"}
{"args":"状态","command":"股票","level":"info","message":"收到指令","service":"nas-bot","timestamp":"2026-05-24 06:14:16","userId":"6423823321"}
{"count":10,"level":"warn","message":"触发限流","service":"nas-bot","timestamp":"2026-05-24 06:14:16","userId":"6423823321"}
{"level":"info","message":"IOC容器构建完成","service":"nas-bot","timestamp":"2026-05-24 06:14:18"}
{"alertInterval":"每5分钟","level":"info","message":"定时调度器启动","service":"nas-bot","summaryTime":"15:35","timestamp":"2026-05-24 06:14:18"}
{"level":"info","message":"Bot启动","service":"nas-bot","timestamp":"2026-05-24 06:14:18"}
{"level":"info","message":"NAS Bot 已启动 🚀","service":"nas-bot","timestamp":"2026-05-24 06:14:18"}
{"error":"","level":"error","message":"Telegram请求失败","method":"getUpdates","service":"nas-bot","timestamp":"2026-05-24 06:14:18"}
{"error":"","level":"error","message":"Telegram请求失败","method":"getUpdates","service":"nas-bot","timestamp":"2026-05-24 06:14:19"}
{"error":"","level":"error","message":"Telegram请求失败","method":"getUpdates","service":"nas-bot","timestamp":"2026-05-24 06:14:20"}
{"error":"","level":"error","message":"Telegram请求失败","method":"getUpdates","service":"nas-bot","timestamp":"2026-05-24 06:14:22"}
{"error":"","level":"error","message":"Telegram请求失败","method":"getUpdates","service":"nas-bot","timestamp":"2026-05-24 06:14:23"}
{"error":"","level":"error","message":"Telegram请求失败","method":"getUpdates","service":"nas-bot","timestamp":"2026-05-24 06:14:24"}
{"args":"docker restart nas-bot","command":"exec","level":"info","message":"收到指令","service":"nas-bot","timestamp":"2026-05-24 06:14:26","userId":"6423823321"}
{"cmd":"docker restart nas-bot","level":"info","message":"执行命令","service":"nas-bot","timestamp":"2026-05-24 06:14:26"}
{"cmd":"docker restart nas-bot","error":"spawnSync /bin/sh ETIMEDOUT","level":"error","message":"Docker命令执行失败","service":"nas-bot","timestamp":"2026-05-24 06:14:36"}
{"args":"ls /bin/","command":"exec","level":"info","message":"收到指令","service":"nas-bot","timestamp":"2026-05-24 06:14:36","userId":"6423823321"}
{"cmd":"ls /bin/","level":"info","message":"执行命令","service":"nas-bot","timestamp":"2026-05-24 06:14:36"}
{"args":"node -e \"require('child_process').execSync('ls /bin/sh').toString()\"","command":"exec","level":"info","message":"收到指令","service":"nas-bot","timestamp":"2026-05-24 06:14:36","userId":"6423823321"}
{"cmd":"node -e \"require('child_process').execSync('ls /bin/sh').toString()\"","level":"info","message":"执行命令","service":"nas-bot","timestamp":"2026-05-24 06:14:36"}
{"args":"状态","command":"股票","level":"info","message":"收到指令","service":"nas-bot","timestamp":"2026-05-24 06:14:36","userId":"6423823321"}
{"args":"","command":"/start","level":"info","message":"收到指令","service":"nas-bot","timestamp":"2026-05-24 06:14:36","userId":"6423823321"}
{"args":"容器","command":"系统","level":"info","message":"收到指令","service":"nas-bot","timestamp":"2026-05-24 06:14:36","userId":"6423823321"}
{"level":"info","message":"获取容器列表","service":"nas-bot","timestamp":"2026-05-24 06:14:36"}
{"args":"状态","command":"股票","level":"info","message":"收到指令","service":"nas-bot","timestamp":"2026-05-24 06:14:36","userId":"6423823321"}
{"args":"开启","command":"股票","level":"info","message":"收到指令","service":"nas-bot","timestamp":"2026-05-24 06:14:36","userId":"6423823321"}
{"args":"链接","command":"股票","level":"info","message":"收到指令","service":"nas-bot","timestamp":"2026-05-24 06:14:36","userId":"6423823321"}
{"args":"检测","command":"股票","level":"info","message":"收到指令","service":"nas-bot","timestamp":"2026-05-24 06:14:36","userId":"6423823321"}
{"args":"状态","command":"系统","level":"info","message":"收到指令","service":"nas-bot","timestamp":"2026-05-24 06:14:36","userId":"6423823321"}
{"count":10,"level":"warn","message":"触发限流","service":"nas-bot","timestamp":"2026-05-24 06:14:36","userId":"6423823321"}
{"args":"关闭","command":"ai","level":"info","message":"收到指令","service":"nas-bot","timestamp":"2026-05-24 06:14:36","userId":"6423823321"}
{"count":10,"level":"warn","message":"触发限流","service":"nas-bot","timestamp":"2026-05-24 06:14:36","userId":"6423823321"}
{"args":"状态","command":"系统","level":"info","message":"收到指令","service":"nas-bot","timestamp":"2026-05-24 06:14:36","userId":"6423823321"}
{"count":10,"level":"warn","message":"触发限流","service":"nas-bot","timestamp":"2026-05-24 06:14:36","userId":"6423823321"}
{"args":"状态","command":"系统","level":"info","message":"收到指令","service":"nas-bot","timestamp":"2026-05-24 06:14:36","userId":"6423823321"}
{"count":10,"level":"warn","message":"触发限流","service":"nas-bot","timestamp":"2026-05-24 06:14:36","userId":"6423823321"}
{"args":"状态","command":"股票","level":"info","message":"收到指令","service":"nas-bot","timestamp":"2026-05-24 06:14:36","userId":"6423823321"}
{"count":10,"level":"warn","message":"触发限流","service":"nas-bot","timestamp":"2026-05-24 06:14:36","userId":"6423823321"}
{"args":"","command":"帮助","level":"info","message":"收到指令","service":"nas-bot","timestamp":"2026-05-24 06:14:36","userId":"6423823321"}
{"count":10,"level":"warn","message":"触发限流","service":"nas-bot","timestamp":"2026-05-24 06:14:36","userId":"6423823321"}
{"args":"","command":"股票状态","level":"info","message":"收到指令","service":"nas-bot","timestamp":"2026-05-24 06:14:36","userId":"6423823321"}
{"count":10,"level":"warn","message":"触发限流","service":"nas-bot","timestamp":"2026-05-24 06:14:36","userId":"6423823321"}
{"args":"","command":"帮助","level":"info","message":"收到指令","service":"nas-bot","timestamp":"2026-05-24 06:14:36","userId":"6423823321"}
{"count":10,"level":"warn","message":"触发限流","service":"nas-bot","timestamp":"2026-05-24 06:14:36","userId":"6423823321"}
{"args":"docker restart nas-bot","command":"exec","level":"info","message":"收到指令","service":"nas-bot","timestamp":"2026-05-24 06:14:36","userId":"6423823321"}
{"count":10,"level":"warn","message":"触发限流","service":"nas-bot","timestamp":"2026-05-24 06:14:36","userId":"6423823321"}
{"args":"状态","command":"股票","level":"info","message":"收到指令","service":"nas-bot","timestamp":"2026-05-24 06:14:36","userId":"6423823321"}
{"count":10,"level":"warn","message":"触发限流","service":"nas-bot","timestamp":"2026-05-24 06:14:36","userId":"6423823321"}
{"args":"状态","command":"股票","level":"info","message":"收到指令","service":"nas-bot","timestamp":"2026-05-24 06:14:36","userId":"6423823321"}
{"count":10,"level":"warn","message":"触发限流","service":"nas-bot","timestamp":"2026-05-24 06:14:36","userId":"6423823321"}
{"args":"状态","command":"股票","level":"info","message":"收到指令","service":"nas-bot","timestamp":"2026-05-24 06:14:36","userId":"6423823321"}
{"count":10,"level":"warn","message":"触发限流","service":"nas-bot","timestamp":"2026-05-24 06:14:36","userId":"6423823321"}
{"args":"状态","command":"股票","level":"info","message":"收到指令","service":"nas-bot","timestamp":"2026-05-24 06:14:36","userId":"6423823321"}
{"count":10,"level":"warn","message":"触发限流","service":"nas-bot","timestamp":"2026-05-24 06:14:36","userId":"6423823321"}
{"args":"检测","command":"股票","level":"info","message":"收到指令","service":"nas-bot","timestamp":"2026-05-24 06:14:36","userId":"6423823321"}
{"count":10,"level":"warn","message":"触发限流","service":"nas-bot","timestamp":"2026-05-24 06:14:36","userId":"6423823321"}
{"args":"状态","command":"股票","level":"info","message":"收到指令","service":"nas-bot","timestamp":"2026-05-24 06:14:36","userId":"6423823321"}
{"count":10,"level":"warn","message":"触发限流","service":"nas-bot","timestamp":"2026-05-24 06:14:36","userId":"6423823321"}
{"level":"info","message":"IOC容器构建完成","service":"nas-bot","timestamp":"2026-05-24 06:14:38"}
{"alertInterval":"每5分钟","level":"info","message":"定时调度器启动","service":"nas-bot","summaryTime":"15:35","timestamp":"2026-05-24 06:14:38"}
{"level":"info","message":"Bot启动","service":"nas-bot","timestamp":"2026-05-24 06:14:38"}
{"level":"info","message":"NAS Bot 已启动 🚀","service":"nas-bot","timestamp":"2026-05-24 06:14:38"}
{"args":"docker restart nas-bot","command":"exec","level":"info","message":"收到指令","service":"nas-bot","timestamp":"2026-05-24 06:14:39","userId":"6423823321"}
{"level":"info","message":"IOC容器构建完成","service":"nas-bot","timestamp":"2026-05-24 06:14:50"}
{"alertInterval":"每5分钟","level":"info","message":"定时调度器启动","service":"nas-bot","summaryTime":"15:35","timestamp":"2026-05-24 06:14:50"}
{"level":"info","message":"Bot启动","service":"nas-bot","timestamp":"2026-05-24 06:14:50"}
{"level":"info","message":"NAS Bot 已启动 🚀","service":"nas-bot","timestamp":"2026-05-24 06:14:50"}
{"args":"docker restart nas-bot","command":"exec","level":"info","message":"收到指令","service":"nas-bot","timestamp":"2026-05-24 06:14:51","userId":"6423823321"}
{"level":"info","message":"IOC容器构建完成","service":"nas-bot","timestamp":"2026-05-24 06:15:02"}
{"alertInterval":"每5分钟","level":"info","message":"定时调度器启动","service":"nas-bot","summaryTime":"15:35","timestamp":"2026-05-24 06:15:02"}
{"level":"info","message":"Bot启动","service":"nas-bot","timestamp":"2026-05-24 06:15:02"}
{"level":"info","message":"NAS Bot 已启动 🚀","service":"nas-bot","timestamp":"2026-05-24 06:15:03"}
{"error":"","level":"error","message":"Telegram请求失败","method":"getUpdates","service":"nas-bot","timestamp":"2026-05-24 06:15:03"}
{"error":"","level":"error","message":"Telegram请求失败","method":"getUpdates","service":"nas-bot","timestamp":"2026-05-24 06:15:04"}
{"error":"","level":"error","message":"Telegram请求失败","method":"getUpdates","service":"nas-bot","timestamp":"2026-05-24 06:15:05"}
{"error":"","level":"error","message":"Telegram请求失败","method":"getUpdates","service":"nas-bot","timestamp":"2026-05-24 06:15:07"}
{"error":"","level":"error","message":"Telegram请求失败","method":"getUpdates","service":"nas-bot","timestamp":"2026-05-24 06:15:08"}
{"args":"docker restart nas-bot","command":"exec","level":"info","message":"收到指令","service":"nas-bot","timestamp":"2026-05-24 06:15:10","userId":"6423823321"}
{"level":"info","message":"IOC容器构建完成","service":"nas-bot","timestamp":"2026-05-24 06:15:21"}
{"alertInterval":"每5分钟","level":"info","message":"定时调度器启动","service":"nas-bot","summaryTime":"15:35","timestamp":"2026-05-24 06:15:21"}
{"level":"info","message":"Bot启动","service":"nas-bot","timestamp":"2026-05-24 06:15:21"}
{"level":"info","message":"NAS Bot 已启动 🚀","service":"nas-bot","timestamp":"2026-05-24 06:15:21"}
{"error":"","level":"error","message":"Telegram请求失败","method":"getUpdates","service":"nas-bot","timestamp":"2026-05-24 06:15:21"}
{"args":"docker restart nas-bot","command":"exec","level":"info","message":"收到指令","service":"nas-bot","timestamp":"2026-05-24 06:15:23","userId":"6423823321"}
{"cmd":"docker restart nas-bot","level":"info","message":"执行命令","service":"nas-bot","timestamp":"2026-05-24 06:15:23"}
{"cmd":"docker restart nas-bot","error":"spawnSync /bin/sh ETIMEDOUT","level":"error","message":"Docker命令执行失败","service":"nas-bot","timestamp":"2026-05-24 06:15:33"}
{"args":"ls /bin/","command":"exec","level":"info","message":"收到指令","service":"nas-bot","timestamp":"2026-05-24 06:15:33","userId":"6423823321"}
{"cmd":"ls /bin/","level":"info","message":"执行命令","service":"nas-bot","timestamp":"2026-05-24 06:15:33"}
{"args":"node -e \"require('child_process').execSync('ls /bin/sh').toString()\"","command":"exec","level":"info","message":"收到指令","service":"nas-bot","timestamp":"2026-05-24 06:15:33","userId":"6423823321"}
{"cmd":"node -e \"require('child_process').execSync('ls /bin/sh').toString()\"","level":"info","message":"执行命令","service":"nas-bot","timestamp":"2026-05-24 06:15:33"}
{"args":"状态","command":"股票","level":"info","message":"收到指令","service":"nas-bot","timestamp":"2026-05-24 06:15:33","userId":"6423823321"}
{"args":"","command":"/start","level":"info","message":"收到指令","service":"nas-bot","timestamp":"2026-05-24 06:15:33","userId":"6423823321"}
{"args":"容器","command":"系统","level":"info","message":"收到指令","service":"nas-bot","timestamp":"2026-05-24 06:15:33","userId":"6423823321"}
{"level":"info","message":"获取容器列表","service":"nas-bot","timestamp":"2026-05-24 06:15:33"}
{"args":"状态","command":"股票","level":"info","message":"收到指令","service":"nas-bot","timestamp":"2026-05-24 06:15:33","userId":"6423823321"}
{"args":"开启","command":"股票","level":"info","message":"收到指令","service":"nas-bot","timestamp":"2026-05-24 06:15:33","userId":"6423823321"}
{"args":"链接","command":"股票","level":"info","message":"收到指令","service":"nas-bot","timestamp":"2026-05-24 06:15:33","userId":"6423823321"}
{"args":"检测","command":"股票","level":"info","message":"收到指令","service":"nas-bot","timestamp":"2026-05-24 06:15:34","userId":"6423823321"}
{"args":"状态","command":"系统","level":"info","message":"收到指令","service":"nas-bot","timestamp":"2026-05-24 06:15:34","userId":"6423823321"}
{"count":10,"level":"warn","message":"触发限流","service":"nas-bot","timestamp":"2026-05-24 06:15:34","userId":"6423823321"}
{"args":"关闭","command":"ai","level":"info","message":"收到指令","service":"nas-bot","timestamp":"2026-05-24 06:15:34","userId":"6423823321"}
{"count":10,"level":"warn","message":"触发限流","service":"nas-bot","timestamp":"2026-05-24 06:15:34","userId":"6423823321"}
{"args":"状态","command":"系统","level":"info","message":"收到指令","service":"nas-bot","timestamp":"2026-05-24 06:15:34","userId":"6423823321"}
{"count":10,"level":"warn","message":"触发限流","service":"nas-bot","timestamp":"2026-05-24 06:15:34","userId":"6423823321"}
{"args":"状态","command":"系统","level":"info","message":"收到指令","service":"nas-bot","timestamp":"2026-05-24 06:15:34","userId":"6423823321"}
{"count":10,"level":"warn","message":"触发限流","service":"nas-bot","timestamp":"2026-05-24 06:15:34","userId":"6423823321"}
{"args":"状态","command":"股票","level":"info","message":"收到指令","service":"nas-bot","timestamp":"2026-05-24 06:15:34","userId":"6423823321"}
{"count":10,"level":"warn","message":"触发限流","service":"nas-bot","timestamp":"2026-05-24 06:15:34","userId":"6423823321"}
{"args":"","command":"帮助","level":"info","message":"收到指令","service":"nas-bot","timestamp":"2026-05-24 06:15:34","userId":"6423823321"}
{"count":10,"level":"warn","message":"触发限流","service":"nas-bot","timestamp":"2026-05-24 06:15:34","userId":"6423823321"}
{"args":"","command":"股票状态","level":"info","message":"收到指令","service":"nas-bot","timestamp":"2026-05-24 06:15:34","userId":"6423823321"}
{"count":10,"level":"warn","message":"触发限流","service":"nas-bot","timestamp":"2026-05-24 06:15:34","userId":"6423823321"}
{"args":"","command":"帮助","level":"info","message":"收到指令","service":"nas-bot","timestamp":"2026-05-24 06:15:34","userId":"6423823321"}
{"count":10,"level":"warn","message":"触发限流","service":"nas-bot","timestamp":"2026-05-24 06:15:34","userId":"6423823321"}
{"args":"docker restart nas-bot","command":"exec","level":"info","message":"收到指令","service":"nas-bot","timestamp":"2026-05-24 06:15:34","userId":"6423823321"}
{"count":10,"level":"warn","message":"触发限流","service":"nas-bot","timestamp":"2026-05-24 06:15:34","userId":"6423823321"}
{"args":"状态","command":"股票","level":"info","message":"收到指令","service":"nas-bot","timestamp":"2026-05-24 06:15:34","userId":"6423823321"}
{"count":10,"level":"warn","message":"触发限流","service":"nas-bot","timestamp":"2026-05-24 06:15:34","userId":"6423823321"}
{"args":"状态","command":"股票","level":"info","message":"收到指令","service":"nas-bot","timestamp":"2026-05-24 06:15:34","userId":"6423823321"}
{"count":10,"level":"warn","message":"触发限流","service":"nas-bot","timestamp":"2026-05-24 06:15:34","userId":"6423823321"}
{"args":"状态","command":"股票","level":"info","message":"收到指令","service":"nas-bot","timestamp":"2026-05-24 06:15:34","userId":"6423823321"}
{"count":10,"level":"warn","message":"触发限流","service":"nas-bot","timestamp":"2026-05-24 06:15:34","userId":"6423823321"}
{"args":"状态","command":"股票","level":"info","message":"收到指令","service":"nas-bot","timestamp":"2026-05-24 06:15:34","userId":"6423823321"}
{"count":10,"level":"warn","message":"触发限流","service":"nas-bot","timestamp":"2026-05-24 06:15:34","userId":"6423823321"}
{"args":"检测","command":"股票","level":"info","message":"收到指令","service":"nas-bot","timestamp":"2026-05-24 06:15:34","userId":"6423823321"}
{"count":10,"level":"warn","message":"触发限流","service":"nas-bot","timestamp":"2026-05-24 06:15:34","userId":"6423823321"}
{"args":"状态","command":"股票","level":"info","message":"收到指令","service":"nas-bot","timestamp":"2026-05-24 06:15:34","userId":"6423823321"}
{"count":10,"level":"warn","message":"触发限流","service":"nas-bot","timestamp":"2026-05-24 06:15:34","userId":"6423823321"}
{"level":"info","message":"IOC容器构建完成","service":"nas-bot","timestamp":"2026-05-24 06:15:35"}
{"alertInterval":"每5分钟","level":"info","message":"定时调度器启动","service":"nas-bot","summaryTime":"15:35","timestamp":"2026-05-24 06:15:35"}
{"level":"info","message":"Bot启动","service":"nas-bot","timestamp":"2026-05-24 06:15:35"}
{"level":"info","message":"NAS Bot 已启动 🚀","service":"nas-bot","timestamp":"2026-05-24 06:15:35"}
{"args":"docker restart nas-bot","command":"exec","level":"info","message":"收到指令","service":"nas-bot","timestamp":"2026-05-24 06:15:36","userId":"6423823321"}
{"level":"info","message":"IOC容器构建完成","service":"nas-bot","timestamp":"2026-05-24 06:15:47"}
{"alertInterval":"每5分钟","level":"info","message":"定时调度器启动","service":"nas-bot","summaryTime":"15:35","timestamp":"2026-05-24 06:15:47"}
{"level":"info","message":"Bot启动","service":"nas-bot","timestamp":"2026-05-24 06:15:47"}
{"level":"info","message":"NAS Bot 已启动 🚀","service":"nas-bot","timestamp":"2026-05-24 06:15:47"}
{"error":"","level":"error","message":"Telegram请求失败","method":"getUpdates","service":"nas-bot","timestamp":"2026-05-24 06:15:48"}
{"error":"","level":"error","message":"Telegram请求失败","method":"getUpdates","service":"nas-bot","timestamp":"2026-05-24 06:15:49"}
{"error":"","level":"error","message":"Telegram请求失败","method":"getUpdates","service":"nas-bot","timestamp":"2026-05-24 06:15:50"}
{"error":"","level":"error","message":"Telegram请求失败","method":"getUpdates","service":"nas-bot","timestamp":"2026-05-24 06:15:51"}
{"args":"docker restart nas-bot","command":"exec","level":"info","message":"收到指令","service":"nas-bot","timestamp":"2026-05-24 06:15:53","userId":"6423823321"}
{"level":"info","message":"IOC容器构建完成","service":"nas-bot","timestamp":"2026-05-24 06:16:05"}
{"alertInterval":"每5分钟","level":"info","message":"定时调度器启动","service":"nas-bot","summaryTime":"15:35","timestamp":"2026-05-24 06:16:05"}
{"level":"info","message":"Bot启动","service":"nas-bot","timestamp":"2026-05-24 06:16:05"}
{"level":"info","message":"NAS Bot 已启动 🚀","service":"nas-bot","timestamp":"2026-05-24 06:16:05"}
{"error":"","level":"error","message":"Telegram请求失败","method":"getUpdates","service":"nas-bot","timestamp":"2026-05-24 06:16:05"}
{"error":"","level":"error","message":"Telegram请求失败","method":"getUpdates","service":"nas-bot","timestamp":"2026-05-24 06:16:06"}
{"error":"","level":"error","message":"Telegram请求失败","method":"getUpdates","service":"nas-bot","timestamp":"2026-05-24 06:16:08"}
{"error":"","level":"error","message":"Telegram请求失败","method":"getUpdates","service":"nas-bot","timestamp":"2026-05-24 06:16:09"}
{"error":"","level":"error","message":"Telegram请求失败","method":"getUpdates","service":"nas-bot","timestamp":"2026-05-24 06:16:10"}
{"args":"docker restart nas-bot","command":"exec","level":"info","message":"收到指令","service":"nas-bot","timestamp":"2026-05-24 06:16:12","userId":"6423823321"}
{"level":"info","message":"IOC容器构建完成","service":"nas-bot","timestamp":"2026-05-24 06:16:23"}
{"alertInterval":"每5分钟","level":"info","message":"定时调度器启动","service":"nas-bot","summaryTime":"15:35","timestamp":"2026-05-24 06:16:23"}
{"level":"info","message":"Bot启动","service":"nas-bot","timestamp":"2026-05-24 06:16:23"}
{"level":"info","message":"NAS Bot 已启动 🚀","service":"nas-bot","timestamp":"2026-05-24 06:16:24"}
{"args":"docker restart nas-bot","command":"exec","level":"info","message":"收到指令","service":"nas-bot","timestamp":"2026-05-24 06:16:24","userId":"6423823321"}
{"level":"info","message":"IOC容器构建完成","service":"nas-bot","timestamp":"2026-05-24 06:16:36"}
{"alertInterval":"每5分钟","level":"info","message":"定时调度器启动","service":"nas-bot","summaryTime":"15:35","timestamp":"2026-05-24 06:16:36"}
{"level":"info","message":"Bot启动","service":"nas-bot","timestamp":"2026-05-24 06:16:36"}
{"level":"info","message":"NAS Bot 已启动 🚀","service":"nas-bot","timestamp":"2026-05-24 06:16:36"}
{"args":"docker restart nas-bot","command":"exec","level":"info","message":"收到指令","service":"nas-bot","timestamp":"2026-05-24 06:16:37","userId":"6423823321"}
{"level":"info","message":"IOC容器构建完成","service":"nas-bot","timestamp":"2026-05-24 06:16:48"}
{"alertInterval":"每5分钟","level":"info","message":"定时调度器启动","service":"nas-bot","summaryTime":"15:35","timestamp":"2026-05-24 06:16:48"}
{"level":"info","message":"Bot启动","service":"nas-bot","timestamp":"2026-05-24 06:16:48"}
{"level":"info","message":"NAS Bot 已启动 🚀","service":"nas-bot","timestamp":"2026-05-24 06:16:48"}
{"error":"","level":"error","message":"Telegram请求失败","method":"getUpdates","service":"nas-bot","timestamp":"2026-05-24 06:16:49"}
{"args":"docker restart nas-bot","command":"exec","level":"info","message":"收到指令","service":"nas-bot","timestamp":"2026-05-24 06:16:50","userId":"6423823321"}
{"level":"info","message":"IOC容器构建完成","service":"nas-bot","timestamp":"2026-05-24 06:17:02"}
{"alertInterval":"每5分钟","level":"info","message":"定时调度器启动","service":"nas-bot","summaryTime":"15:35","timestamp":"2026-05-24 06:17:02"}
{"level":"info","message":"Bot启动","service":"nas-bot","timestamp":"2026-05-24 06:17:02"}
{"level":"info","message":"NAS Bot 已启动 🚀","service":"nas-bot","timestamp":"2026-05-24 06:17:02"}
{"error":"","level":"error","message":"Telegram请求失败","method":"getUpdates","service":"nas-bot","timestamp":"2026-05-24 06:17:02"}
{"error":"","level":"error","message":"Telegram请求失败","method":"getUpdates","service":"nas-bot","timestamp":"2026-05-24 06:17:04"}
{"args":"docker restart nas-bot","command":"exec","level":"info","message":"收到指令","service":"nas-bot","timestamp":"2026-05-24 06:17:05","userId":"6423823321"}
{"level":"info","message":"IOC容器构建完成","service":"nas-bot","timestamp":"2026-05-24 06:17:17"}
{"alertInterval":"每5分钟","level":"info","message":"定时调度器启动","service":"nas-bot","summaryTime":"15:35","timestamp":"2026-05-24 06:17:17"}
{"level":"info","message":"Bot启动","service":"nas-bot","timestamp":"2026-05-24 06:17:17"}
{"level":"info","message":"NAS Bot 已启动 🚀","service":"nas-bot","timestamp":"2026-05-24 06:17:17"}
{"error":"","level":"error","message":"Telegram请求失败","method":"getUpdates","service":"nas-bot","timestamp":"2026-05-24 06:17:17"}
{"args":"docker restart nas-bot","command":"exec","level":"info","message":"收到指令","service":"nas-bot","timestamp":"2026-05-24 06:17:19","userId":"6423823321"}
{"level":"info","message":"IOC容器构建完成","service":"nas-bot","timestamp":"2026-05-24 06:17:31"}
{"alertInterval":"每5分钟","level":"info","message":"定时调度器启动","service":"nas-bot","summaryTime":"15:35","timestamp":"2026-05-24 06:17:31"}
{"level":"info","message":"Bot启动","service":"nas-bot","timestamp":"2026-05-24 06:17:31"}
{"level":"info","message":"NAS Bot 已启动 🚀","service":"nas-bot","timestamp":"2026-05-24 06:17:31"}
{"error":"","level":"error","message":"Telegram请求失败","method":"getUpdates","service":"nas-bot","timestamp":"2026-05-24 06:17:31"}
{"error":"","level":"error","message":"Telegram请求失败","method":"getUpdates","service":"nas-bot","timestamp":"2026-05-24 06:17:32"}
{"args":"docker restart nas-bot","command":"exec","level":"info","message":"收到指令","service":"nas-bot","timestamp":"2026-05-24 06:17:34","userId":"6423823321"}
{"level":"info","message":"IOC容器构建完成","service":"nas-bot","timestamp":"2026-05-24 06:17:46"}
{"alertInterval":"每5分钟","level":"info","message":"定时调度器启动","service":"nas-bot","summaryTime":"15:35","timestamp":"2026-05-24 06:17:46"}
{"level":"info","message":"Bot启动","service":"nas-bot","timestamp":"2026-05-24 06:17:46"}
{"level":"info","message":"NAS Bot 已启动 🚀","service":"nas-bot","timestamp":"2026-05-24 06:17:46"}
{"error":"","level":"error","message":"Telegram请求失败","method":"getUpdates","service":"nas-bot","timestamp":"2026-05-24 06:17:46"}
{"error":"","level":"error","message":"Telegram请求失败","method":"getUpdates","service":"nas-bot","timestamp":"2026-05-24 06:17:47"}
{"error":"","level":"error","message":"Telegram请求失败","method":"getUpdates","service":"nas-bot","timestamp":"2026-05-24 06:17:49"}
{"error":"","level":"error","message":"Telegram请求失败","method":"getUpdates","service":"nas-bot","timestamp":"2026-05-24 06:17:50"}
{"error":"","level":"error","message":"Telegram请求失败","method":"getUpdates","service":"nas-bot","timestamp":"2026-05-24 06:17:51"}
{"args":"docker restart nas-bot","command":"exec","level":"info","message":"收到指令","service":"nas-bot","timestamp":"2026-05-24 06:17:53","userId":"6423823321"}
{"level":"info","message":"IOC容器构建完成","service":"nas-bot","timestamp":"2026-05-24 06:18:04"}
{"alertInterval":"每5分钟","level":"info","message":"定时调度器启动","service":"nas-bot","summaryTime":"15:35","timestamp":"2026-05-24 06:18:04"}
{"level":"info","message":"Bot启动","service":"nas-bot","timestamp":"2026-05-24 06:18:04"}
{"level":"info","message":"NAS Bot 已启动 🚀","service":"nas-bot","timestamp":"2026-05-24 06:18:05"}
{"error":"","level":"error","message":"Telegram请求失败","method":"getUpdates","service":"nas-bot","timestamp":"2026-05-24 06:18:05"}
{"error":"","level":"error","message":"Telegram请求失败","method":"getUpdates","service":"nas-bot","timestamp":"2026-05-24 06:18:06"}
{"error":"","level":"error","message":"Telegram请求失败","method":"getUpdates","service":"nas-bot","timestamp":"2026-05-24 06:18:07"}
{"error":"","level":"error","message":"Telegram请求失败","method":"getUpdates","service":"nas-bot","timestamp":"2026-05-24 06:18:09"}
{"error":"","level":"error","message":"Telegram请求失败","method":"getUpdates","service":"nas-bot","timestamp":"2026-05-24 06:18:10"}
{"args":"docker restart nas-bot","command":"exec","level":"info","message":"收到指令","service":"nas-bot","timestamp":"2026-05-24 06:18:12","userId":"6423823321"}
{"cmd":"docker restart nas-bot","level":"info","message":"执行命令","service":"nas-bot","timestamp":"2026-05-24 06:18:12"}
{"cmd":"docker restart nas-bot","error":"spawnSync /bin/sh ETIMEDOUT","level":"error","message":"Docker命令执行失败","service":"nas-bot","timestamp":"2026-05-24 06:18:22"}
{"args":"ls /bin/","command":"exec","level":"info","message":"收到指令","service":"nas-bot","timestamp":"2026-05-24 06:18:22","userId":"6423823321"}
{"cmd":"ls /bin/","level":"info","message":"执行命令","service":"nas-bot","timestamp":"2026-05-24 06:18:22"}
{"args":"node -e \"require('child_process').execSync('ls /bin/sh').toString()\"","command":"exec","level":"info","message":"收到指令","service":"nas-bot","timestamp":"2026-05-24 06:18:22","userId":"6423823321"}
{"cmd":"node -e \"require('child_process').execSync('ls /bin/sh').toString()\"","level":"info","message":"执行命令","service":"nas-bot","timestamp":"2026-05-24 06:18:22"}
{"args":"状态","command":"股票","level":"info","message":"收到指令","service":"nas-bot","timestamp":"2026-05-24 06:18:22","userId":"6423823321"}
{"args":"","command":"/start","level":"info","message":"收到指令","service":"nas-bot","timestamp":"2026-05-24 06:18:22","userId":"6423823321"}
{"args":"容器","command":"系统","level":"info","message":"收到指令","service":"nas-bot","timestamp":"2026-05-24 06:18:22","userId":"6423823321"}
{"level":"info","message":"获取容器列表","service":"nas-bot","timestamp":"2026-05-24 06:18:22"}
{"args":"状态","command":"股票","level":"info","message":"收到指令","service":"nas-bot","timestamp":"2026-05-24 06:18:22","userId":"6423823321"}
{"args":"开启","command":"股票","level":"info","message":"收到指令","service":"nas-bot","timestamp":"2026-05-24 06:18:22","userId":"6423823321"}
{"args":"链接","command":"股票","level":"info","message":"收到指令","service":"nas-bot","timestamp":"2026-05-24 06:18:22","userId":"6423823321"}
{"args":"检测","command":"股票","level":"info","message":"收到指令","service":"nas-bot","timestamp":"2026-05-24 06:18:22","userId":"6423823321"}
{"args":"状态","command":"系统","level":"info","message":"收到指令","service":"nas-bot","timestamp":"2026-05-24 06:18:22","userId":"6423823321"}
{"count":10,"level":"warn","message":"触发限流","service":"nas-bot","timestamp":"2026-05-24 06:18:22","userId":"6423823321"}
{"args":"关闭","command":"ai","level":"info","message":"收到指令","service":"nas-bot","timestamp":"2026-05-24 06:18:22","userId":"6423823321"}
{"count":10,"level":"warn","message":"触发限流","service":"nas-bot","timestamp":"2026-05-24 06:18:22","userId":"6423823321"}
{"args":"状态","command":"系统","level":"info","message":"收到指令","service":"nas-bot","timestamp":"2026-05-24 06:18:22","userId":"6423823321"}
{"count":10,"level":"warn","message":"触发限流","service":"nas-bot","timestamp":"2026-05-24 06:18:22","userId":"6423823321"}
{"args":"状态","command":"系统","level":"info","message":"收到指令","service":"nas-bot","timestamp":"2026-05-24 06:18:22","userId":"6423823321"}
{"count":10,"level":"warn","message":"触发限流","service":"nas-bot","timestamp":"2026-05-24 06:18:22","userId":"6423823321"}
{"args":"状态","command":"股票","level":"info","message":"收到指令","service":"nas-bot","timestamp":"2026-05-24 06:18:22","userId":"6423823321"}
{"count":10,"level":"warn","message":"触发限流","service":"nas-bot","timestamp":"2026-05-24 06:18:22","userId":"6423823321"}
{"args":"","command":"帮助","level":"info","message":"收到指令","service":"nas-bot","timestamp":"2026-05-24 06:18:22","userId":"6423823321"}
{"count":10,"level":"warn","message":"触发限流","service":"nas-bot","timestamp":"2026-05-24 06:18:22","userId":"6423823321"}
{"args":"","command":"股票状态","level":"info","message":"收到指令","service":"nas-bot","timestamp":"2026-05-24 06:18:22","userId":"6423823321"}
{"count":10,"level":"warn","message":"触发限流","service":"nas-bot","timestamp":"2026-05-24 06:18:22","userId":"6423823321"}
{"args":"","command":"帮助","level":"info","message":"收到指令","service":"nas-bot","timestamp":"2026-05-24 06:18:22","userId":"6423823321"}
{"count":10,"level":"warn","message":"触发限流","service":"nas-bot","timestamp":"2026-05-24 06:18:22","userId":"6423823321"}
{"args":"docker restart nas-bot","command":"exec","level":"info","message":"收到指令","service":"nas-bot","timestamp":"2026-05-24 06:18:22","userId":"6423823321"}
{"count":10,"level":"warn","message":"触发限流","service":"nas-bot","timestamp":"2026-05-24 06:18:22","userId":"6423823321"}
{"args":"状态","command":"股票","level":"info","message":"收到指令","service":"nas-bot","timestamp":"2026-05-24 06:18:22","userId":"6423823321"}
{"count":10,"level":"warn","message":"触发限流","service":"nas-bot","timestamp":"2026-05-24 06:18:22","userId":"6423823321"}
{"args":"状态","command":"股票","level":"info","message":"收到指令","service":"nas-bot","timestamp":"2026-05-24 06:18:22","userId":"6423823321"}
{"count":10,"level":"warn","message":"触发限流","service":"nas-bot","timestamp":"2026-05-24 06:18:22","userId":"6423823321"}
{"args":"状态","command":"股票","level":"info","message":"收到指令","service":"nas-bot","timestamp":"2026-05-24 06:18:22","userId":"6423823321"}
{"count":10,"level":"warn","message":"触发限流","service":"nas-bot","timestamp":"2026-05-24 06:18:22","userId":"6423823321"}
{"args":"状态","command":"股票","level":"info","message":"收到指令","service":"nas-bot","timestamp":"2026-05-24 06:18:22","userId":"6423823321"}
{"count":10,"level":"warn","message":"触发限流","service":"nas-bot","timestamp":"2026-05-24 06:18:22","userId":"6423823321"}
{"args":"检测","command":"股票","level":"info","message":"收到指令","service":"nas-bot","timestamp":"2026-05-24 06:18:22","userId":"6423823321"}
{"count":10,"level":"warn","message":"触发限流","service":"nas-bot","timestamp":"2026-05-24 06:18:22","userId":"6423823321"}
{"args":"状态","command":"股票","level":"info","message":"收到指令","service":"nas-bot","timestamp":"2026-05-24 06:18:22","userId":"6423823321"}
{"count":10,"level":"warn","message":"触发限流","service":"nas-bot","timestamp":"2026-05-24 06:18:22","userId":"6423823321"}
{"level":"info","message":"IOC容器构建完成","service":"nas-bot","timestamp":"2026-05-24 06:18:23"}
{"alertInterval":"每5分钟","level":"info","message":"定时调度器启动","service":"nas-bot","summaryTime":"15:35","timestamp":"2026-05-24 06:18:23"}
{"level":"info","message":"Bot启动","service":"nas-bot","timestamp":"2026-05-24 06:18:23"}
{"level":"info","message":"NAS Bot 已启动 🚀","service":"nas-bot","timestamp":"2026-05-24 06:18:23"}
{"args":"docker restart nas-bot","command":"exec","level":"info","message":"收到指令","service":"nas-bot","timestamp":"2026-05-24 06:18:24","userId":"6423823321"}
{"level":"info","message":"IOC容器构建完成","service":"nas-bot","timestamp":"2026-05-24 06:18:29"}
{"alertInterval":"每5分钟","level":"info","message":"定时调度器启动","service":"nas-bot","summaryTime":"15:35","timestamp":"2026-05-24 06:18:29"}
{"level":"info","message":"Bot启动","service":"nas-bot","timestamp":"2026-05-24 06:18:29"}
{"level":"info","message":"NAS Bot 已启动 🚀","service":"nas-bot","timestamp":"2026-05-24 06:18:29"}
{"error":"","level":"error","message":"Telegram请求失败","method":"getUpdates","service":"nas-bot","timestamp":"2026-05-24 06:18:30"}
{"error":"","level":"error","message":"Telegram请求失败","method":"getUpdates","service":"nas-bot","timestamp":"2026-05-24 06:18:31"}
{"error":"","level":"error","message":"Telegram请求失败","method":"getUpdates","service":"nas-bot","timestamp":"2026-05-24 06:18:32"}
{"error":"","level":"error","message":"Telegram请求失败","method":"getUpdates","service":"nas-bot","timestamp":"2026-05-24 06:18:33"}
{"error":"","level":"error","message":"Telegram请求失败","method":"getUpdates","service":"nas-bot","timestamp":"2026-05-24 06:18:35"}
{"error":"","level":"error","message":"Telegram请求失败","method":"getUpdates","service":"nas-bot","timestamp":"2026-05-24 06:18:36"}
{"error":"","level":"error","message":"Telegram请求失败","method":"getUpdates","service":"nas-bot","timestamp":"2026-05-24 06:18:37"}
{"error":"","level":"error","message":"Telegram请求失败","method":"getUpdates","service":"nas-bot","timestamp":"2026-05-24 06:18:38"}
{"error":"","level":"error","message":"Telegram请求失败","method":"getUpdates","service":"nas-bot","timestamp":"2026-05-24 06:18:40"}
{"error":"","level":"error","message":"Telegram请求失败","method":"getUpdates","service":"nas-bot","timestamp":"2026-05-24 06:18:41"}
{"error":"","level":"error","message":"Telegram请求失败","method":"getUpdates","service":"nas-bot","timestamp":"2026-05-24 06:18:42"}
{"error":"","level":"error","message":"Telegram请求失败","method":"getUpdates","service":"nas-bot","timestamp":"2026-05-24 06:18:43"}
{"error":"","level":"error","message":"Telegram请求失败","method":"getUpdates","service":"nas-bot","timestamp":"2026-05-24 06:18:45"}
{"error":"","level":"error","message":"Telegram请求失败","method":"getUpdates","service":"nas-bot","timestamp":"2026-05-24 06:18:46"}
{"error":"","level":"error","message":"Telegram请求失败","method":"getUpdates","service":"nas-bot","timestamp":"2026-05-24 06:18:47"}
{"error":"","level":"error","message":"Telegram请求失败","method":"getUpdates","service":"nas-bot","timestamp":"2026-05-24 06:18:48"}
{"error":"","level":"error","message":"Telegram请求失败","method":"getUpdates","service":"nas-bot","timestamp":"2026-05-24 06:18:50"}
{"error":"","level":"error","message":"Telegram请求失败","method":"getUpdates","service":"nas-bot","timestamp":"2026-05-24 06:18:51"}
{"error":"","level":"error","message":"Telegram请求失败","method":"getUpdates","service":"nas-bot","timestamp":"2026-05-24 06:18:52"}
{"args":"docker restart nas-bot","command":"exec","level":"info","message":"收到指令","service":"nas-bot","timestamp":"2026-05-24 06:18:54","userId":"6423823321"}
{"level":"info","message":"IOC容器构建完成","service":"nas-bot","timestamp":"2026-05-24 06:19:06"}
{"alertInterval":"每5分钟","level":"info","message":"定时调度器启动","service":"nas-bot","summaryTime":"15:35","timestamp":"2026-05-24 06:19:06"}
{"level":"info","message":"Bot启动","service":"nas-bot","timestamp":"2026-05-24 06:19:06"}
{"level":"info","message":"NAS Bot 已启动 🚀","service":"nas-bot","timestamp":"2026-05-24 06:19:06"}
{"error":"","level":"error","message":"Telegram请求失败","method":"getUpdates","service":"nas-bot","timestamp":"2026-05-24 06:19:06"}
{"args":"docker restart nas-bot","command":"exec","level":"info","message":"收到指令","service":"nas-bot","timestamp":"2026-05-24 06:19:08","userId":"6423823321"}
{"cmd":"docker restart nas-bot","level":"info","message":"执行命令","service":"nas-bot","timestamp":"2026-05-24 06:19:08"}
{"cmd":"docker restart nas-bot","error":"spawnSync /bin/sh ETIMEDOUT","level":"error","message":"Docker命令执行失败","service":"nas-bot","timestamp":"2026-05-24 06:19:18"}
{"args":"ls /bin/","command":"exec","level":"info","message":"收到指令","service":"nas-bot","timestamp":"2026-05-24 06:19:18","userId":"6423823321"}
{"cmd":"ls /bin/","level":"info","message":"执行命令","service":"nas-bot","timestamp":"2026-05-24 06:19:18"}
{"args":"node -e \"require('child_process').execSync('ls /bin/sh').toString()\"","command":"exec","level":"info","message":"收到指令","service":"nas-bot","timestamp":"2026-05-24 06:19:18","userId":"6423823321"}
{"cmd":"node -e \"require('child_process').execSync('ls /bin/sh').toString()\"","level":"info","message":"执行命令","service":"nas-bot","timestamp":"2026-05-24 06:19:18"}
{"args":"状态","command":"股票","level":"info","message":"收到指令","service":"nas-bot","timestamp":"2026-05-24 06:19:18","userId":"6423823321"}
{"args":"","command":"/start","level":"info","message":"收到指令","service":"nas-bot","timestamp":"2026-05-24 06:19:18","userId":"6423823321"}
{"args":"容器","command":"系统","level":"info","message":"收到指令","service":"nas-bot","timestamp":"2026-05-24 06:19:18","userId":"6423823321"}
{"level":"info","message":"获取容器列表","service":"nas-bot","timestamp":"2026-05-24 06:19:18"}
{"args":"状态","command":"股票","level":"info","message":"收到指令","service":"nas-bot","timestamp":"2026-05-24 06:19:18","userId":"6423823321"}
{"args":"开启","command":"股票","level":"info","message":"收到指令","service":"nas-bot","timestamp":"2026-05-24 06:19:18","userId":"6423823321"}
{"args":"链接","command":"股票","level":"info","message":"收到指令","service":"nas-bot","timestamp":"2026-05-24 06:19:18","userId":"6423823321"}
{"args":"检测","command":"股票","level":"info","message":"收到指令","service":"nas-bot","timestamp":"2026-05-24 06:19:18","userId":"6423823321"}
{"args":"状态","command":"系统","level":"info","message":"收到指令","service":"nas-bot","timestamp":"2026-05-24 06:19:18","userId":"6423823321"}
{"count":10,"level":"warn","message":"触发限流","service":"nas-bot","timestamp":"2026-05-24 06:19:18","userId":"6423823321"}
{"args":"关闭","command":"ai","level":"info","message":"收到指令","service":"nas-bot","timestamp":"2026-05-24 06:19:18","userId":"6423823321"}
{"count":10,"level":"warn","message":"触发限流","service":"nas-bot","timestamp":"2026-05-24 06:19:18","userId":"6423823321"}
{"args":"状态","command":"系统","level":"info","message":"收到指令","service":"nas-bot","timestamp":"2026-05-24 06:19:18","userId":"6423823321"}
{"count":10,"level":"warn","message":"触发限流","service":"nas-bot","timestamp":"2026-05-24 06:19:18","userId":"6423823321"}
{"args":"状态","command":"系统","level":"info","message":"收到指令","service":"nas-bot","timestamp":"2026-05-24 06:19:18","userId":"6423823321"}
{"count":10,"level":"warn","message":"触发限流","service":"nas-bot","timestamp":"2026-05-24 06:19:18","userId":"6423823321"}
{"args":"状态","command":"股票","level":"info","message":"收到指令","service":"nas-bot","timestamp":"2026-05-24 06:19:18","userId":"6423823321"}
{"count":10,"level":"warn","message":"触发限流","service":"nas-bot","timestamp":"2026-05-24 06:19:18","userId":"6423823321"}
{"args":"","command":"帮助","level":"info","message":"收到指令","service":"nas-bot","timestamp":"2026-05-24 06:19:18","userId":"6423823321"}
{"count":10,"level":"warn","message":"触发限流","service":"nas-bot","timestamp":"2026-05-24 06:19:18","userId":"6423823321"}
{"args":"","command":"股票状态","level":"info","message":"收到指令","service":"nas-bot","timestamp":"2026-05-24 06:19:18","userId":"6423823321"}
{"count":10,"level":"warn","message":"触发限流","service":"nas-bot","timestamp":"2026-05-24 06:19:18","userId":"6423823321"}
{"args":"","command":"帮助","level":"info","message":"收到指令","service":"nas-bot","timestamp":"2026-05-24 06:19:18","userId":"6423823321"}
{"count":10,"level":"warn","message":"触发限流","service":"nas-bot","timestamp":"2026-05-24 06:19:18","userId":"6423823321"}
{"args":"docker restart nas-bot","command":"exec","level":"info","message":"收到指令","service":"nas-bot","timestamp":"2026-05-24 06:19:18","userId":"6423823321"}
{"count":10,"level":"warn","message":"触发限流","service":"nas-bot","timestamp":"2026-05-24 06:19:18","userId":"6423823321"}
{"args":"状态","command":"股票","level":"info","message":"收到指令","service":"nas-bot","timestamp":"2026-05-24 06:19:18","userId":"6423823321"}
{"count":10,"level":"warn","message":"触发限流","service":"nas-bot","timestamp":"2026-05-24 06:19:18","userId":"6423823321"}
{"args":"状态","command":"股票","level":"info","message":"收到指令","service":"nas-bot","timestamp":"2026-05-24 06:19:18","userId":"6423823321"}
{"count":10,"level":"warn","message":"触发限流","service":"nas-bot","timestamp":"2026-05-24 06:19:18","userId":"6423823321"}
{"args":"状态","command":"股票","level":"info","message":"收到指令","service":"nas-bot","timestamp":"2026-05-24 06:19:18","userId":"6423823321"}
{"count":10,"level":"warn","message":"触发限流","service":"nas-bot","timestamp":"2026-05-24 06:19:18","userId":"6423823321"}
{"args":"状态","command":"股票","level":"info","message":"收到指令","service":"nas-bot","timestamp":"2026-05-24 06:19:18","userId":"6423823321"}
{"count":10,"level":"warn","message":"触发限流","service":"nas-bot","timestamp":"2026-05-24 06:19:18","userId":"6423823321"}
{"args":"检测","command":"股票","level":"info","message":"收到指令","service":"nas-bot","timestamp":"2026-05-24 06:19:18","userId":"6423823321"}
{"count":10,"level":"warn","message":"触发限流","service":"nas-bot","timestamp":"2026-05-24 06:19:18","userId":"6423823321"}
{"args":"状态","command":"股票","level":"info","message":"收到指令","service":"nas-bot","timestamp":"2026-05-24 06:19:18","userId":"6423823321"}
{"count":10,"level":"warn","message":"触发限流","service":"nas-bot","timestamp":"2026-05-24 06:19:18","userId":"6423823321"}
{"args":"简报","command":"股票","level":"info","message":"收到指令","service":"nas-bot","timestamp":"2026-05-24 06:19:18","userId":"6423823321"}
{"count":10,"level":"warn","message":"触发限流","service":"nas-bot","timestamp":"2026-05-24 06:19:18","userId":"6423823321"}
{"args":"今日","command":"天气","level":"info","message":"收到指令","service":"nas-bot","timestamp":"2026-05-24 06:19:18","userId":"6423823321"}
{"count":10,"level":"warn","message":"触发限流","service":"nas-bot","timestamp":"2026-05-24 06:19:18","userId":"6423823321"}
{"level":"info","message":"IOC容器构建完成","service":"nas-bot","timestamp":"2026-05-24 06:19:23"}
{"alertInterval":"每5分钟","level":"info","message":"定时调度器启动","service":"nas-bot","summaryTime":"15:35","timestamp":"2026-05-24 06:19:23"}
{"level":"info","message":"Bot启动","service":"nas-bot","timestamp":"2026-05-24 06:19:23"}
{"level":"info","message":"NAS Bot 已启动 🚀","service":"nas-bot","timestamp":"2026-05-24 06:19:23"}
{"error":"","level":"error","message":"Telegram请求失败","method":"getUpdates","service":"nas-bot","timestamp":"2026-05-24 06:19:23"}
{"error":"","level":"error","message":"Telegram请求失败","method":"getUpdates","service":"nas-bot","timestamp":"2026-05-24 06:19:25"}
{"error":"","level":"error","message":"Telegram请求失败","method":"getUpdates","service":"nas-bot","timestamp":"2026-05-24 06:19:26"}
{"args":"docker restart nas-bot","command":"exec","level":"info","message":"收到指令","service":"nas-bot","timestamp":"2026-05-24 06:19:28","userId":"6423823321"}
{"cmd":"docker restart nas-bot","level":"info","message":"执行命令","service":"nas-bot","timestamp":"2026-05-24 06:19:28"}
{"cmd":"docker restart nas-bot","error":"spawnSync /bin/sh ETIMEDOUT","level":"error","message":"Docker命令执行失败","service":"nas-bot","timestamp":"2026-05-24 06:19:38"}
{"args":"ls /bin/","command":"exec","level":"info","message":"收到指令","service":"nas-bot","timestamp":"2026-05-24 06:19:38","userId":"6423823321"}
{"cmd":"ls /bin/","level":"info","message":"执行命令","service":"nas-bot","timestamp":"2026-05-24 06:19:38"}
{"args":"node -e \"require('child_process').execSync('ls /bin/sh').toString()\"","command":"exec","level":"info","message":"收到指令","service":"nas-bot","timestamp":"2026-05-24 06:19:38","userId":"6423823321"}
{"cmd":"node -e \"require('child_process').execSync('ls /bin/sh').toString()\"","level":"info","message":"执行命令","service":"nas-bot","timestamp":"2026-05-24 06:19:38"}
{"args":"状态","command":"股票","level":"info","message":"收到指令","service":"nas-bot","timestamp":"2026-05-24 06:19:38","userId":"6423823321"}
{"args":"","command":"/start","level":"info","message":"收到指令","service":"nas-bot","timestamp":"2026-05-24 06:19:38","userId":"6423823321"}
{"args":"容器","command":"系统","level":"info","message":"收到指令","service":"nas-bot","timestamp":"2026-05-24 06:19:38","userId":"6423823321"}
{"level":"info","message":"获取容器列表","service":"nas-bot","timestamp":"2026-05-24 06:19:38"}
{"args":"状态","command":"股票","level":"info","message":"收到指令","service":"nas-bot","timestamp":"2026-05-24 06:19:38","userId":"6423823321"}
{"args":"开启","command":"股票","level":"info","message":"收到指令","service":"nas-bot","timestamp":"2026-05-24 06:19:38","userId":"6423823321"}
{"args":"链接","command":"股票","level":"info","message":"收到指令","service":"nas-bot","timestamp":"2026-05-24 06:19:38","userId":"6423823321"}
{"args":"检测","command":"股票","level":"info","message":"收到指令","service":"nas-bot","timestamp":"2026-05-24 06:19:38","userId":"6423823321"}
{"args":"状态","command":"系统","level":"info","message":"收到指令","service":"nas-bot","timestamp":"2026-05-24 06:19:38","userId":"6423823321"}
{"count":10,"level":"warn","message":"触发限流","service":"nas-bot","timestamp":"2026-05-24 06:19:38","userId":"6423823321"}
{"args":"关闭","command":"ai","level":"info","message":"收到指令","service":"nas-bot","timestamp":"2026-05-24 06:19:38","userId":"6423823321"}
{"count":10,"level":"warn","message":"触发限流","service":"nas-bot","timestamp":"2026-05-24 06:19:38","userId":"6423823321"}
{"args":"状态","command":"系统","level":"info","message":"收到指令","service":"nas-bot","timestamp":"2026-05-24 06:19:38","userId":"6423823321"}
{"count":10,"level":"warn","message":"触发限流","service":"nas-bot","timestamp":"2026-05-24 06:19:38","userId":"6423823321"}
{"args":"状态","command":"系统","level":"info","message":"收到指令","service":"nas-bot","timestamp":"2026-05-24 06:19:38","userId":"6423823321"}
{"count":10,"level":"warn","message":"触发限流","service":"nas-bot","timestamp":"2026-05-24 06:19:38","userId":"6423823321"}
{"args":"状态","command":"股票","level":"info","message":"收到指令","service":"nas-bot","timestamp":"2026-05-24 06:19:38","userId":"6423823321"}
{"count":10,"level":"warn","message":"触发限流","service":"nas-bot","timestamp":"2026-05-24 06:19:38","userId":"6423823321"}
{"args":"","command":"帮助","level":"info","message":"收到指令","service":"nas-bot","timestamp":"2026-05-24 06:19:38","userId":"6423823321"}
{"count":10,"level":"warn","message":"触发限流","service":"nas-bot","timestamp":"2026-05-24 06:19:38","userId":"6423823321"}
{"args":"","command":"股票状态","level":"info","message":"收到指令","service":"nas-bot","timestamp":"2026-05-24 06:19:38","userId":"6423823321"}
{"count":10,"level":"warn","message":"触发限流","service":"nas-bot","timestamp":"2026-05-24 06:19:38","userId":"6423823321"}
{"args":"","command":"帮助","level":"info","message":"收到指令","service":"nas-bot","timestamp":"2026-05-24 06:19:38","userId":"6423823321"}
{"count":10,"level":"warn","message":"触发限流","service":"nas-bot","timestamp":"2026-05-24 06:19:38","userId":"6423823321"}
{"args":"docker restart nas-bot","command":"exec","level":"info","message":"收到指令","service":"nas-bot","timestamp":"2026-05-24 06:19:38","userId":"6423823321"}
{"count":10,"level":"warn","message":"触发限流","service":"nas-bot","timestamp":"2026-05-24 06:19:38","userId":"6423823321"}
{"args":"状态","command":"股票","level":"info","message":"收到指令","service":"nas-bot","timestamp":"2026-05-24 06:19:38","userId":"6423823321"}
{"count":10,"level":"warn","message":"触发限流","service":"nas-bot","timestamp":"2026-05-24 06:19:38","userId":"6423823321"}
{"args":"状态","command":"股票","level":"info","message":"收到指令","service":"nas-bot","timestamp":"2026-05-24 06:19:38","userId":"6423823321"}
{"count":10,"level":"warn","message":"触发限流","service":"nas-bot","timestamp":"2026-05-24 06:19:38","userId":"6423823321"}
{"args":"状态","command":"股票","level":"info","message":"收到指令","service":"nas-bot","timestamp":"2026-05-24 06:19:38","userId":"6423823321"}
{"count":10,"level":"warn","message":"触发限流","service":"nas-bot","timestamp":"2026-05-24 06:19:38","userId":"6423823321"}
{"args":"状态","command":"股票","level":"info","message":"收到指令","service":"nas-bot","timestamp":"2026-05-24 06:19:38","userId":"6423823321"}
{"count":10,"level":"warn","message":"触发限流","service":"nas-bot","timestamp":"2026-05-24 06:19:38","userId":"6423823321"}
{"args":"检测","command":"股票","level":"info","message":"收到指令","service":"nas-bot","timestamp":"2026-05-24 06:19:38","userId":"6423823321"}
{"count":10,"level":"warn","message":"触发限流","service":"nas-bot","timestamp":"2026-05-24 06:19:38","userId":"6423823321"}
{"args":"状态","command":"股票","level":"info","message":"收到指令","service":"nas-bot","timestamp":"2026-05-24 06:19:38","userId":"6423823321"}
{"count":10,"level":"warn","message":"触发限流","service":"nas-bot","timestamp":"2026-05-24 06:19:38","userId":"6423823321"}
{"args":"简报","command":"股票","level":"info","message":"收到指令","service":"nas-bot","timestamp":"2026-05-24 06:19:38","userId":"6423823321"}
{"count":10,"level":"warn","message":"触发限流","service":"nas-bot","timestamp":"2026-05-24 06:19:38","userId":"6423823321"}
{"args":"今日","command":"天气","level":"info","message":"收到指令","service":"nas-bot","timestamp":"2026-05-24 06:19:38","userId":"6423823321"}
{"count":10,"level":"warn","message":"触发限流","service":"nas-bot","timestamp":"2026-05-24 06:19:38","userId":"6423823321"}
{"level":"info","message":"IOC容器构建完成","service":"nas-bot","timestamp":"2026-05-24 06:19:41"}
{"alertInterval":"每5分钟","level":"info","message":"定时调度器启动","service":"nas-bot","summaryTime":"15:35","timestamp":"2026-05-24 06:19:41"}
{"level":"info","message":"Bot启动","service":"nas-bot","timestamp":"2026-05-24 06:19:41"}
{"level":"info","message":"NAS Bot 已启动 🚀","service":"nas-bot","timestamp":"2026-05-24 06:19:41"}
{"error":"","level":"error","message":"Telegram请求失败","method":"getUpdates","service":"nas-bot","timestamp":"2026-05-24 06:19:41"}
{"error":"","level":"error","message":"Telegram请求失败","method":"getUpdates","service":"nas-bot","timestamp":"2026-05-24 06:19:43"}
{"error":"","level":"error","message":"Telegram请求失败","method":"getUpdates","service":"nas-bot","timestamp":"2026-05-24 06:19:44"}
{"error":"","level":"error","message":"Telegram请求失败","method":"getUpdates","service":"nas-bot","timestamp":"2026-05-24 06:19:45"}
{"error":"","level":"error","message":"Telegram请求失败","method":"getUpdates","service":"nas-bot","timestamp":"2026-05-24 06:19:46"}
{"args":"docker restart nas-bot","command":"exec","level":"info","message":"收到指令","service":"nas-bot","timestamp":"2026-05-24 06:19:48","userId":"6423823321"}
{"level":"info","message":"IOC容器构建完成","service":"nas-bot","timestamp":"2026-05-24 06:20:00"}
{"alertInterval":"每5分钟","level":"info","message":"定时调度器启动","service":"nas-bot","summaryTime":"15:35","timestamp":"2026-05-24 06:20:00"}
{"level":"info","message":"Bot启动","service":"nas-bot","timestamp":"2026-05-24 06:20:00"}
{"level":"info","message":"NAS Bot 已启动 🚀","service":"nas-bot","timestamp":"2026-05-24 06:20:00"}
{"args":"docker restart nas-bot","command":"exec","level":"info","message":"收到指令","service":"nas-bot","timestamp":"2026-05-24 06:20:00","userId":"6423823321"}
{"cmd":"docker restart nas-bot","level":"info","message":"执行命令","service":"nas-bot","timestamp":"2026-05-24 06:20:00"}
{"cmd":"docker restart nas-bot","error":"spawnSync /bin/sh ETIMEDOUT","level":"error","message":"Docker命令执行失败","service":"nas-bot","timestamp":"2026-05-24 06:20:10"}
{"args":"ls /bin/","command":"exec","level":"info","message":"收到指令","service":"nas-bot","timestamp":"2026-05-24 06:20:10","userId":"6423823321"}
{"cmd":"ls /bin/","level":"info","message":"执行命令","service":"nas-bot","timestamp":"2026-05-24 06:20:10"}
{"args":"node -e \"require('child_process').execSync('ls /bin/sh').toString()\"","command":"exec","level":"info","message":"收到指令","service":"nas-bot","timestamp":"2026-05-24 06:20:10","userId":"6423823321"}
{"cmd":"node -e \"require('child_process').execSync('ls /bin/sh').toString()\"","level":"info","message":"执行命令","service":"nas-bot","timestamp":"2026-05-24 06:20:10"}
{"args":"状态","command":"股票","level":"info","message":"收到指令","service":"nas-bot","timestamp":"2026-05-24 06:20:11","userId":"6423823321"}
{"args":"","command":"/start","level":"info","message":"收到指令","service":"nas-bot","timestamp":"2026-05-24 06:20:11","userId":"6423823321"}
{"args":"容器","command":"系统","level":"info","message":"收到指令","service":"nas-bot","timestamp":"2026-05-24 06:20:11","userId":"6423823321"}
{"level":"info","message":"获取容器列表","service":"nas-bot","timestamp":"2026-05-24 06:20:11"}
{"args":"状态","command":"股票","level":"info","message":"收到指令","service":"nas-bot","timestamp":"2026-05-24 06:20:11","userId":"6423823321"}
{"args":"开启","command":"股票","level":"info","message":"收到指令","service":"nas-bot","timestamp":"2026-05-24 06:20:11","userId":"6423823321"}
{"args":"链接","command":"股票","level":"info","message":"收到指令","service":"nas-bot","timestamp":"2026-05-24 06:20:11","userId":"6423823321"}
{"args":"检测","command":"股票","level":"info","message":"收到指令","service":"nas-bot","timestamp":"2026-05-24 06:20:11","userId":"6423823321"}
{"args":"状态","command":"系统","level":"info","message":"收到指令","service":"nas-bot","timestamp":"2026-05-24 06:20:11","userId":"6423823321"}
{"count":10,"level":"warn","message":"触发限流","service":"nas-bot","timestamp":"2026-05-24 06:20:11","userId":"6423823321"}
{"args":"关闭","command":"ai","level":"info","message":"收到指令","service":"nas-bot","timestamp":"2026-05-24 06:20:11","userId":"6423823321"}
{"count":10,"level":"warn","message":"触发限流","service":"nas-bot","timestamp":"2026-05-24 06:20:11","userId":"6423823321"}
{"args":"状态","command":"系统","level":"info","message":"收到指令","service":"nas-bot","timestamp":"2026-05-24 06:20:11","userId":"6423823321"}
{"count":10,"level":"warn","message":"触发限流","service":"nas-bot","timestamp":"2026-05-24 06:20:11","userId":"6423823321"}
{"args":"状态","command":"系统","level":"info","message":"收到指令","service":"nas-bot","timestamp":"2026-05-24 06:20:11","userId":"6423823321"}
{"count":10,"level":"warn","message":"触发限流","service":"nas-bot","timestamp":"2026-05-24 06:20:11","userId":"6423823321"}
{"args":"状态","command":"股票","level":"info","message":"收到指令","service":"nas-bot","timestamp":"2026-05-24 06:20:11","userId":"6423823321"}
{"count":10,"level":"warn","message":"触发限流","service":"nas-bot","timestamp":"2026-05-24 06:20:11","userId":"6423823321"}
{"args":"","command":"帮助","level":"info","message":"收到指令","service":"nas-bot","timestamp":"2026-05-24 06:20:11","userId":"6423823321"}
{"count":10,"level":"warn","message":"触发限流","service":"nas-bot","timestamp":"2026-05-24 06:20:11","userId":"6423823321"}
{"args":"","command":"股票状态","level":"info","message":"收到指令","service":"nas-bot","timestamp":"2026-05-24 06:20:11","userId":"6423823321"}
{"count":10,"level":"warn","message":"触发限流","service":"nas-bot","timestamp":"2026-05-24 06:20:11","userId":"6423823321"}
{"args":"","command":"帮助","level":"info","message":"收到指令","service":"nas-bot","timestamp":"2026-05-24 06:20:11","userId":"6423823321"}
{"count":10,"level":"warn","message":"触发限流","service":"nas-bot","timestamp":"2026-05-24 06:20:11","userId":"6423823321"}
{"args":"docker restart nas-bot","command":"exec","level":"info","message":"收到指令","service":"nas-bot","timestamp":"2026-05-24 06:20:11","userId":"6423823321"}
{"count":10,"level":"warn","message":"触发限流","service":"nas-bot","timestamp":"2026-05-24 06:20:11","userId":"6423823321"}
{"args":"状态","command":"股票","level":"info","message":"收到指令","service":"nas-bot","timestamp":"2026-05-24 06:20:11","userId":"6423823321"}
{"count":10,"level":"warn","message":"触发限流","service":"nas-bot","timestamp":"2026-05-24 06:20:11","userId":"6423823321"}
{"args":"状态","command":"股票","level":"info","message":"收到指令","service":"nas-bot","timestamp":"2026-05-24 06:20:11","userId":"6423823321"}
{"count":10,"level":"warn","message":"触发限流","service":"nas-bot","timestamp":"2026-05-24 06:20:11","userId":"6423823321"}
{"args":"状态","command":"股票","level":"info","message":"收到指令","service":"nas-bot","timestamp":"2026-05-24 06:20:11","userId":"6423823321"}
{"count":10,"level":"warn","message":"触发限流","service":"nas-bot","timestamp":"2026-05-24 06:20:11","userId":"6423823321"}
{"args":"状态","command":"股票","level":"info","message":"收到指令","service":"nas-bot","timestamp":"2026-05-24 06:20:11","userId":"6423823321"}
{"count":10,"level":"warn","message":"触发限流","service":"nas-bot","timestamp":"2026-05-24 06:20:11","userId":"6423823321"}
{"args":"检测","command":"股票","level":"info","message":"收到指令","service":"nas-bot","timestamp":"2026-05-24 06:20:11","userId":"6423823321"}
{"count":10,"level":"warn","message":"触发限流","service":"nas-bot","timestamp":"2026-05-24 06:20:11","userId":"6423823321"}
{"args":"状态","command":"股票","level":"info","message":"收到指令","service":"nas-bot","timestamp":"2026-05-24 06:20:11","userId":"6423823321"}
{"count":10,"level":"warn","message":"触发限流","service":"nas-bot","timestamp":"2026-05-24 06:20:11","userId":"6423823321"}
{"args":"简报","command":"股票","level":"info","message":"收到指令","service":"nas-bot","timestamp":"2026-05-24 06:20:11","userId":"6423823321"}
{"count":10,"level":"warn","message":"触发限流","service":"nas-bot","timestamp":"2026-05-24 06:20:11","userId":"6423823321"}
{"args":"今日","command":"天气","level":"info","message":"收到指令","service":"nas-bot","timestamp":"2026-05-24 06:20:11","userId":"6423823321"}
{"count":10,"level":"warn","message":"触发限流","service":"nas-bot","timestamp":"2026-05-24 06:20:11","userId":"6423823321"}
{"level":"info","message":"IOC容器构建完成","service":"nas-bot","timestamp":"2026-05-24 06:20:12"}
{"alertInterval":"每5分钟","level":"info","message":"定时调度器启动","service":"nas-bot","summaryTime":"15:35","timestamp":"2026-05-24 06:20:12"}
{"level":"info","message":"Bot启动","service":"nas-bot","timestamp":"2026-05-24 06:20:12"}
{"level":"info","message":"NAS Bot 已启动 🚀","service":"nas-bot","timestamp":"2026-05-24 06:20:12"}
{"error":"","level":"error","message":"Telegram请求失败","method":"getUpdates","service":"nas-bot","timestamp":"2026-05-24 06:20:12"}
{"error":"","level":"error","message":"Telegram请求失败","method":"getUpdates","service":"nas-bot","timestamp":"2026-05-24 06:20:14"}
{"error":"","level":"error","message":"Telegram请求失败","method":"getUpdates","service":"nas-bot","timestamp":"2026-05-24 06:20:15"}
{"error":"","level":"error","message":"Telegram请求失败","method":"getUpdates","service":"nas-bot","timestamp":"2026-05-24 06:20:16"}
{"error":"","level":"error","message":"Telegram请求失败","method":"getUpdates","service":"nas-bot","timestamp":"2026-05-24 06:20:17"}
{"error":"","level":"error","message":"Telegram请求失败","method":"getUpdates","service":"nas-bot","timestamp":"2026-05-24 06:20:19"}
{"error":"","level":"error","message":"Telegram请求失败","method":"getUpdates","service":"nas-bot","timestamp":"2026-05-24 06:20:20"}
{"args":"docker restart nas-bot","command":"exec","level":"info","message":"收到指令","service":"nas-bot","timestamp":"2026-05-24 06:20:22","userId":"6423823321"}
{"level":"info","message":"IOC容器构建完成","service":"nas-bot","timestamp":"2026-05-24 06:20:33"}
{"alertInterval":"每5分钟","level":"info","message":"定时调度器启动","service":"nas-bot","summaryTime":"15:35","timestamp":"2026-05-24 06:20:33"}
{"level":"info","message":"Bot启动","service":"nas-bot","timestamp":"2026-05-24 06:20:33"}
{"level":"info","message":"NAS Bot 已启动 🚀","service":"nas-bot","timestamp":"2026-05-24 06:20:34"}
{"error":"","level":"error","message":"Telegram请求失败","method":"getUpdates","service":"nas-bot","timestamp":"2026-05-24 06:20:34"}
{"error":"","level":"error","message":"Telegram请求失败","method":"getUpdates","service":"nas-bot","timestamp":"2026-05-24 06:20:35"}
{"error":"","level":"error","message":"Telegram请求失败","method":"getUpdates","service":"nas-bot","timestamp":"2026-05-24 06:20:36"}
{"error":"","level":"error","message":"Telegram请求失败","method":"getUpdates","service":"nas-bot","timestamp":"2026-05-24 06:20:38"}
{"error":"","level":"error","message":"Telegram请求失败","method":"getUpdates","service":"nas-bot","timestamp":"2026-05-24 06:20:39"}
{"error":"","level":"error","message":"Telegram请求失败","method":"getUpdates","service":"nas-bot","timestamp":"2026-05-24 06:20:40"}
{"error":"","level":"error","message":"Telegram请求失败","method":"getUpdates","service":"nas-bot","timestamp":"2026-05-24 06:20:41"}
{"error":"","level":"error","message":"Telegram请求失败","method":"getUpdates","service":"nas-bot","timestamp":"2026-05-24 06:20:43"}
{"error":"","level":"error","message":"Telegram请求失败","method":"getUpdates","service":"nas-bot","timestamp":"2026-05-24 06:20:44"}
{"error":"","level":"error","message":"Telegram请求失败","method":"getUpdates","service":"nas-bot","timestamp":"2026-05-24 06:20:45"}
{"args":"docker restart nas-bot","command":"exec","level":"info","message":"收到指令","service":"nas-bot","timestamp":"2026-05-24 06:20:47","userId":"6423823321"}
{"level":"info","message":"IOC容器构建完成","service":"nas-bot","timestamp":"2026-05-24 06:20:58"}
{"alertInterval":"每5分钟","level":"info","message":"定时调度器启动","service":"nas-bot","summaryTime":"15:35","timestamp":"2026-05-24 06:20:58"}
{"level":"info","message":"Bot启动","service":"nas-bot","timestamp":"2026-05-24 06:20:58"}
{"level":"info","message":"NAS Bot 已启动 🚀","service":"nas-bot","timestamp":"2026-05-24 06:20:58"}
{"error":"","level":"error","message":"Telegram请求失败","method":"getUpdates","service":"nas-bot","timestamp":"2026-05-24 06:20:59"}
{"error":"","level":"error","message":"Telegram请求失败","method":"getUpdates","service":"nas-bot","timestamp":"2026-05-24 06:21:00"}
{"error":"","level":"error","message":"Telegram请求失败","method":"getUpdates","service":"nas-bot","timestamp":"2026-05-24 06:21:01"}
{"error":"","level":"error","message":"Telegram请求失败","method":"getUpdates","service":"nas-bot","timestamp":"2026-05-24 06:21:02"}
{"error":"","level":"error","message":"Telegram请求失败","method":"getUpdates","service":"nas-bot","timestamp":"2026-05-24 06:21:04"}
{"error":"","level":"error","message":"Telegram请求失败","method":"getUpdates","service":"nas-bot","timestamp":"2026-05-24 06:21:05"}
{"error":"","level":"error","message":"Telegram请求失败","method":"getUpdates","service":"nas-bot","timestamp":"2026-05-24 06:21:06"}
{"error":"","level":"error","message":"Telegram请求失败","method":"getUpdates","service":"nas-bot","timestamp":"2026-05-24 06:21:08"}
{"error":"","level":"error","message":"Telegram请求失败","method":"getUpdates","service":"nas-bot","timestamp":"2026-05-24 06:21:09"}
{"error":"","level":"error","message":"Telegram请求失败","method":"getUpdates","service":"nas-bot","timestamp":"2026-05-24 06:21:10"}
{"error":"","level":"error","message":"Telegram请求失败","method":"getUpdates","service":"nas-bot","timestamp":"2026-05-24 06:21:11"}
{"error":"","level":"error","message":"Telegram请求失败","method":"getUpdates","service":"nas-bot","timestamp":"2026-05-24 06:21:13"}
{"args":"docker restart nas-bot","command":"exec","level":"info","message":"收到指令","service":"nas-bot","timestamp":"2026-05-24 06:21:14","userId":"6423823321"}
{"level":"info","message":"IOC容器构建完成","service":"nas-bot","timestamp":"2026-05-24 06:21:26"}
{"alertInterval":"每5分钟","level":"info","message":"定时调度器启动","service":"nas-bot","summaryTime":"15:35","timestamp":"2026-05-24 06:21:26"}
{"level":"info","message":"Bot启动","service":"nas-bot","timestamp":"2026-05-24 06:21:26"}
{"level":"info","message":"NAS Bot 已启动 🚀","service":"nas-bot","timestamp":"2026-05-24 06:21:26"}
{"error":"","level":"error","message":"Telegram请求失败","method":"getUpdates","service":"nas-bot","timestamp":"2026-05-24 06:21:26"}
{"error":"","level":"error","message":"Telegram请求失败","method":"getUpdates","service":"nas-bot","timestamp":"2026-05-24 06:21:27"}
{"error":"","level":"error","message":"Telegram请求失败","method":"getUpdates","service":"nas-bot","timestamp":"2026-05-24 06:21:29"}
{"error":"","level":"error","message":"Telegram请求失败","method":"getUpdates","service":"nas-bot","timestamp":"2026-05-24 06:21:30"}
{"args":"docker restart nas-bot","command":"exec","level":"info","message":"收到指令","service":"nas-bot","timestamp":"2026-05-24 06:21:32","userId":"6423823321"}
{"level":"info","message":"IOC容器构建完成","service":"nas-bot","timestamp":"2026-05-24 06:21:43"}
{"alertInterval":"每5分钟","level":"info","message":"定时调度器启动","service":"nas-bot","summaryTime":"15:35","timestamp":"2026-05-24 06:21:43"}
{"level":"info","message":"Bot启动","service":"nas-bot","timestamp":"2026-05-24 06:21:43"}
{"level":"info","message":"NAS Bot 已启动 🚀","service":"nas-bot","timestamp":"2026-05-24 06:21:43"}
{"args":"docker restart nas-bot","command":"exec","level":"info","message":"收到指令","service":"nas-bot","timestamp":"2026-05-24 06:21:44","userId":"6423823321"}
{"level":"info","message":"IOC容器构建完成","service":"nas-bot","timestamp":"2026-05-24 06:21:56"}
{"alertInterval":"每5分钟","level":"info","message":"定时调度器启动","service":"nas-bot","summaryTime":"15:35","timestamp":"2026-05-24 06:21:56"}
{"level":"info","message":"Bot启动","service":"nas-bot","timestamp":"2026-05-24 06:21:56"}
{"level":"info","message":"NAS Bot 已启动 🚀","service":"nas-bot","timestamp":"2026-05-24 06:21:56"}
{"error":"","level":"error","message":"Telegram请求失败","method":"getUpdates","service":"nas-bot","timestamp":"2026-05-24 06:21:56"}
{"error":"","level":"error","message":"Telegram请求失败","method":"getUpdates","service":"nas-bot","timestamp":"2026-05-24 06:21:57"}
{"error":"","level":"error","message":"Telegram请求失败","method":"getUpdates","service":"nas-bot","timestamp":"2026-05-24 06:21:59"}
{"args":"docker restart nas-bot","command":"exec","level":"info","message":"收到指令","service":"nas-bot","timestamp":"2026-05-24 06:22:00","userId":"6423823321"}
{"cmd":"docker restart nas-bot","level":"info","message":"执行命令","service":"nas-bot","timestamp":"2026-05-24 06:22:00"}
{"cmd":"docker restart nas-bot","error":"spawnSync /bin/sh ETIMEDOUT","level":"error","message":"Docker命令执行失败","service":"nas-bot","timestamp":"2026-05-24 06:22:10"}
{"args":"ls /bin/","command":"exec","level":"info","message":"收到指令","service":"nas-bot","timestamp":"2026-05-24 06:22:10","userId":"6423823321"}
{"cmd":"ls /bin/","level":"info","message":"执行命令","service":"nas-bot","timestamp":"2026-05-24 06:22:10"}
{"args":"node -e \"require('child_process').execSync('ls /bin/sh').toString()\"","command":"exec","level":"info","message":"收到指令","service":"nas-bot","timestamp":"2026-05-24 06:22:10","userId":"6423823321"}
{"cmd":"node -e \"require('child_process').execSync('ls /bin/sh').toString()\"","level":"info","message":"执行命令","service":"nas-bot","timestamp":"2026-05-24 06:22:10"}
{"args":"状态","command":"股票","level":"info","message":"收到指令","service":"nas-bot","timestamp":"2026-05-24 06:22:11","userId":"6423823321"}
{"args":"","command":"/start","level":"info","message":"收到指令","service":"nas-bot","timestamp":"2026-05-24 06:22:11","userId":"6423823321"}
{"args":"容器","command":"系统","level":"info","message":"收到指令","service":"nas-bot","timestamp":"2026-05-24 06:22:11","userId":"6423823321"}
{"level":"info","message":"获取容器列表","service":"nas-bot","timestamp":"2026-05-24 06:22:11"}
{"args":"状态","command":"股票","level":"info","message":"收到指令","service":"nas-bot","timestamp":"2026-05-24 06:22:11","userId":"6423823321"}
{"args":"开启","command":"股票","level":"info","message":"收到指令","service":"nas-bot","timestamp":"2026-05-24 06:22:11","userId":"6423823321"}
{"args":"链接","command":"股票","level":"info","message":"收到指令","service":"nas-bot","timestamp":"2026-05-24 06:22:11","userId":"6423823321"}
{"args":"检测","command":"股票","level":"info","message":"收到指令","service":"nas-bot","timestamp":"2026-05-24 06:22:11","userId":"6423823321"}
{"args":"状态","command":"系统","level":"info","message":"收到指令","service":"nas-bot","timestamp":"2026-05-24 06:22:11","userId":"6423823321"}
{"count":10,"level":"warn","message":"触发限流","service":"nas-bot","timestamp":"2026-05-24 06:22:11","userId":"6423823321"}
{"args":"关闭","command":"ai","level":"info","message":"收到指令","service":"nas-bot","timestamp":"2026-05-24 06:22:11","userId":"6423823321"}
{"count":10,"level":"warn","message":"触发限流","service":"nas-bot","timestamp":"2026-05-24 06:22:11","userId":"6423823321"}
{"args":"状态","command":"系统","level":"info","message":"收到指令","service":"nas-bot","timestamp":"2026-05-24 06:22:11","userId":"6423823321"}
{"count":10,"level":"warn","message":"触发限流","service":"nas-bot","timestamp":"2026-05-24 06:22:11","userId":"6423823321"}
{"args":"状态","command":"系统","level":"info","message":"收到指令","service":"nas-bot","timestamp":"2026-05-24 06:22:11","userId":"6423823321"}
{"count":10,"level":"warn","message":"触发限流","service":"nas-bot","timestamp":"2026-05-24 06:22:11","userId":"6423823321"}
{"args":"状态","command":"股票","level":"info","message":"收到指令","service":"nas-bot","timestamp":"2026-05-24 06:22:11","userId":"6423823321"}
{"count":10,"level":"warn","message":"触发限流","service":"nas-bot","timestamp":"2026-05-24 06:22:11","userId":"6423823321"}
{"args":"","command":"帮助","level":"info","message":"收到指令","service":"nas-bot","timestamp":"2026-05-24 06:22:11","userId":"6423823321"}
{"count":10,"level":"warn","message":"触发限流","service":"nas-bot","timestamp":"2026-05-24 06:22:11","userId":"6423823321"}
{"args":"","command":"股票状态","level":"info","message":"收到指令","service":"nas-bot","timestamp":"2026-05-24 06:22:11","userId":"6423823321"}
{"count":10,"level":"warn","message":"触发限流","service":"nas-bot","timestamp":"2026-05-24 06:22:11","userId":"6423823321"}
{"args":"","command":"帮助","level":"info","message":"收到指令","service":"nas-bot","timestamp":"2026-05-24 06:22:11","userId":"6423823321"}
{"count":10,"level":"warn","message":"触发限流","service":"nas-bot","timestamp":"2026-05-24 06:22:11","userId":"6423823321"}
{"args":"docker restart nas-bot","command":"exec","level":"info","message":"收到指令","service":"nas-bot","timestamp":"2026-05-24 06:22:11","userId":"6423823321"}
{"count":10,"level":"warn","message":"触发限流","service":"nas-bot","timestamp":"2026-05-24 06:22:11","userId":"6423823321"}
{"args":"状态","command":"股票","level":"info","message":"收到指令","service":"nas-bot","timestamp":"2026-05-24 06:22:11","userId":"6423823321"}
{"count":10,"level":"warn","message":"触发限流","service":"nas-bot","timestamp":"2026-05-24 06:22:11","userId":"6423823321"}
{"args":"状态","command":"股票","level":"info","message":"收到指令","service":"nas-bot","timestamp":"2026-05-24 06:22:11","userId":"6423823321"}
{"count":10,"level":"warn","message":"触发限流","service":"nas-bot","timestamp":"2026-05-24 06:22:11","userId":"6423823321"}
{"args":"状态","command":"股票","level":"info","message":"收到指令","service":"nas-bot","timestamp":"2026-05-24 06:22:11","userId":"6423823321"}
{"count":10,"level":"warn","message":"触发限流","service":"nas-bot","timestamp":"2026-05-24 06:22:11","userId":"6423823321"}
{"args":"状态","command":"股票","level":"info","message":"收到指令","service":"nas-bot","timestamp":"2026-05-24 06:22:11","userId":"6423823321"}
{"count":10,"level":"warn","message":"触发限流","service":"nas-bot","timestamp":"2026-05-24 06:22:11","userId":"6423823321"}
{"args":"检测","command":"股票","level":"info","message":"收到指令","service":"nas-bot","timestamp":"2026-05-24 06:22:11","userId":"6423823321"}
{"count":10,"level":"warn","message":"触发限流","service":"nas-bot","timestamp":"2026-05-24 06:22:11","userId":"6423823321"}
{"args":"状态","command":"股票","level":"info","message":"收到指令","service":"nas-bot","timestamp":"2026-05-24 06:22:11","userId":"6423823321"}
{"count":10,"level":"warn","message":"触发限流","service":"nas-bot","timestamp":"2026-05-24 06:22:11","userId":"6423823321"}
{"args":"简报","command":"股票","level":"info","message":"收到指令","service":"nas-bot","timestamp":"2026-05-24 06:22:11","userId":"6423823321"}
{"count":10,"level":"warn","message":"触发限流","service":"nas-bot","timestamp":"2026-05-24 06:22:11","userId":"6423823321"}
{"args":"今日","command":"天气","level":"info","message":"收到指令","service":"nas-bot","timestamp":"2026-05-24 06:22:11","userId":"6423823321"}
{"count":10,"level":"warn","message":"触发限流","service":"nas-bot","timestamp":"2026-05-24 06:22:11","userId":"6423823321"}
{"args":"","command":"/start","level":"info","message":"收到指令","service":"nas-bot","timestamp":"2026-05-24 06:22:11","userId":"6423823321"}
{"count":10,"level":"warn","message":"触发限流","service":"nas-bot","timestamp":"2026-05-24 06:22:11","userId":"6423823321"}
{"level":"info","message":"IOC容器构建完成","service":"nas-bot","timestamp":"2026-05-24 06:22:12"}
{"alertInterval":"每5分钟","level":"info","message":"定时调度器启动","service":"nas-bot","summaryTime":"15:35","timestamp":"2026-05-24 06:22:12"}
{"level":"info","message":"Bot启动","service":"nas-bot","timestamp":"2026-05-24 06:22:12"}
{"level":"info","message":"NAS Bot 已启动 🚀","service":"nas-bot","timestamp":"2026-05-24 06:22:12"}
{"args":"docker restart nas-bot","command":"exec","level":"info","message":"收到指令","service":"nas-bot","timestamp":"2026-05-24 06:22:13","userId":"6423823321"}
{"level":"info","message":"IOC容器构建完成","service":"nas-bot","timestamp":"2026-05-24 06:22:24"}
{"alertInterval":"每5分钟","level":"info","message":"定时调度器启动","service":"nas-bot","summaryTime":"15:35","timestamp":"2026-05-24 06:22:24"}
{"level":"info","message":"Bot启动","service":"nas-bot","timestamp":"2026-05-24 06:22:24"}
{"level":"info","message":"NAS Bot 已启动 🚀","service":"nas-bot","timestamp":"2026-05-24 06:22:25"}
{"error":"","level":"error","message":"Telegram请求失败","method":"getUpdates","service":"nas-bot","timestamp":"2026-05-24 06:22:25"}
{"error":"","level":"error","message":"Telegram请求失败","method":"getUpdates","service":"nas-bot","timestamp":"2026-05-24 06:22:26"}
{"error":"","level":"error","message":"Telegram请求失败","method":"getUpdates","service":"nas-bot","timestamp":"2026-05-24 06:22:27"}
{"error":"","level":"error","message":"Telegram请求失败","method":"getUpdates","service":"nas-bot","timestamp":"2026-05-24 06:22:29"}
{"error":"","level":"error","message":"Telegram请求失败","method":"getUpdates","service":"nas-bot","timestamp":"2026-05-24 06:22:30"}
{"error":"","level":"error","message":"Telegram请求失败","method":"getUpdates","service":"nas-bot","timestamp":"2026-05-24 06:22:31"}
{"error":"","level":"error","message":"Telegram请求失败","method":"getUpdates","service":"nas-bot","timestamp":"2026-05-24 06:22:32"}
{"error":"","level":"error","message":"Telegram请求失败","method":"getUpdates","service":"nas-bot","timestamp":"2026-05-24 06:22:34"}
{"args":"docker restart nas-bot","command":"exec","level":"info","message":"收到指令","service":"nas-bot","timestamp":"2026-05-24 06:22:35","userId":"6423823321"}
{"level":"info","message":"IOC容器构建完成","service":"nas-bot","timestamp":"2026-05-24 06:22:47"}
{"alertInterval":"每5分钟","level":"info","message":"定时调度器启动","service":"nas-bot","summaryTime":"15:35","timestamp":"2026-05-24 06:22:47"}
{"level":"info","message":"Bot启动","service":"nas-bot","timestamp":"2026-05-24 06:22:47"}
{"level":"info","message":"NAS Bot 已启动 🚀","service":"nas-bot","timestamp":"2026-05-24 06:22:47"}
{"error":"","level":"error","message":"Telegram请求失败","method":"getUpdates","service":"nas-bot","timestamp":"2026-05-24 06:22:47"}
{"error":"","level":"error","message":"Telegram请求失败","method":"getUpdates","service":"nas-bot","timestamp":"2026-05-24 06:22:49"}
{"error":"","level":"error","message":"Telegram请求失败","method":"getUpdates","service":"nas-bot","timestamp":"2026-05-24 06:22:50"}
{"error":"","level":"error","message":"Telegram请求失败","method":"getUpdates","service":"nas-bot","timestamp":"2026-05-24 06:22:51"}
{"error":"","level":"error","message":"Telegram请求失败","method":"getUpdates","service":"nas-bot","timestamp":"2026-05-24 06:22:52"}
{"error":"","level":"error","message":"Telegram请求失败","method":"getUpdates","service":"nas-bot","timestamp":"2026-05-24 06:22:54"}
{"error":"","level":"error","message":"Telegram请求失败","method":"getUpdates","service":"nas-bot","timestamp":"2026-05-24 06:22:55"}
{"error":"","level":"error","message":"Telegram请求失败","method":"getUpdates","service":"nas-bot","timestamp":"2026-05-24 06:22:56"}
{"error":"","level":"error","message":"Telegram请求失败","method":"getUpdates","service":"nas-bot","timestamp":"2026-05-24 06:22:57"}
{"error":"","level":"error","message":"Telegram请求失败","method":"getUpdates","service":"nas-bot","timestamp":"2026-05-24 06:22:59"}
{"error":"","level":"error","message":"Telegram请求失败","method":"getUpdates","service":"nas-bot","timestamp":"2026-05-24 06:23:00"}
{"error":"","level":"error","message":"Telegram请求失败","method":"getUpdates","service":"nas-bot","timestamp":"2026-05-24 06:23:01"}
{"args":"docker restart nas-bot","command":"exec","level":"info","message":"收到指令","service":"nas-bot","timestamp":"2026-05-24 06:23:03","userId":"6423823321"}
{"level":"info","message":"IOC容器构建完成","service":"nas-bot","timestamp":"2026-05-24 06:23:14"}
{"alertInterval":"每5分钟","level":"info","message":"定时调度器启动","service":"nas-bot","summaryTime":"15:35","timestamp":"2026-05-24 06:23:14"}
{"level":"info","message":"Bot启动","service":"nas-bot","timestamp":"2026-05-24 06:23:14"}
{"level":"info","message":"NAS Bot 已启动 🚀","service":"nas-bot","timestamp":"2026-05-24 06:23:15"}
{"args":"docker restart nas-bot","command":"exec","level":"info","message":"收到指令","service":"nas-bot","timestamp":"2026-05-24 06:23:15","userId":"6423823321"}
{"level":"info","message":"IOC容器构建完成","service":"nas-bot","timestamp":"2026-05-24 06:23:27"}
{"alertInterval":"每5分钟","level":"info","message":"定时调度器启动","service":"nas-bot","summaryTime":"15:35","timestamp":"2026-05-24 06:23:27"}
{"level":"info","message":"Bot启动","service":"nas-bot","timestamp":"2026-05-24 06:23:27"}
{"level":"info","message":"NAS Bot 已启动 🚀","service":"nas-bot","timestamp":"2026-05-24 06:23:27"}
{"error":"","level":"error","message":"Telegram请求失败","method":"getUpdates","service":"nas-bot","timestamp":"2026-05-24 06:23:27"}
{"error":"","level":"error","message":"Telegram请求失败","method":"getUpdates","service":"nas-bot","timestamp":"2026-05-24 06:23:28"}
{"error":"","level":"error","message":"Telegram请求失败","method":"getUpdates","service":"nas-bot","timestamp":"2026-05-24 06:23:30"}
{"args":"docker restart nas-bot","command":"exec","level":"info","message":"收到指令","service":"nas-bot","timestamp":"2026-05-24 06:23:32","userId":"6423823321"}
{"level":"info","message":"IOC容器构建完成","service":"nas-bot","timestamp":"2026-05-24 06:23:43"}
{"alertInterval":"每5分钟","level":"info","message":"定时调度器启动","service":"nas-bot","summaryTime":"15:35","timestamp":"2026-05-24 06:23:43"}
{"level":"info","message":"Bot启动","service":"nas-bot","timestamp":"2026-05-24 06:23:43"}
{"level":"info","message":"NAS Bot 已启动 🚀","service":"nas-bot","timestamp":"2026-05-24 06:23:43"}
{"args":"docker restart nas-bot","command":"exec","level":"info","message":"收到指令","service":"nas-bot","timestamp":"2026-05-24 06:23:44","userId":"6423823321"}
{"level":"info","message":"IOC容器构建完成","service":"nas-bot","timestamp":"2026-05-24 06:23:56"}
{"alertInterval":"每5分钟","level":"info","message":"定时调度器启动","service":"nas-bot","summaryTime":"15:35","timestamp":"2026-05-24 06:23:56"}
{"level":"info","message":"Bot启动","service":"nas-bot","timestamp":"2026-05-24 06:23:56"}
{"level":"info","message":"NAS Bot 已启动 🚀","service":"nas-bot","timestamp":"2026-05-24 06:23:56"}
{"error":"","level":"error","message":"Telegram请求失败","method":"getUpdates","service":"nas-bot","timestamp":"2026-05-24 06:23:56"}
{"error":"","level":"error","message":"Telegram请求失败","method":"getUpdates","service":"nas-bot","timestamp":"2026-05-24 06:23:57"}
{"error":"","level":"error","message":"Telegram请求失败","method":"getUpdates","service":"nas-bot","timestamp":"2026-05-24 06:23:58"}
{"error":"","level":"error","message":"Telegram请求失败","method":"getUpdates","service":"nas-bot","timestamp":"2026-05-24 06:24:00"}
{"error":"","level":"error","message":"Telegram请求失败","method":"getUpdates","service":"nas-bot","timestamp":"2026-05-24 06:24:01"}
{"error":"","level":"error","message":"Telegram请求失败","method":"getUpdates","service":"nas-bot","timestamp":"2026-05-24 06:24:02"}
{"error":"","level":"error","message":"Telegram请求失败","method":"getUpdates","service":"nas-bot","timestamp":"2026-05-24 06:24:03"}
{"error":"","level":"error","message":"Telegram请求失败","method":"getUpdates","service":"nas-bot","timestamp":"2026-05-24 06:24:05"}
{"args":"docker restart nas-bot","command":"exec","level":"info","message":"收到指令","service":"nas-bot","timestamp":"2026-05-24 06:24:06","userId":"6423823321"}
{"level":"info","message":"IOC容器构建完成","service":"nas-bot","timestamp":"2026-05-24 06:24:18"}
{"alertInterval":"每5分钟","level":"info","message":"定时调度器启动","service":"nas-bot","summaryTime":"15:35","timestamp":"2026-05-24 06:24:18"}
{"level":"info","message":"Bot启动","service":"nas-bot","timestamp":"2026-05-24 06:24:18"}
{"level":"info","message":"NAS Bot 已启动 🚀","service":"nas-bot","timestamp":"2026-05-24 06:24:18"}
{"error":"","level":"error","message":"Telegram请求失败","method":"getUpdates","service":"nas-bot","timestamp":"2026-05-24 06:24:18"}
{"error":"","level":"error","message":"Telegram请求失败","method":"getUpdates","service":"nas-bot","timestamp":"2026-05-24 06:24:20"}
{"error":"","level":"error","message":"Telegram请求失败","method":"getUpdates","service":"nas-bot","timestamp":"2026-05-24 06:24:21"}
{"error":"","level":"error","message":"Telegram请求失败","method":"getUpdates","service":"nas-bot","timestamp":"2026-05-24 06:24:22"}
{"error":"","level":"error","message":"Telegram请求失败","method":"getUpdates","service":"nas-bot","timestamp":"2026-05-24 06:24:23"}
{"error":"","level":"error","message":"Telegram请求失败","method":"getUpdates","service":"nas-bot","timestamp":"2026-05-24 06:24:25"}
{"args":"docker restart nas-bot","command":"exec","level":"info","message":"收到指令","service":"nas-bot","timestamp":"2026-05-24 06:24:26","userId":"6423823321"}
{"level":"info","message":"IOC容器构建完成","service":"nas-bot","timestamp":"2026-05-24 06:24:38"}
{"alertInterval":"每5分钟","level":"info","message":"定时调度器启动","service":"nas-bot","summaryTime":"15:35","timestamp":"2026-05-24 06:24:38"}
{"level":"info","message":"Bot启动","service":"nas-bot","timestamp":"2026-05-24 06:24:38"}
{"level":"info","message":"NAS Bot 已启动 🚀","service":"nas-bot","timestamp":"2026-05-24 06:24:38"}
{"error":"","level":"error","message":"Telegram请求失败","method":"getUpdates","service":"nas-bot","timestamp":"2026-05-24 06:24:38"}
{"error":"","level":"error","message":"Telegram请求失败","method":"getUpdates","service":"nas-bot","timestamp":"2026-05-24 06:24:40"}
{"error":"","level":"error","message":"Telegram请求失败","method":"getUpdates","service":"nas-bot","timestamp":"2026-05-24 06:24:41"}
{"error":"","level":"error","message":"Telegram请求失败","method":"getUpdates","service":"nas-bot","timestamp":"2026-05-24 06:24:42"}
{"args":"docker restart nas-bot","command":"exec","level":"info","message":"收到指令","service":"nas-bot","timestamp":"2026-05-24 06:24:44","userId":"6423823321"}
{"level":"info","message":"IOC容器构建完成","service":"nas-bot","timestamp":"2026-05-24 06:24:55"}
{"alertInterval":"每5分钟","level":"info","message":"定时调度器启动","service":"nas-bot","summaryTime":"15:35","timestamp":"2026-05-24 06:24:55"}
{"level":"info","message":"Bot启动","service":"nas-bot","timestamp":"2026-05-24 06:24:55"}
{"level":"info","message":"NAS Bot 已启动 🚀","service":"nas-bot","timestamp":"2026-05-24 06:24:55"}
{"error":"","level":"error","message":"Telegram请求失败","method":"getUpdates","service":"nas-bot","timestamp":"2026-05-24 06:24:56"}
{"error":"","level":"error","message":"Telegram请求失败","method":"getUpdates","service":"nas-bot","timestamp":"2026-05-24 06:24:57"}
{"error":"","level":"error","message":"Telegram请求失败","method":"getUpdates","service":"nas-bot","timestamp":"2026-05-24 06:24:58"}
{"error":"","level":"error","message":"Telegram请求失败","method":"getUpdates","service":"nas-bot","timestamp":"2026-05-24 06:24:59"}
{"error":"","level":"error","message":"Telegram请求失败","method":"getUpdates","service":"nas-bot","timestamp":"2026-05-24 06:25:01"}
{"level":"info","message":"收到信号 SIGTERM，正在关闭...","service":"nas-bot","timestamp":"2026-05-24 06:25:01"}
{"level":"info","message":"IOC容器构建完成","service":"nas-bot","timestamp":"2026-05-24 06:25:02"}
{"alertInterval":"每5分钟","level":"info","message":"定时调度器启动","service":"nas-bot","summaryTime":"15:35","timestamp":"2026-05-24 06:25:02"}
{"level":"info","message":"Bot启动","service":"nas-bot","timestamp":"2026-05-24 06:25:02"}
{"level":"info","message":"NAS Bot 已启动 🚀","service":"nas-bot","timestamp":"2026-05-24 06:25:03"}
{"error":"","level":"error","message":"Telegram请求失败","method":"getUpdates","service":"nas-bot","timestamp":"2026-05-24 06:25:03"}
{"error":"","level":"error","message":"Telegram请求失败","method":"getUpdates","service":"nas-bot","timestamp":"2026-05-24 06:25:04"}
{"error":"","level":"error","message":"Telegram请求失败","method":"getUpdates","service":"nas-bot","timestamp":"2026-05-24 06:25:05"}
{"args":"docker restart nas-bot","command":"exec","level":"info","message":"收到指令","service":"nas-bot","timestamp":"2026-05-24 06:25:07","userId":"6423823321"}
{"level":"info","message":"IOC容器构建完成","service":"nas-bot","timestamp":"2026-05-24 06:25:19"}
{"alertInterval":"每5分钟","level":"info","message":"定时调度器启动","service":"nas-bot","summaryTime":"15:35","timestamp":"2026-05-24 06:25:19"}
{"level":"info","message":"Bot启动","service":"nas-bot","timestamp":"2026-05-24 06:25:19"}
{"level":"info","message":"NAS Bot 已启动 🚀","service":"nas-bot","timestamp":"2026-05-24 06:25:19"}
{"error":"","level":"error","message":"Telegram请求失败","method":"getUpdates","service":"nas-bot","timestamp":"2026-05-24 06:25:19"}
{"error":"","level":"error","message":"Telegram请求失败","method":"getUpdates","service":"nas-bot","timestamp":"2026-05-24 06:25:20"}
{"error":"","level":"error","message":"Telegram请求失败","method":"getUpdates","service":"nas-bot","timestamp":"2026-05-24 06:25:22"}
{"error":"","level":"error","message":"Telegram请求失败","method":"getUpdates","service":"nas-bot","timestamp":"2026-05-24 06:25:23"}
{"error":"","level":"error","message":"Telegram请求失败","method":"getUpdates","service":"nas-bot","timestamp":"2026-05-24 06:25:24"}
{"args":"docker restart nas-bot","command":"exec","level":"info","message":"收到指令","service":"nas-bot","timestamp":"2026-05-24 06:25:26","userId":"6423823321"}
{"level":"info","message":"IOC容器构建完成","service":"nas-bot","timestamp":"2026-05-24 06:25:37"}
{"alertInterval":"每5分钟","level":"info","message":"定时调度器启动","service":"nas-bot","summaryTime":"15:35","timestamp":"2026-05-24 06:25:37"}
{"level":"info","message":"Bot启动","service":"nas-bot","timestamp":"2026-05-24 06:25:37"}
{"level":"info","message":"NAS Bot 已启动 🚀","service":"nas-bot","timestamp":"2026-05-24 06:25:37"}
{"error":"","level":"error","message":"Telegram请求失败","method":"getUpdates","service":"nas-bot","timestamp":"2026-05-24 06:25:38"}
{"args":"docker restart nas-bot","command":"exec","level":"info","message":"收到指令","service":"nas-bot","timestamp":"2026-05-24 06:25:40","userId":"6423823321"}
{"level":"info","message":"IOC容器构建完成","service":"nas-bot","timestamp":"2026-05-24 06:25:51"}
{"alertInterval":"每5分钟","level":"info","message":"定时调度器启动","service":"nas-bot","summaryTime":"15:35","timestamp":"2026-05-24 06:25:51"}
{"level":"info","message":"Bot启动","service":"nas-bot","timestamp":"2026-05-24 06:25:51"}
{"level":"info","message":"NAS Bot 已启动 🚀","service":"nas-bot","timestamp":"2026-05-24 06:25:51"}
{"error":"","level":"error","message":"Telegram请求失败","method":"getUpdates","service":"nas-bot","timestamp":"2026-05-24 06:25:51"}
{"error":"","level":"error","message":"Telegram请求失败","method":"getUpdates","service":"nas-bot","timestamp":"2026-05-24 06:25:53"}
{"error":"","level":"error","message":"Telegram请求失败","method":"getUpdates","service":"nas-bot","timestamp":"2026-05-24 06:25:54"}
{"args":"docker restart nas-bot","command":"exec","level":"info","message":"收到指令","service":"nas-bot","timestamp":"2026-05-24 06:25:56","userId":"6423823321"}
{"level":"info","message":"IOC容器构建完成","service":"nas-bot","timestamp":"2026-05-24 06:26:07"}
{"alertInterval":"每5分钟","level":"info","message":"定时调度器启动","service":"nas-bot","summaryTime":"15:35","timestamp":"2026-05-24 06:26:07"}
{"level":"info","message":"Bot启动","service":"nas-bot","timestamp":"2026-05-24 06:26:07"}
{"level":"info","message":"NAS Bot 已启动 🚀","service":"nas-bot","timestamp":"2026-05-24 06:26:07"}
{"error":"","level":"error","message":"Telegram请求失败","method":"getUpdates","service":"nas-bot","timestamp":"2026-05-24 06:26:08"}
{"error":"","level":"error","message":"Telegram请求失败","method":"getUpdates","service":"nas-bot","timestamp":"2026-05-24 06:26:09"}
{"error":"","level":"error","message":"Telegram请求失败","method":"getUpdates","service":"nas-bot","timestamp":"2026-05-24 06:26:10"}
{"args":"docker restart nas-bot","command":"exec","level":"info","message":"收到指令","service":"nas-bot","timestamp":"2026-05-24 06:26:12","userId":"6423823321"}
{"level":"info","message":"IOC容器构建完成","service":"nas-bot","timestamp":"2026-05-24 06:26:24"}
{"alertInterval":"每5分钟","level":"info","message":"定时调度器启动","service":"nas-bot","summaryTime":"15:35","timestamp":"2026-05-24 06:26:24"}
{"level":"info","message":"Bot启动","service":"nas-bot","timestamp":"2026-05-24 06:26:24"}
{"level":"info","message":"NAS Bot 已启动 🚀","service":"nas-bot","timestamp":"2026-05-24 06:26:24"}
{"args":"docker restart nas-bot","command":"exec","level":"info","message":"收到指令","service":"nas-bot","timestamp":"2026-05-24 06:26:25","userId":"6423823321"}
{"level":"info","message":"IOC容器构建完成","service":"nas-bot","timestamp":"2026-05-24 06:26:36"}
{"alertInterval":"每5分钟","level":"info","message":"定时调度器启动","service":"nas-bot","summaryTime":"15:35","timestamp":"2026-05-24 06:26:36"}
{"level":"info","message":"Bot启动","service":"nas-bot","timestamp":"2026-05-24 06:26:36"}
{"level":"info","message":"NAS Bot 已启动 🚀","service":"nas-bot","timestamp":"2026-05-24 06:26:36"}
{"error":"","level":"error","message":"Telegram请求失败","method":"getUpdates","service":"nas-bot","timestamp":"2026-05-24 06:26:36"}
{"args":"docker restart nas-bot","command":"exec","level":"info","message":"收到指令","service":"nas-bot","timestamp":"2026-05-24 06:26:38","userId":"6423823321"}
{"level":"info","message":"IOC容器构建完成","service":"nas-bot","timestamp":"2026-05-24 06:26:50"}
{"alertInterval":"每5分钟","level":"info","message":"定时调度器启动","service":"nas-bot","summaryTime":"15:35","timestamp":"2026-05-24 06:26:50"}
{"level":"info","message":"Bot启动","service":"nas-bot","timestamp":"2026-05-24 06:26:50"}
{"level":"info","message":"NAS Bot 已启动 🚀","service":"nas-bot","timestamp":"2026-05-24 06:26:50"}
{"error":"","level":"error","message":"Telegram请求失败","method":"getUpdates","service":"nas-bot","timestamp":"2026-05-24 06:26:50"}
{"args":"docker restart nas-bot","command":"exec","level":"info","message":"收到指令","service":"nas-bot","timestamp":"2026-05-24 06:26:52","userId":"6423823321"}
{"level":"info","message":"IOC容器构建完成","service":"nas-bot","timestamp":"2026-05-24 06:27:03"}
{"alertInterval":"每5分钟","level":"info","message":"定时调度器启动","service":"nas-bot","summaryTime":"15:35","timestamp":"2026-05-24 06:27:03"}
{"level":"info","message":"Bot启动","service":"nas-bot","timestamp":"2026-05-24 06:27:03"}
{"level":"info","message":"NAS Bot 已启动 🚀","service":"nas-bot","timestamp":"2026-05-24 06:27:04"}
{"error":"","level":"error","message":"Telegram请求失败","method":"getUpdates","service":"nas-bot","timestamp":"2026-05-24 06:27:04"}
{"error":"","level":"error","message":"Telegram请求失败","method":"getUpdates","service":"nas-bot","timestamp":"2026-05-24 06:27:05"}
{"error":"","level":"error","message":"Telegram请求失败","method":"getUpdates","service":"nas-bot","timestamp":"2026-05-24 06:27:06"}
{"error":"","level":"error","message":"Telegram请求失败","method":"getUpdates","service":"nas-bot","timestamp":"2026-05-24 06:27:08"}
{"args":"docker restart nas-bot","command":"exec","level":"info","message":"收到指令","service":"nas-bot","timestamp":"2026-05-24 06:27:09","userId":"6423823321"}
{"level":"info","message":"IOC容器构建完成","service":"nas-bot","timestamp":"2026-05-24 06:27:21"}
{"alertInterval":"每5分钟","level":"info","message":"定时调度器启动","service":"nas-bot","summaryTime":"15:35","timestamp":"2026-05-24 06:27:21"}
{"level":"info","message":"Bot启动","service":"nas-bot","timestamp":"2026-05-24 06:27:21"}
{"level":"info","message":"NAS Bot 已启动 🚀","service":"nas-bot","timestamp":"2026-05-24 06:27:21"}
{"error":"","level":"error","message":"Telegram请求失败","method":"getUpdates","service":"nas-bot","timestamp":"2026-05-24 06:27:21"}
{"args":"docker restart nas-bot","command":"exec","level":"info","message":"收到指令","service":"nas-bot","timestamp":"2026-05-24 06:27:23","userId":"6423823321"}
{"level":"info","message":"IOC容器构建完成","service":"nas-bot","timestamp":"2026-05-24 06:27:35"}
{"alertInterval":"每5分钟","level":"info","message":"定时调度器启动","service":"nas-bot","summaryTime":"15:35","timestamp":"2026-05-24 06:27:35"}
{"level":"info","message":"Bot启动","service":"nas-bot","timestamp":"2026-05-24 06:27:35"}
{"level":"info","message":"NAS Bot 已启动 🚀","service":"nas-bot","timestamp":"2026-05-24 06:27:35"}
{"error":"","level":"error","message":"Telegram请求失败","method":"getUpdates","service":"nas-bot","timestamp":"2026-05-24 06:27:35"}
{"args":"docker restart nas-bot","command":"exec","level":"info","message":"收到指令","service":"nas-bot","timestamp":"2026-05-24 06:27:37","userId":"6423823321"}
{"level":"info","message":"IOC容器构建完成","service":"nas-bot","timestamp":"2026-05-24 06:27:48"}
{"alertInterval":"每5分钟","level":"info","message":"定时调度器启动","service":"nas-bot","summaryTime":"15:35","timestamp":"2026-05-24 06:27:48"}
{"level":"info","message":"Bot启动","service":"nas-bot","timestamp":"2026-05-24 06:27:48"}
{"level":"info","message":"NAS Bot 已启动 🚀","service":"nas-bot","timestamp":"2026-05-24 06:27:48"}
{"args":"docker restart nas-bot","command":"exec","level":"info","message":"收到指令","service":"nas-bot","timestamp":"2026-05-24 06:27:49","userId":"6423823321"}
{"level":"info","message":"IOC容器构建完成","service":"nas-bot","timestamp":"2026-05-24 06:28:01"}
{"alertInterval":"每5分钟","level":"info","message":"定时调度器启动","service":"nas-bot","summaryTime":"15:35","timestamp":"2026-05-24 06:28:01"}
{"level":"info","message":"Bot启动","service":"nas-bot","timestamp":"2026-05-24 06:28:01"}
{"level":"info","message":"NAS Bot 已启动 🚀","service":"nas-bot","timestamp":"2026-05-24 06:28:01"}
{"error":"","level":"error","message":"Telegram请求失败","method":"getUpdates","service":"nas-bot","timestamp":"2026-05-24 06:28:01"}
{"args":"docker restart nas-bot","command":"exec","level":"info","message":"收到指令","service":"nas-bot","timestamp":"2026-05-24 06:28:03","userId":"6423823321"}
{"level":"info","message":"IOC容器构建完成","service":"nas-bot","timestamp":"2026-05-24 06:28:14"}
{"alertInterval":"每5分钟","level":"info","message":"定时调度器启动","service":"nas-bot","summaryTime":"15:35","timestamp":"2026-05-24 06:28:14"}
{"level":"info","message":"Bot启动","service":"nas-bot","timestamp":"2026-05-24 06:28:14"}
{"level":"info","message":"NAS Bot 已启动 🚀","service":"nas-bot","timestamp":"2026-05-24 06:28:14"}
{"args":"docker restart nas-bot","command":"exec","level":"info","message":"收到指令","service":"nas-bot","timestamp":"2026-05-24 06:28:15","userId":"6423823321"}
{"cmd":"docker restart nas-bot","level":"info","message":"执行命令","service":"nas-bot","timestamp":"2026-05-24 06:28:15"}
{"cmd":"docker restart nas-bot","error":"spawnSync /bin/sh ETIMEDOUT","level":"error","message":"Docker命令执行失败","service":"nas-bot","timestamp":"2026-05-24 06:28:25"}
{"args":"ls /bin/","command":"exec","level":"info","message":"收到指令","service":"nas-bot","timestamp":"2026-05-24 06:28:25","userId":"6423823321"}
{"cmd":"ls /bin/","level":"info","message":"执行命令","service":"nas-bot","timestamp":"2026-05-24 06:28:25"}
{"args":"node -e \"require('child_process').execSync('ls /bin/sh').toString()\"","command":"exec","level":"info","message":"收到指令","service":"nas-bot","timestamp":"2026-05-24 06:28:25","userId":"6423823321"}
{"cmd":"node -e \"require('child_process').execSync('ls /bin/sh').toString()\"","level":"info","message":"执行命令","service":"nas-bot","timestamp":"2026-05-24 06:28:25"}
{"args":"状态","command":"股票","level":"info","message":"收到指令","service":"nas-bot","timestamp":"2026-05-24 06:28:25","userId":"6423823321"}
{"args":"","command":"/start","level":"info","message":"收到指令","service":"nas-bot","timestamp":"2026-05-24 06:28:25","userId":"6423823321"}
{"args":"容器","command":"系统","level":"info","message":"收到指令","service":"nas-bot","timestamp":"2026-05-24 06:28:25","userId":"6423823321"}
{"level":"info","message":"获取容器列表","service":"nas-bot","timestamp":"2026-05-24 06:28:25"}
{"args":"状态","command":"股票","level":"info","message":"收到指令","service":"nas-bot","timestamp":"2026-05-24 06:28:25","userId":"6423823321"}
{"args":"开启","command":"股票","level":"info","message":"收到指令","service":"nas-bot","timestamp":"2026-05-24 06:28:25","userId":"6423823321"}
{"args":"链接","command":"股票","level":"info","message":"收到指令","service":"nas-bot","timestamp":"2026-05-24 06:28:25","userId":"6423823321"}
{"args":"检测","command":"股票","level":"info","message":"收到指令","service":"nas-bot","timestamp":"2026-05-24 06:28:25","userId":"6423823321"}
{"args":"状态","command":"系统","level":"info","message":"收到指令","service":"nas-bot","timestamp":"2026-05-24 06:28:25","userId":"6423823321"}
{"count":10,"level":"warn","message":"触发限流","service":"nas-bot","timestamp":"2026-05-24 06:28:25","userId":"6423823321"}
{"args":"关闭","command":"ai","level":"info","message":"收到指令","service":"nas-bot","timestamp":"2026-05-24 06:28:25","userId":"6423823321"}
{"count":10,"level":"warn","message":"触发限流","service":"nas-bot","timestamp":"2026-05-24 06:28:25","userId":"6423823321"}
{"args":"状态","command":"系统","level":"info","message":"收到指令","service":"nas-bot","timestamp":"2026-05-24 06:28:25","userId":"6423823321"}
{"count":10,"level":"warn","message":"触发限流","service":"nas-bot","timestamp":"2026-05-24 06:28:25","userId":"6423823321"}
{"args":"状态","command":"系统","level":"info","message":"收到指令","service":"nas-bot","timestamp":"2026-05-24 06:28:25","userId":"6423823321"}
{"count":10,"level":"warn","message":"触发限流","service":"nas-bot","timestamp":"2026-05-24 06:28:25","userId":"6423823321"}
{"args":"状态","command":"股票","level":"info","message":"收到指令","service":"nas-bot","timestamp":"2026-05-24 06:28:25","userId":"6423823321"}
{"count":10,"level":"warn","message":"触发限流","service":"nas-bot","timestamp":"2026-05-24 06:28:25","userId":"6423823321"}
{"args":"","command":"帮助","level":"info","message":"收到指令","service":"nas-bot","timestamp":"2026-05-24 06:28:25","userId":"6423823321"}
{"count":10,"level":"warn","message":"触发限流","service":"nas-bot","timestamp":"2026-05-24 06:28:25","userId":"6423823321"}
{"args":"","command":"股票状态","level":"info","message":"收到指令","service":"nas-bot","timestamp":"2026-05-24 06:28:25","userId":"6423823321"}
{"count":10,"level":"warn","message":"触发限流","service":"nas-bot","timestamp":"2026-05-24 06:28:25","userId":"6423823321"}
{"args":"","command":"帮助","level":"info","message":"收到指令","service":"nas-bot","timestamp":"2026-05-24 06:28:25","userId":"6423823321"}
{"count":10,"level":"warn","message":"触发限流","service":"nas-bot","timestamp":"2026-05-24 06:28:25","userId":"6423823321"}
{"args":"docker restart nas-bot","command":"exec","level":"info","message":"收到指令","service":"nas-bot","timestamp":"2026-05-24 06:28:25","userId":"6423823321"}
{"count":10,"level":"warn","message":"触发限流","service":"nas-bot","timestamp":"2026-05-24 06:28:25","userId":"6423823321"}
{"args":"状态","command":"股票","level":"info","message":"收到指令","service":"nas-bot","timestamp":"2026-05-24 06:28:25","userId":"6423823321"}
{"count":10,"level":"warn","message":"触发限流","service":"nas-bot","timestamp":"2026-05-24 06:28:25","userId":"6423823321"}
{"args":"状态","command":"股票","level":"info","message":"收到指令","service":"nas-bot","timestamp":"2026-05-24 06:28:25","userId":"6423823321"}
{"count":10,"level":"warn","message":"触发限流","service":"nas-bot","timestamp":"2026-05-24 06:28:25","userId":"6423823321"}
{"args":"状态","command":"股票","level":"info","message":"收到指令","service":"nas-bot","timestamp":"2026-05-24 06:28:25","userId":"6423823321"}
{"count":10,"level":"warn","message":"触发限流","service":"nas-bot","timestamp":"2026-05-24 06:28:25","userId":"6423823321"}
{"args":"状态","command":"股票","level":"info","message":"收到指令","service":"nas-bot","timestamp":"2026-05-24 06:28:25","userId":"6423823321"}
{"count":10,"level":"warn","message":"触发限流","service":"nas-bot","timestamp":"2026-05-24 06:28:25","userId":"6423823321"}
{"args":"检测","command":"股票","level":"info","message":"收到指令","service":"nas-bot","timestamp":"2026-05-24 06:28:25","userId":"6423823321"}
{"count":10,"level":"warn","message":"触发限流","service":"nas-bot","timestamp":"2026-05-24 06:28:25","userId":"6423823321"}
{"args":"状态","command":"股票","level":"info","message":"收到指令","service":"nas-bot","timestamp":"2026-05-24 06:28:25","userId":"6423823321"}
{"count":10,"level":"warn","message":"触发限流","service":"nas-bot","timestamp":"2026-05-24 06:28:25","userId":"6423823321"}
{"args":"简报","command":"股票","level":"info","message":"收到指令","service":"nas-bot","timestamp":"2026-05-24 06:28:25","userId":"6423823321"}
{"count":10,"level":"warn","message":"触发限流","service":"nas-bot","timestamp":"2026-05-24 06:28:25","userId":"6423823321"}
{"args":"今日","command":"天气","level":"info","message":"收到指令","service":"nas-bot","timestamp":"2026-05-24 06:28:25","userId":"6423823321"}
{"count":10,"level":"warn","message":"触发限流","service":"nas-bot","timestamp":"2026-05-24 06:28:25","userId":"6423823321"}
{"args":"","command":"/start","level":"info","message":"收到指令","service":"nas-bot","timestamp":"2026-05-24 06:28:25","userId":"6423823321"}
{"count":10,"level":"warn","message":"触发限流","service":"nas-bot","timestamp":"2026-05-24 06:28:25","userId":"6423823321"}
{"args":"","command":"/start","level":"info","message":"收到指令","service":"nas-bot","timestamp":"2026-05-24 06:28:25","userId":"6423823321"}
{"count":10,"level":"warn","message":"触发限流","service":"nas-bot","timestamp":"2026-05-24 06:28:25","userId":"6423823321"}
{"args":"今日","command":"天气","level":"info","message":"收到指令","service":"nas-bot","timestamp":"2026-05-24 06:28:25","userId":"6423823321"}
{"count":10,"level":"warn","message":"触发限流","service":"nas-bot","timestamp":"2026-05-24 06:28:25","userId":"6423823321"}
{"args":"状态","command":"股票","level":"info","message":"收到指令","service":"nas-bot","timestamp":"2026-05-24 06:28:25","userId":"6423823321"}
{"count":10,"level":"warn","message":"触发限流","service":"nas-bot","timestamp":"2026-05-24 06:28:25","userId":"6423823321"}
{"args":"","command":"帮助","level":"info","message":"收到指令","service":"nas-bot","timestamp":"2026-05-24 06:28:25","userId":"6423823321"}
{"count":10,"level":"warn","message":"触发限流","service":"nas-bot","timestamp":"2026-05-24 06:28:25","userId":"6423823321"}
{"args":"","command":"/start","level":"info","message":"收到指令","service":"nas-bot","timestamp":"2026-05-24 06:28:25","userId":"6423823321"}
{"count":10,"level":"warn","message":"触发限流","service":"nas-bot","timestamp":"2026-05-24 06:28:25","userId":"6423823321"}
{"level":"info","message":"IOC容器构建完成","service":"nas-bot","timestamp":"2026-05-24 06:28:27"}
{"alertInterval":"每5分钟","level":"info","message":"定时调度器启动","service":"nas-bot","summaryTime":"15:35","timestamp":"2026-05-24 06:28:27"}
{"level":"info","message":"Bot启动","service":"nas-bot","timestamp":"2026-05-24 06:28:27"}
{"level":"info","message":"NAS Bot 已启动 🚀","service":"nas-bot","timestamp":"2026-05-24 06:28:27"}
{"args":"docker restart nas-bot","command":"exec","level":"info","message":"收到指令","service":"nas-bot","timestamp":"2026-05-24 06:28:28","userId":"6423823321"}
{"level":"info","message":"IOC容器构建完成","service":"nas-bot","timestamp":"2026-05-24 06:28:39"}
{"alertInterval":"每5分钟","level":"info","message":"定时调度器启动","service":"nas-bot","summaryTime":"15:35","timestamp":"2026-05-24 06:28:39"}
{"level":"info","message":"Bot启动","service":"nas-bot","timestamp":"2026-05-24 06:28:39"}
{"level":"info","message":"NAS Bot 已启动 🚀","service":"nas-bot","timestamp":"2026-05-24 06:28:39"}
{"args":"docker restart nas-bot","command":"exec","level":"info","message":"收到指令","service":"nas-bot","timestamp":"2026-05-24 06:28:40","userId":"6423823321"}
{"level":"info","message":"IOC容器构建完成","service":"nas-bot","timestamp":"2026-05-24 06:28:52"}
{"alertInterval":"每5分钟","level":"info","message":"定时调度器启动","service":"nas-bot","summaryTime":"15:35","timestamp":"2026-05-24 06:28:52"}
{"level":"info","message":"Bot启动","service":"nas-bot","timestamp":"2026-05-24 06:28:52"}
{"level":"info","message":"NAS Bot 已启动 🚀","service":"nas-bot","timestamp":"2026-05-24 06:28:52"}
{"error":"","level":"error","message":"Telegram请求失败","method":"getUpdates","service":"nas-bot","timestamp":"2026-05-24 06:28:52"}
{"args":"docker restart nas-bot","command":"exec","level":"info","message":"收到指令","service":"nas-bot","timestamp":"2026-05-24 06:28:54","userId":"6423823321"}
{"level":"info","message":"IOC容器构建完成","service":"nas-bot","timestamp":"2026-05-24 06:29:03"}
{"alertInterval":"每5分钟","level":"info","message":"定时调度器启动","service":"nas-bot","summaryTime":"15:35","timestamp":"2026-05-24 06:29:03"}
{"level":"info","message":"Bot启动","service":"nas-bot","timestamp":"2026-05-24 06:29:03"}
{"level":"info","message":"NAS Bot 已启动 🚀","service":"nas-bot","timestamp":"2026-05-24 06:29:03"}
{"args":"docker restart nas-bot","command":"exec","level":"info","message":"收到指令","service":"nas-bot","timestamp":"2026-05-24 06:29:04","userId":"6423823321"}
{"level":"info","message":"IOC容器构建完成","service":"nas-bot","timestamp":"2026-05-24 06:29:16"}
{"alertInterval":"每5分钟","level":"info","message":"定时调度器启动","service":"nas-bot","summaryTime":"15:35","timestamp":"2026-05-24 06:29:16"}
{"level":"info","message":"Bot启动","service":"nas-bot","timestamp":"2026-05-24 06:29:16"}
{"level":"info","message":"NAS Bot 已启动 🚀","service":"nas-bot","timestamp":"2026-05-24 06:29:16"}
{"error":"","level":"error","message":"Telegram请求失败","method":"getUpdates","service":"nas-bot","timestamp":"2026-05-24 06:29:16"}
{"args":"docker restart nas-bot","command":"exec","level":"info","message":"收到指令","service":"nas-bot","timestamp":"2026-05-24 06:29:18","userId":"6423823321"}
{"cmd":"docker restart nas-bot","level":"info","message":"执行命令","service":"nas-bot","timestamp":"2026-05-24 06:29:18"}
{"cmd":"docker restart nas-bot","error":"spawnSync /bin/sh ETIMEDOUT","level":"error","message":"Docker命令执行失败","service":"nas-bot","timestamp":"2026-05-24 06:29:28"}
{"args":"ls /bin/","command":"exec","level":"info","message":"收到指令","service":"nas-bot","timestamp":"2026-05-24 06:29:28","userId":"6423823321"}
{"cmd":"ls /bin/","level":"info","message":"执行命令","service":"nas-bot","timestamp":"2026-05-24 06:29:28"}
{"args":"node -e \"require('child_process').execSync('ls /bin/sh').toString()\"","command":"exec","level":"info","message":"收到指令","service":"nas-bot","timestamp":"2026-05-24 06:29:28","userId":"6423823321"}
{"cmd":"node -e \"require('child_process').execSync('ls /bin/sh').toString()\"","level":"info","message":"执行命令","service":"nas-bot","timestamp":"2026-05-24 06:29:28"}
{"args":"状态","command":"股票","level":"info","message":"收到指令","service":"nas-bot","timestamp":"2026-05-24 06:29:28","userId":"6423823321"}
{"args":"","command":"/start","level":"info","message":"收到指令","service":"nas-bot","timestamp":"2026-05-24 06:29:28","userId":"6423823321"}
{"args":"容器","command":"系统","level":"info","message":"收到指令","service":"nas-bot","timestamp":"2026-05-24 06:29:28","userId":"6423823321"}
{"level":"info","message":"获取容器列表","service":"nas-bot","timestamp":"2026-05-24 06:29:28"}
{"args":"状态","command":"股票","level":"info","message":"收到指令","service":"nas-bot","timestamp":"2026-05-24 06:29:28","userId":"6423823321"}
{"args":"开启","command":"股票","level":"info","message":"收到指令","service":"nas-bot","timestamp":"2026-05-24 06:29:28","userId":"6423823321"}
{"args":"链接","command":"股票","level":"info","message":"收到指令","service":"nas-bot","timestamp":"2026-05-24 06:29:28","userId":"6423823321"}
{"args":"检测","command":"股票","level":"info","message":"收到指令","service":"nas-bot","timestamp":"2026-05-24 06:29:28","userId":"6423823321"}
{"args":"状态","command":"系统","level":"info","message":"收到指令","service":"nas-bot","timestamp":"2026-05-24 06:29:28","userId":"6423823321"}
{"count":10,"level":"warn","message":"触发限流","service":"nas-bot","timestamp":"2026-05-24 06:29:28","userId":"6423823321"}
{"args":"关闭","command":"ai","level":"info","message":"收到指令","service":"nas-bot","timestamp":"2026-05-24 06:29:28","userId":"6423823321"}
{"count":10,"level":"warn","message":"触发限流","service":"nas-bot","timestamp":"2026-05-24 06:29:28","userId":"6423823321"}
{"args":"状态","command":"系统","level":"info","message":"收到指令","service":"nas-bot","timestamp":"2026-05-24 06:29:28","userId":"6423823321"}
{"count":10,"level":"warn","message":"触发限流","service":"nas-bot","timestamp":"2026-05-24 06:29:28","userId":"6423823321"}
{"args":"状态","command":"系统","level":"info","message":"收到指令","service":"nas-bot","timestamp":"2026-05-24 06:29:28","userId":"6423823321"}
{"count":10,"level":"warn","message":"触发限流","service":"nas-bot","timestamp":"2026-05-24 06:29:28","userId":"6423823321"}
{"args":"状态","command":"股票","level":"info","message":"收到指令","service":"nas-bot","timestamp":"2026-05-24 06:29:28","userId":"6423823321"}
{"count":10,"level":"warn","message":"触发限流","service":"nas-bot","timestamp":"2026-05-24 06:29:28","userId":"6423823321"}
{"args":"","command":"帮助","level":"info","message":"收到指令","service":"nas-bot","timestamp":"2026-05-24 06:29:28","userId":"6423823321"}
{"count":10,"level":"warn","message":"触发限流","service":"nas-bot","timestamp":"2026-05-24 06:29:28","userId":"6423823321"}
{"args":"","command":"股票状态","level":"info","message":"收到指令","service":"nas-bot","timestamp":"2026-05-24 06:29:28","userId":"6423823321"}
{"count":10,"level":"warn","message":"触发限流","service":"nas-bot","timestamp":"2026-05-24 06:29:28","userId":"6423823321"}
{"args":"","command":"帮助","level":"info","message":"收到指令","service":"nas-bot","timestamp":"2026-05-24 06:29:28","userId":"6423823321"}
{"count":10,"level":"warn","message":"触发限流","service":"nas-bot","timestamp":"2026-05-24 06:29:28","userId":"6423823321"}
{"args":"docker restart nas-bot","command":"exec","level":"info","message":"收到指令","service":"nas-bot","timestamp":"2026-05-24 06:29:28","userId":"6423823321"}
{"count":10,"level":"warn","message":"触发限流","service":"nas-bot","timestamp":"2026-05-24 06:29:28","userId":"6423823321"}
{"args":"状态","command":"股票","level":"info","message":"收到指令","service":"nas-bot","timestamp":"2026-05-24 06:29:28","userId":"6423823321"}
{"count":10,"level":"warn","message":"触发限流","service":"nas-bot","timestamp":"2026-05-24 06:29:28","userId":"6423823321"}
{"args":"状态","command":"股票","level":"info","message":"收到指令","service":"nas-bot","timestamp":"2026-05-24 06:29:28","userId":"6423823321"}
{"count":10,"level":"warn","message":"触发限流","service":"nas-bot","timestamp":"2026-05-24 06:29:28","userId":"6423823321"}
{"args":"状态","command":"股票","level":"info","message":"收到指令","service":"nas-bot","timestamp":"2026-05-24 06:29:28","userId":"6423823321"}
{"count":10,"level":"warn","message":"触发限流","service":"nas-bot","timestamp":"2026-05-24 06:29:28","userId":"6423823321"}
{"args":"状态","command":"股票","level":"info","message":"收到指令","service":"nas-bot","timestamp":"2026-05-24 06:29:28","userId":"6423823321"}
{"count":10,"level":"warn","message":"触发限流","service":"nas-bot","timestamp":"2026-05-24 06:29:28","userId":"6423823321"}
{"args":"检测","command":"股票","level":"info","message":"收到指令","service":"nas-bot","timestamp":"2026-05-24 06:29:28","userId":"6423823321"}
{"count":10,"level":"warn","message":"触发限流","service":"nas-bot","timestamp":"2026-05-24 06:29:28","userId":"6423823321"}
{"args":"状态","command":"股票","level":"info","message":"收到指令","service":"nas-bot","timestamp":"2026-05-24 06:29:28","userId":"6423823321"}
{"count":10,"level":"warn","message":"触发限流","service":"nas-bot","timestamp":"2026-05-24 06:29:28","userId":"6423823321"}
{"args":"简报","command":"股票","level":"info","message":"收到指令","service":"nas-bot","timestamp":"2026-05-24 06:29:28","userId":"6423823321"}
{"count":10,"level":"warn","message":"触发限流","service":"nas-bot","timestamp":"2026-05-24 06:29:28","userId":"6423823321"}
{"args":"今日","command":"天气","level":"info","message":"收到指令","service":"nas-bot","timestamp":"2026-05-24 06:29:28","userId":"6423823321"}
{"count":10,"level":"warn","message":"触发限流","service":"nas-bot","timestamp":"2026-05-24 06:29:28","userId":"6423823321"}
{"args":"","command":"/start","level":"info","message":"收到指令","service":"nas-bot","timestamp":"2026-05-24 06:29:28","userId":"6423823321"}
{"count":10,"level":"warn","message":"触发限流","service":"nas-bot","timestamp":"2026-05-24 06:29:28","userId":"6423823321"}
{"args":"","command":"/start","level":"info","message":"收到指令","service":"nas-bot","timestamp":"2026-05-24 06:29:28","userId":"6423823321"}
{"count":10,"level":"warn","message":"触发限流","service":"nas-bot","timestamp":"2026-05-24 06:29:28","userId":"6423823321"}
{"args":"今日","command":"天气","level":"info","message":"收到指令","service":"nas-bot","timestamp":"2026-05-24 06:29:28","userId":"6423823321"}
{"count":10,"level":"warn","message":"触发限流","service":"nas-bot","timestamp":"2026-05-24 06:29:28","userId":"6423823321"}
{"args":"状态","command":"股票","level":"info","message":"收到指令","service":"nas-bot","timestamp":"2026-05-24 06:29:28","userId":"6423823321"}
{"count":10,"level":"warn","message":"触发限流","service":"nas-bot","timestamp":"2026-05-24 06:29:28","userId":"6423823321"}
{"args":"","command":"帮助","level":"info","message":"收到指令","service":"nas-bot","timestamp":"2026-05-24 06:29:28","userId":"6423823321"}
{"count":10,"level":"warn","message":"触发限流","service":"nas-bot","timestamp":"2026-05-24 06:29:28","userId":"6423823321"}
{"args":"","command":"/start","level":"info","message":"收到指令","service":"nas-bot","timestamp":"2026-05-24 06:29:28","userId":"6423823321"}
{"count":10,"level":"warn","message":"触发限流","service":"nas-bot","timestamp":"2026-05-24 06:29:28","userId":"6423823321"}
{"args":"状态","command":"股票","level":"info","message":"收到指令","service":"nas-bot","timestamp":"2026-05-24 06:29:28","userId":"6423823321"}
{"count":10,"level":"warn","message":"触发限流","service":"nas-bot","timestamp":"2026-05-24 06:29:28","userId":"6423823321"}
{"level":"info","message":"IOC容器构建完成","service":"nas-bot","timestamp":"2026-05-24 06:29:29"}
{"alertInterval":"每5分钟","level":"info","message":"定时调度器启动","service":"nas-bot","summaryTime":"15:35","timestamp":"2026-05-24 06:29:29"}
{"level":"info","message":"Bot启动","service":"nas-bot","timestamp":"2026-05-24 06:29:29"}
{"level":"info","message":"NAS Bot 已启动 🚀","service":"nas-bot","timestamp":"2026-05-24 06:29:29"}
{"error":"","level":"error","message":"Telegram请求失败","method":"getUpdates","service":"nas-bot","timestamp":"2026-05-24 06:29:30"}
{"args":"docker restart nas-bot","command":"exec","level":"info","message":"收到指令","service":"nas-bot","timestamp":"2026-05-24 06:29:31","userId":"6423823321"}
{"level":"info","message":"IOC容器构建完成","service":"nas-bot","timestamp":"2026-05-24 06:29:37"}
{"alertInterval":"每5分钟","level":"info","message":"定时调度器启动","service":"nas-bot","summaryTime":"15:35","timestamp":"2026-05-24 06:29:37"}
{"level":"info","message":"Bot启动","service":"nas-bot","timestamp":"2026-05-24 06:29:37"}
{"level":"info","message":"NAS Bot 已启动 🚀","service":"nas-bot","timestamp":"2026-05-24 06:29:37"}
{"error":"","level":"error","message":"Telegram请求失败","method":"getUpdates","service":"nas-bot","timestamp":"2026-05-24 06:29:37"}
{"error":"","level":"error","message":"Telegram请求失败","method":"getUpdates","service":"nas-bot","timestamp":"2026-05-24 06:29:39"}
{"args":"今日","command":"天气","level":"info","message":"收到指令","service":"nas-bot","timestamp":"2026-05-24 06:29:40","userId":"6423823321"}
{"command":"天气","elapsed":718,"level":"info","message":"指令处理完成","service":"nas-bot","timestamp":"2026-05-24 06:29:41"}
{"args":"今日","command":"天气","level":"info","message":"收到指令","service":"nas-bot","timestamp":"2026-05-24 06:29:46","userId":"6423823321"}
{"command":"天气","elapsed":686,"level":"info","message":"指令处理完成","service":"nas-bot","timestamp":"2026-05-24 06:29:47"}
{"args":"明日","command":"天气","level":"info","message":"收到指令","service":"nas-bot","timestamp":"2026-05-24 06:29:49","userId":"6423823321"}
{"command":"天气","elapsed":606,"level":"info","message":"指令处理完成","service":"nas-bot","timestamp":"2026-05-24 06:29:49"}
{"args":"状态","command":"股票","level":"info","message":"收到指令","service":"nas-bot","timestamp":"2026-05-24 06:29:52","userId":"6423823321"}
{"command":"股票","elapsed":496,"level":"info","message":"指令处理完成","service":"nas-bot","timestamp":"2026-05-24 06:29:52"}
{"args":"开启","command":"股票","level":"info","message":"收到指令","service":"nas-bot","timestamp":"2026-05-24 06:29:54","userId":"6423823321"}
{"level":"info","message":"启动容器","name":"stock-monitor","service":"nas-bot","timestamp":"2026-05-24 06:29:55"}
{"error":"","level":"error","message":"Telegram请求失败","method":"getUpdates","service":"nas-bot","timestamp":"2026-05-24 06:29:56"}
{"command":"股票","elapsed":2252,"level":"info","message":"指令处理完成","service":"nas-bot","timestamp":"2026-05-24 06:29:56"}
{"args":"链接","command":"股票","level":"info","message":"收到指令","service":"nas-bot","timestamp":"2026-05-24 06:29:58","userId":"6423823321"}
{"command":"股票","elapsed":492,"level":"info","message":"指令处理完成","service":"nas-bot","timestamp":"2026-05-24 06:29:58"}
{"args":"简报","command":"股票","level":"info","message":"收到指令","service":"nas-bot","timestamp":"2026-05-24 06:32:04","userId":"6423823321"}
{"count":5,"level":"info","message":"收盘简报生成成功","service":"nas-bot","timestamp":"2026-05-24 06:32:04"}
{"args":"检测","command":"股票","level":"info","message":"收到指令","service":"nas-bot","timestamp":"2026-05-24 06:32:09","userId":"6423823321"}
{"command":"股票","elapsed":534,"level":"info","message":"指令处理完成","service":"nas-bot","timestamp":"2026-05-24 06:32:09"}
{"args":"状态","command":"股票","level":"info","message":"收到指令","service":"nas-bot","timestamp":"2026-05-24 06:32:12","userId":"6423823321"}
{"command":"股票","elapsed":1083,"level":"info","message":"指令处理完成","service":"nas-bot","timestamp":"2026-05-24 06:32:13"}
{"args":"状态","command":"系统","level":"info","message":"收到指令","service":"nas-bot","timestamp":"2026-05-24 06:32:17","userId":"6423823321"}
{"level":"info","message":"获取系统状态","service":"nas-bot","timestamp":"2026-05-24 06:32:17"}
{"command":"系统","elapsed":621,"level":"info","message":"指令处理完成","service":"nas-bot","timestamp":"2026-05-24 06:32:18"}
{"args":"容器","command":"系统","level":"info","message":"收到指令","service":"nas-bot","timestamp":"2026-05-24 06:32:18","userId":"6423823321"}
{"level":"info","message":"获取容器列表","service":"nas-bot","timestamp":"2026-05-24 06:32:18"}
{"command":"系统","elapsed":549,"level":"info","message":"指令处理完成","service":"nas-bot","timestamp":"2026-05-24 06:32:19"}
{"elapsed":58902,"level":"info","message":"Ollama响应完成","model":"qwen2.5:1.5b","service":"nas-bot","timestamp":"2026-05-24 06:33:03"}
{"level":"warn","message":"Telegram请求失败，重试中","method":"sendMessage","remaining":2,"service":"nas-bot","timestamp":"2026-05-24 06:33:04"}
{"level":"warn","message":"Telegram请求失败，重试中","method":"sendMessage","remaining":1,"service":"nas-bot","timestamp":"2026-05-24 06:33:05"}
{"error":"","level":"error","message":"Telegram请求失败","method":"sendMessage","service":"nas-bot","timestamp":"2026-05-24 06:33:06"}
{"chatId":"6423823321","level":"warn","message":"消息发送失败","service":"nas-bot","timestamp":"2026-05-24 06:33:06"}
{"command":"股票","elapsed":62409,"level":"info","message":"指令处理完成","service":"nas-bot","timestamp":"2026-05-24 06:33:06"}
{"level":"info","message":"IOC容器构建完成","service":"nas-bot","timestamp":"2026-05-24 06:33:20"}
{"alertInterval":"每5分钟","level":"info","message":"定时调度器启动","service":"nas-bot","summaryTime":"15:35","timestamp":"2026-05-24 06:33:20"}
{"level":"info","message":"Bot启动","service":"nas-bot","timestamp":"2026-05-24 06:33:20"}
{"level":"info","message":"NAS Bot 已启动 🚀","service":"nas-bot","timestamp":"2026-05-24 06:33:20"}
{"args":"今日","command":"天气","level":"info","message":"收到指令","service":"nas-bot","timestamp":"2026-05-24 06:33:44","userId":"6423823321"}
{"command":"天气","elapsed":702,"level":"info","message":"指令处理完成","service":"nas-bot","timestamp":"2026-05-24 06:33:45"}
{"level":"info","message":"收到信号 SIGTERM，正在关闭...","service":"nas-bot","timestamp":"2026-05-24 06:35:53"}
{"level":"info","message":"IOC容器构建完成","service":"nas-bot","timestamp":"2026-05-24 06:37:10"}
{"alertInterval":"每5分钟","level":"info","message":"定时调度器启动","service":"nas-bot","summaryTime":"15:35","timestamp":"2026-05-24 06:37:10"}
{"level":"info","message":"Bot启动","service":"nas-bot","timestamp":"2026-05-24 06:37:10"}
{"level":"info","message":"NAS Bot 已启动 🚀","service":"nas-bot","timestamp":"2026-05-24 06:37:10"}
{"error":"","level":"error","message":"Telegram请求失败","method":"getUpdates","service":"nas-bot","timestamp":"2026-05-24 06:37:11"}
{"level":"info","message":"收到信号 SIGTERM，正在关闭...","service":"nas-bot","timestamp":"2026-05-24 06:40:49"}
{"level":"info","message":"IOC容器构建完成","service":"nas-bot","timestamp":"2026-05-24 06:42:21"}
{"level":"info","message":"定时调度器启动","service":"nas-bot","summaryTime":"15:35","timestamp":"2026-05-24 06:42:21","weatherCheck":"15:00 ~ 21:00 毎時"}
{"level":"info","message":"Bot启动","service":"nas-bot","timestamp":"2026-05-24 06:42:21"}
{"level":"info","message":"NAS Bot 已启动 🚀","service":"nas-bot","timestamp":"2026-05-24 06:42:21"}
{"error":"","level":"error","message":"Telegram请求失败","method":"getUpdates","service":"nas-bot","timestamp":"2026-05-24 06:42:22"}
{"error":"","level":"error","message":"Telegram请求失败","method":"getUpdates","service":"nas-bot","timestamp":"2026-05-24 06:42:23"}
{"error":"","level":"error","message":"Telegram请求失败","method":"getUpdates","service":"nas-bot","timestamp":"2026-05-24 06:42:24"}
{"args":"","command":"帮助","level":"info","message":"收到指令","service":"nas-bot","timestamp":"2026-05-24 06:42:51","userId":"6423823321"}
{"command":"帮助","elapsed":539,"level":"info","message":"指令处理完成","service":"nas-bot","timestamp":"2026-05-24 06:42:51"}
{"args":"","command":"/start","level":"info","message":"收到指令","service":"nas-bot","timestamp":"2026-05-24 06:43:02","userId":"6423823321"}
{"command":"/start","elapsed":444,"level":"info","message":"指令处理完成","service":"nas-bot","timestamp":"2026-05-24 06:43:03"}
{"args":"一週間","command":"天气","level":"info","message":"收到指令","service":"nas-bot","timestamp":"2026-05-24 06:43:05","userId":"6423823321"}
{"command":"天气","elapsed":750,"level":"info","message":"指令处理完成","service":"nas-bot","timestamp":"2026-05-24 06:43:06"}
{"args":"明日","command":"天气","level":"info","message":"收到指令","service":"nas-bot","timestamp":"2026-05-24 06:43:11","userId":"6423823321"}
{"command":"天气","elapsed":728,"level":"info","message":"指令处理完成","service":"nas-bot","timestamp":"2026-05-24 06:43:12"}
{"args":"今日","command":"天气","level":"info","message":"收到指令","service":"nas-bot","timestamp":"2026-05-24 06:43:13","userId":"6423823321"}
{"command":"天气","elapsed":532,"level":"info","message":"指令处理完成","service":"nas-bot","timestamp":"2026-05-24 06:43:14"}
{"args":"状态","command":"系统","level":"info","message":"收到指令","service":"nas-bot","timestamp":"2026-05-24 06:43:21","userId":"6423823321"}
{"level":"info","message":"获取系统状态","service":"nas-bot","timestamp":"2026-05-24 06:43:21"}
{"command":"系统","elapsed":453,"level":"info","message":"指令处理完成","service":"nas-bot","timestamp":"2026-05-24 06:43:21"}
{"args":"关闭","command":"股票","level":"info","message":"收到指令","service":"nas-bot","timestamp":"2026-05-24 06:43:23","userId":"6423823321"}
{"level":"info","message":"停止容器","name":"stock-monitor","service":"nas-bot","timestamp":"2026-05-24 06:43:23"}
{"error":"","level":"error","message":"Telegram请求失败","method":"getUpdates","service":"nas-bot","timestamp":"2026-05-24 06:43:35"}
{"command":"股票","elapsed":11789,"level":"info","message":"指令处理完成","service":"nas-bot","timestamp":"2026-05-24 06:43:35"}
{"args":"开启","command":"股票","level":"info","message":"收到指令","service":"nas-bot","timestamp":"2026-05-24 06:43:36","userId":"6423823321"}
{"level":"info","message":"启动容器","name":"stock-monitor","service":"nas-bot","timestamp":"2026-05-24 06:43:36"}
{"error":"","level":"error","message":"Telegram请求失败","method":"getUpdates","service":"nas-bot","timestamp":"2026-05-24 06:43:38"}
{"command":"股票","elapsed":2257,"level":"info","message":"指令处理完成","service":"nas-bot","timestamp":"2026-05-24 06:43:38"}
{"level":"info","message":"收到信号 SIGTERM，正在关闭...","service":"nas-bot","timestamp":"2026-05-24 06:51:06"}
